bop date,eop date,day count,bop BWX price,eop BWX price,bop IGOV price,eop IGOV price,eop IGOV / eop BWX,bop IGOV / BWX moving avg,eop IGOV / BWX moving avg,eop BWX unit price,eop IGOV / eop IGOV,bop IGOV / IGOV moving avg,eop IGOV / IGOV moving avg,eop IGOV unit price,BWX unit price pct diff,IGOV unit price pct diff,unit price pct diff,go long,exit long,go short,exit short,current_position,new_position,month end liquidation,long entry,short entry,long to short flip,short to long flip,BWX shares per unit,eop BWX shares,bop BWX shares,eop BWX shares traded,eop BWX shares bought,eop BWX shares sold,IGOV shares per unit,eop IGOV shares,bop IGOV shares,eop IGOV shares traded,eop IGOV shares bought,eop IGOV shares sold,BWX cop,BWX pct cop,BWX daily position pnl,BWX daily commission,BWX investment amount,short BWX investment amount,long BWX investment amount,daily BWX borrow cost,IGOV cop,IGOV pct cop,IGOV daily position pnl,IGOV daily commission,IGOV investment amount,short IGOV investment amount,long IGOV investment amount,daily IGOV borrow cost,daily position pnl,daily total commissions,short investment amount,daily borrow cost,long daily position pnl,short daily position pnl,daily net profit,cumulative net profit,drawdown,gross investment amount,net investment amount
2026-01-02,2026-01-05,3,,22.52,,41.73,1.853019538188277,,,,1.0,,,,,,,False,False,False,False,0,0,False,False,False,False,False,,,,,,,,,,,,,,,,,,,,,,,,,,,,,0.0,0.0,0.0,0.0,0.0,0.0,0.0,0.0,0.0,0.0,0.0
2026-01-05,2026-01-06,1,22.52,22.48,41.73,41.69,1.8545373665480425,,,,1.0,,,,,,,False,False,False,False,0,0,False,False,False,False,False,,,,,,,,,,,,,-0.03999999999999915,-0.001777778245999272,,,,,,,-0.03999999999999915,-0.0009590027107556577,,,,,,,0.0,0.0,0.0,0.0,0.0,0.0,0.0,0.0,0.0,0.0,0.0
2026-01-06,2026-01-07,1,22.48,22.49,41.69,41.7,1.8541574032903516,,,,1.0,,,,,,,False,False,False,False,0,0,False,False,False,False,False,,,,,,,,,,,,,0.00999999999999801,0.0004447409457338356,,,,,,,0.010000000000005116,0.00023983691205041563,,,,,,,0.0,0.0,0.0,0.0,0.0,0.0,0.0,0.0,0.0,0.0,0.0
2026-01-07,2026-01-08,1,22.49,22.45,41.7,41.57,1.8516703786191537,,,,1.0,,,,,,,False,False,False,False,0,0,False,False,False,False,False,,,,,,,,,,,,,-0.03999999999999915,-0.0017801517829609459,,,,,,,-0.13000000000000256,-0.0031223755402097386,,,,,,,0.0,0.0,0.0,0.0,0.0,0.0,0.0,0.0,0.0,0.0,0.0
2026-01-08,2026-01-09,1,22.45,22.39,41.57,41.55,1.8557391692719962,,,,1.0,,,,,,,False,False,False,False,0,0,False,False,False,False,False,,,,,,,,,,,,,-0.05999999999999872,-0.0026761835775998377,,,,,,,-0.020000000000003126,-0.00048123196308891286,,,,,,,0.0,0.0,0.0,0.0,0.0,0.0,0.0,0.0,0.0,0.0,0.0
2026-01-09,2026-01-12,3,22.39,22.44,41.55,41.69,1.8578431372549018,,,,1.0,,,,,,,False,False,False,False,0,0,False,False,False,False,False,,,,,,,,,,,,,0.05000000000000071,0.002230650043832166,,,,,,,0.14000000000000057,0.0033637705912484476,,,,,,,0.0,0.0,0.0,0.0,0.0,0.0,0.0,0.0,0.0,0.0,0.0
2026-01-12,2026-01-13,1,22.44,22.33,41.69,41.54,1.8602776533811018,,,,1.0,,,,,,,False,False,False,False,0,0,False,False,False,False,False,,,,,,,,,,,,,-0.11000000000000298,-0.004914014802429152,,,,,,,-0.14999999999999858,-0.0036044734447392367,,,,,,,0.0,0.0,0.0,0.0,0.0,0.0,0.0,0.0,0.0,0.0,0.0
2026-01-13,2026-01-14,1,22.33,22.4,41.54,41.65,1.859375,,,,1.0,,,,,,,False,False,False,False,0,0,False,False,False,False,False,,,,,,,,,,,,,0.07000000000000028,0.0031298930089275656,,,,,,,0.10999999999999943,0.0026445501648853682,,,,,,,0.0,0.0,0.0,0.0,0.0,0.0,0.0,0.0,0.0,0.0,0.0
2026-01-14,2026-01-15,1,22.4,22.32,41.65,41.52,1.860215053763441,,,,1.0,,,,,,,False,False,False,False,0,0,False,False,False,False,False,,,,,,,,,,,,,-0.0799999999999983,-0.003577821347883855,,,,,,,-0.12999999999999545,-0.003126129755218392,,,,,,,0.0,0.0,0.0,0.0,0.0,0.0,0.0,0.0,0.0,0.0,0.0
2026-01-15,2026-01-16,1,22.32,22.34,41.52,41.51,1.8581020590868396,,,,1.0,,,,,,,False,False,False,False,0,0,False,False,False,False,False,,,,,,,,,,,,,0.019999999999999574,0.0008956561279443863,,,,,,,-0.010000000000005116,-0.00024087679268594992,,,,,,,0.0,0.0,0.0,0.0,0.0,0.0,0.0,0.0,0.0,0.0,0.0
2026-01-16,2026-01-20,4,22.34,22.33,41.51,41.64,1.8647559337214512,,,,1.0,,,,,,,False,False,False,False,0,0,False,False,False,False,False,,,,,,,,,,,,,-0.010000000000001563,-0.00044772778898822526,,,,,,,0.13000000000000256,0.0031268816818209116,,,,,,,0.0,0.0,0.0,0.0,0.0,0.0,0.0,0.0,0.0,0.0,0.0
2026-01-20,2026-01-21,1,22.33,22.32,41.64,41.63,1.8651433691756274,,,,1.0,,,,,,,False,False,False,False,0,0,False,False,False,False,False,,,,,,,,,,,,,-0.00999999999999801,-0.00044792833895625824,,,,,,,-0.00999999999999801,-0.00024018253988405063,,,,,,,0.0,0.0,0.0,0.0,0.0,0.0,0.0,0.0,0.0,0.0,0.0
2026-01-21,2026-01-22,1,22.32,22.46,41.63,41.86,1.8637577916295636,,,,1.0,,,,,,,False,False,False,False,0,0,False,False,False,False,False,,,,,,,,,,,,,0.14000000000000057,0.0062528117971868535,,,,,,,0.22999999999999687,0.0055096558109694795,,,,,,,0.0,0.0,0.0,0.0,0.0,0.0,0.0,0.0,0.0,0.0,0.0
2026-01-22,2026-01-23,1,22.46,22.64,41.86,42.14,1.8613074204946995,,,,1.0,,,,,,,False,False,False,False,0,0,False,False,False,False,False,,,,,,,,,,,,,0.17999999999999972,0.007982304024685095,,,,,,,0.28000000000000114,0.006666691358189297,,,,,,,0.0,0.0,0.0,0.0,0.0,0.0,0.0,0.0,0.0,0.0,0.0
2026-01-23,2026-01-26,3,22.64,22.81,42.14,42.41,1.8592722490135905,,,,1.0,,,,,,,False,False,False,False,0,0,False,False,False,False,False,,,,,,,,,,,,,0.16999999999999815,0.00748078296131431,,,,,,,0.269999999999996,0.0063867751104562465,,,,,,,0.0,0.0,0.0,0.0,0.0,0.0,0.0,0.0,0.0,0.0,0.0
2026-01-26,2026-01-27,1,22.81,23.04,42.41,42.91,1.8624131944444444,,,,1.0,,,,,,,False,False,False,False,0,0,False,False,False,False,False,,,,,,,,,,,,,0.23000000000000043,0.010032799531393915,,,,,,,0.5,0.011720715516934042,,,,,,,0.0,0.0,0.0,0.0,0.0,0.0,0.0,0.0,0.0,0.0,0.0
2026-01-27,2026-01-28,1,23.04,22.99,42.91,42.73,1.8586341887777293,,,,1.0,,,,,,,False,False,False,False,0,0,False,False,False,False,False,,,,,,,,,,,,,-0.05000000000000071,-0.0021724970526003718,,,,,,,-0.17999999999999972,-0.004203649347499783,,,,,,,0.0,0.0,0.0,0.0,0.0,0.0,0.0,0.0,0.0,0.0,0.0
2026-01-28,2026-01-29,1,22.99,22.99,42.73,42.84,1.863418877772945,,,,1.0,,,,,,,False,False,False,False,0,0,False,False,False,False,False,,,,,,,,,,,,,0.0,0.0,,,,,,,0.11000000000000654,0.0025709959236145633,,,,,,,0.0,0.0,0.0,0.0,0.0,0.0,0.0,0.0,0.0,0.0,0.0
2026-01-29,2026-01-30,1,22.99,22.84,42.84,42.41,1.856830122591944,,,,1.0,,,,,,,False,False,False,False,0,0,True,False,False,False,False,,,,,,,,,,,,,-0.14999999999999858,-0.006545953987280655,,,,,,,-0.4300000000000068,-0.010088062093048862,,,,,,,0.0,0.0,0.0,0.0,0.0,0.0,0.0,0.0,0.0,0.0,0.0
2026-01-30,2026-02-02,3,22.84,22.69,42.41,42.22,1.8607315998237108,,1.8590600753424904,,1.0,,1.0,,,,,False,False,False,False,0,0,False,False,False,False,False,,,,,,,,,,,,,-0.14999999999999858,-0.0065890859960590015,,,,,,,-0.18999999999999773,-0.004490141066324689,,,,,,,0.0,0.0,0.0,0.0,0.0,0.0,0.0,0.0,0.0,0.0,0.0
2026-02-02,2026-02-03,1,22.69,22.7,42.22,42.38,1.8669603524229077,1.8590600753424904,1.859757116054222,42.20066371027453,1.0,1.0,1.0,42.38,-0.0042406041902424575,0.0,-0.0042406041902424575,True,False,False,True,0,1,False,True,False,False,False,4387.0,4387.0,0.0,4387.0,4387.0,-0.0,2360.0,-2360.0,0.0,-2360.0,0.0,2360.0,0.00999999999999801,0.00044062569560662535,0.0,-21.935,0.0,0.0,0.0,0.0,0.1600000000000037,0.0037825104199785188,0.0,-11.8,0.0,0.0,0.0,0.0,0.0,-33.735,0.0,0.0,0.0,0.0,-33.735,-33.735,-33.735,0.0,0.0
2026-02-03,2026-02-04,1,22.7,22.64,42.38,42.27,1.8670494699646645,1.859757116054222,1.860382721225053,42.10490110746758,1.0,1.0,1.0,42.27,-0.003913464811825652,0.0,-0.003913464811825652,False,False,False,True,1,1,False,False,False,False,False,4400.0,4400.0,4387.0,13.0,13.0,-0.0,2366.0,-2366.0,-2360.0,-6.0,0.0,6.0,-0.05999999999999872,-0.00264667115237476,-263.2199999999944,-0.065,99584.9,0.0,99584.9,0.0,-0.10999999999999943,-0.002598938261454448,259.59999999999866,-0.03,-100016.8,-100016.8,0.0,-2.7782444444444443,-3.6199999999957413,-0.095,-100016.8,-2.7782444444444443,-3.6199999999957413,0.0,-6.493244444440186,-40.228244444440186,-40.228244444440186,199601.7,-431.90000000000873
2026-02-04,2026-02-05,1,22.64,22.64,42.27,42.18,1.8630742049469964,1.860382721225053,1.8608285613078852,42.1190648085352,1.0,1.0,1.0,42.18,-0.0014456910575744565,0.0,-0.0014456910575744565,False,True,False,True,1,0,False,False,False,False,False,4411.0,0.0,4400.0,-4400.0,0.0,4400.0,2371.0,0.0,-2366.0,2366.0,2366.0,-0.0,0.0,0.0,0.0,-22.0,99616.0,0.0,99616.0,0.0,-0.09000000000000341,-0.0021314395280700974,212.94000000000807,-11.83,-100010.82,-100010.82,0.0,-2.7780783333333336,212.94000000000807,-33.83,-100010.82,-2.7780783333333336,212.94000000000807,0.0,176.33192166667476,136.10367722223458,0.0,199626.82,-394.820000000007
2026-02-05,2026-02-06,1,22.64,22.68,42.18,42.36,1.8677248677248677,1.8608285613078852,1.861631285763171,42.203591770462836,1.0,1.0,1.0,42.36,-0.0036991902690061526,0.0,-0.0036991902690061526,False,False,False,True,0,0,False,False,False,False,False,4393.0,0.0,0.0,0.0,0.0,-0.0,2361.0,0.0,0.0,0.0,0.0,-0.0,0.03999999999999915,0.0017652255245691492,0.0,-0.0,0.0,0.0,0.0,0.0,0.17999999999999972,0.004258345682577246,0.0,-0.0,0.0,0.0,0.0,0.0,0.0,0.0,0.0,0.0,0.0,0.0,0.0,136.10367722223458,0.0,0.0,0.0
2026-02-06,2026-02-09,3,22.68,22.83,42.36,42.7,1.8703460359176525,1.861631285763171,1.862361629095454,42.50104225397319,1.0,1.0,1.0,42.7,-0.004670320982008361,0.0,-0.004670320982008361,True,False,False,True,0,1,False,True,False,False,False,4360.0,4360.0,0.0,4360.0,4360.0,-0.0,2342.0,-2342.0,0.0,-2342.0,0.0,2342.0,0.14999999999999858,0.006591981682152742,0.0,-21.8,0.0,0.0,0.0,0.0,0.3400000000000034,0.007994399501373319,0.0,-11.71,0.0,0.0,0.0,0.0,0.0,-33.510000000000005,0.0,0.0,0.0,0.0,-33.510000000000005,102.59367722223458,-33.510000000000005,0.0,0.0
2026-02-09,2026-02-10,1,22.83,22.93,42.7,42.79,1.86611426079372,1.862361629095454,1.862775185272395,42.70395215515876,1.0,1.0,1.0,42.79,-0.0020129581503160565,0.0,-0.0020129581503160565,False,True,False,True,1,0,False,False,False,False,False,4352.0,0.0,4360.0,-4360.0,0.0,4360.0,2337.0,0.0,-2342.0,2342.0,2342.0,-0.0,0.10000000000000142,0.00437063632810906,436.0000000000062,-21.8,99538.79999999999,0.0,99538.79999999999,0.0,0.0899999999999963,0.0021055101941464464,-210.77999999999133,-11.71,-100003.40000000001,-100003.40000000001,0.0,-2.7778722222222223,225.22000000001486,-33.510000000000005,-100003.40000000001,-2.7778722222222223,225.22000000001486,0.0,188.93212777779266,291.5258050000272,0.0,199542.2,-464.6000000000204
2026-02-10,2026-02-11,1,22.93,22.97,42.79,42.86,1.8659120592076623,1.862775185272395,1.8630569055637227,42.787946005706914,1.0,1.0,1.0,42.86,-0.0016825625050511674,0.0,-0.0016825625050511674,False,True,False,True,0,0,False,False,False,False,False,4346.0,0.0,0.0,0.0,0.0,-0.0,2333.0,0.0,0.0,0.0,0.0,-0.0,0.03999999999999915,0.0017429198311938198,0.0,-0.0,0.0,0.0,0.0,0.0,0.07000000000000028,0.0016345596167055972,0.0,-0.0,0.0,0.0,0.0,0.0,0.0,0.0,0.0,0.0,0.0,0.0,0.0,291.5258050000272,0.0,0.0,0.0
2026-02-11,2026-02-12,1,22.97,23.04,42.86,42.88,1.8611111111111114,1.8630569055637227,1.8631437111192786,42.92483110418817,1.0,1.0,1.0,42.88,0.001044955340873634,0.0,0.001044955340873634,False,True,False,True,0,0,False,False,False,False,False,4345.0,0.0,0.0,0.0,0.0,-0.0,2332.0,0.0,0.0,0.0,0.0,-0.0,0.07000000000000028,0.0030428191266836588,0.0,-0.0,0.0,0.0,0.0,0.0,0.020000000000003126,0.0004665267171155887,0.0,-0.0,0.0,0.0,0.0,0.0,0.0,0.0,0.0,0.0,0.0,0.0,0.0,291.5258050000272,0.0,0.0,0.0
2026-02-12,2026-02-13,1,23.04,23.08,42.88,42.94,1.8604852686308493,1.8631437111192786,1.8631572218626489,43.001356852632945,1.0,1.0,1.0,42.94,0.001427877457482157,0.0,0.001427877457482157,False,True,False,True,0,0,False,False,False,False,False,4339.0,0.0,0.0,0.0,0.0,-0.0,2329.0,0.0,0.0,0.0,0.0,-0.0,0.03999999999999915,0.0017346058122083715,0.0,-0.0,0.0,0.0,0.0,0.0,0.05999999999999517,0.0013982756880883357,0.0,-0.0,0.0,0.0,0.0,0.0,0.0,0.0,0.0,0.0,0.0,0.0,0.0,291.5258050000272,0.0,0.0,0.0
2026-02-13,2026-02-17,4,23.08,23.07,42.94,42.97,1.8625921109666232,1.8631572218626489,1.863381724456638,42.98303710837131,1.0,1.0,1.0,42.97,0.00030335422481592936,0.0,0.00030335422481592936,False,True,False,True,0,0,False,False,False,False,False,4336.0,0.0,0.0,0.0,0.0,-0.0,2327.0,0.0,0.0,0.0,0.0,-0.0,-0.00999999999999801,-0.00043336945423639965,-0.0,-0.0,0.0,0.0,0.0,0.0,0.030000000000001137,0.0006984053362688705,0.0,-0.0,0.0,0.0,0.0,0.0,0.0,0.0,0.0,0.0,0.0,0.0,0.0,291.5258050000272,0.0,0.0,0.0
2026-02-17,2026-02-18,1,23.07,22.93,42.97,42.67,1.8608809419973835,1.863381724456638,1.8631879748704345,42.72734294179071,1.0,1.0,1.0,42.67,0.0013429680229808108,0.0,0.0013429680229808108,False,True,False,True,0,0,False,False,False,False,False,4368.0,0.0,0.0,0.0,0.0,-0.0,2344.0,0.0,0.0,0.0,0.0,-0.0,-0.14000000000000057,-0.006086975315849196,-0.0,-0.0,0.0,0.0,0.0,0.0,-0.29999999999999716,-0.007006100586995062,-0.0,-0.0,0.0,0.0,0.0,0.0,0.0,0.0,0.0,0.0,0.0,0.0,0.0,291.5258050000272,0.0,0.0,0.0
2026-02-18,2026-02-19,1,22.93,22.92,42.67,42.67,1.861692844677138,1.8631879748704345,1.8630154486455102,42.704268384030364,1.0,1.0,1.0,42.67,0.0008027801940647673,0.0,0.0008027801940647673,False,True,False,True,0,0,False,False,False,False,False,4367.0,0.0,0.0,0.0,0.0,-0.0,2344.0,0.0,0.0,0.0,0.0,-0.0,-0.00999999999999801,-0.0004362050232742043,-0.0,-0.0,0.0,0.0,0.0,0.0,0.0,0.0,0.0,-0.0,0.0,0.0,0.0,0.0,0.0,0.0,0.0,0.0,0.0,0.0,0.0,291.5258050000272,0.0,0.0,0.0
2026-02-19,2026-02-20,1,22.92,22.93,42.67,42.77,1.8652420409943307,1.8630154486455102,1.8630896611137486,42.71894423744155,1.0,1.0,1.0,42.77,-0.0011944414352974696,0.0,-0.0011944414352974696,False,True,False,True,0,0,False,False,False,False,False,4356.0,0.0,0.0,0.0,0.0,-0.0,2338.0,0.0,0.0,0.0,0.0,-0.0,0.00999999999999801,0.0004362050232741978,0.0,-0.0,0.0,0.0,0.0,0.0,0.10000000000000142,0.002340825038908607,0.0,-0.0,0.0,0.0,0.0,0.0,0.0,0.0,0.0,0.0,0.0,0.0,0.0,291.5258050000272,0.0,0.0,0.0
2026-02-20,2026-02-23,3,22.93,23.05,42.77,42.82,1.857700650759219,1.8630896611137486,1.8629093226269742,42.94421668867191,1.0,1.0,1.0,42.82,0.0028967040177195758,0.0,0.0028967040177195758,False,True,True,False,0,-1,False,False,True,False,False,4350.0,-4350.0,0.0,-4350.0,0.0,4350.0,2335.0,2335.0,0.0,2335.0,2335.0,-0.0,0.120000000000001,0.005219672572844481,0.0,-21.75,0.0,0.0,0.0,0.0,0.04999999999999716,0.0011683609227194078,0.0,-11.675,0.0,0.0,0.0,0.0,0.0,-33.425,0.0,0.0,0.0,0.0,-33.425,258.1008050000272,-33.42500000000001,0.0,0.0
2026-02-23,2026-02-24,1,23.05,22.99,42.82,42.74,1.8590691605045675,1.8629093226269742,1.8628991682015232,42.82828532719413,1.0,1.0,1.0,42.74,0.0020635065476316368,0.0,0.0020635065476316368,False,True,True,False,-1,-1,False,False,False,False,False,4359.0,-4359.0,-4350.0,-9.0,0.0,9.0,2340.0,2340.0,2335.0,5.0,5.0,-0.0,-0.060000000000002274,-0.0026064306675674764,261.0000000000099,-0.045,-100267.5,-100267.5,0.0,-2.7852083333333337,-0.0799999999999983,-0.0018700332705351586,-186.79999999999603,-0.025,99984.7,0.0,99984.7,0.0,74.20000000001386,-0.07,-100267.5,-2.7852083333333337,0.0,74.20000000001386,71.34479166668054,329.44559666670773,0.0,200252.2,-282.8000000000029
2026-02-24,2026-02-25,1,22.99,22.98,42.74,42.81,1.8629242819843344,1.8628991682015232,1.862924722578518,42.809422885271005,1.0,1.0,1.0,42.81,-1.3480930133774587e-05,0.0,-1.3480930133774587e-05,False,True,False,True,-1,0,False,False,False,False,False,4352.0,0.0,-4359.0,4359.0,4359.0,-0.0,2336.0,0.0,2340.0,-2340.0,0.0,2340.0,-0.00999999999999801,-0.0004350663544805091,43.58999999999133,-21.795,-100213.40999999999,-100213.40999999999,0.0,-2.783705833333333,0.07000000000000028,0.0016364702658532063,163.80000000000067,-11.700000000000001,100011.6,0.0,100011.6,0.0,207.389999999992,-33.495000000000005,-100213.40999999999,-2.783705833333333,0.0,207.389999999992,171.11129416665867,500.5568908333664,0.0,200225.01,-201.80999999998312
2026-02-25,2026-02-26,1,22.98,23.03,42.81,42.86,1.8610508033000432,1.862924722578518,1.8630455533046333,42.90315636098327,1.0,1.0,1.0,42.86,0.001006408030138873,0.0,0.001006408030138873,False,True,False,True,0,0,False,False,False,False,False,4346.0,0.0,0.0,0.0,0.0,-0.0,2333.0,0.0,0.0,0.0,0.0,-0.0,0.05000000000000071,0.0021734414119842357,0.0,-0.0,0.0,0.0,0.0,0.0,0.04999999999999716,0.0011672698885762443,0.0,-0.0,0.0,0.0,0.0,0.0,0.0,0.0,0.0,0.0,0.0,0.0,0.0,500.5568908333664,0.0,0.0,0.0
2026-02-26,2026-02-27,1,23.03,23.03,42.86,42.99,1.8666956144159792,1.8630455533046333,1.8632093901367852,42.905939092605706,1.0,1.0,1.0,42.99,-0.0019572737691255556,0.0,-0.0019572737691255556,False,True,False,True,0,0,True,False,False,False,False,4333.0,0.0,0.0,0.0,0.0,-0.0,2326.0,0.0,0.0,0.0,0.0,-0.0,0.0,0.0,0.0,-0.0,0.0,0.0,0.0,0.0,0.13000000000000256,0.003028540462759213,0.0,-0.0,0.0,0.0,0.0,0.0,0.0,0.0,0.0,0.0,0.0,0.0,0.0,500.5568908333664,0.0,0.0,0.0
2026-02-27,2026-03-02,3,23.03,22.72,42.99,42.49,1.8701584507042255,1.8632093901367852,1.8638758065423993,42.33211734390776,1.0,1.0,1.0,42.49,-0.0037226809084444155,0.0,-0.0037226809084444155,False,False,False,True,0,0,False,False,False,False,False,4384.0,0.0,0.0,0.0,0.0,-0.0,2353.0,0.0,0.0,0.0,0.0,-0.0,-0.3100000000000023,-0.013552119979643298,-0.0,-0.0,0.0,0.0,0.0,0.0,-0.5,-0.011698776381469963,-0.0,-0.0,0.0,0.0,0.0,0.0,0.0,0.0,0.0,0.0,0.0,0.0,0.0,500.5568908333664,0.0,0.0,0.0
2026-03-02,2026-03-03,1,22.72,22.49,42.49,42.13,1.873277012005336,1.8638758065423993,1.8645030771514808,41.91856688913855,1.0,1.0,1.0,42.13,-0.005031223367421535,0.0,-0.005031223367421535,True,False,False,True,0,1,False,True,False,False,False,4425.0,4425.0,0.0,4425.0,4425.0,-0.0,2374.0,-2374.0,0.0,-2374.0,0.0,2374.0,-0.23000000000000043,-0.010174827881726314,-0.0,-22.125,0.0,0.0,0.0,0.0,-0.35999999999999943,-0.008508678135795032,-0.0,-11.870000000000001,0.0,0.0,0.0,0.0,0.0,-33.995000000000005,0.0,0.0,0.0,0.0,-33.995000000000005,466.5618908333664,-33.995000000000005,0.0,0.0
2026-03-03,2026-03-04,1,22.49,22.57,42.13,42.22,1.8706247230837394,1.8645030771514808,1.8646862956845223,42.08183445130892,1.0,1.0,1.0,42.22,-0.0032778805657152606,0.0,-0.0032778805657152606,False,False,False,True,1,1,False,False,False,False,False,4417.0,4417.0,4425.0,-8.0,0.0,8.0,2369.0,-2369.0,-2374.0,5.0,5.0,-0.0,0.08000000000000185,0.0035508248582200932,354.0000000000082,-0.04,99518.25,0.0,99518.25,0.0,0.0899999999999963,0.002133966429249305,-213.65999999999121,-0.025,-100016.62000000001,-100016.62000000001,0.0,-2.778239444444445,140.34000000001697,-0.065,-100016.62000000001,-2.778239444444445,140.34000000001697,0.0,137.49676055557254,604.058651388939,0.0,199534.87,-498.3700000000099
2026-03-04,2026-03-05,1,22.57,22.4,42.22,41.88,1.8696428571428574,1.8646862956845223,1.864815965043432,41.768973023333295,1.0,1.0,1.0,41.88,-0.0026545942610706518,0.0,-0.0026545942610706518,False,True,False,True,1,0,False,False,False,False,False,4453.0,0.0,4417.0,-4417.0,0.0,4417.0,2388.0,0.0,-2369.0,2369.0,2369.0,-0.0,-0.1700000000000017,-0.0075606319684501985,-750.8900000000075,-22.085,99691.69,0.0,99691.69,0.0,-0.3399999999999963,-0.008085656417838375,805.4599999999913,-11.845,-100019.18,-100019.18,0.0,-2.7783105555555556,54.56999999998379,-33.93,-100019.18,-2.7783105555555556,54.56999999998379,0.0,17.861689444428237,621.9203408333672,0.0,199710.87,-327.4899999999907
2026-03-05,2026-03-06,1,22.4,22.36,41.88,41.83,1.8707513416815742,1.864815965043432,1.8651998218801609,41.69728497837114,1.0,1.0,1.0,41.83,-0.0031777672013440293,0.0,-0.0031777672013440293,False,False,False,True,0,0,False,False,False,False,False,4459.0,0.0,0.0,0.0,0.0,-0.0,2391.0,0.0,0.0,0.0,0.0,-0.0,-0.03999999999999915,-0.0017873105740957515,-0.0,-0.0,0.0,0.0,0.0,0.0,-0.05000000000000426,-0.0011946005482291757,-0.0,-0.0,0.0,0.0,0.0,0.0,0.0,0.0,0.0,0.0,0.0,0.0,0.0,621.9203408333672,0.0,0.0,0.0
2026-03-06,2026-03-09,3,22.36,22.41,41.83,41.84,1.8670236501561803,1.8651998218801609,1.8651647610017263,41.79912800833441,1.0,1.0,1.0,41.84,-0.0009773414881829624,0.0,-0.0009773414881829624,False,True,False,True,0,0,False,False,False,False,False,4458.0,0.0,0.0,0.0,0.0,-0.0,2390.0,0.0,0.0,0.0,0.0,-0.0,0.05000000000000071,0.002233639525937206,0.0,-0.0,0.0,0.0,0.0,0.0,0.010000000000005116,0.00023903430256047535,0.0,-0.0,0.0,0.0,0.0,0.0,0.0,0.0,0.0,0.0,0.0,0.0,0.0,621.9203408333672,0.0,0.0,0.0
2026-03-09,2026-03-10,1,22.41,22.39,41.84,41.85,1.8691380080393032,1.8651647610017263,1.865104359607809,41.76103899882865,1.0,1.0,1.0,41.85,-0.002127973430459369,0.0,-0.002127973430459369,False,True,False,True,0,0,False,False,False,False,False,4456.0,0.0,0.0,0.0,0.0,-0.0,2389.0,0.0,0.0,0.0,0.0,-0.0,-0.019999999999999574,-0.0008928572021721077,-0.0,-0.0,0.0,0.0,0.0,0.0,0.00999999999999801,0.00023897717881686352,0.0,-0.0,0.0,0.0,0.0,0.0,0.0,0.0,0.0,0.0,0.0,0.0,0.0,621.9203408333672,0.0,0.0,0.0
2026-03-10,2026-03-11,1,22.39,22.28,41.85,41.52,1.8635547576301617,1.865104359607809,1.864976384449631,41.55452513206198,1.0,1.0,1.0,41.52,0.0008311846259678444,0.0,0.0008311846259678444,False,True,False,True,0,0,False,False,False,False,False,4491.0,0.0,0.0,0.0,0.0,-0.0,2408.0,0.0,0.0,0.0,0.0,-0.0,-0.10999999999999943,-0.004925015551580115,-0.0,-0.0,0.0,0.0,0.0,0.0,-0.3299999999999983,-0.007916558077851136,-0.0,-0.0,0.0,0.0,0.0,0.0,0.0,0.0,0.0,0.0,0.0,0.0,0.0,621.9203408333672,0.0,0.0,0.0
2026-03-11,2026-03-12,1,22.28,22.07,41.52,41.21,1.8672405980969642,1.864976384449631,1.8650428113940962,41.16002880480335,1.0,1.0,1.0,41.21,-0.0012133345599676638,0.0,-0.0012133345599676638,False,True,False,True,0,0,False,False,False,False,False,4526.0,0.0,0.0,0.0,0.0,-0.0,2427.0,0.0,0.0,0.0,0.0,-0.0,-0.21000000000000085,-0.009470194790438327,-0.0,-0.0,0.0,0.0,0.0,0.0,-0.3100000000000023,-0.007494293506907257,-0.0,-0.0,0.0,0.0,0.0,0.0,0.0,0.0,0.0,0.0,0.0,0.0,0.0,621.9203408333672,0.0,0.0,0.0
2026-03-12,2026-03-13,1,22.07,21.9,41.21,40.8,1.8630136986301369,1.8650428113940962,1.865137940770047,40.844437569530704,1.0,1.0,1.0,40.8,0.0010885634157492695,0.0,0.0010885634157492695,False,True,False,True,0,0,False,False,False,False,False,4571.0,0.0,0.0,0.0,0.0,-0.0,2451.0,0.0,0.0,0.0,0.0,-0.0,-0.1700000000000017,-0.007732583446189923,-0.0,-0.0,0.0,0.0,0.0,0.0,-0.4100000000000037,-0.009998863940610076,-0.0,-0.0,0.0,0.0,0.0,0.0,0.0,0.0,0.0,0.0,0.0,0.0,0.0,621.9203408333672,0.0,0.0,0.0
2026-03-13,2026-03-16,3,21.9,22.09,40.8,41.24,1.8669081032141241,1.865137940770047,1.8654590824992112,41.20089711161034,1.0,1.0,1.0,41.24,-0.000948628476691739,0.0,-0.000948628476691739,False,True,False,True,0,0,False,False,False,False,False,4523.0,0.0,0.0,0.0,0.0,-0.0,2425.0,0.0,0.0,0.0,0.0,-0.0,0.19000000000000128,0.008638380609570763,0.0,-0.0,0.0,0.0,0.0,0.0,0.44000000000000483,0.010726577738643342,0.0,-0.0,0.0,0.0,0.0,0.0,0.0,0.0,0.0,0.0,0.0,0.0,0.0,621.9203408333672,0.0,0.0,0.0
2026-03-16,2026-03-17,1,22.09,22.16,41.24,41.44,1.8700361010830324,1.8654590824992112,1.8658312820050316,41.33857326818252,1.0,1.0,1.0,41.44,-0.002450556431950464,0.0,-0.002450556431950464,False,True,False,True,0,0,False,False,False,False,False,4501.0,0.0,0.0,0.0,0.0,-0.0,2413.0,0.0,0.0,0.0,0.0,-0.0,0.07000000000000028,0.0031638444470573415,0.0,-0.0,0.0,0.0,0.0,0.0,0.19999999999999574,0.00483793880246845,0.0,-0.0,0.0,0.0,0.0,0.0,0.0,0.0,0.0,0.0,0.0,0.0,0.0,621.9203408333672,0.0,0.0,0.0
2026-03-17,2026-03-18,1,22.16,21.97,41.44,41.04,1.8680018206645426,1.8658312820050316,1.8661873259383892,40.992313265650544,1.0,1.0,1.0,41.04,-0.001162633060623365,0.0,-0.001162633060623365,False,True,False,True,0,0,False,False,False,False,False,4547.0,0.0,0.0,0.0,0.0,-0.0,2437.0,0.0,0.0,0.0,0.0,-0.0,-0.19000000000000128,-0.008610975482564232,-0.0,-0.0,0.0,0.0,0.0,0.0,-0.3999999999999986,-0.009699397088713506,-0.0,-0.0,0.0,0.0,0.0,0.0,0.0,0.0,0.0,0.0,0.0,0.0,0.0,621.9203408333672,0.0,0.0,0.0
2026-03-18,2026-03-19,1,21.97,22.19,41.04,41.49,1.8697611536728256,1.8661873259383892,1.8665907413881737,41.41069676257286,1.0,1.0,1.0,41.49,-0.001913210979257155,0.0,-0.001913210979257155,False,True,False,True,0,0,False,False,False,False,False,4498.0,0.0,0.0,0.0,0.0,-0.0,2410.0,0.0,0.0,0.0,0.0,-0.0,0.22000000000000242,0.009963850547983778,0.0,-0.0,0.0,0.0,0.0,0.0,0.45000000000000284,0.010905233482262527,0.0,-0.0,0.0,0.0,0.0,0.0,0.0,0.0,0.0,0.0,0.0,0.0,0.0,621.9203408333672,0.0,0.0,0.0
2026-03-19,2026-03-20,1,22.19,21.92,41.49,40.95,1.8681569343065694,1.8665907413881737,1.8667364860537856,40.91566905122877,1.0,1.0,1.0,40.95,-0.0008387142298253427,0.0,-0.0008387142298253427,False,True,False,True,0,0,False,False,False,False,False,4558.0,0.0,0.0,0.0,0.0,-0.0,2442.0,0.0,0.0,0.0,0.0,-0.0,-0.2699999999999996,-0.012242274864687722,-0.0,-0.0,0.0,0.0,0.0,0.0,-0.5399999999999991,-0.013100624045698093,-0.0,-0.0,0.0,0.0,0.0,0.0,0.0,0.0,0.0,0.0,0.0,0.0,0.0,621.9203408333672,0.0,0.0,0.0
2026-03-20,2026-03-23,3,21.92,22.12,40.95,41.26,1.8652802893309222,1.8667364860537856,1.8671154679823712,41.29221107150974,1.0,1.0,1.0,41.26,0.000780380627637944,0.0,0.000780380627637944,False,True,False,True,0,0,False,False,False,False,False,4525.0,0.0,0.0,0.0,0.0,-0.0,2424.0,0.0,0.0,0.0,0.0,-0.0,0.1999999999999993,0.009082714574319226,0.0,-0.0,0.0,0.0,0.0,0.0,0.30999999999999517,0.0075416973440273075,0.0,-0.0,0.0,0.0,0.0,0.0,0.0,0.0,0.0,0.0,0.0,0.0,0.0,621.9203408333672,0.0,0.0,0.0
2026-03-23,2026-03-24,1,22.12,21.98,41.26,41.07,1.8685168334849864,1.8671154679823712,1.8675878516313922,41.03919798625252,1.0,1.0,1.0,41.07,-0.0007502695422143605,0.0,-0.0007502695422143605,False,True,False,True,0,0,False,False,False,False,False,4546.0,0.0,0.0,0.0,0.0,-0.0,2435.0,0.0,0.0,0.0,0.0,-0.0,-0.14000000000000057,-0.00634922767865878,-0.0,-0.0,0.0,0.0,0.0,0.0,-0.18999999999999773,-0.004615579674638535,-0.0,-0.0,0.0,0.0,0.0,0.0,0.0,0.0,0.0,0.0,0.0,0.0,0.0,621.9203408333672,0.0,0.0,0.0
2026-03-24,2026-03-25,1,21.98,22.04,41.07,41.22,1.8702359346642468,1.8675878516313922,1.8679534342653876,41.16163624995588,1.0,1.0,1.0,41.22,-0.0014169118863208271,0.0,-0.0014169118863208271,False,True,False,True,0,0,False,False,False,False,False,4531.0,0.0,0.0,0.0,0.0,-0.0,2426.0,0.0,0.0,0.0,0.0,-0.0,0.05999999999999872,0.0027260353092384017,0.0,-0.0,0.0,0.0,0.0,0.0,0.14999999999999858,0.0036456474938456338,0.0,-0.0,0.0,0.0,0.0,0.0,0.0,0.0,0.0,0.0,0.0,0.0,0.0,621.9203408333672,0.0,0.0,0.0
2026-03-25,2026-03-26,1,22.04,21.8,41.22,40.69,1.8665137614678897,1.8679534342653876,1.86822658217378,40.72138486698545,1.0,1.0,1.0,40.69,0.0007710191539307351,0.0,0.0007710191539307351,False,True,False,True,0,0,False,False,False,False,False,4591.0,0.0,0.0,0.0,0.0,-0.0,2458.0,0.0,0.0,0.0,0.0,-0.0,-0.23999999999999844,-0.010949014489670358,-0.0,-0.0,0.0,0.0,0.0,0.0,-0.5300000000000011,-0.012941213448714375,-0.0,-0.0,0.0,0.0,0.0,0.0,0.0,0.0,0.0,0.0,0.0,0.0,0.0,621.9203408333672,0.0,0.0,0.0
2026-03-26,2026-03-27,1,21.8,21.73,40.69,40.54,1.8656235618959962,1.86822658217378,1.8681729795477806,40.59656363063624,1.0,1.0,1.0,40.54,0.0013942823621951304,0.0,0.0013942823621951304,False,True,False,True,0,0,False,False,False,False,False,4609.0,0.0,0.0,0.0,0.0,-0.0,2467.0,0.0,0.0,0.0,0.0,-0.0,-0.07000000000000028,-0.0032161755267050697,-0.0,-0.0,0.0,0.0,0.0,0.0,-0.14999999999999858,-0.0036932209897445525,-0.0,-0.0,0.0,0.0,0.0,0.0,0.0,0.0,0.0,0.0,0.0,0.0,0.0,621.9203408333672,0.0,0.0,0.0
2026-03-27,2026-03-30,3,21.73,21.72,40.54,40.56,1.8674033149171272,1.8681729795477806,1.8680352227584258,40.57671711577779,1.0,1.0,1.0,40.56,0.00041207277318067463,0.0,0.00041207277318067463,False,True,False,True,0,0,False,False,False,False,False,4605.0,0.0,0.0,0.0,0.0,-0.0,2465.0,0.0,0.0,0.0,0.0,-0.0,-0.010000000000001563,-0.00046029920260367565,-0.0,-0.0,0.0,0.0,0.0,0.0,0.020000000000003126,0.0004932182590737505,0.0,-0.0,0.0,0.0,0.0,0.0,0.0,0.0,0.0,0.0,0.0,0.0,0.0,621.9203408333672,0.0,0.0,0.0
2026-03-30,2026-03-31,1,21.72,21.95,40.56,41.06,1.870615034168565,1.8680352227584258,1.8679021238665872,41.00337313954744,1.0,1.0,1.0,41.06,-0.001380076574331104,0.0,-0.001380076574331104,False,True,False,True,0,0,True,False,False,False,False,4549.0,0.0,0.0,0.0,0.0,-0.0,2435.0,0.0,0.0,0.0,0.0,-0.0,0.23000000000000043,0.010533644455445614,0.0,-0.0,0.0,0.0,0.0,0.0,0.5,0.012252052307859796,0.0,-0.0,0.0,0.0,0.0,0.0,0.0,0.0,0.0,0.0,0.0,0.0,0.0,621.9203408333672,0.0,0.0,0.0
2026-03-31,2026-04-01,1,21.95,21.96,41.06,41.16,1.8743169398907102,1.8679021238665872,1.8680867347069359,41.019130640110255,1.0,1.0,1.0,41.16,-0.0034283521076281555,0.0,-0.0034283521076281555,False,False,False,True,0,0,False,False,False,False,False,4539.0,0.0,0.0,0.0,0.0,-0.0,2430.0,0.0,0.0,0.0,0.0,-0.0,0.010000000000001563,0.0004554771201495919,0.0,-0.0,0.0,0.0,0.0,0.0,0.09999999999999432,0.0024324993750611955,0.0,-0.0,0.0,0.0,0.0,0.0,0.0,0.0,0.0,0.0,0.0,0.0,0.0,621.9203408333672,0.0,0.0,0.0
2026-04-01,2026-04-02,1,21.96,21.88,41.16,40.99,1.8734003656307132,1.8680867347069359,1.8682746101313286,40.87373775538776,1.0,1.0,1.0,40.99,-0.0028403863777787643,0.0,-0.0028403863777787643,False,True,False,True,0,0,False,False,False,False,False,4558.0,0.0,0.0,0.0,0.0,-0.0,2440.0,0.0,0.0,0.0,0.0,-0.0,-0.08000000000000185,-0.003649639087549504,-0.0,-0.0,0.0,0.0,0.0,0.0,-0.1699999999999946,-0.004138776449602582,-0.0,-0.0,0.0,0.0,0.0,0.0,0.0,0.0,0.0,0.0,0.0,0.0,0.0,621.9203408333672,0.0,0.0,0.0
2026-04-02,2026-04-06,4,21.88,21.86,40.99,40.89,1.8705397987191217,1.8682746101313286,1.8682640329832059,40.84048297747084,1.0,1.0,1.0,40.89,-0.001211715061109738,0.0,-0.001211715061109738,False,True,False,True,0,0,False,False,False,False,False,4570.0,0.0,0.0,0.0,0.0,-0.0,2446.0,0.0,0.0,0.0,0.0,-0.0,-0.019999999999999574,-0.0009144948053879306,-0.0,-0.0,0.0,0.0,0.0,0.0,-0.10000000000000142,-0.0024426001396953305,-0.0,-0.0,0.0,0.0,0.0,0.0,0.0,0.0,0.0,0.0,0.0,0.0,0.0,621.9203408333672,0.0,0.0,0.0
2026-04-06,2026-04-07,1,21.86,21.93,40.89,41.1,1.8741450068399454,1.8682640329832059,1.8686201008173942,40.97103024332171,1.0,1.0,1.0,41.1,-0.003142883973955329,0.0,-0.003142883973955329,False,False,False,True,0,0,False,False,False,False,False,4545.0,0.0,0.0,0.0,0.0,-0.0,2433.0,0.0,0.0,0.0,0.0,-0.0,0.07000000000000028,0.0031970796814044166,0.0,-0.0,0.0,0.0,0.0,0.0,0.21000000000000085,0.005122587125637921,0.0,-0.0,0.0,0.0,0.0,0.0,0.0,0.0,0.0,0.0,0.0,0.0,0.0,621.9203408333672,0.0,0.0,0.0
2026-04-07,2026-04-08,1,21.93,22.25,41.1,41.68,1.8732584269662922,1.8686201008173942,1.8688261217637436,41.57679724318702,1.0,1.0,1.0,41.68,-0.0024791443603068442,0.0,-0.0024791443603068442,False,True,False,True,0,0,False,False,False,False,False,4483.0,0.0,0.0,0.0,0.0,-0.0,2399.0,0.0,0.0,0.0,0.0,-0.0,0.3200000000000003,0.014486446182452392,0.0,-0.0,0.0,0.0,0.0,0.0,0.5799999999999983,0.01401327594292256,0.0,-0.0,0.0,0.0,0.0,0.0,0.0,0.0,0.0,0.0,0.0,0.0,0.0,621.9203408333672,0.0,0.0,0.0
2026-04-08,2026-04-09,1,22.25,22.22,41.68,41.7,1.876687668766877,1.8688261217637436,1.8694827673205794,41.52531642559038,1.0,1.0,1.0,41.7,-0.004197853211844237,0.0,-0.004197853211844237,True,False,False,True,0,1,False,True,False,False,False,4481.0,4481.0,0.0,4481.0,4481.0,-0.0,2398.0,-2398.0,0.0,-2398.0,0.0,2398.0,-0.030000000000001137,-0.0013492244007653842,-0.0,-22.405,0.0,0.0,0.0,0.0,0.020000000000003126,0.000479731359644466,0.0,-11.99,0.0,0.0,0.0,0.0,0.0,-34.395,0.0,0.0,0.0,0.0,-34.395,587.5253408333672,-34.39499999999998,0.0,0.0
2026-04-09,2026-04-10,1,22.22,22.17,41.7,41.62,1.8773116824537661,1.8694827673205794,1.8699863215384194,41.44643295149725,1.0,1.0,1.0,41.62,-0.004178999745962166,0.0,-0.004178999745962166,True,False,False,True,1,1,False,False,False,False,False,4492.0,4492.0,4481.0,11.0,11.0,-0.0,2403.0,-2403.0,-2398.0,-5.0,0.0,5.0,-0.04999999999999716,-0.0022527605832637497,-224.04999999998728,-0.055,99567.81999999999,0.0,99567.81999999999,0.0,-0.0800000000000054,-0.001920307839267564,191.84000000001294,-0.025,-99996.6,-99996.6,0.0,-2.7776833333333335,-32.20999999997434,-0.08,-99996.6,-2.7776833333333335,-32.20999999997434,0.0,-35.06768333330768,552.4576575000596,-69.46268333330761,199564.41999999998,-428.7800000000134
2026-04-10,2026-04-13,3,22.17,22.21,41.62,41.69,1.8770823953174245,1.8699863215384194,1.870689756372784,41.53239620136829,1.0,1.0,1.0,41.69,-0.0037875378319638647,0.0,-0.0037875378319638647,False,False,False,True,1,1,False,False,False,False,False,4486.0,4486.0,4492.0,-6.0,0.0,6.0,2399.0,-2399.0,-2403.0,4.0,4.0,-0.0,0.03999999999999915,0.0018026142781158762,179.67999999999617,-0.03,99587.64000000001,0.0,99587.64000000001,0.0,0.07000000000000028,0.001680470927217204,-168.2100000000007,-0.02,-100012.86,-100012.86,0.0,-8.334405,11.46999999999548,-0.05,-100012.86,-8.334405,11.46999999999548,0.0,3.085594999995479,555.543252500055,-66.37708833331214,199600.5,-425.2199999999866
2026-04-13,2026-04-14,1,22.21,22.38,41.69,41.98,1.8757819481680071,1.870689756372784,1.871133448620478,41.86603674762291,1.0,1.0,1.0,41.98,-0.0027183949767204895,0.0,-0.0027183949767204895,False,True,False,True,1,0,False,False,False,False,False,4456.0,0.0,4486.0,-4486.0,0.0,4486.0,2382.0,0.0,-2399.0,2399.0,2399.0,-0.0,0.16999999999999815,0.007625064977443069,762.6199999999917,-22.43,99634.06,0.0,99634.06,0.0,0.28999999999999915,0.006932022499781373,-695.709999999998,-11.995000000000001,-100014.31,-100014.31,0.0,-2.7781752777777777,66.90999999999372,-34.425,-100014.31,-2.7781752777777777,66.90999999999372,0.0,29.70682472221594,585.250077222271,-36.670263611096175,199648.37,-380.25
2026-04-14,2026-04-15,1,22.38,22.34,41.98,41.97,1.878692927484333,1.871133448620478,1.871566289940543,41.80112124218148,1.0,1.0,1.0,41.97,-0.004031914198911692,0.0,-0.004031914198911692,True,False,False,True,0,1,False,True,False,False,False,4459.0,4459.0,0.0,4459.0,4459.0,-0.0,2383.0,-2383.0,0.0,-2383.0,0.0,2383.0,-0.03999999999999915,-0.0017889092427244883,-0.0,-22.295,0.0,0.0,0.0,0.0,-0.00999999999999801,-0.0002382370469874171,-0.0,-11.915000000000001,0.0,0.0,0.0,0.0,0.0,-34.21,0.0,0.0,0.0,0.0,-34.21,551.040077222271,-70.88026361109621,0.0,0.0
2026-04-15,2026-04-16,1,22.34,22.27,41.97,41.86,1.8796587337224966,1.871566289940543,1.8721491355934408,41.67978127697589,1.0,1.0,1.0,41.86,-0.004314567259834473,0.0,-0.004314567259834473,True,False,False,True,1,1,False,False,False,False,False,4471.0,4471.0,4459.0,12.0,12.0,-0.0,2389.0,-2389.0,-2383.0,-6.0,0.0,6.0,-0.07000000000000028,-0.003138312371778424,-312.13000000000125,-0.06,99614.06,0.0,99614.06,0.0,-0.10999999999999943,-0.0026243603276457613,262.12999999999863,-0.03,-100014.51,-100014.51,0.0,-2.7781808333333333,-50.000000000002615,-0.09,-100014.51,-2.7781808333333333,-50.000000000002615,0.0,-52.86818083333595,498.171896388935,-123.74844444443215,199628.57,-400.4499999999971
2026-04-16,2026-04-17,1,22.27,22.42,41.86,42.13,1.8791257805530777,1.8721491355934408,1.8726173669374535,41.973583620004945,1.0,1.0,1.0,42.13,-0.00371961701522642,0.0,-0.00371961701522642,False,False,False,True,1,1,False,False,False,False,False,4444.0,4444.0,4471.0,-27.0,0.0,27.0,2374.0,-2374.0,-2389.0,15.0,15.0,-0.0,0.15000000000000213,0.006712936374737639,670.6500000000095,-0.135,99569.17,0.0,99569.17,0.0,0.2700000000000031,0.006429358973071662,-645.0300000000075,-0.075,-100003.54,-100003.54,0.0,-2.777876111111111,25.62000000000205,-0.21000000000000002,-100003.54,-2.777876111111111,25.62000000000205,0.0,22.632123888890938,520.804020277826,-101.11632055554117,199572.71,-434.36999999999534
2026-04-17,2026-04-20,3,22.42,22.45,42.13,42.11,1.8757238307349666,1.8726173669374535,1.8729957117588731,42.04025988774583,1.0,1.0,1.0,42.11,-0.0016575142682607742,0.0,-0.0016575142682607742,False,True,False,True,1,0,False,False,False,False,False,4447.0,0.0,4444.0,-4444.0,0.0,4444.0,2375.0,0.0,-2374.0,2374.0,2374.0,-0.0,0.029999999999997584,0.0013371965442493393,133.31999999998925,-22.22,99634.48000000001,0.0,99634.48000000001,0.0,-0.020000000000003126,-0.00047483381708885363,47.48000000000742,-11.870000000000001,-100016.62000000001,-100016.62000000001,0.0,-8.334718333333335,180.79999999999666,-34.09,-100016.62000000001,-8.334718333333335,180.79999999999666,0.0,138.3752816666633,659.1793019444893,0.0,199651.10000000003,-382.1399999999994
2026-04-20,2026-04-21,1,22.45,22.24,42.11,41.76,1.8776978417266188,1.8729957117588731,1.873616589378658,41.655424629517334,1.0,1.0,1.0,41.76,-0.002507340236743176,0.0,-0.002507340236743176,False,True,False,True,0,0,False,False,False,False,False,4486.0,0.0,0.0,0.0,0.0,-0.0,2395.0,0.0,0.0,0.0,0.0,-0.0,-0.21000000000000085,-0.009398144805881662,-0.0,-0.0,0.0,0.0,0.0,0.0,-0.3500000000000014,-0.008346298599453133,-0.0,-0.0,0.0,0.0,0.0,0.0,0.0,0.0,0.0,0.0,0.0,0.0,0.0,659.1793019444893,0.0,0.0,0.0
2026-04-21,2026-04-22,1,22.24,22.25,41.76,41.73,1.875505617977528,1.873616589378658,1.873966028603285,41.687969113675145,1.0,1.0,1.0,41.73,-0.0010077178892817086,0.0,-0.0010077178892817086,False,True,False,True,0,0,False,False,False,False,False,4489.0,0.0,0.0,0.0,0.0,-0.0,2396.0,0.0,0.0,0.0,0.0,-0.0,0.010000000000001563,0.00044953922986764537,0.0,-0.0,0.0,0.0,0.0,0.0,-0.030000000000001137,-0.0007186489709220252,-0.0,-0.0,0.0,0.0,0.0,0.0,0.0,0.0,0.0,0.0,0.0,0.0,0.0,659.1793019444893,0.0,0.0,0.0
2026-04-22,2026-04-23,1,22.25,22.17,41.73,41.65,1.8786648624267026,1.873966028603285,1.8743874749914078,41.54582685413483,1.0,1.0,1.0,41.65,-0.002504289079090019,0.0,-0.002504289079090019,False,True,False,True,0,0,False,False,False,False,False,4499.0,0.0,0.0,0.0,0.0,-0.0,2401.0,0.0,0.0,0.0,0.0,-0.0,-0.0799999999999983,-0.003601984984029095,-0.0,-0.0,0.0,0.0,0.0,0.0,-0.0799999999999983,-0.0019189259906095444,-0.0,-0.0,0.0,0.0,0.0,0.0,0.0,0.0,0.0,0.0,0.0,0.0,0.0,659.1793019444893,0.0,0.0,0.0
2026-04-23,2026-04-24,1,22.17,22.25,41.65,41.83,1.88,1.8743874749914078,1.8750617869180133,41.705121318558824,1.0,1.0,1.0,41.83,-0.0029898507956027365,0.0,-0.0029898507956027365,False,True,False,True,0,0,False,False,False,False,False,4482.0,0.0,0.0,0.0,0.0,-0.0,2391.0,0.0,0.0,0.0,0.0,-0.0,0.0799999999999983,0.003601984984029142,0.0,-0.0,0.0,0.0,0.0,0.0,0.17999999999999972,0.004312416841255282,0.0,-0.0,0.0,0.0,0.0,0.0,0.0,0.0,0.0,0.0,0.0,0.0,0.0,659.1793019444893,0.0,0.0,0.0
2026-04-24,2026-04-27,3,22.25,22.19,41.83,41.71,1.8796755295178007,1.8750617869180133,1.8757643852991037,41.607621051710716,1.0,1.0,1.0,41.71,-0.002457559361975708,0.0,-0.002457559361975708,False,True,False,True,0,0,False,False,False,False,False,4496.0,0.0,0.0,0.0,0.0,-0.0,2398.0,0.0,0.0,0.0,0.0,-0.0,-0.05999999999999872,-0.002700271667746648,-0.0,-0.0,0.0,0.0,0.0,0.0,-0.11999999999999744,-0.0028728772452531488,-0.0,-0.0,0.0,0.0,0.0,0.0,0.0,0.0,0.0,0.0,0.0,0.0,0.0,659.1793019444893,0.0,0.0,0.0
2026-04-27,2026-04-28,1,22.19,22.13,41.71,41.6,1.8798011748757344,1.8757643852991037,1.876384278297034,41.51066584666916,1.0,1.0,1.0,41.6,-0.0021497646980804296,0.0,-0.0021497646980804296,False,True,False,True,0,0,False,False,False,False,False,4509.0,0.0,0.0,0.0,0.0,-0.0,2404.0,0.0,0.0,0.0,0.0,-0.0,-0.060000000000002274,-0.0027075828815443874,-0.0,-0.0,0.0,0.0,0.0,0.0,-0.10999999999999943,-0.002640740941636282,-0.0,-0.0,0.0,0.0,0.0,0.0,0.0,0.0,0.0,0.0,0.0,0.0,0.0,659.1793019444893,0.0,0.0,0.0
2026-04-28,2026-04-29,1,22.13,21.98,41.6,41.31,1.8794358507734306,1.876384278297034,1.8768253191272772,41.24292643696881,1.0,1.0,1.0,41.31,-0.0016249836483213033,0.0,-0.0016249836483213033,False,True,False,True,0,0,False,False,False,False,False,4543.0,0.0,0.0,0.0,0.0,-0.0,2421.0,0.0,0.0,0.0,0.0,-0.0,-0.14999999999999858,-0.006801205087482912,-0.0,-0.0,0.0,0.0,0.0,0.0,-0.28999999999999915,-0.006995565858544461,-0.0,-0.0,0.0,0.0,0.0,0.0,0.0,0.0,0.0,0.0,0.0,0.0,0.0,659.1793019444893,0.0,0.0,0.0
2026-04-29,2026-04-30,1,21.98,22.27,41.31,41.88,1.8805568028738215,1.8768253191272772,1.8771373122764328,41.796899856964465,1.0,1.0,1.0,41.88,-0.0019862153233954215,0.0,-0.0019862153233954215,False,True,False,True,0,0,True,False,False,False,False,4482.0,0.0,0.0,0.0,0.0,-0.0,2388.0,0.0,0.0,0.0,0.0,-0.0,0.28999999999999915,0.01310753229380087,0.0,-0.0,0.0,0.0,0.0,0.0,0.5700000000000003,0.01370378459366301,0.0,-0.0,0.0,0.0,0.0,0.0,0.0,0.0,0.0,0.0,0.0,0.0,0.0,659.1793019444893,0.0,0.0,0.0
2026-04-30,2026-05-01,1,22.27,22.23,41.88,41.82,1.8812415654520918,1.8771373122764328,1.877529372267502,41.7287624519051,1.0,1.0,1.0,41.82,-0.0021840559138170145,0.0,-0.0021840559138170145,False,True,False,True,0,0,False,False,False,False,False,4488.0,0.0,0.0,0.0,0.0,-0.0,2391.0,0.0,0.0,0.0,0.0,-0.0,-0.03999999999999915,-0.0017977532931709832,-0.0,-0.0,0.0,0.0,0.0,0.0,-0.060000000000002274,-0.0014336920018486968,-0.0,-0.0,0.0,0.0,0.0,0.0,0.0,0.0,0.0,0.0,0.0,0.0,0.0,659.1793019444893,0.0,0.0,0.0
2026-05-01,2026-05-04,3,22.23,22.13,41.82,41.63,1.8811568007230006,1.877529372267502,1.8780602223676959,41.549725008279815,1.0,1.0,1.0,41.63,-0.001930158259943952,0.0,-0.001930158259943952,False,True,False,True,0,0,False,False,False,False,False,4510.0,0.0,0.0,0.0,0.0,-0.0,2402.0,0.0,0.0,0.0,0.0,-0.0,-0.10000000000000142,-0.0045085739131469635,-0.0,-0.0,0.0,0.0,0.0,0.0,-0.18999999999999773,-0.004553632793603423,-0.0,-0.0,0.0,0.0,0.0,0.0,0.0,0.0,0.0,0.0,0.0,0.0,0.0,659.1793019444893,0.0,0.0,0.0
2026-05-04,2026-05-05,1,22.13,22.13,41.63,41.78,1.8879349299593313,1.8780602223676959,1.8787497185236652,41.56147272099711,1.0,1.0,1.0,41.78,-0.0052441545050919075,0.0,-0.0052441545050919075,True,False,False,True,0,1,False,True,False,False,False,4494.0,4494.0,0.0,4494.0,4494.0,-0.0,2393.0,-2393.0,0.0,-2393.0,0.0,2393.0,0.0,0.0,0.0,-22.47,0.0,0.0,0.0,0.0,0.14999999999999858,0.0035966949215356825,0.0,-11.965,0.0,0.0,0.0,0.0,0.0,-34.435,0.0,0.0,0.0,0.0,-34.435,624.7443019444893,-34.43500000000006,0.0,0.0
2026-05-05,2026-05-06,1,22.13,22.34,41.78,42.18,1.8880931065353626,1.8787497185236652,1.8794914525021185,41.97126871181868,1.0,1.0,1.0,42.18,-0.00496086914560771,0.0,-0.00496086914560771,True,False,False,True,1,1,False,False,False,False,False,4455.0,4455.0,4494.0,-39.0,0.0,39.0,2371.0,-2371.0,-2393.0,22.0,22.0,-0.0,0.21000000000000085,0.009444639578096433,943.7400000000039,-0.195,99452.22,0.0,99452.22,0.0,0.3999999999999986,0.009528418922208768,-957.1999999999966,-0.11,-99979.54000000001,-99979.54000000001,0.0,-2.777209444444445,-13.45999999999276,-0.305,-99979.54000000001,-2.777209444444445,-13.45999999999276,0.0,-16.542209444437205,608.2020925000521,-50.97720944443722,199431.76,-527.320000000007
2026-05-06,2026-05-07,1,22.34,22.31,42.18,42.06,1.8852532496638281,1.8794914525021185,1.8799197315469662,41.93145430532226,1.0,1.0,1.0,42.06,-0.003060925569292675,0.0,-0.003060925569292675,False,False,False,True,1,1,False,False,False,False,False,4469.0,4469.0,4455.0,14.0,14.0,-0.0,2378.0,-2378.0,-2371.0,-7.0,0.0,7.0,-0.030000000000001137,-0.0013437851966135337,-133.65000000000506,-0.07,99524.7,0.0,99524.7,0.0,-0.11999999999999744,-0.0028490047760747145,284.51999999999396,-0.035,-100008.78,-100008.78,0.0,-2.7780216666666666,150.8699999999889,-0.10500000000000001,-100008.78,-2.7780216666666666,150.8699999999889,0.0,147.98697833332224,756.1890708333743,0.0,199533.47999999998,-484.08000000000175
2026-05-07,2026-05-08,1,22.31,22.39,42.06,42.27,1.8878963823135329,1.8799197315469662,1.8804489665399544,42.09140278933658,1.0,1.0,1.0,42.27,-0.004234104023333009,0.0,-0.004234104023333009,True,False,False,True,1,1,False,False,False,False,False,4448.0,4448.0,4469.0,-21.0,0.0,21.0,2366.0,-2366.0,-2378.0,12.0,12.0,-0.0,0.08000000000000185,0.003579422166222369,357.5200000000083,-0.105,99703.39,0.0,99703.39,0.0,0.21000000000000085,0.004980444304144752,-499.38000000000204,-0.06,-100018.68000000001,-100018.68000000001,0.0,-2.778296666666667,-141.85999999999376,-0.16499999999999998,-100018.68000000001,-2.778296666666667,-141.85999999999376,0.0,-144.80329666666043,611.3857741667139,-144.80329666666046,199722.07,-315.29000000000815
2026-05-08,2026-05-11,3,22.39,22.29,42.27,42.07,1.8873934499775684,1.8804489665399544,1.8809645192729618,41.91520746417558,1.0,1.0,1.0,42.07,-0.003686189884500845,0.0,-0.003686189884500845,False,False,False,True,1,1,False,False,False,False,False,4470.0,4470.0,4448.0,22.0,22.0,-0.0,2377.0,-2377.0,-2366.0,-11.0,0.0,11.0,-0.10000000000000142,-0.004476283212886089,-444.8000000000063,-0.11,99590.72,0.0,99590.72,0.0,-0.20000000000000284,-0.004742716976269086,473.20000000000675,-0.055,-100010.82,-100010.82,0.0,-8.334235000000001,28.400000000000432,-0.165,-100010.82,-8.334235000000001,28.400000000000432,0.0,19.900765000000433,631.2865391667143,-124.90253166666002,199601.54,-420.1000000000058
2026-05-11,2026-05-12,1,22.29,22.14,42.07,41.71,1.8839205058717254,1.8809645192729618,1.8813714471581473,41.644554456703375,1.0,1.0,1.0,41.71,-0.001570293481172807,0.0,-0.001570293481172807,False,True,False,True,1,0,False,False,False,False,False,4511.0,0.0,4470.0,-4470.0,0.0,4470.0,2398.0,0.0,-2377.0,2377.0,2377.0,-0.0,-0.14999999999999858,-0.006752220117286559,-670.4999999999936,-22.35,99636.3,0.0,99636.3,0.0,-0.35999999999999943,-0.008593989393575679,855.7199999999987,-11.885,-100000.39,-100000.39,0.0,-2.777788611111111,185.22000000000503,-34.235,-100000.39,-2.777788611111111,185.22000000000503,0.0,148.2072113888939,779.4937505556082,0.0,199636.69,-364.0899999999965
2026-05-12,2026-05-13,1,22.14,22.11,41.71,41.74,1.8878335594753506,1.8813714471581473,1.8818284787576984,41.59712269666664,1.0,1.0,1.0,41.74,-0.003428902719424997,0.0,-0.003428902719424997,False,False,False,True,0,0,False,False,False,False,False,4508.0,0.0,0.0,0.0,0.0,-0.0,2396.0,0.0,0.0,0.0,0.0,-0.0,-0.030000000000001137,-0.0013559324111359554,-0.0,-0.0,0.0,0.0,0.0,0.0,0.030000000000001137,0.000718993440200743,0.0,-0.0,0.0,0.0,0.0,0.0,0.0,0.0,0.0,0.0,0.0,0.0,0.0,779.4937505556082,0.0,0.0,0.0
2026-05-13,2026-05-14,1,22.11,22.05,41.74,41.52,1.8829931972789116,1.8818284787576984,1.8819952019355193,41.494317956607254,1.0,1.0,1.0,41.52,-0.0006187377031877773,0.0,-0.0006187377031877773,False,True,False,True,0,0,False,False,False,False,False,4531.0,0.0,0.0,0.0,0.0,-0.0,2408.0,0.0,0.0,0.0,0.0,-0.0,-0.05999999999999872,-0.002717392976499915,-0.0,-0.0,0.0,0.0,0.0,0.0,-0.21999999999999886,-0.005284662791421486,-0.0,-0.0,0.0,0.0,0.0,0.0,0.0,0.0,0.0,0.0,0.0,0.0,0.0,779.4937505556082,0.0,0.0,0.0
2026-05-14,2026-05-15,1,22.05,21.81,41.52,41.01,1.8803301237964236,1.8819952019355193,1.8820554190976864,41.046315354213675,1.0,1.0,1.0,41.01,0.0008851325197307667,0.0,0.0008851325197307667,False,True,False,True,0,0,False,False,False,False,False,4588.0,0.0,0.0,0.0,0.0,-0.0,2438.0,0.0,0.0,0.0,0.0,-0.0,-0.240000000000002,-0.010944021679317368,-0.0,-0.0,0.0,0.0,0.0,0.0,-0.5100000000000051,-0.0123592994536654,-0.0,-0.0,0.0,0.0,0.0,0.0,0.0,0.0,0.0,0.0,0.0,0.0,0.0,779.4937505556082,0.0,0.0,0.0
2026-05-15,2026-05-18,3,21.81,21.9,41.01,41.27,1.884474885844749,1.8820554190976864,1.882492971853176,41.217013678239326,1.0,1.0,1.0,41.27,-0.0012847192954567829,0.0,-0.0012847192954567829,False,True,False,True,0,0,False,False,False,False,False,4560.0,0.0,0.0,0.0,0.0,-0.0,2423.0,0.0,0.0,0.0,0.0,-0.0,0.08999999999999986,0.004118056608917548,0.0,-0.0,0.0,0.0,0.0,0.0,0.2600000000000051,0.006319904360522697,0.0,-0.0,0.0,0.0,0.0,0.0,0.0,0.0,0.0,0.0,0.0,0.0,0.0,779.4937505556082,0.0,0.0,0.0
2026-05-18,2026-05-19,1,21.9,21.74,41.27,41.03,1.8873045078196875,1.882492971853176,1.882973305157829,40.92539720808804,1.0,1.0,1.0,41.03,-0.0025526774874165318,0.0,-0.0025526774874165318,False,True,False,True,0,0,False,False,False,False,False,4588.0,0.0,0.0,0.0,0.0,-0.0,2437.0,0.0,0.0,0.0,0.0,-0.0,-0.16000000000000014,-0.007332755129391797,-0.0,-0.0,0.0,0.0,0.0,0.0,-0.240000000000002,-0.005832337310395788,-0.0,-0.0,0.0,0.0,0.0,0.0,0.0,0.0,0.0,0.0,0.0,0.0,0.0,779.4937505556082,0.0,0.0,0.0
2026-05-19,2026-05-20,1,21.74,21.95,41.03,41.42,1.8870159453302964,1.882973305157829,1.8835488215254674,41.331264048214344,1.0,1.0,1.0,41.42,-0.002144643633375207,0.0,-0.002144643633375207,False,True,False,True,0,0,False,False,False,False,False,4545.0,0.0,0.0,0.0,0.0,-0.0,2414.0,0.0,0.0,0.0,0.0,-0.0,0.21000000000000085,0.00961325782811701,0.0,-0.0,0.0,0.0,0.0,0.0,0.39000000000000057,0.00946034951334335,0.0,-0.0,0.0,0.0,0.0,0.0,0.0,0.0,0.0,0.0,0.0,0.0,0.0,779.4937505556082,0.0,0.0,0.0
2026-05-20,2026-05-21,1,21.95,21.94,41.42,41.43,1.888331814038286,1.8835488215254674,1.8840321691060467,41.32506114426876,1.0,1.0,1.0,41.43,-0.002536132788186859,0.0,-0.002536132788186859,False,True,False,True,0,0,False,False,False,False,False,4547.0,0.0,0.0,0.0,0.0,-0.0,2414.0,0.0,0.0,0.0,0.0,-0.0,-0.00999999999999801,-0.0004556846740961244,-0.0,-0.0,0.0,0.0,0.0,0.0,0.00999999999999801,0.0002414001218723794,0.0,-0.0,0.0,0.0,0.0,0.0,0.0,0.0,0.0,0.0,0.0,0.0,0.0,779.4937505556082,0.0,0.0,0.0
2026-05-21,2026-05-22,1,21.94,21.93,41.43,41.43,1.8891928864569083,1.8840321691060467,1.8844918134288922,41.3168254684956,1.0,1.0,1.0,41.43,-0.0027354427540644158,0.0,-0.0027354427540644158,False,True,False,True,0,0,False,False,False,False,False,4548.0,0.0,0.0,0.0,0.0,-0.0,2414.0,0.0,0.0,0.0,0.0,-0.0,-0.010000000000001563,-0.00045589241728744554,-0.0,-0.0,0.0,0.0,0.0,0.0,0.0,0.0,0.0,-0.0,0.0,0.0,0.0,0.0,0.0,0.0,0.0,0.0,0.0,0.0,0.0,779.4937505556082,0.0,0.0,0.0
2026-05-22,2026-05-26,4,21.93,22.04,41.43,41.68,1.8911070780399275,1.8844918134288922,1.8850633908549983,41.534199567972784,1.0,1.0,1.0,41.68,-0.003504223605623075,0.0,-0.003504223605623075,False,False,False,True,0,0,False,False,False,False,False,4521.0,0.0,0.0,0.0,0.0,-0.0,2399.0,0.0,0.0,0.0,0.0,-0.0,0.10999999999999943,0.005003421854916841,0.0,-0.0,0.0,0.0,0.0,0.0,0.25,0.0060161413558009556,0.0,-0.0,0.0,0.0,0.0,0.0,0.0,0.0,0.0,0.0,0.0,0.0,0.0,779.4937505556082,0.0,0.0,0.0
2026-05-26,2026-05-27,1,22.04,22.04,41.68,41.68,1.8911070780399275,1.8850633908549983,1.885628686013208,41.54679713444416,1.0,1.0,1.0,41.68,-0.0032009637250743368,0.0,-0.0032009637250743368,False,False,False,True,0,0,False,False,False,False,False,4522.0,0.0,0.0,0.0,0.0,-0.0,2399.0,0.0,0.0,0.0,0.0,-0.0,0.0,0.0,0.0,-0.0,0.0,0.0,0.0,0.0,0.0,0.0,0.0,-0.0,0.0,0.0,0.0,0.0,0.0,0.0,0.0,0.0,0.0,0.0,0.0,779.4937505556082,0.0,0.0,0.0
2026-05-27,2026-05-28,1,22.04,22.11,41.68,41.93,1.8964269561284488,1.885628686013208,1.8864782412809589,41.69125024775203,1.0,1.0,1.0,41.93,-0.005710280587507882,0.0,-0.005710280587507882,True,False,False,True,0,1,False,True,False,False,False,4497.0,4497.0,0.0,4497.0,4497.0,-0.0,2385.0,-2385.0,0.0,-2385.0,0.0,2385.0,0.07000000000000028,0.003171010584641233,0.0,-22.485,0.0,0.0,0.0,0.0,0.25,0.005980163737559835,0.0,-11.925,0.0,0.0,0.0,0.0,0.0,-34.41,0.0,0.0,0.0,0.0,-34.41,745.0837505556083,-34.40999999999997,0.0,0.0
2026-05-28,2026-05-29,1,22.11,22.17,41.93,41.98,1.893549842129003,1.8864782412809589,1.887127893243718,41.82322260919886,1.0,1.0,1.0,41.98,-0.003741564317402333,0.0,-0.003741564317402333,False,False,False,True,1,0,True,False,False,False,False,4494.0,0.0,4497.0,-4497.0,0.0,4497.0,2382.0,0.0,-2385.0,2385.0,2385.0,-0.0,0.060000000000002274,0.0027100287588653796,269.8200000000102,-22.485,99428.67,0.0,99428.67,0.0,0.04999999999999716,0.0011917532098156072,-119.24999999999322,-11.925,-100003.05,-100003.05,0.0,-2.7778625000000003,150.570000000017,-34.41,-100003.05,-2.7778625000000003,150.570000000017,0.0,113.382137500017,858.4658880556253,0.0,199431.72,-574.3800000000047
2026-05-29,2026-06-01,3,22.17,22.03,41.98,41.77,1.8960508397639584,1.887127893243718,1.8878683569593115,41.57342748815911,1.0,1.0,1.0,41.77,-0.004717177641291378,0.0,-0.004717177641291378,True,False,False,True,0,1,False,True,False,False,False,4518.0,4518.0,0.0,4518.0,4518.0,-0.0,2394.0,-2394.0,0.0,-2394.0,0.0,2394.0,-0.14000000000000057,-0.006334862813968322,-0.0,-22.59,0.0,0.0,0.0,0.0,-0.20999999999999375,-0.005014935883402784,-0.0,-11.97,0.0,0.0,0.0,0.0,0.0,-34.56,0.0,0.0,0.0,0.0,-34.56,823.9058880556254,-34.559999999999945,0.0,0.0
2026-06-01,2026-06-02,1,22.03,22.02,41.77,41.8,1.8982742960944594,1.8878683569593115,1.8887242317278843,41.57086122024404,1.0,1.0,1.0,41.8,-0.0054968691306565435,0.0,-0.0054968691306565435,True,False,False,True,1,1,False,False,False,False,False,4516.0,4516.0,4518.0,-2.0,0.0,2.0,2392.0,-2392.0,-2394.0,2.0,2.0,-0.0,-0.010000000000001563,-0.000454029519717962,-45.18000000000706,-0.01,99531.54000000001,0.0,99531.54000000001,0.0,0.02999999999999403,0.000717961021626564,-71.81999999998571,-0.01,-99997.38,-99997.38,0.0,-2.777705,-116.99999999999278,-0.02,-99997.38,-2.777705,-116.99999999999278,0.0,-119.79770499999277,704.1081830556326,-154.35770499999273,199528.92,-465.8399999999965
2026-06-02,2026-06-03,1,22.02,21.89,41.8,41.45,1.893558702603929,1.8887242317278843,1.8890054203601143,41.34417343252339,1.0,1.0,1.0,41.45,-0.002556378564365227,0.0,-0.002556378564365227,False,True,False,True,1,0,False,False,False,False,False,4557.0,0.0,4516.0,-4516.0,0.0,4516.0,2413.0,0.0,-2392.0,2392.0,2392.0,-0.0,-0.129999999999999,-0.005921219759762253,-587.0799999999955,-22.580000000000002,99442.31999999999,0.0,99442.31999999999,0.0,-0.3499999999999943,-0.008408457949406553,837.1999999999864,-11.96,-99985.59999999999,-99985.59999999999,0.0,-2.7773777777777773,250.1199999999909,-34.540000000000006,-99985.59999999999,-2.7773777777777773,250.1199999999909,0.0,212.8026222222131,916.9108052778457,0.0,199427.91999999998,-543.2799999999988
2026-06-03,2026-06-04,1,21.89,21.93,41.45,41.54,1.8942088463292293,1.8890054203601143,1.8893112073498077,41.4258888684973,1.0,1.0,1.0,41.54,-0.00275079806929051,0.0,-0.00275079806929051,False,True,False,True,0,0,False,False,False,False,False,4547.0,0.0,0.0,0.0,0.0,-0.0,2407.0,0.0,0.0,0.0,0.0,-0.0,0.03999999999999915,0.0018256508950251426,0.0,-0.0,0.0,0.0,0.0,0.0,0.0899999999999963,0.0021689368666622786,0.0,-0.0,0.0,0.0,0.0,0.0,0.0,0.0,0.0,0.0,0.0,0.0,0.0,916.9108052778457,0.0,0.0,0.0
2026-06-04,2026-06-05,1,21.93,21.74,41.54,41.17,1.893744250229991,1.8893112073498077,1.8897357573781153,41.073625647784816,1.0,1.0,1.0,41.17,-0.0023436319974546554,0.0,-0.0023436319974546554,False,True,False,True,0,0,False,False,False,False,False,4589.0,0.0,0.0,0.0,0.0,-0.0,2429.0,0.0,0.0,0.0,0.0,-0.0,-0.19000000000000128,-0.008701680736733485,-0.0,-0.0,0.0,0.0,0.0,0.0,-0.36999999999999744,-0.008946982666152813,-0.0,-0.0,0.0,0.0,0.0,0.0,0.0,0.0,0.0,0.0,0.0,0.0,0.0,916.9108052778457,0.0,0.0,0.0
2026-06-05,2026-06-08,3,21.74,21.7,41.17,41.08,1.8930875576036865,1.8897357573781153,1.8899953161426235,41.0072659351051,1.0,1.0,1.0,41.08,-0.001772116127899099,0.0,-0.001772116127899099,False,True,False,True,0,0,False,False,False,False,False,4600.0,0.0,0.0,0.0,0.0,-0.0,2434.0,0.0,0.0,0.0,0.0,-0.0,-0.03999999999999915,-0.001841621146649472,-0.0,-0.0,0.0,0.0,0.0,0.0,-0.09000000000000341,-0.002188450721455872,-0.0,-0.0,0.0,0.0,0.0,0.0,0.0,0.0,0.0,0.0,0.0,0.0,0.0,916.9108052778457,0.0,0.0,0.0
2026-06-08,2026-06-09,1,21.7,21.78,41.08,41.15,1.889348025711662,1.8899953161426235,1.890093044929328,41.164097985586345,1.0,1.0,1.0,41.15,0.0003425412187997007,0.0,0.0003425412187997007,False,True,False,True,0,0,False,False,False,False,False,4593.0,0.0,0.0,0.0,0.0,-0.0,2430.0,0.0,0.0,0.0,0.0,-0.0,0.08000000000000185,0.003679856958400618,0.0,-0.0,0.0,0.0,0.0,0.0,0.07000000000000028,0.0017025420627212612,0.0,-0.0,0.0,0.0,0.0,0.0,0.0,0.0,0.0,0.0,0.0,0.0,0.0,916.9108052778457,0.0,0.0,0.0
2026-06-09,2026-06-10,1,21.78,21.72,41.15,41.08,1.8913443830570902,1.890093044929328,1.8904642387885964,41.052820935865,1.0,1.0,1.0,41.08,-0.0006618320134969057,0.0,-0.0006618320134969057,False,True,False,True,0,0,False,False,False,False,False,4600.0,0.0,0.0,0.0,0.0,-0.0,2434.0,0.0,0.0,0.0,0.0,-0.0,-0.060000000000002274,-0.0027586224390798624,-0.0,-0.0,0.0,0.0,0.0,0.0,-0.07000000000000028,-0.0017025420627213349,-0.0,-0.0,0.0,0.0,0.0,0.0,0.0,0.0,0.0,0.0,0.0,0.0,0.0,916.9108052778457,0.0,0.0,0.0
2026-06-10,2026-06-11,1,21.72,21.94,41.08,41.5,1.8915223336371922,1.8904642387885964,1.8906486774966882,41.47678539902181,1.0,1.0,1.0,41.5,-0.0005595444912030681,0.0,-0.0005595444912030681,False,True,False,True,0,0,False,False,False,False,False,4556.0,0.0,0.0,0.0,0.0,-0.0,2410.0,0.0,0.0,0.0,0.0,-0.0,0.22000000000000242,0.010077959781349637,0.0,-0.0,0.0,0.0,0.0,0.0,0.4200000000000017,0.01017204217629512,0.0,-0.0,0.0,0.0,0.0,0.0,0.0,0.0,0.0,0.0,0.0,0.0,0.0,916.9108052778457,0.0,0.0,0.0
2026-06-11,2026-06-12,1,21.94,21.94,41.5,41.49,1.8910665451230628,1.8906486774966882,1.8910523448888958,41.480831984277344,1.0,1.0,1.0,41.49,-0.00022099370443120638,0.0,-0.00022099370443120638,False,True,False,True,0,0,False,False,False,False,False,4556.0,0.0,0.0,0.0,0.0,-0.0,2410.0,0.0,0.0,0.0,0.0,-0.0,0.0,0.0,0.0,-0.0,0.0,0.0,0.0,0.0,-0.00999999999999801,-0.00024099289187599953,-0.0,-0.0,0.0,0.0,0.0,0.0,0.0,0.0,0.0,0.0,0.0,0.0,0.0,916.9108052778457,0.0,0.0,0.0
2026-06-12,2026-06-15,3,21.94,22.0,41.49,41.58,1.89,1.8910523448888958,1.8915358386990746,41.60315158755571,1.0,1.0,1.0,41.58,0.0005566412840016696,0.0,0.0005566412840016696,False,True,False,True,0,0,False,False,False,False,False,4548.0,0.0,0.0,0.0,0.0,-0.0,2405.0,0.0,0.0,0.0,0.0,-0.0,0.05999999999999872,0.0027309985112315125,0.0,-0.0,0.0,0.0,0.0,0.0,0.0899999999999963,0.002166848085090293,0.0,-0.0,0.0,0.0,0.0,0.0,0.0,0.0,0.0,0.0,0.0,0.0,0.0,916.9108052778457,0.0,0.0,0.0
2026-06-15,2026-06-16,1,22.0,22.06,41.58,41.72,1.8912058023572076,1.8915358386990746,1.8918723845246976,41.72728060170159,1.0,1.0,1.0,41.72,0.0001744958413879768,0.0,0.0001744958413879768,False,True,False,True,0,0,False,False,False,False,False,4534.0,0.0,0.0,0.0,0.0,-0.0,2397.0,0.0,0.0,0.0,0.0,-0.0,0.05999999999999872,0.0027235604670405207,0.0,-0.0,0.0,0.0,0.0,0.0,0.14000000000000057,0.0033613477027049274,0.0,-0.0,0.0,0.0,0.0,0.0,0.0,0.0,0.0,0.0,0.0,0.0,0.0,916.9108052778457,0.0,0.0,0.0
2026-06-16,2026-06-17,1,22.06,21.87,41.72,41.33,1.889803383630544,1.8918723845246976,1.8919973283152405,41.37524904955514,1.0,1.0,1.0,41.33,0.0010942244800655123,0.0,0.0010942244800655123,False,True,False,True,0,0,False,False,False,False,False,4578.0,0.0,0.0,0.0,0.0,-0.0,2420.0,0.0,0.0,0.0,0.0,-0.0,-0.18999999999999773,-0.008650179136679823,-0.0,-0.0,0.0,0.0,0.0,0.0,-0.39000000000000057,-0.009392001608930736,-0.0,-0.0,0.0,0.0,0.0,0.0,0.0,0.0,0.0,0.0,0.0,0.0,0.0,916.9108052778457,0.0,0.0,0.0
2026-06-17,2026-06-18,1,21.87,21.82,41.33,41.2,1.8881759853345557,1.8919973283152405,1.8920553303154535,41.28338170383855,1.0,1.0,1.0,41.2,0.0020217825825947153,0.0,0.0020217825825947153,False,True,True,False,0,-1,False,False,True,False,False,4592.0,-4592.0,0.0,-4592.0,0.0,4592.0,2427.0,2427.0,0.0,2427.0,2427.0,-0.0,-0.05000000000000071,-0.002288854283751714,-0.0,-22.96,0.0,0.0,0.0,0.0,-0.12999999999999545,-0.0031503721681601245,-0.0,-12.135,0.0,0.0,0.0,0.0,0.0,-35.095,0.0,0.0,0.0,0.0,-35.095,881.8158052778457,-35.09500000000003,0.0,0.0
2026-06-18,2026-06-22,4,21.82,21.72,41.2,41.02,1.888581952117864,1.8920553303154535,1.8920678372194324,41.09544177445165,1.0,1.0,1.0,41.02,0.0018374569763554684,0.0,0.0018374569763554684,False,True,False,True,-1,0,False,False,False,False,False,4613.0,0.0,-4592.0,4592.0,4592.0,-0.0,2438.0,0.0,2427.0,-2427.0,0.0,2427.0,-0.10000000000000142,-0.004593485339190095,459.2000000000065,-22.96,-100197.44,-100197.44,0.0,-11.13304888888889,-0.17999999999999972,-0.004378503711246129,-436.85999999999933,-12.135,99992.40000000001,0.0,99992.40000000001,0.0,22.340000000007194,-35.095,-100197.44,-11.13304888888889,0.0,22.340000000007194,-23.888048888881695,857.927756388964,-58.98304888888174,200189.84000000003,-205.0399999999936
2026-06-22,2026-06-23,1,21.72,21.67,41.02,40.91,1.8878634056299028,1.8920678372194324,1.8920013631780823,41.0011100325451,1.0,1.0,1.0,40.91,0.002224608361022091,0.0,0.002224608361022091,False,True,True,False,0,-1,False,False,True,False,False,4624.0,-4624.0,0.0,-4624.0,0.0,4624.0,2444.0,2444.0,0.0,2444.0,2444.0,-0.0,-0.04999999999999716,-0.002304679517466917,-0.0,-23.12,0.0,0.0,0.0,0.0,-0.11000000000000654,-0.002685220702927554,-0.0,-12.22,0.0,0.0,0.0,0.0,0.0,-35.34,0.0,0.0,0.0,0.0,-35.34,822.587756388964,-94.32304888888177,0.0,0.0
2026-06-23,2026-06-24,1,21.67,21.66,40.91,40.97,1.891505078485688,1.8920013631780823,1.8920212632003701,40.980749526437265,1.0,1.0,1.0,40.97,0.00026234113930712896,0.0,0.00026234113930712896,False,True,False,True,-1,0,False,False,False,False,False,4618.0,0.0,-4624.0,4624.0,4624.0,-0.0,2441.0,0.0,2444.0,-2444.0,0.0,2444.0,-0.010000000000001563,-0.0004615739754231516,46.24000000000723,-23.12,-100202.08,-100202.08,0.0,-2.783391111111111,0.060000000000002274,0.0014655596174725845,146.64000000000556,-12.22,99984.04,0.0,99984.04,0.0,192.88000000001279,-35.34,-100202.08,-2.783391111111111,0.0,192.88000000001279,154.75660888890167,977.3443652778656,0.0,200186.12,-218.04000000000815
2026-06-24,2026-06-25,1,21.66,21.68,40.97,41.0,1.8911439114391144,1.8920212632003701,1.8920231048703298,41.019020986184024,1.0,1.0,1.0,41.0,0.00046381891166979864,0.0,0.00046381891166979864,False,True,False,True,0,0,False,False,False,False,False,4615.0,0.0,0.0,0.0,0.0,-0.0,2439.0,0.0,0.0,0.0,0.0,-0.0,0.019999999999999574,0.0009229349986008987,0.0,-0.0,0.0,0.0,0.0,0.0,0.030000000000001137,0.0007319751455280935,0.0,-0.0,0.0,0.0,0.0,0.0,0.0,0.0,0.0,0.0,0.0,0.0,0.0,977.3443652778656,0.0,0.0,0.0
2026-06-25,2026-06-26,1,21.68,21.73,41.0,41.04,1.888633225954901,1.8920231048703298,1.891633418361652,41.11366206883227,1.0,1.0,1.0,41.04,0.001793275837442139,0.0,0.001793275837442139,False,True,False,True,0,0,False,False,False,False,False,4611.0,0.0,0.0,0.0,0.0,-0.0,2437.0,0.0,0.0,0.0,0.0,-0.0,0.05000000000000071,0.002303617696892751,0.0,-0.0,0.0,0.0,0.0,0.0,0.03999999999999915,0.0009751341582062914,0.0,-0.0,0.0,0.0,0.0,0.0,0.0,0.0,0.0,0.0,0.0,0.0,0.0,977.3443652778656,0.0,0.0,0.0
2026-06-26,2026-06-29,3,21.73,21.75,41.04,41.16,1.8924137931034481,1.891633418361652,1.8915766159103744,41.14302684936593,1.0,1.0,1.0,41.16,-0.00041245508274571777,0.0,-0.00041245508274571777,False,True,False,True,0,0,False,False,False,False,False,4597.0,0.0,0.0,0.0,0.0,-0.0,2430.0,0.0,0.0,0.0,0.0,-0.0,0.019999999999999574,0.0009199632663547971,0.0,-0.0,0.0,0.0,0.0,0.0,0.11999999999999744,0.0029197101033346246,0.0,-0.0,0.0,0.0,0.0,0.0,0.0,0.0,0.0,0.0,0.0,0.0,0.0,977.3443652778656,0.0,0.0,0.0
2026-06-29,2026-06-30,1,21.75,21.68,41.16,41.03,1.8925276752767528,1.8915766159103744,1.891400457686014,41.009381032936915,1.0,1.0,1.0,41.03,-0.0005026602404265458,0.0,-0.0005026602404265458,False,True,False,True,0,0,True,False,False,False,False,4610.0,0.0,0.0,0.0,0.0,-0.0,2437.0,0.0,0.0,0.0,0.0,-0.0,-0.07000000000000028,-0.0032235809632476754,-0.0,-0.0,0.0,0.0,0.0,0.0,-0.12999999999999545,-0.0031634045117540244,-0.0,-0.0,0.0,0.0,0.0,0.0,0.0,0.0,0.0,0.0,0.0,0.0,0.0,977.3443652778656,0.0,0.0,0.0
2026-06-30,2026-07-01,1,21.68,21.59,41.03,40.9,1.8943955534969894,1.891400457686014,1.8912065205561404,40.83533588144104,1.0,1.0,1.0,40.9,-0.0015822809401289477,0.0,-0.0015822809401289477,False,True,False,True,0,0,False,False,False,False,False,4624.0,0.0,0.0,0.0,0.0,-0.0,2445.0,0.0,0.0,0.0,0.0,-0.0,-0.08999999999999986,-0.004159932044729502,-0.0,-0.0,0.0,0.0,0.0,0.0,-0.13000000000000256,-0.0031734434053387185,-0.0,-0.0,0.0,0.0,0.0,0.0,0.0,0.0,0.0,0.0,0.0,0.0,0.0,977.3443652778656,0.0,0.0,0.0
2026-07-01,2026-07-02,1,21.59,21.68,40.9,41.04,1.8929889298892988,1.8912065205561404,1.8911780319204088,41.00135736565712,1.0,1.0,1.0,41.04,-0.0009420282267716641,0.0,-0.0009420282267716641,False,True,False,True,0,0,False,False,False,False,False,4609.0,0.0,0.0,0.0,0.0,-0.0,2437.0,0.0,0.0,0.0,0.0,-0.0,0.08999999999999986,0.0041599320447295715,0.0,-0.0,0.0,0.0,0.0,0.0,0.14000000000000057,0.0034171378137580373,0.0,-0.0,0.0,0.0,0.0,0.0,0.0,0.0,0.0,0.0,0.0,0.0,0.0,977.3443652778656,0.0,0.0,0.0
2026-07-02,2026-07-06,4,21.68,21.67,41.04,40.97,1.8906322104291646,1.8911780319204088,1.8909992001254057,40.98182795171526,1.0,1.0,1.0,40.97,0.00028865620433407926,0.0,0.00028865620433407926,False,True,False,True,0,0,False,False,False,False,False,4616.0,0.0,0.0,0.0,0.0,-0.0,2441.0,0.0,0.0,0.0,0.0,-0.0,-0.00999999999999801,-0.0004613610231776324,-0.0,-0.0,0.0,0.0,0.0,0.0,-0.07000000000000028,-0.0017071093037344352,-0.0,-0.0,0.0,0.0,0.0,0.0,0.0,0.0,0.0,0.0,0.0,0.0,0.0,977.3443652778656,0.0,0.0,0.0
2026-07-06,2026-07-07,1,21.67,21.55,40.97,40.75,1.8909512761020881,1.8909992001254057,1.8908595514190107,40.75103276270249,1.0,1.0,1.0,40.75,2.534354884930275e-05,0.0,2.534354884930275e-05,False,True,False,True,0,0,False,False,False,False,False,4641.0,0.0,0.0,0.0,0.0,-0.0,2454.0,0.0,0.0,0.0,0.0,-0.0,-0.120000000000001,-0.005552998998510926,-0.0,-0.0,0.0,0.0,0.0,0.0,-0.21999999999999886,-0.005384251871907973,-0.0,-0.0,0.0,0.0,0.0,0.0,0.0,0.0,0.0,0.0,0.0,0.0,0.0,977.3443652778656,0.0,0.0,0.0
2026-07-07,2026-07-08,1,21.55,21.5,40.75,40.66,1.8911627906976742,1.8908595514190107,1.89076331307371,40.653480355508734,1.0,1.0,1.0,40.66,-0.0001603582696677009,0.0,-0.0001603582696677009,False,True,False,True,0,0,False,False,False,False,False,4650.0,0.0,0.0,0.0,0.0,-0.0,2459.0,0.0,0.0,0.0,0.0,-0.0,-0.05000000000000071,-0.0023228814161397496,-0.0,-0.0,0.0,0.0,0.0,0.0,-0.09000000000000341,-0.0022110314866712615,-0.0,-0.0,0.0,0.0,0.0,0.0,0.0,0.0,0.0,0.0,0.0,0.0,0.0,977.3443652778656,0.0,0.0,0.0
2026-07-08,2026-07-09,1,21.5,21.52,40.66,40.75,1.8935873605947955,1.89076331307371,1.8909752798178665,40.68922649734624,1.0,1.0,1.0,40.75,-0.0014924875038422915,0.0,-0.0014924875038422915,False,True,False,True,0,0,False,False,False,False,False,4640.0,0.0,0.0,0.0,0.0,-0.0,2454.0,0.0,0.0,0.0,0.0,-0.0,0.019999999999999574,0.0009298001599665274,0.0,-0.0,0.0,0.0,0.0,0.0,0.09000000000000341,0.0022110314866712138,0.0,-0.0,0.0,0.0,0.0,0.0,0.0,0.0,0.0,0.0,0.0,0.0,0.0,977.3443652778656,0.0,0.0,0.0
2026-07-09,2026-07-10,1,21.52,21.59,40.75,40.84,1.8916164891153313,1.8909752798178665,1.8909888851207786,40.826156291267736,1.0,1.0,1.0,40.84,-0.000339031723630922,0.0,-0.000339031723630922,False,True,False,True,0,0,False,False,False,False,False,4631.0,0.0,0.0,0.0,0.0,-0.0,2449.0,0.0,0.0,0.0,0.0,-0.0,0.07000000000000028,0.0032475092331322323,0.0,-0.0,0.0,0.0,0.0,0.0,0.09000000000000341,0.0022061536095932116,0.0,-0.0,0.0,0.0,0.0,0.0,0.0,0.0,0.0,0.0,0.0,0.0,0.0,977.3443652778656,0.0,0.0,0.0
2026-07-10,2026-07-13,3,21.59,21.45,40.84,40.58,1.8918414918414919,1.8909888851207786,1.8910048430309938,40.5617115858407,1.0,1.0,1.0,40.58,-0.00045077714313774636,0.0,-0.00045077714313774636,False,True,False,True,0,0,False,False,False,False,False,4659.0,0.0,0.0,0.0,0.0,-0.0,2464.0,0.0,0.0,0.0,0.0,-0.0,-0.14000000000000057,-0.006505599152690035,-0.0,-0.0,0.0,0.0,0.0,0.0,-0.2600000000000051,-0.006386658898796192,-0.0,-0.0,0.0,0.0,0.0,0.0,0.0,0.0,0.0,0.0,0.0,0.0,0.0,977.3443652778656,0.0,0.0,0.0
2026-07-13,2026-07-14,1,21.45,21.59,40.58,40.8,1.889763779527559,1.8910048430309938,1.8909397047512186,40.82679456103916,1.0,1.0,1.0,40.8,0.0006565138848254291,0.0,0.0006565138848254291,False,True,False,True,0,0,False,False,False,False,False,4635.0,0.0,0.0,0.0,0.0,-0.0,2451.0,0.0,0.0,0.0,0.0,-0.0,0.14000000000000057,0.006505599152689964,0.0,-0.0,0.0,0.0,0.0,0.0,0.21999999999999886,0.0054067470124472515,0.0,-0.0,0.0,0.0,0.0,0.0,0.0,0.0,0.0,0.0,0.0,0.0,0.0,977.3443652778656,0.0,0.0,0.0
2026-07-14,2026-07-15,1,21.59,21.66,40.8,41.0,1.8928901200369344,1.8909397047512186,1.8910842107530654,40.95775400491139,1.0,1.0,1.0,41.0,-0.0010309213409546668,0.0,-0.0010309213409546668,False,True,False,True,0,0,False,False,False,False,False,4612.0,0.0,0.0,0.0,0.0,-0.0,2439.0,0.0,0.0,0.0,0.0,-0.0,0.07000000000000028,0.0032369970461284705,0.0,-0.0,0.0,0.0,0.0,0.0,0.20000000000000284,0.00488998529419177,0.0,-0.0,0.0,0.0,0.0,0.0,0.0,0.0,0.0,0.0,0.0,0.0,0.0,977.3443652778656,0.0,0.0,0.0
2026-07-15,2026-07-16,1,21.66,21.59,41.0,40.85,1.8920796665122743,1.8910842107530654,1.8911279039608186,40.82850811015868,1.0,1.0,1.0,40.85,-0.0005262557026223806,0.0,-0.0005262557026223806,False,True,False,True,0,0,False,False,False,False,False,4629.0,0.0,0.0,0.0,0.0,-0.0,2448.0,0.0,0.0,0.0,0.0,-0.0,-0.07000000000000028,-0.0032369970461285365,-0.0,-0.0,0.0,0.0,0.0,0.0,-0.14999999999999858,-0.003665245398295917,-0.0,-0.0,0.0,0.0,0.0,0.0,0.0,0.0,0.0,0.0,0.0,0.0,0.0,977.3443652778656,0.0,0.0,0.0
2026-07-16,2026-07-17,1,21.59,21.56,40.85,40.77,1.8910018552875698,1.8911279039608186,1.89118782754367,40.77271760939525,1.0,1.0,1.0,40.77,6.665486449135863e-05,0.0,6.665486449135863e-05,False,True,False,True,0,0,False,False,False,False,False,4639.0,0.0,0.0,0.0,0.0,-0.0,2453.0,0.0,0.0,0.0,0.0,-0.0,-0.030000000000001137,-0.0013904984859196496,-0.0,-0.0,0.0,0.0,0.0,0.0,-0.0799999999999983,-0.0019603044748497966,-0.0,-0.0,0.0,0.0,0.0,0.0,0.0,0.0,0.0,0.0,0.0,0.0,0.0,977.3443652778656,0.0,0.0,0.0
2026-07-17,2026-07-20,3,21.56,21.51,40.77,40.68,1.8912133891213387,1.89118782754367,1.891339697733009,40.67945017046434,1.0,1.0,1.0,40.68,-1.351605829470806e-05,0.0,-1.351605829470806e-05,False,True,False,True,0,0,False,False,False,False,False,4649.0,0.0,0.0,0.0,0.0,-0.0,2458.0,0.0,0.0,0.0,0.0,-0.0,-0.04999999999999716,-0.0023218027611575692,-0.0,-0.0,0.0,0.0,0.0,0.0,-0.09000000000000341,-0.0022099456508029554,-0.0,-0.0,0.0,0.0,0.0,0.0,0.0,0.0,0.0,0.0,0.0,0.0,0.0,977.3443652778656,0.0,0.0,0.0
2026-07-20,2026-07-21,1,21.51,21.46,40.68,40.58,1.8909599254426839,1.891339697733009,1.89145859639925,40.58814991335038,1.0,1.0,1.0,40.58,0.00020081555108658624,0.0,0.00020081555108658624,False,True,False,True,0,0,False,False,False,False,False,4660.0,0.0,0.0,0.0,0.0,-0.0,2464.0,0.0,0.0,0.0,0.0,-0.0,-0.05000000000000071,-0.0023272060770862563,-0.0,-0.0,0.0,0.0,0.0,0.0,-0.10000000000000142,-0.002461236782690571,-0.0,-0.0,0.0,0.0,0.0,0.0,0.0,0.0,0.0,0.0,0.0,0.0,0.0,977.3443652778656,0.0,0.0,0.0
2026-07-21,2026-07-22,1,21.46,21.46,40.58,40.55,1.8895619757688722,1.89145859639925,1.8915435249061983,40.59070147872791,1.0,1.0,1.0,40.55,0.0010032321978959786,0.0,0.0010032321978959786,False,True,False,True,0,0,False,False,False,False,False,4664.0,0.0,0.0,0.0,0.0,-0.0,2466.0,0.0,0.0,0.0,0.0,-0.0,0.0,0.0,0.0,-0.0,0.0,0.0,0.0,0.0,-0.030000000000001137,-0.0007395538362467557,-0.0,-0.0,0.0,0.0,0.0,0.0,0.0,0.0,0.0,0.0,0.0,0.0,0.0,977.3443652778656,0.0,0.0,0.0
2026-07-22,2026-07-23,1,21.46,21.36,40.55,40.35,1.8890449438202248,1.8915435249061983,1.8914205181729256,40.403369691996396,1.0,1.0,1.0,40.35,0.0013217949906070621,0.0,0.0013217949906070621,False,True,False,True,0,0,False,False,False,False,False,4687.0,0.0,0.0,0.0,0.0,-0.0,2478.0,0.0,0.0,0.0,0.0,-0.0,-0.10000000000000142,-0.0046707231105583445,-0.0,-0.0,0.0,0.0,0.0,0.0,-0.19999999999999574,-0.004944385845463967,-0.0,-0.0,0.0,0.0,0.0,0.0,0.0,0.0,0.0,0.0,0.0,0.0,0.0,977.3443652778656,0.0,0.0,0.0
2026-07-23,2026-07-24,1,21.36,21.4,40.35,40.44,1.8897196261682243,1.8914205181729256,1.8913493039093807,40.47639908890061,1.0,1.0,1.0,40.44,0.0008996715564606278,0.0,0.0008996715564606278,False,True,False,True,0,0,False,False,False,False,False,4677.0,0.0,0.0,0.0,0.0,-0.0,2473.0,0.0,0.0,0.0,0.0,-0.0,0.03999999999999915,0.0018709079358116025,0.0,-0.0,0.0,0.0,0.0,0.0,0.0899999999999963,0.0022279994363127147,0.0,-0.0,0.0,0.0,0.0,0.0,0.0,0.0,0.0,0.0,0.0,0.0,0.0,977.3443652778656,0.0,0.0,0.0
2026-07-24,2026-07-27,3,21.4,21.44,40.44,40.55,1.8913246268656714,1.8913493039093807,1.8914838739549193,40.550529075817124,1.0,1.0,1.0,40.55,1.3047407289814263e-05,0.0,1.3047407289814263e-05,False,True,False,True,0,0,False,False,False,False,False,4664.0,0.0,0.0,0.0,0.0,-0.0,2466.0,0.0,0.0,0.0,0.0,-0.0,0.0400000000000027,0.0018674141747954624,0.0,-0.0,0.0,0.0,0.0,0.0,0.10999999999999943,0.0027163864091513086,0.0,-0.0,0.0,0.0,0.0,0.0,0.0,0.0,0.0,0.0,0.0,0.0,0.0,977.3443652778656,0.0,0.0,0.0
2026-07-27,2026-07-28,1,21.44,21.47,40.55,40.66,1.893805309734513,1.8914838739549193,1.8915534497864726,40.61015877381212,1.0,1.0,1.0,40.66,-0.0012265567875952,0.0,-0.0012265567875952,False,True,False,True,0,0,False,False,False,False,False,4651.0,0.0,0.0,0.0,0.0,-0.0,2459.0,0.0,0.0,0.0,0.0,-0.0,0.029999999999997584,0.0013982756880883357,0.0,-0.0,0.0,0.0,0.0,0.0,0.10999999999999943,0.002709027638778628,0.0,-0.0,0.0,0.0,0.0,0.0,0.0,0.0,0.0,0.0,0.0,0.0,0.0,977.3443652778656,0.0,0.0,0.0
2026-07-28,2026-07-29,1,21.47,21.5,40.66,40.68,1.892093023255814,1.8915534497864726,1.8915317171854256,40.66839917040916,1.0,1.0,1.0,40.68,-0.000285213471630304,0.0,-0.000285213471630304,False,True,False,True,0,0,False,False,False,False,False,4649.0,0.0,0.0,0.0,0.0,-0.0,2458.0,0.0,0.0,0.0,0.0,-0.0,0.030000000000001137,0.0013963232429274324,0.0,-0.0,0.0,0.0,0.0,0.0,0.020000000000003126,0.0004917629801586684,0.0,-0.0,0.0,0.0,0.0,0.0,0.0,0.0,0.0,0.0,0.0,0.0,0.0,977.3443652778656,0.0,0.0,0.0
2026-07-29,2026-07-30,1,21.5,21.77,40.68,41.15,1.8902158934313276,1.8915317171854256,1.8913227341821426,41.178645483126715,1.0,1.0,1.0,41.15,0.0006958813451767083,0.0,0.0006958813451767083,False,True,False,True,0,0,False,False,False,False,False,4596.0,0.0,0.0,0.0,0.0,-0.0,2430.0,0.0,0.0,0.0,0.0,-0.0,0.2699999999999996,0.012479940112838954,0.0,-0.0,0.0,0.0,0.0,0.0,0.46999999999999886,0.011487355942719676,0.0,-0.0,0.0,0.0,0.0,0.0,0.0,0.0,0.0,0.0,0.0,0.0,0.0,977.3443652778656,0.0,0.0,0.0
2026-07-30,2026-07-31,1,21.77,21.72,41.15,41.01,1.888121546961326,1.8913227341821426,1.891079365035744,41.07952978643613,1.0,1.0,1.0,41.01,0.0016939993015944962,0.0,0.0016939993015944962,False,True,False,True,0,0,True,False,False,False,False,4611.0,0.0,0.0,0.0,0.0,-0.0,2438.0,0.0,0.0,0.0,0.0,-0.0,-0.05000000000000071,-0.002299380180721375,-0.0,-0.0,0.0,0.0,0.0,0.0,-0.14000000000000057,-0.0034079877191109296,-0.0,-0.0,0.0,0.0,0.0,0.0,0.0,0.0,0.0,0.0,0.0,0.0,0.0,977.3443652778656,0.0,0.0,0.0
2026-07-31,2026-08-03,3,21.72,21.77,41.01,41.24,1.8943500229673864,1.891079365035744,1.891265255662655,41.16879777682815,1.0,1.0,1.0,41.24,-0.0017280252305726578,0.0,-0.0017280252305726578,False,True,False,True,0,0,False,False,False,False,False,4586.0,0.0,0.0,0.0,0.0,-0.0,2425.0,0.0,0.0,0.0,0.0,-0.0,0.05000000000000071,0.0022993801807215147,0.0,-0.0,0.0,0.0,0.0,0.0,0.23000000000000398,0.0055927197447914944,0.0,-0.0,0.0,0.0,0.0,0.0,0.0,0.0,0.0,0.0,0.0,0.0,0.0,977.3443652778656,0.0,0.0,0.0
2026-08-03,2026-08-04,1,21.77,21.88,41.24,41.38,1.891224862888483,1.891265255662655,1.891278935001975,41.38088379389889,1.0,1.0,1.0,41.38,2.1357768510993157e-05,0.0,2.1357768510993157e-05,False,True,False,True,0,0,False,False,False,False,False,4571.0,0.0,0.0,0.0,0.0,-0.0,2417.0,0.0,0.0,0.0,0.0,-0.0,0.10999999999999943,0.0050401023073243035,0.0,-0.0,0.0,0.0,0.0,0.0,0.14000000000000057,0.003389013168637845,0.0,-0.0,0.0,0.0,0.0,0.0,0.0,0.0,0.0,0.0,0.0,0.0,0.0,977.3443652778656,0.0,0.0,0.0
2026-08-04,2026-08-05,1,21.88,21.91,41.38,41.46,1.8922866271109082,1.891278935001975,1.8913351268226364,41.437921465893275,1.0,1.0,1.0,41.46,-0.0005326679906647692,0.0,-0.0005326679906647692,False,True,False,True,0,0,False,False,False,False,False,4562.0,0.0,0.0,0.0,0.0,-0.0,2412.0,0.0,0.0,0.0,0.0,-0.0,0.030000000000001137,0.0013701760535947173,0.0,-0.0,0.0,0.0,0.0,0.0,0.0799999999999983,0.0019314346902364408,0.0,-0.0,0.0,0.0,0.0,0.0,0.0,0.0,0.0,0.0,0.0,0.0,0.0,977.3443652778656,0.0,0.0,0.0
2026-08-05,2026-08-06,1,21.91,21.86,41.46,41.27,1.8879231473010065,1.8913351268226364,1.8910519161579469,41.34458587234283,1.0,1.0,1.0,41.27,0.0018056349691698787,0.0,0.0018056349691698787,False,True,False,True,0,0,False,False,False,False,False,4583.0,0.0,0.0,0.0,0.0,-0.0,2423.0,0.0,0.0,0.0,0.0,-0.0,-0.05000000000000071,-0.0022846708589826497,-0.0,-0.0,0.0,0.0,0.0,0.0,-0.18999999999999773,-0.004593263243143073,-0.0,-0.0,0.0,0.0,0.0,0.0,0.0,0.0,0.0,0.0,0.0,0.0,0.0,977.3443652778656,0.0,0.0,0.0
2026-08-06,2026-08-07,1,21.86,21.99,41.27,41.45,1.8849477035015918,1.8910519161579469,1.8907184768772602,41.58423163631325,1.0,1.0,1.0,41.45,0.003233166625355178,0.0,0.003233166625355178,False,True,True,False,0,-1,False,False,True,False,False,4563.0,-4563.0,0.0,-4563.0,0.0,4563.0,2413.0,2413.0,0.0,2413.0,2413.0,-0.0,0.129999999999999,0.005929321818277168,0.0,-22.815,0.0,0.0,0.0,0.0,0.17999999999999972,0.004352037816813464,0.0,-12.065,0.0,0.0,0.0,0.0,0.0,-34.88,0.0,0.0,0.0,0.0,-34.88,942.4643652778656,-34.879999999999995,0.0,0.0
2026-08-07,2026-08-10,3,21.99,21.79,41.45,41.19,1.8903166590178981,1.8907184768772602,1.8906422352360803,41.1987556111555,1.0,1.0,1.0,41.19,0.00021254383862240195,0.0,0.00021254383862240195,False,True,False,True,-1,0,False,False,False,False,False,4591.0,0.0,-4563.0,4563.0,4563.0,-0.0,2428.0,0.0,2413.0,-2413.0,0.0,2413.0,-0.1999999999999993,-0.009136655610141256,912.5999999999967,-22.815,-100340.37,-100340.37,0.0,-8.3616975,-0.2600000000000051,-0.00629237313331477,-627.3800000000124,-12.065,100018.85,0.0,100018.85,0.0,285.21999999998434,-34.88,-100340.37,-8.3616975,0.0,285.21999999998434,241.97830249998435,1184.44266777785,0.0,200359.22,-321.5199999999895
2026-08-10,2026-08-11,1,21.79,21.83,41.19,41.24,1.8891433806688047,1.8906422352360803,1.8906112152931427,41.27271999520363,1.0,1.0,1.0,41.24,0.0007930897665374011,0.0,0.0007930897665374011,False,True,False,True,0,0,False,False,False,False,False,4585.0,0.0,0.0,0.0,0.0,-0.0,2425.0,0.0,0.0,0.0,0.0,-0.0,0.03999999999999915,0.0018340216053240443,0.0,-0.0,0.0,0.0,0.0,0.0,0.05000000000000426,0.0012131507007699974,0.0,-0.0,0.0,0.0,0.0,0.0,0.0,0.0,0.0,0.0,0.0,0.0,0.0,1184.44266777785,0.0,0.0,0.0
2026-08-11,2026-08-12,1,21.83,21.84,41.24,41.19,1.885989010989011,1.8906112152931427,1.8902661598407462,41.29094894200224,1.0,1.0,1.0,41.19,0.002447813554585455,0.0,0.002447813554585455,False,True,True,False,0,-1,False,False,True,False,False,4590.0,-4590.0,0.0,-4590.0,0.0,4590.0,2428.0,2428.0,0.0,2428.0,2428.0,-0.0,0.010000000000001563,0.0004579803148518966,0.0,-22.95,0.0,0.0,0.0,0.0,-0.05000000000000426,-0.0012131507007699163,-0.0,-12.14,0.0,0.0,0.0,0.0,0.0,-35.09,0.0,0.0,0.0,0.0,-35.09,1149.35266777785,-35.08999999999992,0.0,0.0
2026-08-12,2026-08-13,1,21.84,21.83,41.19,41.29,1.891433806688044,1.8902661598407462,1.890233866849535,41.26451026932349,1.0,1.0,1.0,41.29,-0.0006175248669846805,0.0,-0.0006175248669846805,False,True,False,True,-1,0,False,False,False,False,False,4578.0,0.0,-4590.0,4590.0,4590.0,-0.0,2422.0,0.0,2428.0,-2428.0,0.0,2428.0,-0.010000000000001563,-0.0004579803148518753,45.900000000007175,-22.95,-100245.6,-100245.6,0.0,-2.7846,0.10000000000000142,0.0024248314500094387,242.80000000000345,-12.14,100009.31999999999,0.0,100009.31999999999,0.0,288.7000000000106,-35.09,-100245.6,-2.7846,0.0,288.7000000000106,250.8254000000106,1400.1780677778606,0.0,200254.91999999998,-236.2800000000134
2026-08-13,2026-08-14,1,21.83,21.78,41.29,41.2,1.891643709825528,1.890233866849535,1.8902659595764326,41.169293619982874,1.0,1.0,1.0,41.2,-0.0007455783603349826,0.0,-0.0007455783603349826,False,True,False,True,0,0,False,False,False,False,False,4588.0,0.0,0.0,0.0,0.0,-0.0,2427.0,0.0,0.0,0.0,0.0,-0.0,-0.04999999999999716,-0.0022930530570379913,-0.0,-0.0,0.0,0.0,0.0,0.0,-0.0899999999999963,-0.0021820835425180904,-0.0,-0.0,0.0,0.0,0.0,0.0,0.0,0.0,0.0,0.0,0.0,0.0,0.0,1400.1780677778606,0.0,0.0,0.0
