date,FSTA,VDC,XLP,FSTA scalar,VDC scalar,XLP scalar,FSTA unit price div,FSTA unit price no div,VDC unit price div,VDC unit price no div,XLP unit price div,XLP unit price no div,max_unit_price,min_unit_price,pct_diff,max_sym,min_sym,max_unit_price_no,min_unit_price_no,pct_diff_no,max_sym_no,min_sym_no
6/25/2026,52.97,227.23,83.94,4.329231261,1,2.325458364,227.4011799,227.4586799,227.23,227.23,229.0383751,229.1497751,229.0383751,227.23,0.79%,XLP unit price div,VDC unit price div,229.1497751,227.23,0.84%,XLP unit price no div,VDC unit price no div
6/26/2026,53.49,229.65,84.71,4.329231261,1,2.325458364,229.6523801,229.7098801,229.65,229.65,230.828978,230.940378,230.828978,229.65,0.51%,XLP unit price div,VDC unit price div,230.940378,229.65,0.56%,XLP unit price no div,VDC unit price no div
6/29/2026,53.29,228.79,84.37,4.329231261,1,2.325458364,228.7865339,228.8440339,228.79,228.79,230.0383222,230.1497222,230.0383222,228.7865339,0.55%,XLP unit price div,FSTA unit price div,230.1497222,228.79,0.59%,XLP unit price no div,VDC unit price no div
6/30/2026,52.54,225.49,83.07,4.329231261,1,2.325458364,225.5396104,225.5971104,225.49,225.49,227.0152263,227.1266263,227.0152263,225.49,0.67%,XLP unit price div,VDC unit price div,227.1266263,225.49,0.72%,XLP unit price no div,VDC unit price no div
7/1/2026,52.58,225.95,83.3,4.329231261,1,2.325458364,225.7127797,225.7702797,225.95,225.95,227.5500817,227.6614817,227.5500817,225.7127797,0.81%,XLP unit price div,FSTA unit price div,227.6614817,225.7702797,0.83%,XLP unit price no div,FSTA unit price no div
7/2/2026,53.7,230.45,84.99,4.329231261,1,2.325458364,230.5615187,230.6190187,230.45,230.45,231.4801064,231.5915064,231.4801064,230.45,0.45%,XLP unit price div,VDC unit price div,231.5915064,230.45,0.49%,XLP unit price no div,VDC unit price no div
7/6/2026,53.18,228.2,84.1,4.329231261,1,2.325458364,228.3103184,228.3678184,228.2,228.2,229.4104484,229.5218484,229.4104484,228.2,0.53%,XLP unit price div,VDC unit price div,229.5218484,228.2,0.58%,XLP unit price no div,VDC unit price no div
7/7/2026,53.59,230.1,84.86,4.329231261,1,2.325458364,230.0853033,230.1428033,230.1,230.1,231.1777968,231.2891968,231.1777968,230.0853033,0.47%,XLP unit price div,FSTA unit price div,231.2891968,230.1,0.52%,XLP unit price no div,VDC unit price no div
7/8/2026,53.3,228.81,84.39,4.329231261,1,2.325458364,228.8298262,228.8873262,228.81,228.81,230.0848313,230.1962313,230.0848313,228.81,0.56%,XLP unit price div,VDC unit price div,230.1962313,228.81,0.60%,XLP unit price no div,VDC unit price no div
7/9/2026,52.57,225.6,83.2,4.329231261,1,2.325458364,225.6694874,225.7269874,225.6,225.6,227.3175359,227.4289359,227.3175359,225.6,0.76%,XLP unit price div,VDC unit price div,227.4289359,225.6,0.81%,XLP unit price no div,VDC unit price no div
7/10/2026,53.1,228.14,84.12,4.329231261,1,2.325458364,227.9639799,228.0214799,228.14,228.14,229.4569576,229.5683576,229.4569576,227.9639799,0.65%,XLP unit price div,FSTA unit price div,229.5683576,228.0214799,0.68%,XLP unit price no div,FSTA unit price no div
7/13/2026,53.4,229.27,84.59,4.329231261,1,2.325458364,229.2627493,229.3202493,229.27,229.27,230.549923,230.661323,230.549923,229.2627493,0.56%,XLP unit price div,FSTA unit price div,230.661323,229.27,0.61%,XLP unit price no div,VDC unit price no div
7/14/2026,52.74,226.29,83.42,4.329231261,1,2.325458364,226.4054567,226.4629567,226.29,226.29,227.8291367,227.9405367,227.8291367,226.29,0.68%,XLP unit price div,VDC unit price div,227.9405367,226.29,0.73%,XLP unit price no div,VDC unit price no div
7/15/2026,52.68,226.34,83.47,4.329231261,1,2.325458364,226.1457028,226.2032028,226.34,226.34,227.9454097,228.0568097,227.9454097,226.1457028,0.79%,XLP unit price div,FSTA unit price div,228.0568097,226.2032028,0.82%,XLP unit price no div,FSTA unit price no div
7/16/2026,54.12,232.34,85.81,4.329231261,1,2.325458364,232.3797958,232.4372958,232.34,232.34,233.3869822,233.4983822,233.3869822,232.34,0.45%,XLP unit price div,VDC unit price div,233.4983822,232.34,0.50%,XLP unit price no div,VDC unit price no div
7/17/2026,53.64,230.32,85.19,4.329231261,1,2.325458364,230.3017648,230.3592648,230.32,230.32,231.945198,232.056598,231.945198,230.3017648,0.71%,XLP unit price div,FSTA unit price div,232.056598,230.32,0.75%,XLP unit price no div,VDC unit price no div
7/20/2026,53.45,229.43,84.86,4.329231261,1,2.325458364,229.4792109,229.5367109,229.43,229.43,231.1777968,231.2891968,231.1777968,229.43,0.76%,XLP unit price div,VDC unit price div,231.2891968,229.43,0.81%,XLP unit price no div,VDC unit price no div
7/21/2026,53,227.51,84.06,4.329231261,1,2.325458364,227.5310568,227.5885568,227.51,227.51,229.3174301,229.4288301,229.3174301,227.51,0.79%,XLP unit price div,VDC unit price div,229.4288301,227.51,0.84%,XLP unit price no div,VDC unit price no div
7/22/2026,53.14,228.03,84.38,4.329231261,1,2.325458364,228.1371492,228.1946492,228.03,228.03,230.0615768,230.1729768,230.0615768,228.03,0.89%,XLP unit price div,VDC unit price div,230.1729768,228.03,0.94%,XLP unit price no div,VDC unit price no div
7/23/2026,52.41,224.97,83.21,4.329231261,1,2.325458364,224.9768104,225.0343104,224.97,224.97,227.3407905,227.4521905,227.3407905,224.97,1.05%,XLP unit price div,VDC unit price div,227.4521905,224.97,1.10%,XLP unit price no div,VDC unit price no div
7/24/2026,52.95,227.32,84.13,4.329231261,1,2.325458364,227.3145952,227.3720952,227.32,227.32,229.4802122,229.5916122,229.4802122,227.3145952,0.95%,XLP unit price div,FSTA unit price div,229.5916122,227.32,0.99%,XLP unit price no div,VDC unit price no div
7/27/2026,53.78,230.91,85.36,4.329231261,1,2.325458364,230.9078572,230.9653572,230.91,230.91,232.340526,232.451926,232.340526,230.9078572,0.62%,XLP unit price div,FSTA unit price div,232.451926,230.91,0.67%,XLP unit price no div,VDC unit price no div
7/28/2026,54.89,235.43,87.06,4.329231261,1,2.325458364,235.7133039,235.7708039,235.43,235.43,236.2938052,236.4052052,236.2938052,235.43,0.37%,XLP unit price div,VDC unit price div,236.4052052,235.43,0.41%,XLP unit price no div,VDC unit price no div
7/29/2026,54.97,236.08,87.36,4.329231261,1,2.325458364,236.0596424,236.1171424,236.08,236.08,236.9914427,237.1028427,236.9914427,236.0596424,0.39%,XLP unit price div,FSTA unit price div,237.1028427,236.08,0.43%,XLP unit price no div,VDC unit price no div
7/30/2026,53.91,231.37,85.47,4.329231261,1,2.325458364,231.4706573,231.5281573,231.37,231.37,232.5963264,232.7077264,232.5963264,231.37,0.53%,XLP unit price div,VDC unit price div,232.7077264,231.37,0.58%,XLP unit price no div,VDC unit price no div
7/31/2026,53.66,230.43,85.05,4.329231261,1,2.325458364,230.3883494,230.4458494,230.43,230.43,231.6196339,231.7310339,231.6196339,230.3883494,0.53%,XLP unit price div,FSTA unit price div,231.7310339,230.43,0.56%,XLP unit price no div,VDC unit price no div
8/3/2026,53.56,230.1,84.86,4.329231261,1,2.325458364,229.9554263,230.0129263,230.1,230.1,231.1777968,231.2891968,231.1777968,229.9554263,0.53%,XLP unit price div,FSTA unit price div,231.2891968,230.0129263,0.55%,XLP unit price no div,FSTA unit price no div
8/4/2026,53.9,231.38,85.37,4.329231261,1,2.325458364,231.4273649,231.4848649,231.38,231.38,232.3637805,232.4751805,232.3637805,231.38,0.42%,XLP unit price div,VDC unit price div,232.4751805,231.38,0.47%,XLP unit price no div,VDC unit price no div
8/5/2026,53.85,231.23,85.33,4.329231261,1,2.325458364,231.2109034,231.2684034,231.23,231.23,232.2707622,232.3821622,232.2707622,231.2109034,0.46%,XLP unit price div,FSTA unit price div,232.3821622,231.23,0.50%,XLP unit price no div,VDC unit price no div
8/6/2026,53.77,230.79,85.11,4.329231261,1,2.325458364,230.8645649,230.9220649,230.79,230.79,231.7591614,231.8705614,231.7591614,230.79,0.42%,XLP unit price div,VDC unit price div,231.8705614,230.79,0.47%,XLP unit price no div,VDC unit price no div
8/7/2026,53.87,231.22,85.12,4.329231261,1,2.325458364,231.297488,231.354988,231.22,231.22,231.782416,231.893816,231.782416,231.22,0.24%,XLP unit price div,VDC unit price div,231.893816,231.22,0.29%,XLP unit price no div,VDC unit price no div
8/10/2026,53.71,230.39,84.95,4.329231261,1,2.325458364,230.604811,230.662311,230.39,230.39,231.387088,231.498488,231.387088,230.39,0.43%,XLP unit price div,VDC unit price div,231.498488,230.39,0.48%,XLP unit price no div,VDC unit price no div
8/11/2026,53.62,229.95,84.69,4.329231261,1,2.325458364,230.2151802,230.2726802,229.95,229.95,230.7824689,230.8938689,230.7824689,229.95,0.36%,XLP unit price div,VDC unit price div,230.8938689,229.95,0.41%,XLP unit price no div,VDC unit price no div
8/12/2026,53.82,231.1,85.08,4.329231261,1,2.325458364,231.0810264,231.1385264,231.1,231.1,231.6893976,231.8007976,231.6893976,231.0810264,0.26%,XLP unit price div,FSTA unit price div,231.8007976,231.1,0.30%,XLP unit price no div,VDC unit price no div
8/13/2026,54.3,233.09,86,4.329231261,1,2.325458364,233.1590574,233.2165574,233.09,233.09,233.8288193,233.9402193,233.8288193,233.09,0.32%,XLP unit price div,VDC unit price div,233.9402193,233.09,0.36%,XLP unit price no div,VDC unit price no div
8/14/2026,54.35,233.28,86.09,4.329231261,1,2.325458364,233.375519,233.433019,233.28,233.28,234.0381106,234.1495106,234.0381106,233.28,0.32%,XLP unit price div,VDC unit price div,234.1495106,233.28,0.37%,XLP unit price no div,VDC unit price no div
8/17/2026,53.62,230.22,84.68,4.329231261,1,2.325458364,230.2151802,230.2726802,230.22,230.22,230.7592143,230.8706143,230.7592143,230.2151802,0.24%,XLP unit price div,FSTA unit price div,230.8706143,230.22,0.28%,XLP unit price no div,VDC unit price no div
8/18/2026,54.06,232.12,85.58,4.329231261,1,2.325458364,232.1200419,232.1775419,232.12,232.12,232.8521268,232.9635268,232.8521268,232.12,0.31%,XLP unit price div,VDC unit price div,232.9635268,232.12,0.36%,XLP unit price no div,VDC unit price no div
8/19/2026,54.62,234.4,86.54,4.329231261,1,2.325458364,234.5444115,234.6019115,234.4,234.4,235.0845668,235.1959668,235.0845668,234.4,0.29%,XLP unit price div,VDC unit price div,235.1959668,234.4,0.34%,XLP unit price no div,VDC unit price no div
8/20/2026,53.64,230.2,85.32,4.329231261,1,2.325458364,230.3017648,230.3592648,230.2,230.2,232.2475076,232.3589076,232.2475076,230.2,0.89%,XLP unit price div,VDC unit price div,232.3589076,230.2,0.93%,XLP unit price no div,VDC unit price no div
8/21/2026,54.04,231.75,85.99,4.329231261,1,2.325458364,232.0334573,232.0909573,231.75,231.75,233.8055647,233.9169647,233.8055647,231.75,0.88%,XLP unit price div,VDC unit price div,233.9169647,231.75,0.93%,XLP unit price no div,VDC unit price no div
8/24/2026,54.92,235.69,87.45,4.329231261,1,2.325458364,235.8431808,235.9006808,235.69,235.69,237.2007339,237.3121339,237.2007339,235.69,0.64%,XLP unit price div,VDC unit price div,237.3121339,235.69,0.69%,XLP unit price no div,VDC unit price no div
8/25/2026,54.43,233.53,86.52,4.329231261,1,2.325458364,233.7218575,233.7793575,233.53,233.53,235.0380577,235.1494577,235.0380577,233.53,0.64%,XLP unit price div,VDC unit price div,235.1494577,233.53,0.69%,XLP unit price no div,VDC unit price no div
