bop date,eop date,day count,bop CWB price,eop CWB price,bop ICVT price,eop ICVT price,eop ICVT / eop CWB,bop ICVT / CWB moving avg,eop ICVT / CWB moving avg,eop CWB unit price,eop ICVT / eop ICVT,bop ICVT / ICVT moving avg,eop ICVT / ICVT moving avg,eop ICVT unit price,CWB unit price pct diff,ICVT unit price pct diff,unit price pct diff,go long,exit long,go short,exit short,current_position,new_position,month end liquidation,long entry,short entry,long to short flip,short to long flip,CWB shares per unit,eop CWB shares,bop CWB shares,eop CWB shares traded,eop CWB shares bought,eop CWB shares sold,ICVT shares per unit,eop ICVT shares,bop ICVT shares,eop ICVT shares traded,eop ICVT shares bought,eop ICVT shares sold,CWB cop,CWB pct cop,CWB daily position pnl,CWB daily commission,CWB investment amount,short CWB investment amount,long CWB investment amount,daily CWB borrow cost,ICVT cop,ICVT pct cop,ICVT daily position pnl,ICVT daily commission,ICVT investment amount,short ICVT investment amount,long ICVT investment amount,daily ICVT borrow cost,daily position pnl,daily total commissions,short investment amount,daily borrow cost,long daily position pnl,short daily position pnl,daily net profit,cumulative net profit,drawdown,gross investment amount,net investment amount
2026-01-02,2026-01-05,3,,91.53,,100.93,1.102698568775265,,,,1.0,,,,,,,False,False,False,False,0,0,False,False,False,False,False,,,,,,,,,,,,,,,,,,,,,,,,,,,,,0.0,0.0,0.0,0.0,0.0,0.0,0.0,0.0,0.0,0.0,0.0
2026-01-05,2026-01-06,1,91.53,92.69,100.93,102.18,1.1023842917251052,,,,1.0,,,,,,,False,False,False,False,0,0,False,False,False,False,False,,,,,,,,,,,,,1.1599999999999966,0.012593804491053238,,,,,,,1.25,0.01230875665188389,,,,,,,0.0,0.0,0.0,0.0,0.0,0.0,0.0,0.0,0.0,0.0,0.0
2026-01-06,2026-01-07,1,92.69,92.1,102.18,101.62,1.1033659066232357,,,,1.0,,,,,,,False,False,False,False,0,0,False,False,False,False,False,,,,,,,,,,,,,-0.5900000000000034,-0.006385648626480219,,,,,,,-0.5600000000000023,-0.0054955977370661525,,,,,,,0.0,0.0,0.0,0.0,0.0,0.0,0.0,0.0,0.0,0.0,0.0
2026-01-07,2026-01-08,1,92.1,91.83,101.62,101.2,1.1020363715561363,,,,1.0,,,,,,,False,False,False,False,0,0,False,False,False,False,False,,,,,,,,,,,,,-0.269999999999996,-0.002935901635830311,,,,,,,-0.4200000000000017,-0.0041416093122207,,,,,,,0.0,0.0,0.0,0.0,0.0,0.0,0.0,0.0,0.0,0.0,0.0
2026-01-08,2026-01-09,1,91.83,92.3,101.2,101.65,1.101300108342362,,,,1.0,,,,,,,False,False,False,False,0,0,False,False,False,False,False,,,,,,,,,,,,,0.46999999999999886,0.005105099883375526,,,,,,,0.45000000000000284,0.0044367832209905,,,,,,,0.0,0.0,0.0,0.0,0.0,0.0,0.0,0.0,0.0,0.0,0.0
2026-01-09,2026-01-12,3,92.3,93.13,101.65,102.63,1.1020079458821004,,,,1.0,,,,,,,False,False,False,False,0,0,False,False,False,False,False,,,,,,,,,,,,,0.8299999999999983,0.008952225024759912,,,,,,,0.9799999999999898,0.009594747583267234,,,,,,,0.0,0.0,0.0,0.0,0.0,0.0,0.0,0.0,0.0,0.0,0.0
2026-01-12,2026-01-13,1,93.13,93.34,102.63,102.88,1.1022069852153418,,,,1.0,,,,,,,False,False,False,False,0,0,False,False,False,False,False,,,,,,,,,,,,,0.21000000000000796,0.002252373988103081,,,,,,,0.25,0.0024329728316863585,,,,,,,0.0,0.0,0.0,0.0,0.0,0.0,0.0,0.0,0.0,0.0,0.0
2026-01-13,2026-01-14,1,93.34,93.42,102.88,102.73,1.0996574609291372,,,,1.0,,,,,,,False,False,False,False,0,0,False,False,False,False,False,,,,,,,,,,,,,0.0799999999999983,0.000856714552292399,,,,,,,-0.14999999999999147,-0.0014590732611368398,,,,,,,0.0,0.0,0.0,0.0,0.0,0.0,0.0,0.0,0.0,0.0,0.0
2026-01-14,2026-01-15,1,93.42,93.62,102.73,103.12,1.1014740440076907,,,,1.0,,,,,,,False,False,False,False,0,0,False,False,False,False,False,,,,,,,,,,,,,0.20000000000000284,0.0021385807979625976,,,,,,,0.39000000000000057,0.0037891714027595614,,,,,,,0.0,0.0,0.0,0.0,0.0,0.0,0.0,0.0,0.0,0.0,0.0
2026-01-15,2026-01-16,1,93.62,93.89,103.12,103.52,1.1025668335285972,,,,1.0,,,,,,,False,False,False,False,0,0,False,False,False,False,False,,,,,,,,,,,,,0.269999999999996,0.0028798483985314864,,,,,,,0.3999999999999915,0.0038714721216584072,,,,,,,0.0,0.0,0.0,0.0,0.0,0.0,0.0,0.0,0.0,0.0,0.0
2026-01-16,2026-01-20,4,93.89,93.11,103.52,102.81,1.1041778541510041,,,,1.0,,,,,,,False,False,False,False,0,0,False,False,False,False,False,,,,,,,,,,,,,-0.7800000000000011,-0.008342294370017704,,,,,,,-0.7099999999999937,-0.006882206197963238,,,,,,,0.0,0.0,0.0,0.0,0.0,0.0,0.0,0.0,0.0,0.0,0.0
2026-01-20,2026-01-21,1,93.11,93.84,102.81,103.55,1.1034739982949702,,,,1.0,,,,,,,False,False,False,False,0,0,False,False,False,False,False,,,,,,,,,,,,,0.730000000000004,0.007809614444781632,,,,,,,0.7399999999999949,0.007171963286965889,,,,,,,0.0,0.0,0.0,0.0,0.0,0.0,0.0,0.0,0.0,0.0,0.0
2026-01-21,2026-01-22,1,93.84,94.22,103.55,103.93,1.103056675864997,,,,1.0,,,,,,,False,False,False,False,0,0,False,False,False,False,False,,,,,,,,,,,,,0.37999999999999545,0.004041268926675033,,,,,,,0.38000000000000966,0.0036630077587372417,,,,,,,0.0,0.0,0.0,0.0,0.0,0.0,0.0,0.0,0.0,0.0,0.0
2026-01-22,2026-01-23,1,94.22,93.89,103.93,103.78,1.1053360315262541,,,,1.0,,,,,,,False,False,False,False,0,0,False,False,False,False,False,,,,,,,,,,,,,-0.3299999999999983,-0.0035085890014389543,,,,,,,-0.15000000000000568,-0.001444321660736773,,,,,,,0.0,0.0,0.0,0.0,0.0,0.0,0.0,0.0,0.0,0.0,0.0
2026-01-23,2026-01-26,3,93.89,93.7,103.78,103.64,1.1060832443970117,,,,1.0,,,,,,,False,False,False,False,0,0,False,False,False,False,False,,,,,,,,,,,,,-0.18999999999999773,-0.0020256950260795527,,,,,,,-0.14000000000000057,-0.001349918245684394,,,,,,,0.0,0.0,0.0,0.0,0.0,0.0,0.0,0.0,0.0,0.0,0.0
2026-01-26,2026-01-27,1,93.7,94.91,103.64,105.0,1.1063112422294805,,,,1.0,,,,,,,False,False,False,False,0,0,False,False,False,False,False,,,,,,,,,,,,,1.2099999999999937,0.012830884898024262,,,,,,,1.3599999999999994,0.013036994463614197,,,,,,,0.0,0.0,0.0,0.0,0.0,0.0,0.0,0.0,0.0,0.0,0.0
2026-01-27,2026-01-28,1,94.91,95.73,105.0,105.91,1.106340750026115,,,,1.0,,,,,,,False,False,False,False,0,0,False,False,False,False,False,,,,,,,,,,,,,0.8200000000000074,0.008602654815861125,,,,,,,0.9099999999999966,0.00862932669805442,,,,,,,0.0,0.0,0.0,0.0,0.0,0.0,0.0,0.0,0.0,0.0,0.0
2026-01-28,2026-01-29,1,95.73,94.82,105.91,105.08,1.1082050200379667,,,,1.0,,,,,,,False,False,False,False,0,0,False,False,False,False,False,,,,,,,,,,,,,-0.9100000000000108,-0.00955137148428968,,,,,,,-0.8299999999999983,-0.00786771203823872,,,,,,,0.0,0.0,0.0,0.0,0.0,0.0,0.0,0.0,0.0,0.0,0.0
2026-01-29,2026-01-30,1,94.82,93.4,105.08,103.52,1.1083511777301926,,,,1.0,,,,,,,False,False,False,False,0,0,True,False,False,False,False,,,,,,,,,,,,,-1.4199999999999875,-0.015089012239175175,,,,,,,-1.5600000000000023,-0.014957134064748674,,,,,,,0.0,0.0,0.0,0.0,0.0,0.0,0.0,0.0,0.0,0.0,0.0
2026-01-30,2026-02-02,3,93.4,93.82,103.52,103.98,1.108292474952036,,1.10396634928975,,1.0,,1.0,,,,,False,False,False,False,0,0,False,False,False,False,False,,,,,,,,,,,,,0.4199999999999875,0.004486707665514846,,,,,,,0.46000000000000796,0.004433742202979392,,,,,,,0.0,0.0,0.0,0.0,0.0,0.0,0.0,0.0,0.0,0.0,0.0
2026-02-02,2026-02-03,1,93.82,93.85,103.98,104.31,1.1114544485881728,1.10396634928975,1.1044041432803955,103.60724188084303,1.0,1.0,1.0,104.31,-0.006760004980810969,0.0,-0.006760004980810969,True,False,False,True,0,1,False,True,False,False,False,1059.0,1059.0,0.0,1059.0,1059.0,-0.0,959.0,-959.0,0.0,-959.0,0.0,959.0,0.030000000000001137,0.0003197101322057862,0.0,-5.295,0.0,0.0,0.0,0.0,0.3299999999999983,0.0031686617323100352,0.0,-4.795,0.0,0.0,0.0,0.0,0.0,-10.09,0.0,0.0,0.0,0.0,-10.09,-10.09,-10.09,0.0,0.0
2026-02-03,2026-02-04,1,93.85,92.81,104.31,102.8,1.1076392630104515,1.1044041432803955,1.1046668918446627,102.4997485378535,1.0,1.0,1.0,102.8,-0.002925007734845244,0.0,-0.002925007734845244,True,False,False,True,1,1,False,False,False,False,False,1075.0,1075.0,1059.0,16.0,16.0,-0.0,973.0,-973.0,-959.0,-14.0,0.0,14.0,-1.039999999999992,-0.011143370425216273,-1101.3599999999915,-0.08,99387.15,0.0,99387.15,0.0,-1.5100000000000051,-0.014581881666814985,1448.090000000005,-0.07,-100033.29000000001,-100033.29000000001,0.0,-2.7787025000000005,346.73000000001343,-0.15000000000000002,-100033.29000000001,-2.7787025000000005,346.73000000001343,0.0,343.80129750001345,333.7112975000135,0.0,199420.44,-646.140000000014
2026-02-04,2026-02-05,1,92.81,91.26,102.8,101.29,1.1099057637519176,1.1046668918446627,1.1049938847010967,100.81190054974392,1.0,1.0,1.0,101.29,-0.004731280020725775,0.0,-0.004731280020725775,True,False,False,True,1,1,False,False,False,False,False,1090.0,1090.0,1075.0,15.0,15.0,-0.0,987.0,-987.0,-973.0,-14.0,0.0,14.0,-1.5499999999999972,-0.016841817108044888,-1666.249999999997,-0.075,99770.75,0.0,99770.75,0.0,-1.509999999999991,-0.014797663322358882,1469.2299999999912,-0.07,-100024.4,-100024.4,0.0,-2.7784555555555555,-197.0200000000059,-0.14500000000000002,-100024.4,-2.7784555555555555,-197.0200000000059,0.0,-199.94345555556146,133.76784194445202,-199.94345555556146,199795.15,-253.64999999999418
2026-02-05,2026-02-06,1,91.26,93.95,101.29,104.41,1.1113358169238956,1.1049938847010967,1.1054588569694848,103.81417546766804,1.0,1.0,1.0,104.41,-0.005722929695294561,0.0,-0.005722929695294561,True,False,False,True,1,1,False,False,False,False,False,1059.0,1059.0,1090.0,-31.0,0.0,31.0,958.0,-958.0,-987.0,29.0,29.0,-0.0,2.6899999999999977,0.029050150360217703,2932.0999999999976,-0.155,99473.40000000001,0.0,99473.40000000001,0.0,3.1199999999999903,0.030337766603313072,-3079.4399999999905,-0.145,-99973.23000000001,-99973.23000000001,0.0,-2.777034166666667,-147.33999999999287,-0.3,-99973.23000000001,-2.777034166666667,-147.33999999999287,0.0,-150.41703416665956,-16.649192222207546,-350.360489722221,199446.63,-499.83000000000175
2026-02-06,2026-02-09,3,93.95,95.02,104.41,105.17,1.106819616922753,1.1054588569694848,1.1057348323985043,105.04070058924044,1.0,1.0,1.0,105.17,-0.001230188822010958,0.0,-0.001230188822010958,False,True,False,True,1,0,False,False,False,False,False,1051.0,0.0,1059.0,-1059.0,0.0,1059.0,951.0,0.0,-958.0,958.0,958.0,-0.0,1.0699999999999932,0.011324669899300959,1133.1299999999928,-5.295,99493.05,0.0,99493.05,0.0,0.7600000000000051,0.007252632229918206,-728.0800000000049,-4.79,-100024.78,-100024.78,0.0,-8.335398333333332,405.0499999999879,-10.085,-100024.78,-8.335398333333332,405.0499999999879,0.0,386.6296016666546,369.98040944444705,0.0,199517.83000000002,-531.7299999999959
2026-02-09,2026-02-10,1,95.02,94.59,105.17,104.68,1.106670895443493,1.1057348323985043,1.1059679798765738,104.59145779657453,1.0,1.0,1.0,104.68,-0.0008461947906426713,0.0,-0.0008461947906426713,False,True,False,True,0,0,False,False,False,False,False,1056.0,0.0,0.0,0.0,0.0,-0.0,955.0,0.0,0.0,0.0,0.0,-0.0,-0.4299999999999926,-0.004535633533696047,-0.0,-0.0,0.0,0.0,0.0,0.0,-0.4899999999999949,-0.004670010869991951,-0.0,-0.0,0.0,0.0,0.0,0.0,0.0,0.0,0.0,0.0,0.0,0.0,0.0,369.98040944444705,0.0,0.0,0.0
2026-02-10,2026-02-11,1,94.59,94.5,104.68,104.4,1.1047619047619048,1.1059679798765738,1.106095725853902,104.51397409833622,1.0,1.0,1.0,104.4,0.0010911104452012627,0.0,0.0010911104452012627,False,True,False,True,0,0,False,False,False,False,False,1060.0,0.0,0.0,0.0,0.0,-0.0,958.0,0.0,0.0,0.0,0.0,-0.0,-0.09000000000000341,-0.000951927725382069,-0.0,-0.0,0.0,0.0,0.0,0.0,-0.28000000000000114,-0.002678402213406733,-0.0,-0.0,0.0,0.0,0.0,0.0,0.0,0.0,0.0,0.0,0.0,0.0,0.0,369.98040944444705,0.0,0.0,0.0
2026-02-11,2026-02-12,1,94.5,93.91,104.4,103.84,1.1057395378553936,1.106095725853902,1.1063998297002149,103.87344961493993,1.0,1.0,1.0,103.84,0.00032207462050322497,0.0,0.00032207462050322497,False,True,False,True,0,0,False,False,False,False,False,1065.0,0.0,0.0,0.0,0.0,-0.0,963.0,0.0,0.0,0.0,0.0,-0.0,-0.5900000000000034,-0.006262957683174884,-0.0,-0.0,0.0,0.0,0.0,0.0,-0.5600000000000023,-0.005378422492758504,-0.0,-0.0,0.0,0.0,0.0,0.0,0.0,0.0,0.0,0.0,0.0,0.0,0.0,369.98040944444705,0.0,0.0,0.0
2026-02-12,2026-02-13,1,93.91,94.51,103.84,104.73,1.1081367051105704,1.1063998297002149,1.1067329627553588,104.56584790496731,1.0,1.0,1.0,104.73,-0.0015686133321277896,0.0,-0.0015686133321277896,False,False,False,True,0,0,False,False,False,False,False,1057.0,0.0,0.0,0.0,0.0,-0.0,955.0,0.0,0.0,0.0,0.0,-0.0,0.6000000000000085,0.006368772190442691,0.0,-0.0,0.0,0.0,0.0,0.0,0.8900000000000006,0.008534356829274555,0.0,-0.0,0.0,0.0,0.0,0.0,0.0,0.0,0.0,0.0,0.0,0.0,0.0,369.98040944444705,0.0,0.0,0.0
2026-02-13,2026-02-17,4,94.51,94.78,104.73,104.81,1.1058240135049588,1.1067329627553588,1.106895821754177,104.8961502099529,1.0,1.0,1.0,104.81,0.0008216279275847043,0.0,0.0008216279275847043,False,True,False,True,0,0,False,False,False,False,False,1056.0,0.0,0.0,0.0,0.0,-0.0,954.0,0.0,0.0,0.0,0.0,-0.0,0.269999999999996,0.0028527675324774393,0.0,-0.0,0.0,0.0,0.0,0.0,0.0799999999999983,0.0007635773970315913,0.0,-0.0,0.0,0.0,0.0,0.0,0.0,0.0,0.0,0.0,0.0,0.0,0.0,369.98040944444705,0.0,0.0,0.0
2026-02-17,2026-02-18,1,94.78,94.91,104.81,105.1,1.1073648719839848,1.106895821754177,1.107055172645826,105.05548244268893,1.0,1.0,1.0,105.1,-0.00042366306564551524,0.0,-0.00042366306564551524,False,True,False,True,0,0,False,False,False,False,False,1053.0,0.0,0.0,0.0,0.0,-0.0,951.0,0.0,0.0,0.0,0.0,-0.0,0.12999999999999545,0.0013706576029584457,0.0,-0.0,0.0,0.0,0.0,0.0,0.28999999999999204,0.0027630907008194816,0.0,-0.0,0.0,0.0,0.0,0.0,0.0,0.0,0.0,0.0,0.0,0.0,0.0,369.98040944444705,0.0,0.0,0.0
2026-02-18,2026-02-19,1,94.91,94.98,105.1,105.26,1.1082333122762686,1.107055172645826,1.107293138344891,105.14810029790056,1.0,1.0,1.0,105.26,-0.0010636445316575878,0.0,-0.0010636445316575878,False,True,False,True,0,0,False,False,False,False,False,1052.0,0.0,0.0,0.0,0.0,-0.0,950.0,0.0,0.0,0.0,0.0,-0.0,0.07000000000000739,0.0007372689785751049,0.0,-0.0,0.0,0.0,0.0,0.0,0.1600000000000108,0.0015212020427275458,0.0,-0.0,0.0,0.0,0.0,0.0,0.0,0.0,0.0,0.0,0.0,0.0,0.0,369.98040944444705,0.0,0.0,0.0
2026-02-19,2026-02-20,1,94.98,94.64,105.26,105.05,1.1099957734573118,1.107293138344891,1.1076400932245067,104.79422261296048,1.0,1.0,1.0,105.05,-0.002437784662583925,0.0,-0.002437784662583925,True,False,False,True,0,1,False,True,False,False,False,1054.0,1054.0,0.0,1054.0,1054.0,-0.0,952.0,-952.0,0.0,-952.0,0.0,952.0,-0.3400000000000034,-0.003586123450844483,-0.0,-5.2700000000000005,0.0,0.0,0.0,0.0,-0.21000000000000796,-0.001997052634623524,-0.0,-4.76,0.0,0.0,0.0,0.0,0.0,-10.030000000000001,0.0,0.0,0.0,0.0,-10.030000000000001,359.950409444447,-10.03000000000003,0.0,0.0
2026-02-20,2026-02-23,3,94.64,94.13,105.05,104.37,1.108785721874004,1.1076400932245067,1.1078125777418941,104.26216197522281,1.0,1.0,1.0,104.37,-0.0010337623246558893,0.0,-0.0010337623246558893,False,True,False,True,1,0,False,False,False,False,False,1061.0,0.0,1054.0,-1054.0,0.0,1054.0,958.0,0.0,-952.0,952.0,952.0,-0.0,-0.5100000000000051,-0.005403414111002498,-537.5400000000054,-5.2700000000000005,99750.56,0.0,99750.56,0.0,-0.6799999999999926,-0.006494149459049041,647.359999999993,-4.76,-100007.59999999999,-100007.59999999999,0.0,-8.333966666666665,109.81999999998754,-10.030000000000001,-100007.59999999999,-8.333966666666665,109.81999999998754,0.0,91.45603333332087,451.4064427777679,0.0,199758.15999999997,-257.0399999999936
2026-02-23,2026-02-24,1,94.13,94.91,104.37,104.9,1.1052576124749764,1.1078125777418941,1.1077712961457924,105.14249175348317,1.0,1.0,1.0,104.9,0.0023089790945967125,0.0,0.0023089790945967125,False,True,True,False,0,-1,False,False,True,False,False,1056.0,-1056.0,0.0,-1056.0,0.0,1056.0,953.0,953.0,0.0,953.0,953.0,-0.0,0.7800000000000011,0.00825226858327203,0.0,-5.28,0.0,0.0,0.0,0.0,0.5300000000000011,0.005065237570291132,0.0,-4.765,0.0,0.0,0.0,0.0,0.0,-10.045,0.0,0.0,0.0,0.0,-10.045,441.3614427777679,-10.045000000000016,0.0,0.0
2026-02-24,2026-02-25,1,94.91,95.62,104.9,105.69,1.1053126960886843,1.1077712961457924,1.1077213688387526,105.92509133746067,1.0,1.0,1.0,105.69,0.0022218777752593516,0.0,0.0022218777752593516,False,True,True,False,-1,-1,False,False,False,False,False,1048.0,-1048.0,-1056.0,8.0,8.0,-0.0,946.0,946.0,953.0,-7.0,0.0,7.0,0.710000000000008,0.007452929055556619,-749.7600000000084,-0.04,-100224.95999999999,-100224.95999999999,0.0,-2.7840266666666666,0.789999999999992,0.007502765619004332,752.8699999999924,-0.035,99969.70000000001,0.0,99969.70000000001,0.0,3.109999999983984,-0.07500000000000001,-100224.95999999999,-2.7840266666666666,0.0,3.109999999983984,0.25097333331731697,441.61241611108517,-9.794026666682726,200194.66,-255.2599999999802
2026-02-25,2026-02-26,1,95.62,95.07,105.69,105.39,1.1085515935626382,1.1077213688387526,1.1078319110155788,105.3110705355002,1.0,1.0,1.0,105.39,-0.0007492080414323302,0.0,-0.0007492080414323302,False,True,False,True,-1,0,False,False,False,False,False,1051.0,0.0,-1048.0,1048.0,1048.0,-0.0,949.0,0.0,946.0,-946.0,0.0,946.0,-0.5500000000000114,-0.005768540827018406,576.4000000000119,-5.24,-100209.76000000001,-100209.76000000001,0.0,-2.7836044444444448,-0.29999999999999716,-0.002842526075410607,-283.79999999999734,-4.73,99982.73999999999,0.0,99982.73999999999,0.0,292.6000000000146,-9.97,-100209.76000000001,-2.7836044444444448,0.0,292.6000000000146,279.8463955555701,721.4588116666553,0.0,200192.5,-227.02000000001863
2026-02-26,2026-02-27,1,95.07,94.38,105.39,104.78,1.1101928374655647,1.1078319110155788,1.1079313018869588,104.55717576165031,1.0,1.0,1.0,104.78,-0.0021288557246723246,0.0,-0.0021288557246723246,True,False,False,True,0,0,True,False,False,False,False,1057.0,0.0,0.0,0.0,0.0,-0.0,954.0,0.0,0.0,0.0,0.0,-0.0,-0.6899999999999977,-0.007284276072697612,-0.0,-0.0,0.0,0.0,0.0,0.0,-0.6099999999999994,-0.005804840965771708,-0.0,-0.0,0.0,0.0,0.0,0.0,0.0,0.0,0.0,0.0,0.0,0.0,0.0,721.4588116666553,0.0,0.0,0.0
2026-02-27,2026-03-02,3,94.38,94.74,104.78,105.61,1.1147350643867426,1.1079313018869588,1.1082504962197863,104.96541154077046,1.0,1.0,1.0,105.61,-0.0061221817669600215,0.0,-0.0061221817669600215,True,False,False,True,0,1,False,True,False,False,False,1049.0,1049.0,0.0,1049.0,1049.0,-0.0,947.0,-947.0,0.0,-947.0,0.0,947.0,0.35999999999999943,0.003807111197364339,0.0,-5.245,0.0,0.0,0.0,0.0,0.8299999999999983,0.007890149778309371,0.0,-4.735,0.0,0.0,0.0,0.0,0.0,-9.98,0.0,0.0,0.0,0.0,-9.98,711.4788116666552,-9.980000000000018,0.0,0.0
2026-03-02,2026-03-03,1,94.74,93.08,105.61,103.31,1.109905457670821,1.1082504962197863,1.1083311453557254,103.15595618813771,1.0,1.0,1.0,103.31,-0.0014921960335716107,0.0,-0.0014921960335716107,False,True,False,True,1,0,False,False,False,False,False,1073.0,0.0,1049.0,-1049.0,0.0,1049.0,968.0,0.0,-947.0,947.0,947.0,-0.0,-1.6599999999999966,-0.017676959061514754,-1741.3399999999965,-5.245,99382.26,0.0,99382.26,0.0,-2.299999999999997,-0.02201888689702904,2178.099999999997,-4.735,-100012.67,-100012.67,0.0,-2.7781297222222223,436.7600000000007,-9.98,-100012.67,-2.7781297222222223,436.7600000000007,0.0,424.00187027777844,1135.4806819444336,0.0,199394.93,-630.4100000000035
2026-03-03,2026-03-04,1,93.08,93.99,103.31,104.42,1.1109692520480903,1.1083311453557254,1.1083068855287213,104.17204435198462,1.0,1.0,1.0,104.42,-0.0023774230275721378,0.0,-0.0023774230275721378,True,False,False,True,0,1,False,True,False,False,False,1062.0,1062.0,0.0,1062.0,1062.0,-0.0,958.0,-958.0,0.0,-958.0,0.0,958.0,0.9099999999999966,0.009729055198118938,0.0,-5.3100000000000005,0.0,0.0,0.0,0.0,1.1099999999999994,0.010687051121052322,0.0,-4.79,0.0,0.0,0.0,0.0,0.0,-10.100000000000001,0.0,0.0,0.0,0.0,-10.100000000000001,1125.3806819444337,-10.099999999999909,0.0,0.0
2026-03-04,2026-03-05,1,93.99,93.04,104.42,103.31,1.1103826311263971,1.1083068855287213,1.1084440539345186,103.11687262959224,1.0,1.0,1.0,103.31,-0.0018711461768084964,0.0,-0.0018711461768084964,False,False,False,True,1,1,False,False,False,False,False,1073.0,1073.0,1062.0,11.0,11.0,-0.0,968.0,-968.0,-958.0,-10.0,0.0,10.0,-0.9499999999999886,-0.010158885421800922,-1008.8999999999879,-0.055,99817.37999999999,0.0,99817.37999999999,0.0,-1.1099999999999994,-0.010687051121052251,1063.3799999999994,-0.05,-100034.36,-100034.36,0.0,-2.778732222222222,54.4800000000115,-0.10500000000000001,-100034.36,-2.778732222222222,54.4800000000115,0.0,51.59626777778928,1176.976949722223,0.0,199851.74,-216.98000000001048
2026-03-05,2026-03-06,1,93.04,91.34,103.31,101.28,1.1088241734179987,1.1084440539345186,1.1083899744178225,101.24527988637894,1.0,1.0,1.0,101.28,-0.0003428719020231887,0.0,-0.0003428719020231887,False,True,False,True,1,0,False,False,False,False,False,1094.0,0.0,1073.0,-1073.0,0.0,1073.0,987.0,0.0,-968.0,968.0,968.0,-0.0,-1.7000000000000028,-0.01844070045355607,-1824.100000000003,-5.365,99831.92000000001,0.0,99831.92000000001,0.0,-2.030000000000001,-0.01984521846548805,1965.040000000001,-4.84,-100004.08,-100004.08,0.0,-2.777891111111111,140.939999999998,-10.205,-100004.08,-2.777891111111111,140.939999999998,0.0,127.95710888888688,1304.93405861111,0.0,199836.0,-172.15999999998894
2026-03-06,2026-03-09,3,91.34,92.87,101.28,103.18,1.1110153978679875,1.1083899744178225,1.1083739534650272,102.93617692418319,1.0,1.0,1.0,103.18,-0.0023658811567967833,0.0,-0.0023658811567967833,True,False,False,True,0,1,False,True,False,False,False,1074.0,1074.0,0.0,1074.0,1074.0,-0.0,969.0,-969.0,0.0,-969.0,0.0,969.0,1.5300000000000011,0.016611858031064082,0.0,-5.37,0.0,0.0,0.0,0.0,1.9000000000000057,0.01858607742063776,0.0,-4.845,0.0,0.0,0.0,0.0,0.0,-10.215,0.0,0.0,0.0,0.0,-10.215,1294.71905861111,-10.214999999999918,0.0,0.0
2026-03-09,2026-03-10,1,92.87,93.01,103.18,103.5,1.1127835716589614,1.1083739534650272,1.1086721512018376,103.08986141178218,1.0,1.0,1.0,103.5,-0.003970563940044083,0.0,-0.003970563940044083,True,False,False,True,1,1,False,False,False,False,False,1071.0,1071.0,1074.0,-3.0,0.0,3.0,966.0,-966.0,-969.0,3.0,3.0,-0.0,0.14000000000000057,0.0015063484664587414,150.3600000000006,-0.015,99742.38,0.0,99742.38,0.0,0.3199999999999932,0.0030965768889199313,-310.0799999999934,-0.015,-99981.42000000001,-99981.42000000001,0.0,-2.777261666666667,-159.71999999999278,-0.03,-99981.42000000001,-2.777261666666667,-159.71999999999278,0.0,-162.52726166665946,1132.1917969444507,-172.74226166665926,199723.80000000002,-239.04000000000815
2026-03-10,2026-03-11,1,93.01,93.45,103.5,104.1,1.1139646869983948,1.1086721512018376,1.1090368407795828,103.60541252981173,1.0,1.0,1.0,104.1,-0.004762402663984423,0.0,-0.004762402663984423,True,False,False,True,1,1,False,False,False,False,False,1065.0,1065.0,1071.0,-6.0,0.0,6.0,961.0,-961.0,-966.0,5.0,5.0,-0.0,0.4399999999999977,0.004719519647196199,471.23999999999756,-0.03,99613.71,0.0,99613.71,0.0,0.5999999999999943,0.005780362915499329,-579.5999999999945,-0.025,-99981.0,-99981.0,0.0,-2.77725,-108.35999999999689,-0.055,-99981.0,-2.77725,-108.35999999999689,0.0,-111.19224999999689,1020.9995469444539,-283.93451166665614,199594.71000000002,-367.2899999999936
2026-03-11,2026-03-12,1,93.45,92.03,104.1,102.03,1.1086602194936435,1.1090368407795828,1.1092317565161696,102.064660456945,1.0,1.0,1.0,102.03,0.00033965079929679416,0.0,0.00033965079929679416,False,True,False,True,1,0,False,False,False,False,False,1087.0,0.0,1065.0,-1065.0,0.0,1065.0,980.0,0.0,-961.0,961.0,961.0,-0.0,-1.4200000000000017,-0.015311923050806395,-1512.3000000000018,-5.325,99524.25,0.0,99524.25,0.0,-2.069999999999993,-0.020085087933709323,1989.2699999999934,-4.805,-100040.09999999999,-100040.09999999999,0.0,-2.7788916666666665,476.9699999999916,-10.129999999999999,-100040.09999999999,-2.7788916666666665,476.9699999999916,0.0,464.06110833332497,1485.0606552777788,0.0,199564.34999999998,-515.8499999999913
2026-03-12,2026-03-13,1,92.03,92.05,102.03,102.4,1.1124388919065726,1.1092317565161696,1.1095667242187286,102.1047831873134,1.0,1.0,1.0,102.4,-0.002887140468329501,0.0,-0.002887140468329501,True,False,False,True,0,1,False,True,False,False,False,1084.0,1084.0,0.0,1084.0,1084.0,-0.0,977.0,-977.0,0.0,-977.0,0.0,977.0,0.01999999999999602,0.00021729682832131374,0.0,-5.42,0.0,0.0,0.0,0.0,0.37000000000000455,0.0036198249181936936,0.0,-4.885,0.0,0.0,0.0,0.0,0.0,-10.305,0.0,0.0,0.0,0.0,-10.305,1474.7556552777787,-10.305000000000064,0.0,0.0
2026-03-13,2026-03-16,3,92.05,93.22,102.4,103.76,1.113065865694057,1.1095667242187286,1.109813182247903,103.43381003166988,1.0,1.0,1.0,103.76,-0.0031486484829557045,0.0,-0.0031486484829557045,True,False,False,True,1,1,False,False,False,False,False,1070.0,1070.0,1084.0,-14.0,0.0,14.0,964.0,-964.0,-977.0,13.0,13.0,-0.0,1.1700000000000017,0.01263038326550794,1268.2800000000018,-0.07,99782.2,0.0,99782.2,0.0,1.3599999999999994,0.013193827402780944,-1328.7199999999993,-0.065,-100044.8,-100044.8,0.0,-8.337066666666667,-60.43999999999755,-0.135,-100044.8,-8.337066666666667,-60.43999999999755,0.0,-68.91206666666422,1405.8435886111145,-79.21706666666432,199827.0,-262.6000000000058
2026-03-16,2026-03-17,1,93.22,93.91,103.76,104.42,1.1119156639335535,1.109813182247903,1.1101177647693325,104.22255594490056,1.0,1.0,1.0,104.42,-0.0018926542875647508,0.0,-0.0018926542875647508,False,False,False,True,1,1,False,False,False,False,False,1063.0,1063.0,1070.0,-7.0,0.0,7.0,958.0,-958.0,-964.0,6.0,6.0,-0.0,0.6899999999999977,0.0073745858719273345,738.2999999999976,-0.035,99745.4,0.0,99745.4,0.0,0.6599999999999966,0.006340687974217765,-636.2399999999967,-0.03,-100024.64,-100024.64,0.0,-2.778462222222222,102.06000000000085,-0.065,-100024.64,-2.778462222222222,102.06000000000085,0.0,99.21653777777864,1505.0601263888932,0.0,199770.03999999998,-279.24000000000524
2026-03-17,2026-03-18,1,93.91,93.63,104.42,104.23,1.1132115774858486,1.1101177647693325,1.1104101000444258,103.9403263153526,1.0,1.0,1.0,104.23,-0.0027830467170157636,0.0,-0.0027830467170157636,True,False,False,True,1,1,False,False,False,False,False,1065.0,1065.0,1063.0,2.0,2.0,-0.0,959.0,-959.0,-958.0,-1.0,0.0,1.0,-0.28000000000000114,-0.0029860318657245286,-297.64000000000124,-0.01,99826.33,0.0,99826.33,0.0,-0.18999999999999773,-0.001821232231175414,182.01999999999782,-0.005,-100034.36,-100034.36,0.0,-2.778732222222222,-115.62000000000342,-0.015,-100034.36,-2.778732222222222,-115.62000000000342,0.0,-118.41373222222563,1386.6463941666675,-118.41373222222569,199860.69,-208.02999999999884
2026-03-18,2026-03-19,1,93.63,94.11,104.23,104.79,1.1134842205929232,1.1104101000444258,1.1106726454602585,104.50069451518091,1.0,1.0,1.0,104.79,-0.0027646300257835052,0.0,-0.0027646300257835052,True,False,False,True,1,1,False,False,False,False,False,1059.0,1059.0,1065.0,-6.0,0.0,6.0,954.0,-954.0,-959.0,5.0,5.0,-0.0,0.480000000000004,0.005113465919898775,511.20000000000425,-0.03,99715.95,0.0,99715.95,0.0,0.5600000000000023,0.005358351735619436,-537.0400000000022,-0.025,-99956.57,-99956.57,0.0,-2.776571388888889,-25.839999999997985,-0.055,-99956.57,-2.776571388888889,-25.839999999997985,0.0,-28.671571388886875,1357.9748227777807,-147.08530361111252,199672.52000000002,-240.6200000000099
2026-03-19,2026-03-20,1,94.11,91.98,104.79,102.46,1.1139378125679495,1.1106726454602585,1.1108697474157905,102.15966992943457,1.0,1.0,1.0,102.46,-0.0029354977098209442,0.0,-0.0029354977098209442,True,False,False,True,1,1,False,False,False,False,False,1084.0,1084.0,1059.0,25.0,25.0,-0.0,976.0,-976.0,-954.0,-22.0,0.0,22.0,-2.1299999999999955,-0.022893148758918614,-2255.669999999995,-0.125,99662.49,0.0,99662.49,0.0,-2.3300000000000125,-0.022485868975794132,2222.820000000012,-0.11,-99969.66,-99969.66,0.0,-2.7769350000000004,-32.84999999998308,-0.235,-99969.66,-2.7769350000000004,-32.84999999998308,0.0,-35.861934999983085,1322.1128877777976,-182.9472386110956,199632.15000000002,-307.16999999999825
2026-03-20,2026-03-23,3,91.98,92.72,102.46,103.16,1.1125970664365832,1.1108697474157905,1.1110603146439195,102.99984298039209,1.0,1.0,1.0,103.16,-0.0015537172468829475,0.0,-0.0015537172468829475,False,False,False,True,1,1,False,False,False,False,False,1076.0,1076.0,1084.0,-8.0,0.0,8.0,969.0,-969.0,-976.0,7.0,7.0,-0.0,0.7399999999999949,0.008013036919718455,802.1599999999944,-0.04,99706.32,0.0,99706.32,0.0,0.7000000000000028,0.006808702502087722,-683.2000000000028,-0.035,-100000.95999999999,-100000.95999999999,0.0,-8.333413333333333,118.95999999999162,-0.07500000000000001,-100000.95999999999,-8.333413333333333,118.95999999999162,0.0,110.5515866666583,1432.664474444456,-72.3956519444373,199707.28,-294.63999999998487
2026-03-23,2026-03-24,1,92.72,92.97,103.16,103.66,1.1149833279552543,1.1110603146439195,1.1115466004179333,103.29527745244519,1.0,1.0,1.0,103.66,-0.0035246545014858306,0.0,-0.0035246545014858306,True,False,False,True,1,1,False,False,False,False,False,1072.0,1072.0,1076.0,-4.0,0.0,4.0,965.0,-965.0,-969.0,4.0,4.0,-0.0,0.25,0.0026926614362703287,269.0,-0.02,99766.72,0.0,99766.72,0.0,0.5,0.004835131748416574,-484.5,-0.02,-99962.04,-99962.04,0.0,-2.776723333333333,-215.5,-0.04,-99962.04,-2.776723333333333,-215.5,0.0,-218.31672333333333,1214.3477511111225,-290.71237527777066,199728.76,-195.31999999999243
2026-03-24,2026-03-25,1,92.97,93.49,103.66,104.32,1.1158412664456092,1.1115466004179333,1.1120730289357796,103.91849167307258,1.0,1.0,1.0,104.32,-0.003856240229717727,0.0,-0.003856240229717727,True,False,False,True,1,1,False,False,False,False,False,1066.0,1066.0,1072.0,-6.0,0.0,6.0,959.0,-959.0,-965.0,6.0,6.0,-0.0,0.519999999999996,0.005577618235457593,557.4399999999957,-0.03,99663.84,0.0,99663.84,0.0,0.6599999999999966,0.006346785416782228,-636.8999999999967,-0.03,-100031.9,-100031.9,0.0,-2.7786638888888886,-79.46000000000095,-0.06,-100031.9,-2.7786638888888886,-79.46000000000095,0.0,-82.29866388888983,1132.0490872222326,-373.01103916666057,199695.74,-368.0599999999977
2026-03-25,2026-03-26,1,93.49,91.43,104.32,102.0,1.1156075686317402,1.1120730289357796,1.1124258276892347,101.67683703559834,1.0,1.0,1.0,102.0,-0.0031732939325563175,0.0,-0.0031732939325563175,True,False,False,True,1,1,False,False,False,False,False,1090.0,1090.0,1066.0,24.0,24.0,-0.0,980.0,-980.0,-959.0,-21.0,0.0,21.0,-2.059999999999988,-0.022280826526889015,-2195.9599999999873,-0.12,99660.34,0.0,99660.34,0.0,-2.319999999999993,-0.022490284894071667,2224.8799999999933,-0.105,-100042.87999999999,-100042.87999999999,0.0,-2.7789688888888886,28.920000000005984,-0.22499999999999998,-100042.87999999999,-2.7789688888888886,28.920000000005984,0.0,25.916031111117093,1157.9651183333497,-347.09500805554353,199703.21999999997,-382.5399999999936
2026-03-26,2026-03-27,1,91.43,89.81,102.0,100.84,1.1228148313105446,1.1124258276892347,1.1130569273814834,99.90696358477017,1.0,1.0,1.0,100.84,-0.009295713541275565,0.0,-0.009295713541275565,True,False,False,True,1,1,False,False,False,False,False,1104.0,1104.0,1090.0,14.0,14.0,-0.0,992.0,-992.0,-980.0,-12.0,0.0,12.0,-1.6200000000000045,-0.017877324493476888,-1765.800000000005,-0.07,99658.70000000001,0.0,99658.70000000001,0.0,-1.1599999999999966,-0.011437710964551987,1136.7999999999965,-0.06,-99960.0,-99960.0,0.0,-2.776666666666667,-629.0000000000084,-0.13,-99960.0,-2.776666666666667,-629.0000000000084,0.0,-631.906666666675,526.0584516666746,-979.0016747222186,199618.7,-301.29999999998836
2026-03-27,2026-03-30,3,89.81,89.04,100.84,99.15,1.113544474393531,1.1130569273814834,1.112997397881823,99.10658881404729,1.0,1.0,1.0,99.15,-0.0004379293208482795,0.0,-0.0004379293208482795,False,True,False,True,1,0,False,False,False,False,False,1123.0,0.0,1104.0,-1104.0,0.0,1104.0,1009.0,0.0,-992.0,992.0,992.0,-0.0,-0.769999999999996,-0.008610620715568944,-850.0799999999956,-5.5200000000000005,99150.24,0.0,99150.24,0.0,-1.6899999999999977,-0.016901247353914014,1676.4799999999977,-4.96,-100033.28,-100033.28,0.0,-8.336106666666666,826.4000000000021,-10.48,-100033.28,-8.336106666666666,826.4000000000021,0.0,807.5838933333355,1333.6423450000102,-171.417781388883,199183.52000000002,-883.0399999999936
2026-03-30,2026-03-31,1,89.04,91.52,99.15,101.79,1.1122159090909092,1.112997397881823,1.1131129204528274,101.86152185414444,1.0,1.0,1.0,101.79,0.0007023945260388937,0.0,0.0007023945260388937,False,True,False,True,0,0,True,False,False,False,False,1093.0,0.0,0.0,0.0,0.0,-0.0,982.0,0.0,0.0,0.0,0.0,-0.0,2.4799999999999898,0.02747182066419831,0.0,-0.0,0.0,0.0,0.0,0.0,2.6400000000000006,0.026278012498443522,0.0,-0.0,0.0,0.0,0.0,0.0,0.0,0.0,0.0,0.0,0.0,0.0,0.0,1333.6423450000102,-171.417781388883,0.0,0.0
2026-03-31,2026-04-01,1,91.52,92.47,101.79,102.82,1.1119281929274358,1.1131129204528274,1.1131608674967948,102.92955175427295,1.0,1.0,1.0,102.82,0.001064904041751,0.0,0.001064904041751,False,True,False,True,0,0,False,False,False,False,False,1083.0,0.0,0.0,0.0,0.0,-0.0,973.0,0.0,0.0,0.0,0.0,-0.0,0.9500000000000028,0.010326739958059526,0.0,-0.0,0.0,0.0,0.0,0.0,1.029999999999987,0.010068019163110004,0.0,-0.0,0.0,0.0,0.0,0.0,0.0,0.0,0.0,0.0,0.0,0.0,0.0,1333.6423450000102,-171.417781388883,0.0,0.0
2026-04-01,2026-04-02,1,92.47,93.3,102.82,103.89,1.1135048231511255,1.1131608674967948,1.1133169770980311,103.85790893745094,1.0,1.0,1.0,103.89,-0.0003089423423651383,0.0,-0.0003089423423651383,False,True,False,True,0,0,False,False,False,False,False,1072.0,0.0,0.0,0.0,0.0,-0.0,963.0,0.0,0.0,0.0,0.0,-0.0,0.8299999999999983,0.008935840263750952,0.0,-0.0,0.0,0.0,0.0,0.0,1.0700000000000074,0.010352760455081683,0.0,-0.0,0.0,0.0,0.0,0.0,0.0,0.0,0.0,0.0,0.0,0.0,0.0,1333.6423450000102,-171.417781388883,0.0,0.0
2026-04-02,2026-04-06,4,93.3,93.22,103.89,103.94,1.1149967818064792,1.1133169770980311,1.1136256075174553,103.78340860507846,1.0,1.0,1.0,103.94,-0.0015076916524320186,0.0,-0.0015076916524320186,False,False,False,True,0,0,False,False,False,False,False,1071.0,0.0,0.0,0.0,0.0,-0.0,962.0,0.0,0.0,0.0,0.0,-0.0,-0.0799999999999983,-0.0008578169087032617,-0.0,-0.0,0.0,0.0,0.0,0.0,0.04999999999999716,0.00048116249785554627,0.0,-0.0,0.0,0.0,0.0,0.0,0.0,0.0,0.0,0.0,0.0,0.0,0.0,1333.6423450000102,-171.417781388883,0.0,0.0
2026-04-06,2026-04-07,1,93.22,93.84,103.94,104.53,1.113917306052856,1.1136256075174553,1.1137707029266986,104.50262700943802,1.0,1.0,1.0,104.53,-0.0002619016094287793,0.0,-0.0002619016094287793,False,True,False,True,0,0,False,False,False,False,False,1066.0,0.0,0.0,0.0,0.0,-0.0,957.0,0.0,0.0,0.0,0.0,-0.0,0.6200000000000045,0.006628913400625228,0.0,-0.0,0.0,0.0,0.0,0.0,0.5900000000000034,0.005660301964320081,0.0,-0.0,0.0,0.0,0.0,0.0,0.0,0.0,0.0,0.0,0.0,0.0,0.0,1333.6423450000102,-171.417781388883,0.0,0.0
2026-04-07,2026-04-08,1,93.84,96.39,104.53,107.39,1.1141197219628591,1.1137707029266986,1.1138375104418936,107.35635805510448,1.0,1.0,1.0,107.39,-0.00031331795775653356,0.0,-0.00031331795775653356,False,True,False,True,0,0,False,False,False,False,False,1037.0,0.0,0.0,0.0,0.0,-0.0,931.0,0.0,0.0,0.0,0.0,-0.0,2.549999999999997,0.02681125745065677,0.0,-0.0,0.0,0.0,0.0,0.0,2.8599999999999994,0.02699295632550944,0.0,-0.0,0.0,0.0,0.0,0.0,0.0,0.0,0.0,0.0,0.0,0.0,0.0,1333.6423450000102,-171.417781388883,0.0,0.0
2026-04-08,2026-04-09,1,96.39,96.51,107.39,107.56,1.1144959071598797,1.1138375104418936,1.1138640714499677,107.49645813274716,1.0,1.0,1.0,107.56,-0.0005909319780825478,0.0,-0.0005909319780825478,False,True,False,True,0,0,False,False,False,False,False,1036.0,0.0,0.0,0.0,0.0,-0.0,930.0,0.0,0.0,0.0,0.0,-0.0,0.12000000000000455,0.0012441681231680313,0.0,-0.0,0.0,0.0,0.0,0.0,0.1700000000000017,0.0015817635305388324,0.0,-0.0,0.0,0.0,0.0,0.0,0.0,0.0,0.0,0.0,0.0,0.0,0.0,1333.6423450000102,-171.417781388883,0.0,0.0
2026-04-09,2026-04-10,1,96.51,96.5,107.56,107.64,1.115440414507772,1.1138640714499677,1.1142030812006742,107.48788289492188,1.0,1.0,1.0,107.64,-0.0014142019005955733,0.0,-0.0014142019005955733,False,True,False,True,0,0,False,False,False,False,False,1035.0,0.0,0.0,0.0,0.0,-0.0,929.0,0.0,0.0,0.0,0.0,-0.0,-0.010000000000005116,-0.00010362157410451797,-0.0,-0.0,0.0,0.0,0.0,0.0,0.0799999999999983,0.0007434944580412075,0.0,-0.0,0.0,0.0,0.0,0.0,0.0,0.0,0.0,0.0,0.0,0.0,0.0,1333.6423450000102,-171.417781388883,0.0,0.0
2026-04-10,2026-04-13,3,96.5,97.88,107.64,108.59,1.1094196975888844,1.1142030812006742,1.1140521214847898,109.058197587922,1.0,1.0,1.0,108.59,0.004302340339230941,0.0,0.004302340339230941,False,True,True,False,0,-1,False,False,True,False,False,1026.0,-1026.0,0.0,-1026.0,0.0,1026.0,921.0,921.0,0.0,921.0,921.0,-0.0,1.3799999999999955,0.014199230229530537,0.0,-5.13,0.0,0.0,0.0,0.0,0.9500000000000028,0.00878699637010401,0.0,-4.605,0.0,0.0,0.0,0.0,0.0,-9.735,0.0,0.0,0.0,0.0,-9.735,1323.9073450000103,-181.1527813888829,0.0,0.0
2026-04-13,2026-04-14,1,97.88,98.84,108.59,109.8,1.1108862808579523,1.1140521214847898,1.1139431422429844,110.11291168755663,1.0,1.0,1.0,109.8,0.0028457801438828588,0.0,0.0028457801438828588,False,True,True,False,-1,-1,False,False,False,False,False,1015.0,-1015.0,-1026.0,11.0,11.0,-0.0,911.0,911.0,921.0,-10.0,0.0,10.0,0.960000000000008,0.009760142545938445,-984.9600000000082,-0.055,-100424.87999999999,-100424.87999999999,0.0,-2.78958,1.2099999999999937,0.011081206846621087,1114.4099999999942,-0.05,100011.39,0.0,100011.39,0.0,129.44999999998595,-0.10500000000000001,-100424.87999999999,-2.78958,0.0,129.44999999998595,126.55541999998596,1450.4627649999964,-54.59736138889684,200436.27,-413.4899999999907
2026-04-14,2026-04-15,1,98.84,99.03,109.8,110.31,1.113904877309906,1.1139431422429844,1.1140426029118022,110.31378937632275,1.0,1.0,1.0,110.31,3.4351475276768154e-05,0.0,3.4351475276768154e-05,False,True,False,True,-1,0,False,False,False,False,False,1010.0,0.0,-1015.0,1015.0,1015.0,-0.0,907.0,0.0,911.0,-911.0,0.0,911.0,0.18999999999999773,0.001920453412801932,-192.8499999999977,-5.075,-100322.6,-100322.6,0.0,-2.7867388888888893,0.5100000000000051,0.0046340549058600895,464.6100000000047,-4.555,100027.8,0.0,100027.8,0.0,271.760000000007,-9.629999999999999,-100322.6,-2.7867388888888893,0.0,271.760000000007,259.3432611111181,1709.8060261111145,0.0,200350.40000000002,-294.8000000000029
2026-04-15,2026-04-16,1,99.03,100.14,110.31,111.2,1.1104453764729378,1.1140426029118022,1.1139042928611567,111.56022625558788,1.0,1.0,1.0,111.2,0.0032342090474891884,0.0,0.0032342090474891884,False,True,True,False,0,-1,False,False,True,False,False,1002.0,-1002.0,0.0,-1002.0,0.0,1002.0,899.0,899.0,0.0,899.0,899.0,-0.0,1.1099999999999994,0.011146372368587364,0.0,-5.01,0.0,0.0,0.0,0.0,0.8900000000000006,0.008035797835191594,0.0,-4.495,0.0,0.0,0.0,0.0,0.0,-9.504999999999999,0.0,0.0,0.0,0.0,-9.504999999999999,1700.3010261111144,-9.50500000000011,0.0,0.0
2026-04-16,2026-04-17,1,100.14,100.51,111.2,112.06,1.114913938911551,1.1139042928611567,1.113975778777088,111.95852047547486,1.0,1.0,1.0,112.06,-0.0009059923371615903,0.0,-0.0009059923371615903,False,True,False,True,-1,0,False,False,False,False,False,994.0,0.0,-1002.0,1002.0,1002.0,-0.0,892.0,0.0,899.0,-899.0,0.0,899.0,0.37000000000000455,0.0036880181348499124,-370.74000000000456,-5.01,-100340.28,-100340.28,0.0,-2.78723,0.8599999999999994,0.0077040603206564385,773.1399999999995,-4.495,99968.8,0.0,99968.8,0.0,402.399999999995,-9.504999999999999,-100340.28,-2.78723,0.0,402.399999999995,390.10776999999496,2090.4087961111095,0.0,200309.08000000002,-371.4799999999959
2026-04-17,2026-04-20,3,100.51,100.89,112.06,112.35,1.1135890573892357,1.113975778777088,1.1139583410181522,112.38901632082042,1.0,1.0,1.0,112.35,0.0003472144877300545,0.0,0.0003472144877300545,False,True,False,True,0,0,False,False,False,False,False,991.0,0.0,0.0,0.0,0.0,-0.0,890.0,0.0,0.0,0.0,0.0,-0.0,0.37999999999999545,0.0037735893836394877,0.0,-0.0,0.0,0.0,0.0,0.0,0.28999999999999204,0.002584556494199554,0.0,-0.0,0.0,0.0,0.0,0.0,0.0,0.0,0.0,0.0,0.0,0.0,0.0,2090.4087961111095,0.0,0.0,0.0
2026-04-20,2026-04-21,1,100.89,99.9,112.35,111.32,1.1143143143143142,1.1139583410181522,1.1140442034120388,111.28443826771341,1.0,1.0,1.0,111.32,-0.00031950605177365004,0.0,-0.00031950605177365004,False,True,False,True,0,0,False,False,False,False,False,1000.0,0.0,0.0,0.0,0.0,-0.0,898.0,0.0,0.0,0.0,0.0,-0.0,-0.9899999999999949,-0.00986112876578007,-0.0,-0.0,0.0,0.0,0.0,0.0,-1.0300000000000011,-0.009210061973648183,-0.0,-0.0,0.0,0.0,0.0,0.0,0.0,0.0,0.0,0.0,0.0,0.0,0.0,2090.4087961111095,0.0,0.0,0.0
2026-04-21,2026-04-22,1,99.9,101.0,111.32,112.33,1.112178217821782,1.1140442034120388,1.1139039479053652,112.51846454461592,1.0,1.0,1.0,112.33,0.0016763698087342586,0.0,0.0016763698087342586,False,True,False,False,0,0,False,False,False,False,False,991.0,0.0,0.0,0.0,0.0,-0.0,890.0,0.0,0.0,0.0,0.0,-0.0,1.0999999999999943,0.01095083118675148,0.0,-0.0,0.0,0.0,0.0,0.0,1.0100000000000051,0.009032030995787815,0.0,-0.0,0.0,0.0,0.0,0.0,0.0,0.0,0.0,0.0,0.0,0.0,0.0,2090.4087961111095,0.0,0.0,0.0
2026-04-22,2026-04-23,1,101.0,100.92,112.33,112.01,1.109889021006738,1.1139039479053652,1.1136063356334218,112.41518642260945,1.0,1.0,1.0,112.01,0.0036108858307744144,0.0,0.0036108858307744144,False,True,True,False,0,-1,False,False,True,False,False,995.0,-995.0,0.0,-995.0,0.0,995.0,893.0,893.0,0.0,893.0,893.0,-0.0,-0.0799999999999983,-0.000792393068402455,-0.0,-4.9750000000000005,0.0,0.0,0.0,0.0,-0.3199999999999932,-0.0028528146298296923,-0.0,-4.465,0.0,0.0,0.0,0.0,0.0,-9.440000000000001,0.0,0.0,0.0,0.0,-9.440000000000001,2080.9687961111094,-9.440000000000055,0.0,0.0
2026-04-23,2026-04-24,1,100.92,100.78,112.01,112.19,1.1132169081166898,1.1136063356334218,1.1134868026076692,112.22924650513625,1.0,1.0,1.0,112.19,0.00034976060340202335,0.0,0.00034976060340202335,False,True,False,True,-1,0,False,False,False,False,False,992.0,0.0,-995.0,995.0,995.0,-0.0,891.0,0.0,893.0,-893.0,0.0,893.0,-0.14000000000000057,-0.0013882005204049373,139.30000000000058,-4.9750000000000005,-100415.40000000001,-100415.40000000001,0.0,-2.789316666666667,0.1799999999999926,0.0016057095332252188,160.73999999999342,-4.465,100024.93000000001,0.0,100024.93000000001,0.0,300.039999999994,-9.440000000000001,-100415.40000000001,-2.789316666666667,0.0,300.039999999994,287.81068333332735,2368.7794794444367,0.0,200440.33000000002,-390.47000000000116
2026-04-24,2026-04-27,3,100.78,100.71,112.19,111.95,1.1116075861384174,1.1134868026076692,1.1129264403490629,112.13925589061836,1.0,1.0,1.0,111.95,0.001689112089406768,0.0,0.001689112089406768,False,True,False,False,0,0,False,False,False,False,False,994.0,0.0,0.0,0.0,0.0,-0.0,893.0,0.0,0.0,0.0,0.0,-0.0,-0.07000000000000739,-0.0006948235923988869,-0.0,-0.0,0.0,0.0,0.0,0.0,-0.23999999999999488,-0.0021415195121094518,-0.0,-0.0,0.0,0.0,0.0,0.0,0.0,0.0,0.0,0.0,0.0,0.0,0.0,2368.7794794444367,0.0,0.0,0.0
2026-04-27,2026-04-28,1,100.71,99.17,111.95,110.1,1.11021478269638,1.1129264403490629,1.1127599557642054,110.36891508941656,1.0,1.0,1.0,110.1,0.0024394842480976583,0.0,0.0024394842480976583,False,True,True,False,0,-1,False,False,True,False,False,1011.0,-1011.0,0.0,-1011.0,0.0,1011.0,908.0,908.0,0.0,908.0,908.0,-0.0,-1.539999999999992,-0.01540955046201941,-0.0,-5.055,0.0,0.0,0.0,0.0,-1.8500000000000085,-0.01666329931612959,-0.0,-4.54,0.0,0.0,0.0,0.0,0.0,-9.594999999999999,0.0,0.0,0.0,0.0,-9.594999999999999,2359.184479444437,-9.5949999999998,0.0,0.0
2026-04-28,2026-04-29,1,99.17,99.75,110.1,111.18,1.1145864661654137,1.1127599557642054,1.1128784836179304,110.99780558747949,1.0,1.0,1.0,111.18,-0.0016400778905748578,0.0,-0.0016400778905748578,False,False,False,True,-1,0,False,False,False,False,False,1000.0,0.0,-1011.0,1011.0,1011.0,-0.0,899.0,0.0,908.0,-908.0,0.0,908.0,0.5799999999999983,0.005831506571939122,-586.3799999999983,-5.055,-100260.87,-100260.87,0.0,-2.7850241666666666,1.0800000000000125,0.009761465796689277,980.6400000000114,-4.54,99970.79999999999,0.0,99970.79999999999,0.0,394.26000000001306,-9.594999999999999,-100260.87,-2.7850241666666666,0.0,394.26000000001306,381.87997583334635,2741.064455277783,0.0,200231.66999999998,-290.070000000007
2026-04-29,2026-04-30,1,99.75,101.04,111.18,112.71,1.115498812351544,1.1128784836179304,1.1130570145891359,112.4452419847557,1.0,1.0,1.0,112.71,-0.002351783018145506,0.0,-0.002351783018145506,True,False,False,True,0,0,True,False,False,False,False,987.0,0.0,0.0,0.0,0.0,-0.0,887.0,0.0,0.0,0.0,0.0,-0.0,1.2900000000000063,0.012849422272262847,0.0,-0.0,0.0,0.0,0.0,0.0,1.529999999999987,0.013667638728663615,0.0,-0.0,0.0,0.0,0.0,0.0,0.0,0.0,0.0,0.0,0.0,0.0,0.0,2741.064455277783,0.0,0.0,0.0
2026-04-30,2026-05-01,1,101.04,101.87,112.71,113.59,1.1150485913419064,1.1130570145891359,1.1131342029986748,113.38711807619528,1.0,1.0,1.0,113.59,-0.0017876866140123632,0.0,-0.0017876866140123632,False,False,False,True,0,0,False,False,False,False,False,979.0,0.0,0.0,0.0,0.0,-0.0,880.0,0.0,0.0,0.0,0.0,-0.0,0.8299999999999983,0.00818101255973941,0.0,-0.0,0.0,0.0,0.0,0.0,0.8800000000000097,0.007777325989343021,0.0,-0.0,0.0,0.0,0.0,0.0,0.0,0.0,0.0,0.0,0.0,0.0,0.0,2741.064455277783,0.0,0.0,0.0
2026-05-01,2026-05-04,3,101.87,102.42,113.59,114.62,1.1191173598906463,1.1131342029986748,1.1133402319028831,114.00720507112428,1.0,1.0,1.0,114.62,-0.005360660347999031,0.0,-0.005360660347999031,True,False,False,True,0,1,False,True,False,False,False,971.0,971.0,0.0,971.0,971.0,-0.0,872.0,-872.0,0.0,-872.0,0.0,872.0,0.5499999999999972,0.005384515432429189,0.0,-4.855,0.0,0.0,0.0,0.0,1.0300000000000011,0.009026834880261226,0.0,-4.36,0.0,0.0,0.0,0.0,0.0,-9.215,0.0,0.0,0.0,0.0,-9.215,2731.849455277783,-9.215000000000146,0.0,0.0
2026-05-04,2026-05-05,1,102.42,103.9,114.62,115.91,1.1155919153031761,1.1133402319028831,1.1134239623653994,115.67605009470957,1.0,1.0,1.0,115.91,-0.0020204151742147015,0.0,-0.0020204151742147015,True,False,False,True,1,1,False,False,False,False,False,961.0,961.0,971.0,-10.0,0.0,10.0,863.0,-863.0,-872.0,9.0,9.0,-0.0,1.480000000000004,0.014346892070777434,1437.0800000000038,-0.05,99449.82,0.0,99449.82,0.0,1.289999999999992,0.011191718777062274,-1124.879999999993,-0.045,-99948.64,-99948.64,0.0,-2.776351111111111,312.20000000001073,-0.095,-99948.64,-2.776351111111111,312.20000000001073,0.0,309.3286488888996,3041.1781041666827,0.0,199398.46000000002,-498.81999999999243
2026-05-05,2026-05-06,1,103.9,105.65,115.91,118.29,1.1196403218173214,1.1134239623653994,1.1136999923581223,117.63324162390445,1.0,1.0,1.0,118.29,-0.005567574165936066,0.0,-0.005567574165936066,True,False,False,True,1,1,False,False,False,False,False,941.0,941.0,961.0,-20.0,0.0,20.0,845.0,-845.0,-863.0,18.0,18.0,-0.0,1.75,0.01670284595688399,1681.75,-0.1,99847.90000000001,0.0,99847.90000000001,0.0,2.3800000000000097,0.020325208656991948,-2053.9400000000082,-0.09,-100030.33,-100030.33,0.0,-2.7786202777777778,-372.19000000000824,-0.19,-100030.33,-2.7786202777777778,-372.19000000000824,0.0,-375.15862027778604,2666.0194838888965,-375.1586202777862,199878.23,-182.42999999999302
2026-05-06,2026-05-07,1,105.65,104.28,118.29,116.45,1.1167050249328732,1.1136999923581223,1.1138104482467721,116.136635203105,1.0,1.0,1.0,116.45,-0.002694608709833759,0.0,-0.002694608709833759,True,False,False,True,1,1,False,False,False,False,False,957.0,957.0,941.0,16.0,16.0,-0.0,859.0,-859.0,-845.0,-14.0,0.0,14.0,-1.3700000000000045,-0.013052154996764766,-1289.1700000000042,-0.08,99416.65000000001,0.0,99416.65000000001,0.0,-1.8400000000000034,-0.01567724022729558,1554.800000000003,-0.07,-99955.05,-99955.05,0.0,-2.7765291666666667,265.62999999999874,-0.15000000000000002,-99955.05,-2.7765291666666667,265.62999999999874,0.0,262.7034708333321,2928.7229547222287,-112.45514944445404,199371.7,-538.3999999999942
2026-05-07,2026-05-08,1,104.28,104.68,116.45,116.76,1.11539931218953,1.1138104482467721,1.11380839313086,116.59367772247211,1.0,1.0,1.0,116.76,-0.0014254954737857675,0.0,-0.0014254954737857675,False,True,False,True,1,0,False,False,False,False,False,953.0,0.0,957.0,-957.0,0.0,957.0,856.0,0.0,-859.0,859.0,859.0,-0.0,0.4000000000000057,0.003828488596644242,382.8000000000054,-4.785,99795.96,0.0,99795.96,0.0,0.3100000000000023,0.0026585496555641256,-266.29000000000195,-4.295,-100030.55,-100030.55,0.0,-2.778626388888889,116.51000000000346,-9.08,-100030.55,-2.778626388888889,116.51000000000346,0.0,104.65137361111456,3033.3743283333433,-7.803775833339387,199826.51,-234.5899999999965
2026-05-08,2026-05-11,3,104.68,106.0,116.76,118.47,1.1176415094339622,1.11380839313086,1.1142194837231139,118.06368967187116,1.0,1.0,1.0,118.47,-0.003435542127895366,0.0,-0.003435542127895366,True,False,False,True,0,1,False,True,False,False,False,940.0,940.0,0.0,940.0,940.0,-0.0,844.0,-844.0,0.0,-844.0,0.0,844.0,1.3199999999999932,0.012531016450122005,0.0,-4.7,0.0,0.0,0.0,0.0,1.7099999999999937,0.014539217980753772,0.0,-4.22,0.0,0.0,0.0,0.0,0.0,-8.92,0.0,0.0,0.0,0.0,-8.92,3024.4543283333433,-16.72377583333946,0.0,0.0
2026-05-11,2026-05-12,1,106.0,104.81,118.47,116.96,1.1159240530483732,1.1142194837231139,1.114471372332635,116.78134408901957,1.0,1.0,1.0,116.96,-0.0015286636300237179,0.0,-0.0015286636300237179,False,False,False,True,1,1,False,False,False,False,False,953.0,953.0,940.0,13.0,13.0,-0.0,855.0,-855.0,-844.0,-11.0,0.0,11.0,-1.1899999999999977,-0.011289906929981181,-1118.5999999999979,-0.065,99640.0,0.0,99640.0,0.0,-1.5100000000000051,-0.012827767965199462,1274.4400000000044,-0.055,-99988.68,-99988.68,0.0,-2.7774633333333334,155.8400000000065,-0.12,-99988.68,-2.7774633333333334,155.8400000000065,0.0,152.94253666667316,3177.3968650000165,0.0,199628.68,-348.679999999993
2026-05-12,2026-05-13,1,104.81,106.04,116.96,118.62,1.1186344775556394,1.114471372332635,1.1147078523449216,118.17854432215262,1.0,1.0,1.0,118.62,-0.0037285380325053474,0.0,-0.0037285380325053474,True,False,False,True,1,1,False,False,False,False,False,939.0,939.0,953.0,-14.0,0.0,14.0,843.0,-843.0,-855.0,12.0,12.0,-0.0,1.230000000000004,0.011667194238738856,1172.1900000000037,-0.07,99883.93000000001,0.0,99883.93000000001,0.0,1.6600000000000108,0.014093110409112349,-1419.3000000000093,-0.06,-100000.79999999999,-100000.79999999999,0.0,-2.7777999999999996,-247.11000000000558,-0.13,-100000.79999999999,-2.7777999999999996,-247.11000000000558,0.0,-250.0178000000056,2927.379065000011,-250.01780000000554,199884.72999999998,-116.86999999998079
2026-05-13,2026-05-14,1,106.04,106.57,118.62,119.18,1.1183259829220231,1.1147078523449216,1.115101882667376,118.79441582439829,1.0,1.0,1.0,119.18,-0.003240554340183022,0.0,-0.003240554340183022,True,False,False,True,1,1,False,False,False,False,False,935.0,935.0,939.0,-4.0,0.0,4.0,839.0,-839.0,-843.0,4.0,4.0,-0.0,0.5299999999999869,0.004985664812039893,497.66999999998774,-0.02,99571.56000000001,0.0,99571.56000000001,0.0,0.5600000000000023,0.004709848908252269,-472.0800000000019,-0.02,-99996.66,-99996.66,0.0,-2.7776850000000004,25.58999999998582,-0.04,-99996.66,-2.7776850000000004,25.58999999998582,0.0,22.77231499998582,2950.1513799999966,-227.24548500001993,199568.22000000003,-425.09999999999127
2026-05-14,2026-05-15,1,106.57,104.5,119.18,117.19,1.1214354066985646,1.115101882667376,1.1154279560567264,116.52814673874079,1.0,1.0,1.0,117.19,-0.005663702538391824,0.0,-0.005663702538391824,True,False,False,True,1,1,False,False,False,False,False,951.0,951.0,935.0,16.0,16.0,-0.0,853.0,-853.0,-839.0,-14.0,0.0,14.0,-2.069999999999993,-0.01961497482799907,-1935.4499999999937,-0.08,99642.95,0.0,99642.95,0.0,-1.990000000000009,-0.01683840604832198,1669.6100000000076,-0.07,-99992.02,-99992.02,0.0,-2.777556111111111,-265.83999999998605,-0.15000000000000002,-99992.02,-2.777556111111111,-265.83999999998605,0.0,-268.7675561110971,2681.3838238888993,-496.0130411111172,199634.97,-349.070000000007
2026-05-15,2026-05-18,3,104.5,102.86,117.19,115.36,1.1215244020999418,1.1154279560567264,1.115824723292262,114.73291955999488,1.0,1.0,1.0,115.36,-0.005450684825490024,0.0,-0.005450684825490024,True,False,False,True,1,1,False,False,False,False,False,967.0,967.0,951.0,16.0,16.0,-0.0,867.0,-867.0,-853.0,-14.0,0.0,14.0,-1.6400000000000006,-0.015818231058095537,-1559.6400000000006,-0.08,99379.5,0.0,99379.5,0.0,-1.8299999999999983,-0.01573887573387203,1560.9899999999986,-0.07,-99963.06999999999,-99963.06999999999,0.0,-8.330255833333334,1.34999999999809,-0.15000000000000002,-99963.06999999999,-8.330255833333334,1.34999999999809,0.0,-7.130255833335244,2674.253568055564,-503.1432969444527,199342.57,-583.5699999999924
2026-05-18,2026-05-19,1,102.86,102.44,115.36,114.64,1.1190941038656774,1.115824723292262,1.11606371276983,114.30508465405931,1.0,1.0,1.0,114.64,-0.002925728546213231,0.0,-0.002925728546213231,True,False,False,True,1,1,False,False,False,False,False,973.0,973.0,967.0,6.0,6.0,-0.0,872.0,-872.0,-867.0,-5.0,0.0,5.0,-0.4200000000000017,-0.004091579015445654,-406.14000000000163,-0.03,99465.62,0.0,99465.62,0.0,-0.7199999999999989,-0.006260890016722532,624.239999999999,-0.025,-100017.12,-100017.12,0.0,-2.7782533333333332,218.09999999999735,-0.055,-100017.12,-2.7782533333333332,218.09999999999735,0.0,215.266746666664,2889.520314722228,-287.87655027778874,199482.74,-551.5
2026-05-19,2026-05-20,1,102.44,103.11,114.64,115.57,1.1208418194161573,1.11606371276983,1.116496892849549,115.07732942369718,1.0,1.0,1.0,115.57,-0.004272074832420709,0.0,-0.004272074832420709,True,False,False,True,1,1,False,False,False,False,False,965.0,965.0,973.0,-8.0,0.0,8.0,865.0,-865.0,-872.0,7.0,7.0,-0.0,0.6700000000000017,0.006519118198527773,651.9100000000017,-0.04,99674.12,0.0,99674.12,0.0,0.9299999999999926,0.008079623467433534,-810.9599999999936,-0.035,-99966.08,-99966.08,0.0,-2.7768355555555555,-159.04999999999188,-0.07500000000000001,-99966.08,-2.7768355555555555,-159.04999999999188,0.0,-161.90183555554742,2727.6184791666806,-449.77838583333596,199640.2,-291.9600000000064
2026-05-20,2026-05-21,1,103.11,105.37,115.57,117.99,1.1197684350384358,1.116496892849549,1.1169908635511336,117.64527759955698,1.0,1.0,1.0,117.99,-0.002925900144344252,0.0,-0.002925900144344252,True,False,False,True,1,1,False,False,False,False,False,947.0,947.0,965.0,-18.0,0.0,18.0,848.0,-848.0,-865.0,17.0,17.0,-0.0,2.260000000000005,0.02168158608158408,2180.900000000005,-0.09,99501.15,0.0,99501.15,0.0,2.4200000000000017,0.020723468124477916,-2093.3000000000015,-0.085,-99968.04999999999,-99968.04999999999,0.0,-2.7768902777777775,87.60000000000355,-0.175,-99968.04999999999,-2.7768902777777775,87.60000000000355,0.0,84.64810972222577,2812.2665888889064,-365.1302761111101,199469.19999999998,-466.8999999999942
2026-05-21,2026-05-22,1,105.37,105.65,117.99,118.38,1.1204921911973496,1.1169908635511336,1.1173546277051667,118.01008473417727,1.0,1.0,1.0,118.38,-0.0031297045997809034,0.0,-0.0031297045997809034,True,False,False,True,1,1,False,False,False,False,False,944.0,944.0,947.0,-3.0,0.0,3.0,845.0,-845.0,-848.0,3.0,3.0,-0.0,0.28000000000000114,0.002653778450629435,265.1600000000011,-0.015,99785.39,0.0,99785.39,0.0,0.39000000000000057,0.0032999141507511483,-330.7200000000005,-0.015,-100055.51999999999,-100055.51999999999,0.0,-2.77932,-65.55999999999938,-0.03,-100055.51999999999,-2.77932,-65.55999999999938,0.0,-68.36931999999938,2743.897268888907,-433.49959611110944,199840.90999999997,-270.1299999999901
2026-05-22,2026-05-26,4,105.65,106.75,118.38,119.9,1.1231850117096018,1.1173546277051667,1.1179334989837257,119.27760650752654,1.0,1.0,1.0,119.9,-0.005204457945931667,0.0,-0.005204457945931667,True,False,False,True,1,1,False,False,False,False,False,932.0,932.0,944.0,-12.0,0.0,12.0,834.0,-834.0,-845.0,11.0,11.0,-0.0,1.0999999999999943,0.010357908046668083,1038.3999999999946,-0.06,99733.6,0.0,99733.6,0.0,1.5200000000000102,0.012758272770889712,-1284.4000000000087,-0.055,-100031.09999999999,-100031.09999999999,0.0,-11.114566666666665,-246.0000000000141,-0.11499999999999999,-100031.09999999999,-11.114566666666665,-246.0000000000141,0.0,-257.2295666666808,2486.667702222226,-690.7291627777904,199764.7,-297.49999999998545
2026-05-26,2026-05-27,1,106.75,106.91,119.9,119.94,1.1218782153212983,1.1179334989837257,1.1185166706149716,119.51827037635012,1.0,1.0,1.0,119.94,-0.0035223678766484316,0.0,-0.0035223678766484316,True,False,False,True,1,1,False,False,False,False,False,932.0,932.0,932.0,0.0,0.0,-0.0,834.0,-834.0,-834.0,0.0,0.0,-0.0,0.1599999999999966,0.0014977069166745133,149.11999999999682,-0.0,99491.0,0.0,99491.0,0.0,0.03999999999999204,0.00033355570689512585,-33.35999999999336,-0.0,-99996.6,-99996.6,0.0,-2.7776833333333335,115.76000000000346,0.0,-99996.6,-2.7776833333333335,115.76000000000346,0.0,112.98231666667013,2599.6500188888963,-577.7468461111202,199487.6,-505.6000000000058
2026-05-27,2026-05-28,1,106.91,107.72,119.94,120.41,1.1178054214630524,1.1185166706149716,1.1186776183798537,120.48661575864475,1.0,1.0,1.0,120.41,0.0006360883152031417,0.0,0.0006360883152031417,False,True,False,True,1,0,False,False,False,False,False,928.0,0.0,932.0,-932.0,0.0,932.0,830.0,0.0,-834.0,834.0,834.0,-0.0,0.8100000000000023,0.007547908917989709,754.9200000000021,-4.66,99640.12,0.0,99640.12,0.0,0.46999999999999886,0.003910968163763879,-391.97999999999905,-4.17,-100029.95999999999,-100029.95999999999,0.0,-2.77861,362.94000000000307,-8.83,-100029.95999999999,-2.77861,362.94000000000307,0.0,351.33139000000307,2950.9814088888993,-226.41545611111724,199670.08,-389.8399999999965
2026-05-28,2026-05-29,1,107.72,108.1,120.41,120.68,1.1163737280296024,1.1186776183798537,1.1187213641637566,120.92905054686217,1.0,1.0,1.0,120.68,0.002061600213302583,0.0,0.002061600213302583,False,True,True,False,0,0,True,False,False,False,False,927.0,0.0,0.0,0.0,0.0,-0.0,829.0,0.0,0.0,0.0,0.0,-0.0,0.37999999999999545,0.0035214567017644656,0.0,-0.0,0.0,0.0,0.0,0.0,0.27000000000001023,0.002239828386732845,0.0,-0.0,0.0,0.0,0.0,0.0,0.0,0.0,0.0,0.0,0.0,0.0,0.0,2950.9814088888993,-226.41545611111724,0.0,0.0
2026-05-29,2026-06-01,3,108.1,109.43,120.68,122.63,1.1206250571141367,1.1187213641637566,1.119000187452368,122.42167888043988,1.0,1.0,1.0,122.63,-0.0017002223424516308,0.0,-0.0017002223424516308,False,False,False,True,0,0,False,False,False,False,False,912.0,0.0,0.0,0.0,0.0,-0.0,815.0,0.0,0.0,0.0,0.0,-0.0,1.3300000000000125,0.012228350785189223,0.0,-0.0,0.0,0.0,0.0,0.0,1.9499999999999886,0.016029277483074176,0.0,-0.0,0.0,0.0,0.0,0.0,0.0,0.0,0.0,0.0,0.0,0.0,0.0,2950.9814088888993,-226.41545611111724,0.0,0.0
2026-06-01,2026-06-02,1,109.43,110.74,122.63,123.9,1.1188369152970923,1.119000187452368,1.1189861652226907,123.91808075847523,1.0,1.0,1.0,123.9,0.00014591960725345414,0.0,0.00014591960725345414,False,True,False,True,0,0,False,False,False,False,False,903.0,0.0,0.0,0.0,0.0,-0.0,807.0,0.0,0.0,0.0,0.0,-0.0,1.309999999999988,0.01190003596446944,0.0,-0.0,0.0,0.0,0.0,0.0,1.2700000000000102,0.010303096861162115,0.0,-0.0,0.0,0.0,0.0,0.0,0.0,0.0,0.0,0.0,0.0,0.0,0.0,2950.9814088888993,-226.41545611111724,0.0,0.0
2026-06-02,2026-06-03,1,110.74,109.46,123.9,122.7,1.1209574273707292,1.1189861652226907,1.1192544408260683,122.48422564527571,1.0,1.0,1.0,122.7,-0.0017601002663308288,0.0,-0.0017601002663308288,False,False,False,True,0,0,False,False,False,False,False,912.0,0.0,0.0,0.0,0.0,-0.0,815.0,0.0,0.0,0.0,0.0,-0.0,-1.2800000000000011,-0.011625925679049035,-0.0,-0.0,0.0,0.0,0.0,0.0,-1.2000000000000028,-0.009732436918231,-0.0,-0.0,0.0,0.0,0.0,0.0,0.0,0.0,0.0,0.0,0.0,0.0,0.0,2950.9814088888993,-226.41545611111724,0.0,0.0
2026-06-03,2026-06-04,1,109.46,109.66,122.7,122.8,1.1198249133685938,1.1192544408260683,1.1192636704036318,122.73744198098665,1.0,1.0,1.0,122.8,-0.0005095599258690865,0.0,-0.0005095599258690865,False,True,False,True,0,0,False,False,False,False,False,911.0,0.0,0.0,0.0,0.0,-0.0,814.0,0.0,0.0,0.0,0.0,-0.0,0.20000000000000284,0.001825484260130366,0.0,-0.0,0.0,0.0,0.0,0.0,0.09999999999999432,0.0008146639961762836,0.0,-0.0,0.0,0.0,0.0,0.0,0.0,0.0,0.0,0.0,0.0,0.0,0.0,2950.9814088888993,-226.41545611111724,0.0,0.0
2026-06-04,2026-06-05,1,109.66,105.23,122.8,117.65,1.1180271785612468,1.1192636704036318,1.1193297780850504,117.78011603657419,1.0,1.0,1.0,117.65,0.001105347540175139,0.0,0.001105347540175139,False,True,False,True,0,0,False,False,False,False,False,951.0,0.0,0.0,0.0,0.0,-0.0,850.0,0.0,0.0,0.0,0.0,-0.0,-4.429999999999993,-0.041236239223181564,-0.0,-0.0,0.0,0.0,0.0,0.0,-5.1499999999999915,-0.04284290053967056,-0.0,-0.0,0.0,0.0,0.0,0.0,0.0,0.0,0.0,0.0,0.0,0.0,0.0,2950.9814088888993,-226.41545611111724,0.0,0.0
2026-06-05,2026-06-08,3,105.23,105.56,117.65,118.25,1.1202159909056462,1.1193297780850504,1.1195706120208562,118.15645137465792,1.0,1.0,1.0,118.25,-0.0007914219741546656,0.0,-0.0007914219741546656,False,True,False,True,0,0,False,False,False,False,False,947.0,0.0,0.0,0.0,0.0,-0.0,846.0,0.0,0.0,0.0,0.0,-0.0,0.3299999999999983,0.00313108088240242,0.0,-0.0,0.0,0.0,0.0,0.0,0.5999999999999943,0.00508691219867088,0.0,-0.0,0.0,0.0,0.0,0.0,0.0,0.0,0.0,0.0,0.0,0.0,0.0,2950.9814088888993,-226.41545611111724,0.0,0.0
2026-06-08,2026-06-09,1,105.56,104.68,118.25,117.37,1.1212265953381735,1.1195706120208562,1.1197498663160668,117.19665166634323,1.0,1.0,1.0,117.37,-0.0014780307770352317,0.0,-0.0014780307770352317,False,True,False,True,0,0,False,False,False,False,False,954.0,0.0,0.0,0.0,0.0,-0.0,852.0,0.0,0.0,0.0,0.0,-0.0,-0.8799999999999955,-0.008371433973178122,-0.0,-0.0,0.0,0.0,0.0,0.0,-0.8799999999999955,-0.007469689260009717,-0.0,-0.0,0.0,0.0,0.0,0.0,0.0,0.0,0.0,0.0,0.0,0.0,0.0,2950.9814088888993,-226.41545611111724,0.0,0.0
2026-06-09,2026-06-10,1,104.68,103.36,117.37,115.55,1.1179373065015479,1.1197498663160668,1.1198505289887257,115.73734618242867,1.0,1.0,1.0,115.55,0.0016200300318637143,0.0,0.0016200300318637143,False,True,False,False,0,0,False,False,False,False,False,969.0,0.0,0.0,0.0,0.0,-0.0,865.0,0.0,0.0,0.0,0.0,-0.0,-1.3200000000000074,-0.01269003762765347,-0.0,-0.0,0.0,0.0,0.0,0.0,-1.8200000000000074,-0.01562800139164287,-0.0,-0.0,0.0,0.0,0.0,0.0,0.0,0.0,0.0,0.0,0.0,0.0,0.0,2950.9814088888993,-226.41545611111724,0.0,0.0
2026-06-10,2026-06-11,1,103.36,105.62,115.55,118.15,1.1186328346903995,1.1198505289887257,1.1198504468454635,118.27861287178922,1.0,1.0,1.0,118.15,0.0010879637867280828,0.0,0.0010879637867280828,False,True,False,True,0,0,False,False,False,False,False,947.0,0.0,0.0,0.0,0.0,-0.0,846.0,0.0,0.0,0.0,0.0,-0.0,2.260000000000005,0.021629707244495467,0.0,-0.0,0.0,0.0,0.0,0.0,2.6000000000000085,0.02225166691252708,0.0,-0.0,0.0,0.0,0.0,0.0,0.0,0.0,0.0,0.0,0.0,0.0,0.0,2950.9814088888993,-226.41545611111724,0.0,0.0
2026-06-11,2026-06-12,1,105.62,106.88,118.15,119.75,1.1204154191616766,1.1198504468454635,1.1199549186574462,119.68961575884313,1.0,1.0,1.0,119.75,-0.0005043797138216463,0.0,-0.0005043797138216463,False,True,False,True,0,0,False,False,False,False,False,935.0,0.0,0.0,0.0,0.0,-0.0,835.0,0.0,0.0,0.0,0.0,-0.0,1.259999999999991,0.011858962509548331,0.0,-0.0,0.0,0.0,0.0,0.0,1.5999999999999943,0.013451232658107805,0.0,-0.0,0.0,0.0,0.0,0.0,0.0,0.0,0.0,0.0,0.0,0.0,0.0,2950.9814088888993,-226.41545611111724,0.0,0.0
2026-06-12,2026-06-15,3,106.88,109.77,119.75,123.18,1.1221645258267288,1.1199549186574462,1.1199913746138546,122.93745142102787,1.0,1.0,1.0,123.18,-0.00197099926147889,0.0,-0.00197099926147889,False,False,False,True,0,0,False,False,False,False,False,909.0,0.0,0.0,0.0,0.0,-0.0,812.0,0.0,0.0,0.0,0.0,-0.0,2.8900000000000006,0.026680557910889528,0.0,-0.0,0.0,0.0,0.0,0.0,3.430000000000007,0.028240463967872623,0.0,-0.0,0.0,0.0,0.0,0.0,0.0,0.0,0.0,0.0,0.0,0.0,0.0,2950.9814088888993,-226.41545611111724,0.0,0.0
2026-06-15,2026-06-16,1,109.77,109.48,123.18,122.76,1.1213006941907198,1.1199913746138546,1.1199801892183934,122.6166556927248,1.0,1.0,1.0,122.76,-0.0011683615393384365,0.0,-0.0011683615393384365,False,True,False,True,0,0,False,False,False,False,False,913.0,0.0,0.0,0.0,0.0,-0.0,815.0,0.0,0.0,0.0,0.0,-0.0,-0.28999999999999204,-0.00264538352674678,-0.0,-0.0,0.0,0.0,0.0,0.0,-0.4200000000000017,-0.003415470507361771,-0.0,-0.0,0.0,0.0,0.0,0.0,0.0,0.0,0.0,0.0,0.0,0.0,0.0,2950.9814088888993,-226.41545611111724,0.0,0.0
2026-06-16,2026-06-17,1,109.48,109.54,122.76,122.97,1.1226036151177652,1.1199801892183934,1.1201556647809976,122.68262992698281,1.0,1.0,1.0,122.97,-0.0023396468760785356,0.0,-0.0023396468760785356,True,False,False,True,0,1,False,True,False,False,False,911.0,911.0,0.0,911.0,911.0,-0.0,813.0,-813.0,0.0,-813.0,0.0,813.0,0.060000000000002274,0.0005478951830969551,0.0,-4.555,0.0,0.0,0.0,0.0,0.20999999999999375,0.0017091934328204586,0.0,-4.065,0.0,0.0,0.0,0.0,0.0,-8.620000000000001,0.0,0.0,0.0,0.0,-8.620000000000001,2942.3614088888994,-235.03545611111713,0.0,0.0
2026-06-17,2026-06-18,1,109.54,110.58,122.97,124.25,1.123620907939953,1.1201556647809976,1.1202946192071874,123.86681341148271,1.0,1.0,1.0,124.25,-0.0030887620060595583,0.0,-0.0030887620060595583,True,False,False,True,1,1,False,False,False,False,False,902.0,902.0,911.0,-9.0,0.0,9.0,805.0,-805.0,-813.0,8.0,8.0,-0.0,1.039999999999992,0.009449461554211582,947.4399999999928,-0.045,99790.94,0.0,99790.94,0.0,1.2800000000000011,0.010355241792382189,-1040.640000000001,-0.04,-99974.61,-99974.61,0.0,-2.7770725,-93.20000000000823,-0.08499999999999999,-99974.61,-2.7770725,-93.20000000000823,0.0,-96.06207250000823,2846.2993363888913,-331.0975286111252,199765.55,-183.66999999999825
2026-06-18,2026-06-22,4,110.58,110.42,124.25,124.27,1.1254301756928091,1.1202946192071874,1.120577706239906,123.70293185285763,1.0,1.0,1.0,124.27,-0.004573637383779514,0.0,-0.004573637383779514,True,False,False,True,1,1,False,False,False,False,False,902.0,902.0,902.0,0.0,0.0,-0.0,805.0,-805.0,-805.0,0.0,0.0,-0.0,-0.1599999999999966,-0.0014479640538883837,-144.31999999999692,-0.0,99743.16,0.0,99743.16,0.0,0.01999999999999602,0.00016095284116503835,-16.099999999996797,-0.0,-100021.25,-100021.25,0.0,-11.113472222222223,-160.4199999999937,0.0,-100021.25,-11.113472222222223,-160.4199999999937,0.0,-171.53347222221592,2674.7658641666753,-502.6310008333412,199764.41,-278.0899999999965
2026-06-22,2026-06-23,1,110.42,108.24,124.27,121.85,1.125739098300074,1.120577706239906,1.1208400515950425,121.29133092340743,1.0,1.0,1.0,121.85,-0.0045954347427144965,0.0,-0.0045954347427144965,True,False,False,True,1,1,False,False,False,False,False,920.0,920.0,902.0,18.0,18.0,-0.0,821.0,-821.0,-805.0,-16.0,0.0,16.0,-2.180000000000007,-0.019940292993365995,-1966.360000000006,-0.09,99598.84,0.0,99598.84,0.0,-2.4200000000000017,-0.01966583774668805,1948.1000000000013,-0.08,-100037.34999999999,-100037.34999999999,0.0,-2.7788152777777775,-18.260000000004766,-0.16999999999999998,-100037.34999999999,-2.7788152777777775,-18.260000000004766,0.0,-21.208815277782545,2653.557048888893,-523.8398161111236,199636.19,-438.50999999999476
2026-06-23,2026-06-24,1,108.24,107.13,121.85,120.56,1.1253617100718754,1.1208400515950425,1.120948886513156,120.0755947273769,1.0,1.0,1.0,120.56,-0.004026053813747447,0.0,-0.004026053813747447,True,False,False,True,1,1,False,False,False,False,False,929.0,929.0,920.0,9.0,9.0,-0.0,829.0,-829.0,-821.0,-8.0,0.0,8.0,-1.1099999999999994,-0.01030793358806583,-1021.1999999999995,-0.045,99580.79999999999,0.0,99580.79999999999,0.0,-1.289999999999992,-0.01064322575297519,1059.0899999999936,-0.04,-100038.84999999999,-100038.84999999999,0.0,-2.778856944444444,37.889999999994075,-0.08499999999999999,-100038.84999999999,-2.778856944444444,37.889999999994075,0.0,35.02614305554963,2688.5831919444427,-488.8136730555739,199619.64999999997,-458.0500000000029
2026-06-24,2026-06-25,1,107.13,107.52,120.56,121.04,1.1257440476190477,1.120948886513156,1.1211421781280435,120.52442427789454,1.0,1.0,1.0,121.04,-0.004268645985597838,0.0,-0.004268645985597838,True,False,False,True,1,1,False,False,False,False,False,926.0,926.0,929.0,-3.0,0.0,3.0,826.0,-826.0,-829.0,3.0,3.0,-0.0,0.39000000000000057,0.0036338265003726788,362.3100000000005,-0.015,99523.76999999999,0.0,99523.76999999999,0.0,0.480000000000004,0.003973515161860535,-397.9200000000033,-0.015,-99944.24,-99944.24,0.0,-2.776228888888889,-35.6100000000028,-0.03,-99944.24,-2.776228888888889,-35.6100000000028,0.0,-38.41622888889169,2650.166963055551,-527.2299019444654,199468.01,-420.4700000000157
2026-06-25,2026-06-26,1,107.52,105.5,121.04,118.81,1.1261611374407583,1.1211421781280435,1.1215599639269287,118.28049979250859,1.0,1.0,1.0,118.81,-0.004466657991730756,0.0,-0.004466657991730756,True,False,False,True,1,1,False,False,False,False,False,944.0,944.0,926.0,18.0,18.0,-0.0,842.0,-842.0,-826.0,-16.0,0.0,16.0,-2.019999999999996,-0.018965923858718172,-1870.5199999999963,-0.09,99563.51999999999,0.0,99563.51999999999,0.0,-2.230000000000004,-0.018595491009904482,1841.9800000000032,-0.08,-99979.04000000001,-99979.04000000001,0.0,-2.7771955555555556,-28.539999999993142,-0.16999999999999998,-99979.04000000001,-2.7771955555555556,-28.539999999993142,0.0,-31.4871955555487,2618.6797675000025,-558.717097500014,199542.56,-415.5200000000186
2026-06-26,2026-06-29,3,105.5,107.14,118.81,120.81,1.1275900690685086,1.1215599639269287,1.122120780978874,120.16393453513115,1.0,1.0,1.0,120.81,-0.005362131917810968,0.0,-0.005362131917810968,True,False,False,True,1,1,False,False,False,False,False,929.0,929.0,944.0,-15.0,0.0,15.0,828.0,-828.0,-842.0,14.0,14.0,-0.0,1.6400000000000006,0.01542543753669316,1548.1600000000005,-0.075,99592.0,0.0,99592.0,0.0,2.0,0.016693485061276537,-1684.0,-0.07,-100038.02,-100038.02,0.0,-8.336501666666667,-135.83999999999946,-0.14500000000000002,-100038.02,-8.336501666666667,-135.83999999999946,0.0,-144.32150166666614,2474.358265833336,-703.0385991666803,199630.02000000002,-446.0200000000041
2026-06-29,2026-06-30,1,107.14,107.82,120.81,121.74,1.129104062326099,1.122120780978874,1.1225447312394723,120.98706260514219,1.0,1.0,1.0,121.74,-0.006204003804113734,0.0,-0.006204003804113734,True,False,False,True,1,0,True,False,False,False,False,921.0,0.0,929.0,-929.0,0.0,929.0,821.0,0.0,-828.0,828.0,828.0,-0.0,0.6799999999999926,0.00632677957070822,631.7199999999931,-4.6450000000000005,99533.06,0.0,99533.06,0.0,0.9299999999999926,0.007668559534305923,-770.0399999999938,-4.14,-100030.68000000001,-100030.68000000001,0.0,-2.77863,-138.32000000000073,-8.785,-100030.68000000001,-2.77863,-138.32000000000073,0.0,-149.88363000000072,2324.4746358333355,-852.9222291666811,199563.74,-497.6200000000099
2026-06-30,2026-07-01,1,107.82,105.85,121.74,119.43,1.1282947567312236,1.1225447312394723,1.1230176233111788,118.82135980169814,1.0,1.0,1.0,119.43,-0.005109238602620122,0.0,-0.005109238602620122,True,False,False,True,0,1,False,True,False,False,False,940.0,940.0,0.0,940.0,940.0,-0.0,837.0,-837.0,0.0,-837.0,0.0,837.0,-1.9699999999999989,-0.0184401724426485,-0.0,-4.7,0.0,0.0,0.0,0.0,-2.309999999999988,-0.01915719738544279,-0.0,-4.1850000000000005,0.0,0.0,0.0,0.0,0.0,-8.885000000000002,0.0,0.0,0.0,0.0,-8.885000000000002,2315.5896358333353,-861.8072291666813,0.0,0.0
2026-07-01,2026-07-02,1,105.85,104.38,119.43,117.43,1.1250239509484576,1.1230176233111788,1.1232209494900651,117.22057952122084,1.0,1.0,1.0,117.43,-0.0017849564642782112,0.0,-0.0017849564642782112,False,False,False,True,1,1,False,False,False,False,False,957.0,957.0,940.0,17.0,17.0,-0.0,852.0,-852.0,-837.0,-15.0,0.0,15.0,-1.4699999999999989,-0.013984911365606988,-1381.7999999999988,-0.085,99499.0,0.0,99499.0,0.0,-2.0,-0.016888014303345755,1674.0,-0.075,-99962.91,-99962.91,0.0,-2.7767475000000004,292.2000000000012,-0.16,-99962.91,-2.7767475000000004,292.2000000000012,0.0,289.26325250000116,2604.8528883333365,-572.54397666668,199461.91,-463.9100000000035
2026-07-02,2026-07-06,4,104.38,105.33,117.43,118.19,1.1220924712807367,1.1232209494900651,1.1233343273856724,118.30886260978856,1.0,1.0,1.0,118.19,0.0010051855512970566,0.0,0.0010051855512970566,False,True,False,True,1,0,False,False,False,False,False,950.0,0.0,957.0,-957.0,0.0,957.0,846.0,0.0,-852.0,852.0,852.0,-0.0,0.9500000000000028,0.00906019263318333,909.1500000000027,-4.785,99891.65999999999,0.0,99891.65999999999,0.0,0.7599999999999909,0.006451087647159343,-647.5199999999923,-4.26,-100050.36,-100050.36,0.0,-11.116706666666667,261.63000000001045,-9.045,-100050.36,-11.116706666666667,261.63000000001045,0.0,241.4682933333438,2846.3211816666803,-331.0756833333362,199942.02,-158.70000000001164
2026-07-06,2026-07-07,1,105.33,103.85,118.19,116.3,1.1198844487241213,1.1233343273856724,1.1234271908938163,116.65826989900208,1.0,1.0,1.0,116.3,0.0030758314063332897,0.0,0.0030758314063332897,False,True,True,False,0,-1,False,False,True,False,False,966.0,-966.0,0.0,-966.0,0.0,966.0,860.0,860.0,0.0,860.0,860.0,-0.0,-1.480000000000004,-0.014150728526329254,-0.0,-4.83,0.0,0.0,0.0,0.0,-1.8900000000000006,-0.01612043949953046,-0.0,-4.3,0.0,0.0,0.0,0.0,0.0,-9.129999999999999,0.0,0.0,0.0,0.0,-9.129999999999999,2837.19118166668,-340.2056833333363,0.0,0.0
2026-07-07,2026-07-08,1,103.85,104.65,116.3,117.08,1.1187768752986142,1.1234271908938163,1.1233552351134646,117.56665552703788,1.0,1.0,1.0,117.08,0.004147991998615496,0.0,0.004147991998615496,False,True,True,False,-1,-1,False,False,False,False,False,959.0,-959.0,-966.0,7.0,7.0,-0.0,854.0,854.0,860.0,-6.0,0.0,6.0,0.8000000000000114,0.00767389856988759,-772.800000000011,-0.035,-100319.09999999999,-100319.09999999999,0.0,-2.7866416666666662,0.7800000000000011,0.006684402299066403,670.800000000001,-0.03,100018.0,0.0,100018.0,0.0,-102.00000000001,-0.065,-100319.09999999999,-2.7866416666666662,0.0,-102.00000000001,-104.85164166667667,2732.3395400000036,-445.05732500001295,200337.09999999998,-301.09999999999127
2026-07-08,2026-07-09,1,104.65,105.62,117.08,118.56,1.1225146752508994,1.1233552351134646,1.1234196391091007,118.64877993268414,1.0,1.0,1.0,118.56,0.0007485383707524666,0.0,0.0007485383707524666,False,True,False,True,-1,0,False,False,False,False,False,947.0,0.0,-959.0,959.0,959.0,-0.0,843.0,0.0,854.0,-854.0,0.0,854.0,0.9699999999999989,0.009226298386778426,-930.2299999999989,-4.795,-100359.35,-100359.35,0.0,-2.7877597222222223,1.480000000000004,0.012561699724091685,1263.9200000000035,-4.2700000000000005,99986.31999999999,0.0,99986.31999999999,0.0,333.6900000000046,-9.065000000000001,-100359.35,-2.7877597222222223,0.0,333.6900000000046,321.83724027778237,3054.176780277786,-123.2200847222307,200345.66999999998,-373.0300000000134
2026-07-09,2026-07-10,1,105.62,105.24,118.56,117.92,1.120486507031547,1.1234196391091007,1.1235470991356007,118.22868281984175,1.0,1.0,1.0,117.92,0.0026143105433964146,0.0,0.0026143105433964146,False,True,True,False,0,-1,False,False,True,False,False,953.0,-953.0,0.0,-953.0,0.0,953.0,848.0,848.0,0.0,848.0,848.0,-0.0,-0.38000000000000966,-0.0036042911066952385,-0.0,-4.765,0.0,0.0,0.0,0.0,-0.6400000000000006,-0.005412733106750335,-0.0,-4.24,0.0,0.0,0.0,0.0,0.0,-9.004999999999999,0.0,0.0,0.0,0.0,-9.004999999999999,3045.1717802777857,-132.2250847222308,0.0,0.0
2026-07-10,2026-07-13,3,105.24,103.86,117.92,116.38,1.1205468900442903,1.1235470991356007,1.1236428019032954,116.69160171622349,1.0,1.0,1.0,116.38,0.0026738727462391385,0.0,0.0026738727462391385,False,True,True,False,-1,-1,False,False,False,False,False,965.0,-965.0,-953.0,-12.0,0.0,12.0,859.0,859.0,848.0,11.0,11.0,-0.0,-1.3799999999999955,-0.013199617755919022,1315.1399999999958,-0.06,-100293.72,-100293.72,0.0,-8.35781,-1.5400000000000063,-0.013145729212502616,-1305.9200000000053,-0.055,99996.16,0.0,99996.16,0.0,9.219999999990478,-0.11499999999999999,-100293.72,-8.35781,0.0,9.219999999990478,0.7471899999904767,3045.918970277776,-131.4778947222403,200289.88,-297.5599999999977
2026-07-13,2026-07-14,1,103.86,104.14,116.38,116.57,1.1193585557902823,1.1236428019032954,1.1235899587347256,117.01616139020918,1.0,1.0,1.0,116.57,0.0038201058669818833,0.0,0.0038201058669818833,False,True,True,False,-1,-1,False,False,False,False,False,964.0,-964.0,-965.0,1.0,1.0,-0.0,858.0,858.0,859.0,-1.0,0.0,1.0,0.28000000000000114,0.002692309318580159,-270.20000000000107,-0.005,-100224.9,-100224.9,0.0,-2.7840249999999997,0.18999999999999773,0.0016312517032170128,163.20999999999805,-0.005,99970.42,0.0,99970.42,0.0,-106.99000000000302,-0.01,-100224.9,-2.7840249999999997,0.0,-106.99000000000302,-109.78402500000303,2936.134945277773,-241.26191972224342,200195.32,-254.47999999999593
2026-07-14,2026-07-15,1,104.14,103.59,116.57,116.0,1.119799208417801,1.1235899587347256,1.1234716928642792,116.39268382533022,1.0,1.0,1.0,116.0,0.0033794884813175435,0.0,0.0033794884813175435,False,True,True,False,-1,-1,False,False,False,False,False,969.0,-969.0,-964.0,-5.0,0.0,5.0,862.0,862.0,858.0,4.0,4.0,-0.0,-0.5499999999999972,-0.005295347664742353,530.1999999999973,-0.025,-100390.96,-100390.96,0.0,-2.7886377777777778,-0.5699999999999932,-0.004901759825376306,-489.05999999999415,-0.02,100017.06,0.0,100017.06,0.0,41.14000000000317,-0.045,-100390.96,-2.7886377777777778,0.0,41.14000000000317,38.30636222222539,2974.4413074999984,-202.95555750001813,200408.02000000002,-373.90000000000873
2026-07-15,2026-07-16,1,103.59,101.54,116.0,113.65,1.1192633444947804,1.1234716928642792,1.1233698253794822,114.07731569343892,1.0,1.0,1.0,113.65,0.0037528760541227736,0.0,0.0037528760541227736,False,True,True,False,-1,-1,False,False,False,False,False,989.0,-989.0,-969.0,-20.0,0.0,20.0,880.0,880.0,862.0,18.0,18.0,-0.0,-2.049999999999997,-0.019987990550762363,1986.4499999999973,-0.1,-100378.71,-100378.71,0.0,-2.7882975000000005,-2.3499999999999943,-0.020466640807812377,-2025.699999999995,-0.09,99992.0,0.0,99992.0,0.0,-39.249999999997726,-0.19,-100378.71,-2.7882975000000005,0.0,-39.249999999997726,-42.22829749999772,2932.213010000001,-245.18385500001568,200370.71000000002,-386.7100000000064
2026-07-16,2026-07-17,1,101.54,101.49,113.65,113.74,1.1207015469504384,1.1233698253794822,1.1232747219711159,114.01080357776364,1.0,1.0,1.0,113.74,0.0023780702516141765,0.0,0.0023780702516141765,False,True,True,False,-1,-1,False,False,False,False,False,987.0,-987.0,-989.0,2.0,2.0,-0.0,879.0,879.0,880.0,-1.0,0.0,1.0,-0.05000000000001137,-0.0004925380585215322,49.450000000011244,-0.01,-100423.06000000001,-100423.06000000001,0.0,-2.7895294444444447,0.0899999999999892,0.0007915915801013294,79.1999999999905,-0.005,100012.0,0.0,100012.0,0.0,128.65000000000174,-0.015,-100423.06000000001,-2.7895294444444447,0.0,128.65000000000174,125.84547055555731,3058.058480555558,-119.33838444445837,200435.06,-411.0600000000122
2026-07-17,2026-07-20,3,101.49,101.82,113.74,114.16,1.121194264388136,1.1232747219711159,1.123153389793525,114.37183219109902,1.0,1.0,1.0,114.16,0.001853853353699481,0.0,0.001853853353699481,False,True,False,False,-1,-1,False,False,False,False,False,984.0,-984.0,-987.0,3.0,3.0,-0.0,876.0,876.0,879.0,-3.0,0.0,3.0,0.3299999999999983,0.0032462770134631174,-325.70999999999833,-0.015,-100170.62999999999,-100170.62999999999,0.0,-8.347552499999999,0.4200000000000017,0.003685831289927292,369.1800000000015,-0.015,99977.45999999999,0.0,99977.45999999999,0.0,43.470000000003154,-0.03,-100170.62999999999,-8.347552499999999,0.0,43.470000000003154,35.09244750000315,3093.1509280555615,-84.24593694445502,200148.08999999997,-193.16999999999825
2026-07-20,2026-07-21,1,101.82,103.69,114.16,116.72,1.1256630340437843,1.123153389793525,1.1231650327110738,116.45977498769061,1.0,1.0,1.0,116.72,-0.0022319699069367834,0.0,-0.0022319699069367834,True,False,False,True,-1,1,False,True,False,False,True,963.0,963.0,-984.0,1947.0,1947.0,-0.0,857.0,-857.0,876.0,-1733.0,0.0,1733.0,1.8700000000000045,0.01819913009599687,-1840.0800000000045,-9.735,-100190.87999999999,-100190.87999999999,0.0,-2.78308,2.5600000000000023,0.022176931045949273,2242.560000000002,-8.665000000000001,100004.16,0.0,100004.16,0.0,402.47999999999774,-18.4,-100190.87999999999,-2.78308,0.0,402.47999999999774,381.2969199999978,3474.4478480555595,0.0,200195.03999999998,-186.7199999999866
2026-07-21,2026-07-22,1,103.69,104.0,116.72,116.51,1.1202884615384616,1.1231650327110738,1.122892500872993,116.80916340195168,1.0,1.0,1.0,116.51,0.0025644148687725666,0.0,0.0025644148687725666,False,True,True,False,1,-1,False,False,True,True,False,964.0,-964.0,963.0,-1927.0,0.0,1927.0,858.0,858.0,-857.0,1715.0,1715.0,-0.0,0.3100000000000023,0.0029852205711858194,298.5300000000022,-9.635,99853.47,0.0,99853.47,0.0,-0.20999999999999375,-0.001800797982680431,179.96999999999463,-8.575000000000001,-100029.04,-100029.04,0.0,-2.7785844444444443,478.4999999999968,-18.21,-100029.04,-2.7785844444444443,478.4999999999968,0.0,457.5114155555524,3931.959263611112,0.0,199882.51,-175.56999999999243
2026-07-22,2026-07-23,1,104.0,103.17,116.51,115.9,1.1233885819521179,1.122892500872993,1.1227938444670051,115.84881931506669,1.0,1.0,1.0,115.9,-0.0004416910163051152,0.0,-0.0004416910163051152,False,True,False,True,-1,0,False,False,False,False,False,969.0,0.0,-964.0,964.0,964.0,-0.0,863.0,0.0,858.0,-858.0,0.0,858.0,-0.8299999999999983,-0.008012786029088084,800.1199999999983,-4.82,-100256.0,-100256.0,0.0,-2.784888888888889,-0.6099999999999994,-0.005249355886143678,-523.3799999999995,-4.29,99965.58,0.0,99965.58,0.0,276.73999999999876,-9.11,-100256.0,-2.784888888888889,0.0,276.73999999999876,264.8451111111099,4196.804374722222,0.0,200221.58000000002,-290.41999999999825
2026-07-23,2026-07-24,1,103.17,101.48,115.9,113.75,1.1209105242412298,1.1227938444670051,1.1225521682981143,113.94111933651169,1.0,1.0,1.0,113.75,0.00167876008474596,0.0,0.00167876008474596,False,True,False,False,0,0,False,False,False,False,False,987.0,0.0,0.0,0.0,0.0,-0.0,879.0,0.0,0.0,0.0,0.0,-0.0,-1.6899999999999977,-0.01651637838120341,-0.0,-0.0,0.0,0.0,0.0,0.0,-2.1500000000000057,-0.01872469251464623,-0.0,-0.0,0.0,0.0,0.0,0.0,0.0,0.0,0.0,0.0,0.0,0.0,0.0,4196.804374722222,0.0,0.0,0.0
2026-07-24,2026-07-27,3,101.48,101.34,113.75,113.44,1.1194000394710875,1.1225521682981143,1.1222141133996308,113.75943673533091,1.0,1.0,1.0,113.44,0.0028119519168274725,0.0,0.0028119519168274725,False,True,True,False,0,-1,False,False,True,False,False,990.0,-990.0,0.0,-990.0,0.0,990.0,882.0,882.0,0.0,882.0,882.0,-0.0,-0.14000000000000057,-0.00138053468331741,-0.0,-4.95,0.0,0.0,0.0,0.0,-0.3100000000000023,-0.002728995047242432,-0.0,-4.41,0.0,0.0,0.0,0.0,0.0,-9.36,0.0,0.0,0.0,0.0,-9.36,4187.444374722222,-9.359999999999673,0.0,0.0
2026-07-27,2026-07-28,1,101.34,100.31,113.44,111.86,1.115143056524773,1.1222141133996308,1.1215917627724443,112.56929771511697,1.0,1.0,1.0,111.86,0.0063209223033436545,0.0,0.0063209223033436545,False,True,True,False,-1,-1,False,False,False,False,False,1003.0,-1003.0,-990.0,-13.0,0.0,13.0,894.0,894.0,882.0,12.0,12.0,-0.0,-1.0300000000000011,-0.010215809152369913,1019.7000000000012,-0.065,-100326.6,-100326.6,0.0,-2.7868500000000003,-1.5799999999999983,-0.014025973390375462,-1393.5599999999986,-0.06,100054.08,0.0,100054.08,0.0,-373.8599999999974,-0.125,-100326.6,-2.7868500000000003,0.0,-373.8599999999974,-376.7718499999974,3810.672524722225,-386.13184999999703,200380.68,-272.5200000000041
2026-07-28,2026-07-29,1,100.31,98.39,111.86,109.68,1.114747433682285,1.1215917627724443,1.1208739313402534,110.35341353918079,1.0,1.0,1.0,109.68,0.006121030719054367,0.0,0.006121030719054367,False,True,True,False,-1,-1,False,False,False,False,False,1023.0,-1023.0,-1003.0,-20.0,0.0,20.0,912.0,912.0,894.0,18.0,18.0,-0.0,-1.9200000000000017,-0.019326218017719696,1925.7600000000018,-0.1,-100610.93000000001,-100610.93000000001,0.0,-2.794748055555556,-2.1799999999999926,-0.019681054139382845,-1948.9199999999935,-0.09,100002.84,0.0,100002.84,0.0,-23.15999999999167,-0.19,-100610.93000000001,-2.794748055555556,0.0,-23.15999999999167,-26.144748055547225,3784.5277766666777,-412.2765980555441,200613.77000000002,-608.0900000000111
2026-07-29,2026-07-30,1,98.39,101.49,109.68,113.38,1.1171543994482216,1.1208739313402534,1.120316913476103,113.75749529172231,1.0,1.0,1.0,113.38,0.0033239394385571656,0.0,0.0033239394385571656,False,True,True,False,-1,-1,False,False,False,False,False,989.0,-989.0,-1023.0,34.0,34.0,-0.0,882.0,882.0,912.0,-30.0,0.0,30.0,3.0999999999999943,0.031021098583052645,-3171.2999999999943,-0.17,-100652.97,-100652.97,0.0,-2.7959158333333334,3.6999999999999886,0.033177973642098554,3374.3999999999896,-0.15,100028.16,0.0,100028.16,0.0,203.09999999999536,-0.32,-100652.97,-2.7959158333333334,0.0,203.09999999999536,199.98408416666203,3984.5118608333396,-212.29251388888224,200681.13,-624.8099999999977
2026-07-30,2026-07-31,1,101.49,101.85,113.38,113.23,1.11173294059892,1.120316913476103,1.1196523629586266,114.10427763754109,1.0,1.0,1.0,113.23,0.007691598089480975,0.0,0.007691598089480975,False,True,True,False,-1,0,True,False,False,False,False,989.0,0.0,-989.0,989.0,989.0,-0.0,883.0,0.0,882.0,-882.0,0.0,882.0,0.35999999999999943,0.003540871212087911,-356.03999999999945,-4.945,-100373.61,-100373.61,0.0,-2.7881558333333336,-0.14999999999999147,-0.0013238605702094433,-132.29999999999248,-4.41,100001.15999999999,0.0,100001.15999999999,0.0,-488.33999999999196,-9.355,-100373.61,-2.7881558333333336,0.0,-488.33999999999196,-500.4831558333253,3484.0287050000143,-712.7756697222076,200374.77,-372.45000000001164
2026-07-31,2026-08-03,3,101.85,103.3,113.23,115.11,1.1143272023233302,1.1196523629586266,1.119264099510756,115.66008909362613,1.0,1.0,1.0,115.11,0.004767430109100125,0.0,0.004767430109100125,False,True,True,False,0,-1,False,False,True,False,False,973.0,-973.0,0.0,-973.0,0.0,973.0,869.0,869.0,0.0,869.0,869.0,-0.0,1.4500000000000028,0.014136233452777987,0.0,-4.865,0.0,0.0,0.0,0.0,1.8799999999999955,0.016467044601022544,0.0,-4.345,0.0,0.0,0.0,0.0,0.0,-9.21,0.0,0.0,0.0,0.0,-9.21,3474.8187050000142,-721.9856697222076,0.0,0.0
2026-08-03,2026-08-04,1,103.3,105.35,115.11,117.12,1.1117228286663503,1.119264099510756,1.1188560185078675,117.91447288345813,1.0,1.0,1.0,117.12,0.006760505381360138,0.0,0.006760505381360138,False,True,True,False,-1,-1,False,False,False,False,False,956.0,-956.0,-973.0,17.0,17.0,-0.0,854.0,854.0,869.0,-15.0,0.0,15.0,2.049999999999997,0.01965076412460525,-1994.6499999999971,-0.085,-100510.9,-100510.9,0.0,-2.7919694444444443,2.010000000000005,0.01731085728603083,1746.6900000000044,-0.075,100030.59,0.0,100030.59,0.0,-247.95999999999276,-0.16,-100510.9,-2.7919694444444443,0.0,-247.95999999999276,-250.9119694444372,3223.906735555577,-972.8976391666447,200541.49,-480.3099999999977
2026-08-04,2026-08-05,1,105.35,104.34,117.12,116.09,1.1126126126126126,1.1188560185078675,1.1185478053735673,116.7414369711109,1.0,1.0,1.0,116.09,0.005595796507994782,0.0,0.005595796507994782,False,True,True,False,-1,-1,False,False,False,False,False,963.0,-963.0,-956.0,-7.0,0.0,7.0,861.0,861.0,854.0,7.0,7.0,-0.0,-1.009999999999991,-0.00963334265595126,965.5599999999913,-0.035,-100714.59999999999,-100714.59999999999,0.0,-2.7976277777777776,-1.0300000000000011,-0.008833297863057062,-879.620000000001,-0.035,100020.48000000001,0.0,100020.48000000001,0.0,85.93999999999028,-0.07,-100714.59999999999,-2.7976277777777776,0.0,85.93999999999028,83.07237222221251,3306.9791077777895,-889.8252669444323,200735.08000000002,-694.1199999999808
2026-08-05,2026-08-06,1,104.34,102.88,116.09,114.55,1.1134331259720063,1.1185478053735673,1.1180937279096228,115.07619821683261,1.0,1.0,1.0,114.55,0.00458309323564462,0.0,0.00458309323564462,False,True,True,False,-1,-1,False,False,False,False,False,976.0,-976.0,-963.0,-13.0,0.0,13.0,873.0,873.0,861.0,12.0,12.0,-0.0,-1.460000000000008,-0.014091537104937494,1405.9800000000077,-0.065,-100479.42,-100479.42,0.0,-2.7910950000000003,-1.5400000000000063,-0.01335434345043994,-1325.9400000000053,-0.06,99953.49,0.0,99953.49,0.0,80.04000000000246,-0.125,-100479.42,-2.7910950000000003,0.0,80.04000000000246,77.12390500000247,3384.103012777792,-812.7013619444297,200432.91,-525.929999999993
2026-08-06,2026-08-07,1,102.88,103.86,114.55,115.71,1.1140958983246678,1.1180937279096228,1.117774197474279,116.12521458069342,1.0,1.0,1.0,115.71,0.0035819840864037785,0.0,0.0035819840864037785,False,True,True,False,-1,-1,False,False,False,False,False,966.0,-966.0,-976.0,10.0,10.0,-0.0,864.0,864.0,873.0,-9.0,0.0,9.0,0.980000000000004,0.009480577926863699,-956.4800000000039,-0.05,-100410.87999999999,-100410.87999999999,0.0,-2.789191111111111,1.1599999999999966,0.01007565198874164,1012.679999999997,-0.045,100002.15,0.0,100002.15,0.0,56.19999999999311,-0.095,-100410.87999999999,-2.789191111111111,0.0,56.19999999999311,53.315808888882,3437.4188216666744,-759.3855530555475,200413.02999999997,-408.7299999999959
2026-08-07,2026-08-10,3,103.86,103.61,115.71,115.14,1.1112826947205867,1.117774197474279,1.1173109877080936,115.81258460031005,1.0,1.0,1.0,115.14,0.005824455291420816,0.0,0.005824455291420816,False,True,True,False,-1,-1,False,False,False,False,False,971.0,-971.0,-966.0,-5.0,0.0,5.0,869.0,869.0,864.0,5.0,5.0,-0.0,-0.25,-0.00240998815251247,241.5,-0.025,-100328.76,-100328.76,0.0,-8.36073,-0.5699999999999932,-0.004938281640582566,-492.4799999999941,-0.025,99973.43999999999,0.0,99973.43999999999,0.0,-250.9799999999941,-0.05,-100328.76,-8.36073,0.0,-250.9799999999941,-259.3907299999941,3178.02809166668,-1018.7762830555416,200302.19999999998,-355.320000000007
2026-08-10,2026-08-11,1,103.61,103.67,115.14,115.41,1.1132439471399633,1.1173109877080936,1.1170052572755778,115.83163009569806,1.0,1.0,1.0,115.41,0.003646666586514745,0.0,0.003646666586514745,False,True,True,False,-1,-1,False,False,False,False,False,968.0,-968.0,-971.0,3.0,3.0,-0.0,866.0,866.0,869.0,-3.0,0.0,3.0,0.060000000000002274,0.0005789270713603937,-58.26000000000221,-0.015,-100605.31,-100605.31,0.0,-2.7945919444444445,0.269999999999996,0.0023422261846498807,234.62999999999653,-0.015,100056.66,0.0,100056.66,0.0,176.36999999999432,-0.03,-100605.31,-2.7945919444444445,0.0,176.36999999999432,173.54540805554987,3351.5734997222303,-845.2308749999916,200661.97,-548.6499999999942
2026-08-11,2026-08-12,1,103.67,105.9,115.41,118.3,1.1170915958451368,1.1170052572755778,1.1168698766469443,118.2908567454837,1.0,1.0,1.0,118.3,-7.729169796862136e-05,0.0,-7.729169796862136e-05,False,True,False,True,-1,0,False,False,False,False,False,944.0,0.0,-968.0,968.0,968.0,-0.0,845.0,0.0,866.0,-866.0,0.0,866.0,2.230000000000004,0.02128247527234016,-2158.640000000004,-4.84,-100352.56,-100352.56,0.0,-2.787571111111111,2.8900000000000006,0.02473276555202761,2502.7400000000007,-4.33,99945.06,0.0,99945.06,0.0,344.0999999999967,-9.17,-100352.56,-2.787571111111111,0.0,344.0999999999967,332.1424288888856,3683.715928611116,-513.0884461111059,200297.62,-407.5
2026-08-12,2026-08-13,1,105.9,106.4,118.3,118.53,1.1140037593984962,1.1168698766469443,1.1166068973921301,118.83495487523487,1.0,1.0,1.0,118.53,0.002569503515630676,0.0,0.002569503515630676,False,True,True,False,0,-1,False,False,True,False,False,943.0,-943.0,0.0,-943.0,0.0,943.0,844.0,844.0,0.0,844.0,844.0,-0.0,0.5,0.004710324300183134,0.0,-4.715,0.0,0.0,0.0,0.0,0.23000000000000398,0.0019423221070680584,0.0,-4.22,0.0,0.0,0.0,0.0,0.0,-8.934999999999999,0.0,0.0,0.0,0.0,-8.934999999999999,3674.780928611116,-522.0234461111058,0.0,0.0
2026-08-13,2026-08-14,1,106.4,106.6,118.53,119.02,1.1165103189493433,1.1166068973921301,1.1163973359920756,119.03029526200106,1.0,1.0,1.0,119.02,8.649652793871678e-05,0.0,8.649652793871678e-05,False,True,False,True,-1,0,False,False,False,False,False,938.0,0.0,-943.0,943.0,943.0,-0.0,840.0,0.0,844.0,-844.0,0.0,844.0,0.19999999999998863,0.0018779348242001143,-188.59999999998928,-4.715,-100335.20000000001,-100335.20000000001,0.0,-2.787088888888889,0.4899999999999949,0.004125453125296804,413.5599999999957,-4.22,100039.32,0.0,100039.32,0.0,224.9600000000064,-8.934999999999999,-100335.20000000001,-2.787088888888889,0.0,224.9600000000064,213.2379111111175,3888.0188397222337,-308.78553499998816,200374.52000000002,-295.88000000000466
