date,FENY,IYE,VDE,XLE,FENY scalar,IYE scalar,VDE scalar,XLE scalar,FENY unit price div,FENY unit price no div,IYE unit price div,IYE unit price no div,VDE unit price div,VDE unit price no div,XLE unit price div,XLE unit price no div,max_unit_price,min_unit_price,pct_diff,max_sym,min_sym,max_unit_price_no,min_unit_price_no,pct_diff_no,max_sym_no,min_sym_no
6/25/2026,30.02,57.5,152.54,54.09,5.097790053,2.661110548,1,2.738800444,152.6225574,152.6610574,153.7158565,153.5063565,152.54,152.54,153.683716,153.705716,153.7158565,152.54,0.77%,IYE unit price div,VDE unit price div,153.705716,152.54,0.76%,XLE unit price no div,VDE unit price no div
6/26/2026,29.91,57.22,152.07,53.84,5.097790053,2.661110548,1,2.738800444,152.0618005,152.1003005,152.9707456,152.7612456,152.07,152.07,152.9990159,153.0210159,152.9990159,152.0618005,0.61%,XLE unit price div,FENY unit price div,153.0210159,152.07,0.62%,XLE unit price no div,VDE unit price no div
6/29/2026,29.76,56.97,151.28,53.58,5.097790053,2.661110548,1,2.738800444,151.297132,151.335632,152.3054679,152.0959679,151.28,151.28,152.2869278,152.3089278,152.3054679,151.28,0.68%,IYE unit price div,VDE unit price div,152.3089278,151.28,0.68%,XLE unit price no div,VDE unit price no div
6/30/2026,29.56,56.59,150.13,53.11,5.097790053,2.661110548,1,2.738800444,150.277574,150.316074,151.2942459,151.0847459,150.13,150.13,150.9996916,151.0216916,151.2942459,150.13,0.77%,IYE unit price div,VDE unit price div,151.0847459,150.13,0.63%,IYE unit price no div,VDE unit price no div
7/1/2026,29.38,56.29,149.33,52.81,5.097790053,2.661110548,1,2.738800444,149.3599718,149.3984718,150.4959127,150.2864127,149.33,149.33,150.1780515,150.2000515,150.4959127,149.33,0.78%,IYE unit price div,VDE unit price div,150.2864127,149.33,0.64%,IYE unit price no div,VDE unit price no div
7/2/2026,29.62,56.75,150.44,53.22,5.097790053,2.661110548,1,2.738800444,150.5834414,150.6219414,151.7200236,151.5105236,150.44,150.44,151.3009596,151.3229596,151.7200236,150.44,0.85%,IYE unit price div,VDE unit price div,151.5105236,150.44,0.71%,IYE unit price no div,VDE unit price no div
7/6/2026,29.54,56.67,150.15,53.13,5.097790053,2.661110548,1,2.738800444,150.1756182,150.2141182,151.5071348,151.2976348,150.15,150.15,151.0544676,151.0764676,151.5071348,150.15,0.90%,IYE unit price div,VDE unit price div,151.2976348,150.15,0.76%,IYE unit price no div,VDE unit price no div
7/7/2026,30.37,58.21,154.33,54.64,5.097790053,2.661110548,1,2.738800444,154.4067839,154.4452839,155.605245,155.395745,154.33,154.33,155.1900563,155.2120563,155.605245,154.33,0.82%,IYE unit price div,VDE unit price div,155.395745,154.33,0.69%,IYE unit price no div,VDE unit price no div
7/8/2026,30.88,59.12,156.94,55.6,5.097790053,2.661110548,1,2.738800444,157.0066568,157.0451568,158.0268556,157.8173556,156.94,156.94,157.8193047,157.8413047,158.0268556,156.94,0.69%,IYE unit price div,VDE unit price div,157.8413047,156.94,0.57%,XLE unit price no div,VDE unit price no div
7/9/2026,30.45,58.32,154.81,54.82,5.097790053,2.661110548,1,2.738800444,154.8146071,154.8531071,155.8979672,155.6884672,154.81,154.81,155.6830404,155.7050404,155.8979672,154.81,0.70%,IYE unit price div,VDE unit price div,155.7050404,154.81,0.58%,XLE unit price no div,VDE unit price no div
7/10/2026,30.6,58.6,155.5,55.08,5.097790053,2.661110548,1,2.738800444,155.5792756,155.6177756,156.6430781,156.4335781,155.5,155.5,156.3951285,156.4171285,156.6430781,155.5,0.73%,IYE unit price div,VDE unit price div,156.4335781,155.5,0.60%,IYE unit price no div,VDE unit price no div
7/13/2026,31.51,60.27,160.15,56.74,5.097790053,2.661110548,1,2.738800444,160.2182646,160.2567646,161.0871327,160.8776327,160.15,160.15,160.9415372,160.9635372,161.0871327,160.15,0.58%,IYE unit price div,VDE unit price div,160.9635372,160.15,0.51%,XLE unit price no div,VDE unit price no div
7/14/2026,31.65,60.5,160.91,56.95,5.097790053,2.661110548,1,2.738800444,160.9319552,160.9704552,161.6991882,161.4896882,160.91,160.91,161.5166853,161.5386853,161.6991882,160.91,0.49%,IYE unit price div,VDE unit price div,161.5386853,160.91,0.39%,XLE unit price no div,VDE unit price no div
7/15/2026,31.38,60.02,159.42,56.5,5.097790053,2.661110548,1,2.738800444,159.5555519,159.5940519,160.4218551,160.2123551,159.42,159.42,160.2842251,160.3062251,160.4218551,159.42,0.63%,IYE unit price div,VDE unit price div,160.3062251,159.42,0.55%,XLE unit price no div,VDE unit price no div
7/16/2026,31.63,60.53,160.76,57.02,5.097790053,2.661110548,1,2.738800444,160.8299994,160.8684994,161.7790215,161.5695215,160.76,160.76,161.7084013,161.7304013,161.7790215,160.76,0.63%,IYE unit price div,VDE unit price div,161.7304013,160.76,0.60%,XLE unit price no div,VDE unit price no div
7/17/2026,32.02,61.25,162.78,57.68,5.097790053,2.661110548,1,2.738800444,162.8181375,162.8566375,163.6950211,163.4855211,162.78,162.78,163.5160096,163.5380096,163.6950211,162.78,0.56%,IYE unit price div,VDE unit price div,163.5380096,162.78,0.46%,XLE unit price no div,VDE unit price no div
7/20/2026,32.16,61.53,163.48,57.94,5.097790053,2.661110548,1,2.738800444,163.5318281,163.5703281,164.440132,164.230632,163.48,163.48,164.2280977,164.2500977,164.440132,163.48,0.59%,IYE unit price div,VDE unit price div,164.2500977,163.48,0.47%,XLE unit price no div,VDE unit price no div
7/21/2026,32.56,62.18,165.52,58.5,5.097790053,2.661110548,1,2.738800444,165.5709441,165.6094441,166.1698539,165.9603539,165.52,165.52,165.761826,165.783826,166.1698539,165.52,0.39%,IYE unit price div,VDE unit price div,165.9603539,165.52,0.27%,IYE unit price no div,VDE unit price no div
7/22/2026,32.95,62.94,167.49,59.2,5.097790053,2.661110548,1,2.738800444,167.5590823,167.5975823,168.1922979,167.9827979,167.49,167.49,167.6789863,167.7009863,168.1922979,167.49,0.42%,IYE unit price div,VDE unit price div,167.9827979,167.49,0.29%,IYE unit price no div,VDE unit price no div
7/23/2026,33.07,63.23,168.17,59.38,5.097790053,2.661110548,1,2.738800444,168.1708171,168.2093171,168.96402,168.75452,168.17,168.17,168.1719704,168.1939704,168.96402,168.17,0.47%,IYE unit price div,VDE unit price div,168.75452,168.17,0.35%,IYE unit price no div,VDE unit price no div
7/24/2026,33.1,63.35,168.23,59.62,5.097790053,2.661110548,1,2.738800444,168.3237508,168.3622508,169.2833532,169.0738532,168.23,168.23,168.8292825,168.8512825,169.2833532,168.23,0.62%,IYE unit price div,VDE unit price div,169.0738532,168.23,0.50%,IYE unit price no div,VDE unit price no div
7/27/2026,32.38,62.04,164.52,58.36,5.097790053,2.661110548,1,2.738800444,164.6533419,164.6918419,165.7972984,165.5877984,164.52,164.52,165.3783939,165.4003939,165.7972984,164.52,0.77%,IYE unit price div,VDE unit price div,165.5877984,164.52,0.65%,IYE unit price no div,VDE unit price no div
7/28/2026,31.89,61.1,162.02,57.57,5.097790053,2.661110548,1,2.738800444,162.1554248,162.1939248,163.2958545,163.0863545,162.02,162.02,163.2147416,163.2367416,163.2958545,162.02,0.78%,IYE unit price div,VDE unit price div,163.2367416,162.02,0.75%,XLE unit price no div,VDE unit price no div
7/29/2026,32.48,62.24,165.14,58.65,5.097790053,2.661110548,1,2.738800444,165.1631209,165.2016209,166.3295205,166.1200205,165.14,165.14,166.1726461,166.1946461,166.3295205,165.14,0.72%,IYE unit price div,VDE unit price div,166.1946461,165.14,0.64%,XLE unit price no div,VDE unit price no div
7/30/2026,32.71,62.56,166.28,58.96,5.097790053,2.661110548,1,2.738800444,166.3356126,166.3741126,167.1810759,166.9715759,166.28,166.28,167.0216742,167.0436742,167.1810759,166.28,0.54%,IYE unit price div,VDE unit price div,167.0436742,166.28,0.46%,XLE unit price no div,VDE unit price no div
7/31/2026,33.05,63.14,167.97,59.55,5.097790053,2.661110548,1,2.738800444,168.0688613,168.1073613,168.72452,168.51502,167.97,167.97,168.6375665,168.6595665,168.72452,167.97,0.45%,IYE unit price div,VDE unit price div,168.6595665,167.97,0.41%,XLE unit price no div,VDE unit price no div
8/3/2026,32.63,62.47,165.87,58.79,5.097790053,2.661110548,1,2.738800444,165.9277894,165.9662894,166.9415759,166.7320759,165.87,165.87,166.5560781,166.5780781,166.9415759,165.87,0.64%,IYE unit price div,VDE unit price div,166.7320759,165.87,0.52%,IYE unit price no div,VDE unit price no div
8/4/2026,32.5,62.25,165.25,58.52,5.097790053,2.661110548,1,2.738800444,165.2650767,165.3035767,166.3561316,166.1466316,165.25,165.25,165.816602,165.838602,166.3561316,165.25,0.67%,IYE unit price div,VDE unit price div,166.1466316,165.25,0.54%,IYE unit price no div,VDE unit price no div
8/5/2026,31.79,60.91,161.57,57.31,5.097790053,2.661110548,1,2.738800444,161.6456458,161.6841458,162.7902435,162.5807435,161.57,161.57,162.5026535,162.5246535,162.7902435,161.57,0.75%,IYE unit price div,VDE unit price div,162.5807435,161.57,0.62%,IYE unit price no div,VDE unit price no div
8/6/2026,32.3,61.91,164.12,58.16,5.097790053,2.661110548,1,2.738800444,164.2455187,164.2840187,165.451354,165.241854,164.12,164.12,164.8306338,164.8526338,165.451354,164.12,0.81%,IYE unit price div,VDE unit price div,165.241854,164.12,0.68%,IYE unit price no div,VDE unit price no div
8/7/2026,31.95,61.23,162.37,57.5,5.097790053,2.661110548,1,2.738800444,162.4612922,162.4997922,163.6417989,163.4322989,162.37,162.37,163.0230255,163.0450255,163.6417989,162.37,0.78%,IYE unit price div,VDE unit price div,163.4322989,162.37,0.65%,IYE unit price no div,VDE unit price no div
8/10/2026,33.45,63.99,170.07,60.18,5.097790053,2.661110548,1,2.738800444,170.1079773,170.1464773,170.986464,170.776964,170.07,170.07,170.3630107,170.3850107,170.986464,170.07,0.54%,IYE unit price div,VDE unit price div,170.776964,170.07,0.41%,IYE unit price no div,VDE unit price no div
8/11/2026,33.82,64.67,171.96,60.93,5.097790053,2.661110548,1,2.738800444,171.9941596,172.0326596,172.7960191,172.5865191,171.96,171.96,172.4171111,172.4391111,172.7960191,171.96,0.48%,IYE unit price div,VDE unit price div,172.5865191,171.96,0.36%,IYE unit price no div,VDE unit price no div
8/12/2026,33.89,64.8,172.29,61.03,5.097790053,2.661110548,1,2.738800444,172.3510049,172.3895049,173.1419635,172.9324635,172.29,172.29,172.6909911,172.7129911,173.1419635,172.29,0.49%,IYE unit price div,VDE unit price div,172.9324635,172.29,0.37%,IYE unit price no div,VDE unit price no div
8/13/2026,33.89,64.77,172.3,61.06,5.097790053,2.661110548,1,2.738800444,172.3510049,172.3895049,173.0621302,172.8526302,172.3,172.3,172.7731551,172.7951551,173.0621302,172.3,0.44%,IYE unit price div,VDE unit price div,172.8526302,172.3,0.32%,IYE unit price no div,VDE unit price no div
8/14/2026,34.37,65.66,174.68,61.91,5.097790053,2.661110548,1,2.738800444,174.7979441,174.8364441,175.4305186,175.2210186,174.68,174.68,175.1011355,175.1231355,175.4305186,174.68,0.43%,IYE unit price div,VDE unit price div,175.2210186,174.68,0.31%,IYE unit price no div,VDE unit price no div
8/17/2026,34.74,66.26,176.62,62.58,5.097790053,2.661110548,1,2.738800444,176.6841265,176.7226265,177.0271849,176.8176849,176.62,176.62,176.9361318,176.9581318,177.0271849,176.62,0.23%,IYE unit price div,VDE unit price div,176.9581318,176.62,0.19%,XLE unit price no div,VDE unit price no div
8/18/2026,35.24,67.31,179.21,63.68,5.097790053,2.661110548,1,2.738800444,179.2330215,179.2715215,179.821351,179.611851,179.21,179.21,179.9488123,179.9708123,179.9488123,179.21,0.41%,XLE unit price div,VDE unit price div,179.9708123,179.21,0.42%,XLE unit price no div,VDE unit price no div
8/19/2026,35.22,67.29,179.06,63.58,5.097790053,2.661110548,1,2.738800444,179.1310657,179.1695657,179.7681288,179.5586288,179.06,179.06,179.6749322,179.6969322,179.7681288,179.06,0.39%,IYE unit price div,VDE unit price div,179.6969322,179.06,0.36%,XLE unit price no div,VDE unit price no div
8/20/2026,35.35,67.48,179.72,63.75,5.097790053,2.661110548,1,2.738800444,179.7937784,179.8322784,180.2737398,180.0642398,179.72,179.72,180.1405283,180.1625283,180.2737398,179.72,0.31%,IYE unit price div,VDE unit price div,180.1625283,179.72,0.25%,XLE unit price no div,VDE unit price no div
8/21/2026,35.32,67.36,179.58,63.64,5.097790053,2.661110548,1,2.738800444,179.6408447,179.6793447,179.9544065,179.7449065,179.58,179.58,179.8392603,179.8612603,179.9544065,179.58,0.21%,IYE unit price div,VDE unit price div,179.8612603,179.58,0.16%,XLE unit price no div,VDE unit price no div
8/24/2026,35.02,66.81,177.87,63.11,5.097790053,2.661110548,1,2.738800444,178.1115077,178.1500077,178.4907957,178.2812957,177.87,177.87,178.387696,178.409696,178.4907957,177.87,0.35%,IYE unit price div,VDE unit price div,178.409696,177.87,0.30%,XLE unit price no div,VDE unit price no div
8/25/2026,34.47,65.73,175.13,62.06,5.097790053,2.661110548,1,2.738800444,175.3077231,175.3462231,175.6167963,175.4072963,175.13,175.13,175.5119556,175.5339556,175.6167963,175.13,0.28%,IYE unit price div,VDE unit price div,175.5339556,175.13,0.23%,XLE unit price no div,VDE unit price no div
