date,FENY,VDE,VDE/FENY,VDE/FENY avg,VDE/FENY 10 dma,VDE/FENY 20 dma,FENY avg,FENY 10 dma,FENY 20 dma,avg diff,10 dma diff,20 dma diff,FENY div,VDE div,FENY*,VDE*,VDE*/FENY*,VDE*/FENY* avg,VDE*/FENY* 10 dma,VDE*/FENY* 20 dma,FENY* avg,FENY* 10 dma,FENY* 20 dma,avg diff*,10 dma diff*,20 dma diff*
2026-01-02,25.3,128.66,5.085375494071146,5.085845916633113,,,,,,,,,0.0,0.0,25.3,128.66,5.085375494071146,5.084784432355385,,,,,,,,
2026-01-05,25.9,131.63,5.082239382239383,5.085845916633113,,,131.72340924079762,,,-0.0007093832199405501,,,0.0,0.0,25.9,131.63,5.082239382239383,5.084784432355385,,,131.69591679800448,,,-0.000500648019631683,,
2026-01-06,25.26,128.43,5.084323040380047,5.085845916633113,,,128.46846785415246,,,-0.0002994790491455856,,,0.0,0.0,25.26,128.43,5.084323040380047,5.084784432355385,,,128.44165476129703,,,-9.074384883652597e-05,,
2026-01-07,24.99,127.1,5.086034413765506,5.085845916633113,,,127.09528945666149,,,3.7062396782405785e-05,,,0.0,0.0,24.99,127.1,5.086034413765506,5.084784432355385,,,127.06876296456107,,,0.00024579759709136075,,
2026-01-08,25.73,130.87,5.086280606296152,5.085845916633113,,,130.85881543497,,,8.54668219715875e-05,,,0.0,0.0,25.73,130.87,5.086280606296152,5.084784432355385,,,130.83150344450405,,,0.00029420202228069587,,
2026-01-09,25.8,131.2,5.085271317829457,5.085845916633113,,,131.21482464913433,,,-0.00011298636934806539,,,0.0,0.0,25.8,131.2,5.085271317829457,5.084784432355385,,,131.18743835476894,,,9.574883096092456e-05,,
2026-01-12,25.65,130.48,5.086939571150097,5.085845916633113,,,130.45194776163936,,,0.00021501574421479885,,,0.0,0.0,25.65,130.48,5.086939571150097,5.084784432355385,,,130.42472068991563,,,0.000423750944523782,,
2026-01-13,26.04,132.42,5.0852534562211975,5.085845916633113,,,132.43542766912626,,,-0.00011649879543335579,,,0.0,0.0,26.04,132.42,5.0852534562211975,5.084784432355385,,,132.40778661853423,,,9.223640487556935e-05,,
2026-01-14,26.62,135.35,5.084522915101427,5.085845916633113,,,135.3852183007735,,,-0.000260167858420435,,,0.0,0.0,26.62,135.35,5.084522915101427,5.084784432355385,,,135.35696158930037,,,-5.143265811151186e-05,,
2026-01-15,26.4,134.23,5.0844696969696965,5.085845916633113,5.085070989402411,,134.26633219911417,,,-0.0002706346044906217,,,0.0,0.0,26.4,134.23,5.0844696969696965,5.084784432355385,5.085070989402411,,134.23830901418216,,,-6.189940418168007e-05,,
2026-01-16,26.47,134.62,5.085757461276918,5.085845916633113,5.085109186122988,,134.6223414132785,134.6018290894818,,-1.7392608207621493e-05,0.00013498838936817356,,0.0,0.0,26.47,134.62,5.085757461276918,5.084784432355385,5.085109186122988,,134.59424392444703,134.6018290894818,,0.00019134259210134514,0.00013498838936817356,
2026-01-20,26.4,134.2,5.083333333333333,5.085845916633113,5.085218581232383,,134.26633219911417,134.24688251364688,,-0.0004941565664539358,-0.0003492870819325131,,0.0,0.0,26.4,134.2,5.083333333333333,5.084784432355385,5.085218581232383,,134.23830901418216,134.24688251364688,,-0.00028542136614503574,-0.0003492870819325131,
2026-01-21,27.07,137.68,5.0860731437015145,5.085845916633113,5.08539359156453,,137.6738489632584,137.65686699396062,,4.4677325309300615e-05,0.00016803420730662668,,0.0,0.0,27.07,137.68,5.0860731437015145,5.084784432355385,5.08539359156453,,137.64511458386028,137.65686699396062,,0.0002534125256183152,0.00016803420730662668,
2026-01-22,27.12,137.98,5.087758112094395,5.085845916633113,5.085565961397419,,137.92814125909004,137.91587420323006,,0.0003759130940028874,0.0004648550697603711,,0.0,0.0,27.12,137.98,5.087758112094395,5.084784432355385,5.085565961397419,,137.89935380547806,137.91587420323006,,0.0005846482943116352,0.0004648550697603711,
2026-01-23,27.25,138.69,5.08954128440367,5.085845916633113,5.08589202920817,,138.58930122825234,138.58167244807967,,0.0007263346072257171,0.0007813820753889319,,0.0,0.0,27.25,138.69,5.08954128440367,5.084784432355385,5.08589202920817,,138.56037578168426,138.58167244807967,,0.0009350698075345878,0.0007813820753889319,
2026-01-26,27.27,138.69,5.085808580858086,5.085845916633113,5.085945755511033,,138.691018146585,138.6922756365068,,-7.34114101841099e-06,-1.6407944607263e-05,,0.0,0.0,27.27,138.69,5.085808580858086,5.084784432355385,5.085945755511033,,138.66207147033134,138.6922756365068,,0.00020139405929082036,-1.6407944607263e-05,
2026-01-27,27.55,140.15,5.0871143375680585,5.085845916633113,5.08596323215283,,140.11505500324228,140.11780556432896,,0.0002493710601089646,0.00022974052084086027,,0.0,0.0,27.55,140.15,5.0871143375680585,5.084784432355385,5.08596323215283,,140.08581111139085,140.11780556432896,,0.00045810626041798113,0.00022974052084086027,
2026-01-28,27.72,141.06,5.088744588744589,5.085845916633113,5.086312345405169,,140.9796488090699,140.98290079527644,,0.000569786506565939,0.000546719711267972,,0.0,0.0,27.72,141.06,5.088744588744589,5.084784432355385,5.086312345405169,,140.95022446489128,140.98290079527644,,0.0007785217068746777,0.000546719711267972,
2026-01-29,28.03,142.64,5.088833392793435,5.085845916633113,5.086743393174369,,142.5562610432262,142.5693350417069,,0.0005872374264228662,0.0004955304827504839,,0.0,0.0,28.03,142.64,5.088833392793435,5.084784432355385,5.086743393174369,,142.52650763892146,142.5693350417069,,0.0007959726267320166,0.0004955304827504839,
2026-01-30,28.28,143.79,5.084512022630834,5.085845916633113,5.086747625740484,5.0859093075714465,143.82772252238445,143.85310315897115,,-0.0002623101404874296,-0.000438760111335744,,0.0,0.0,28.28,143.79,5.084512022630834,5.084784432355385,5.086747625740484,5.0859093075714465,143.7977037470103,143.85310315897115,,-5.357494017844046e-05,-0.000438760111335744,
2026-02-02,27.74,141.13,5.08759913482336,5.085845916633113,5.086931793095127,5.086020489609058,141.08136572740256,141.10637913804104,141.08312419203193,0.00034466558746518736,0.00016738353918983808,0.00033220147740028647,0.0,0.0,27.74,141.13,5.08759913482336,5.084784432355385,5.086931793095127,5.086020489609058,141.0519201535384,141.10637913804104,141.08312419203193,0.0005534007877739622,0.00016738353918983808,0.00033220147740028647
2026-02-03,28.59,145.49,5.088842252535852,5.085845916633113,5.087482685015379,5.086350633123882,145.40433475654072,145.43537996458969,145.40932579792295,0.0005889784413120306,0.0003754917227140799,0.0005546537718779449,0.0,0.0,28.59,145.49,5.088842252535852,5.084784432355385,5.087482685015379,5.086350633123882,145.37398692104045,145.43537996458969,145.40932579792295,0.000797713641621004,0.0003754917227140799,0.0005546537718779449
2026-02-04,29.18,148.4,5.085675119945168,5.085845916633113,5.087442882639745,5.086418237102137,148.40498384735426,148.45274474874876,148.41971147455487,-3.358331312442807e-05,-0.00035535968750057386,-0.00013281782726569732,0.0,0.0,29.18,148.4,5.085675119945168,5.084784432355385,5.087442882639745,5.086418237102137,148.37400973613015,148.45274474874876,148.41971147455487,0.00017515188718453568,-0.00035535968750057386,-0.00013281782726569732
2026-02-05,28.82,146.58,5.086051353226926,5.085845916633113,5.087272206752997,5.086419084075208,146.57407931736634,146.62010387767745,146.5905735932836,4.0392974563170895e-05,-0.0002735597798032342,-7.213270526153646e-05,0.0,0.0,28.82,146.58,5.086051353226926,5.084784432355385,5.087272206752997,5.086419084075208,146.54348734048222,146.62010387767745,146.5905735932836,0.00024912817487207157,-0.0002735597798032342,-7.213270526153646e-05
2026-02-06,29.46,149.89,5.087915818058383,5.085845916633113,5.08710966011847,5.08650084466332,149.82902070401153,149.8710392109433,149.84590621685564,0.0004069097562550493,0.00012650602714669084,0.00029421755984429857,0.0,0.0,29.46,149.89,5.087915818058383,5.084784432355385,5.08710966011847,5.08650084466332,149.79774937718966,149.8710392109433,149.84590621685564,0.0006156449565639752,0.00012650602714669084,0.00029421755984429857
2026-02-09,29.73,151.26,5.0877901109989905,5.085845916633113,5.0873078131325595,5.086626784321797,151.20219910150246,151.2397701953221,151.2216701118405,0.00038220246611215695,0.0001337508765376368,0.00025343610639594295,0.0,0.0,29.73,151.26,5.0877901109989905,5.084784432355385,5.0873078131325595,5.086626784321797,151.17064117392562,151.2397701953221,151.2216701118405,0.0005909376664209935,0.0001337508765376368,0.00025343610639594295
2026-02-10,29.66,150.82,5.08496291301416,5.085845916633113,5.08709267067717,5.0865279514149995,150.84618988733814,150.88954973751171,150.8693504229845,-0.00017363488705003362,-0.00046103770201618083,-0.00032716052691612104,0.0,0.0,29.66,150.82,5.08496291301416,5.084784432355385,5.08709267067717,5.0865279514149995,150.81470626366072,150.88954973751171,150.8693504229845,3.510031325884738e-05,-0.00046103770201618083,-0.00032716052691612104
2026-02-11,30.41,154.69,5.086813548174942,5.085845916633113,5.086899566620206,5.086605956012687,154.66057432481298,154.69848811529275,154.68131500253014,0.0001902416075352948,-5.487027230123196e-05,5.6146106965793896e-05,0.0,0.0,30.41,154.69,5.086813548174942,5.084784432355385,5.086899566620206,5.086605956012687,154.62829458792726,154.69848811529275,154.68131500253014,0.0003989768078442926,-5.487027230123196e-05,5.6146106965793896e-05
2026-02-12,29.81,151.59,5.085206306608521,5.085845916633113,5.086536858001714,5.086640125588042,151.6090667748331,151.64047608094833,151.6317235487382,-0.00012577066981806856,-0.0003329222185508503,-0.0002752015819527586,0.0,0.0,29.81,151.59,5.085206306608521,5.084784432355385,5.086536858001714,5.086640125588042,151.57742392851404,151.64047608094833,151.6317235487382,8.296453049096257e-05,-0.0003329222185508503,-0.0002752015819527586
2026-02-13,30.07,152.95,5.086464915197872,5.085845916633113,5.0867321472584175,5.08673988649945,152.9313867131577,152.95216332011154,152.95526857643245,0.00012170264470979421,-1.4143869321473673e-05,-3.444580381039593e-05,0.0,0.0,30.07,152.95,5.086464915197872,5.084784432355385,5.0867321472584175,5.08673988649945,152.89946788092644,152.95216332011154,152.95526857643245,0.00033043784501875695,-1.4143869321473673e-05,-3.444580381039593e-05
2026-02-17,29.73,151.14,5.083753784056508,5.085845916633113,5.086347612181733,5.08663970263843,151.20219910150246,151.22854673799276,151.22877682562867,-0.0004114483691974379,-0.0005856875093603994,-0.0005872089645739948,0.0,0.0,29.73,151.14,5.083753784056508,5.084784432355385,5.086347612181733,5.08663970263843,151.17064117392562,151.22854673799276,151.22877682562867,-0.0002027131688885962,-0.0005856875093603994,-0.0005872089645739948
2026-02-18,30.3,154.11,5.086138613861387,5.085845916633113,5.086077248314285,5.086779966664833,154.10113127398333,154.1163326491065,154.12518298994442,5.754968019804484e-05,-4.109090260372736e-05,-9.851561920612808e-05,0.0,0.0,30.3,154.11,5.086138613861387,5.084784432355385,5.086077248314285,5.086779966664833,154.06896830036817,154.1163326491065,154.12518298994442,0.0002662848805069281,-4.109090260372736e-05,-9.851561920612808e-05
2026-02-19,30.56,155.41,5.085405759162303,5.085845916633113,5.086050312235999,5.086746597437872,155.42345121230792,155.43052070848455,155.45199578127728,-8.654932256395114e-05,-0.00013203367738284883,-0.0002701892293216365,0.0,0.0,30.56,155.41,5.085405759162303,5.084784432355385,5.086050312235999,5.086746597437872,155.39101225278057,155.43052070848455,155.45199578127728,0.0001221858777449302,-0.00013203367738284883,-0.0002701892293216365
2026-02-20,30.42,154.75,5.087113740959895,5.085845916633113,5.086156551009296,5.0867143788811475,154.71143278397932,154.7176504982191,154.7388314940601,0.0002492537817936607,0.00020906548291332053,7.217388679794156e-05,0.0,0.0,30.42,154.75,5.087113740959895,5.084784432355385,5.086156551009296,5.0867143788811475,154.67914243225084,154.7176504982191,154.7388314940601,0.0004579889821025942,0.00020906548291332053,7.217388679794156e-05
2026-02-23,30.51,155.18,5.086201245493281,5.085845916633113,5.085985093752786,5.086547376935627,155.1691589164763,155.17863637129363,155.19565569966383,6.986378545993923e-05,8.7874384443672e-06,-0.00010088226566483231,0.0,0.0,30.51,155.18,5.086201245493281,5.084784432355385,5.085985093752786,5.086547376935627,155.13677303116282,155.17863637129363,155.19565569966383,0.0002785989857688721,8.7874384443672e-06,-0.00010088226566483231
2026-02-24,30.53,155.23,5.084507042253521,5.085845916633113,5.085656786878239,5.0864823000053985,155.27087583480895,155.27512491227256,155.2922914178447,-0.00026328966019940626,-0.0002906548650557902,-0.0004012041673134045,0.0,0.0,30.53,155.23,5.084507042253521,5.084784432355385,5.085656786878239,5.0864823000053985,155.23846871980993,155.27512491227256,155.2922914178447,-5.455445989059409e-05,-0.0002906548650557902,-0.0004012041673134045
2026-02-25,30.38,154.61,5.089203423304807,5.085845916633113,5.0860808379073035,5.086586754292236,154.50799894731398,154.5022531853609,154.527332274164,0.0006599489951115569,0.0006971371590259382,0.0005348284996731023,0.0,0.0,30.38,154.61,5.089203423304807,5.084784432355385,5.0860808379073035,5.086586754292236,154.4757510549566,154.5022531853609,154.527332274164,0.0008686841954206446,0.0006971371590259382,0.0005348284996731023
2026-02-26,30.5,155.2,5.088524590163934,5.085845916633113,5.086251942106203,5.086575754363205,155.11830045730997,155.12546555617274,155.14089600591322,0.0005265531839873873,0.00048036306093609296,0.00038089723631028324,0.0,0.0,30.5,155.2,5.088524590163934,5.084784432355385,5.086251942106203,5.086575754363205,155.08592518683926,155.12546555617274,155.14089600591322,0.0007352883842964349,0.00048036306093609296,0.00038089723631028324
2026-02-27,31.0,157.59,5.083548387096775,5.085845916633113,5.086086150155028,5.086311504078371,157.66122341562652,157.67381020529228,157.68384838525935,-0.0004518518029313137,-0.0005316830194498907,-0.000595345211865485,0.0,0.0,31.0,157.59,5.083548387096775,5.084784432355385,5.086086150155028,5.086311504078371,157.62831740301695,157.67381020529228,157.68384838525935,-0.00024311660262235751,-0.0005316830194498907,-0.000595345211865485
2026-03-02,31.63,160.89,5.086626620297186,5.085845916633113,5.08610232066496,5.086417233961688,160.86530634310537,160.87290492940352,160.88003287399889,0.00015349339362096722,0.0001062588033029456,6.195185993710243e-05,0.0,0.0,31.63,160.89,5.086626620297186,5.084784432355385,5.08610232066496,5.086417233961688,160.83173159540084,160.87290492940352,160.88003287399889,0.0003622285939298761,0.0001062588033029456,6.195185993710243e-05
2026-03-03,31.33,159.38,5.087136929460581,5.085845916633113,5.086440635205367,5.08639412369355,159.33955256811544,159.3475857064332,159.35745194001967,0.0002538120537368623,0.00020339810629636207,0.00014148359335063718,0.0,0.0,31.33,159.38,5.087136929460581,5.084784432355385,5.086440635205367,5.08639412369355,159.30629626569421,159.3475857064332,159.35745194001967,0.00046254725404570564,0.00020339810629636207,0.00014148359335063718
2026-03-04,31.22,158.85,5.088084561178731,5.085845916633113,5.086635229937102,5.086356239125694,158.78010951728578,158.79867663111156,158.7972245417126,0.0004400746764743589,0.0003231454944461354,0.0003322897522504469,0.0,0.0,31.22,158.85,5.088084561178731,5.084784432355385,5.086635229937102,5.086356239125694,158.74696997813513,158.79867663111156,158.7972245417126,0.0006488098767831126,0.0003231454944461354,0.0003322897522504469
2026-03-05,31.38,159.56,5.0847673677501595,5.085845916633113,5.086571390795887,5.086310851515943,159.59384486394708,159.61861351542623,159.60985878376425,-0.00021209121944551102,-0.0003672772147202855,-0.00031242789879848155,0.0,0.0,31.38,159.56,5.0847673677501595,5.084784432355385,5.086571390795887,5.086310851515943,159.560535487312,159.61861351542623,159.60985878376425,-3.3560191366327905e-06,-0.0003672772147202855,-0.00031242789879848155
2026-03-06,31.37,159.62,5.088300924450111,5.085845916633113,5.086690109144909,5.0864233300771025,159.54298640478078,159.565744529267,159.55757141205515,0.0004825972935110658,0.00033996174444171623,0.00039118405760629423,0.0,0.0,31.37,159.62,5.088300924450111,5.084784432355385,5.086690109144909,5.0864233300771025,159.50968764298844,159.565744529267,159.55757141205515,0.0006913324938201742,0.00033996174444171623,0.00039118405760629423
2026-03-09,31.28,159.08,5.085677749360614,5.085845916633113,5.086637759531642,5.086311426642213,159.0852602722838,159.11166661405275,159.10332176481177,-3.3066289385286945e-05,-0.00019904112822476756,-0.0001465932577745583,0.0,0.0,31.28,159.08,5.085677749360614,5.084784432355385,5.086637759531642,5.086311426642213,159.05205704407646,159.11166661405275,159.10332176481177,0.00017566891092362158,-0.00019904112822476756,-0.0001465932577745583
2026-03-10,30.89,157.15,5.0874069278083525,5.085845916633113,5.086927748087125,5.086292267482682,157.10178036479687,157.1262403919324,157.11615996897797,0.00030688536132134113,0.0001512020640391569,0.00021535905206060069,0.0,0.0,30.89,157.15,5.0874069278083525,5.084784432355385,5.086927748087125,5.086292267482682,157.06899111545786,157.1262403919324,157.11615996897797,0.0005156205616303122,0.0001512020640391569,0.00021535905206060069
2026-03-11,31.63,160.91,5.0872589313942465,5.085845916633113,5.0867332988960685,5.086407068401686,160.86530634310537,160.89952467199575,160.87942442047722,0.00027779420173634,6.510265983348675e-05,0.0001900347077587373,0.0,0.0,31.63,160.91,5.0872589313942465,5.084784432355385,5.0867332988960685,5.086407068401686,160.83173159540084,160.89952467199575,160.87942442047722,0.000486529402045295,6.510265983348675e-05,0.0001900347077587373
2026-03-12,31.88,162.15,5.086260978670013,5.085845916633113,5.086506937746678,5.08637943992644,162.13676782226364,162.16505756880665,162.15465734064577,8.16078795480406e-05,-9.285766088277732e-05,-2.8722009016276008e-05,0.0,0.0,31.88,162.15,5.086260978670013,5.084784432355385,5.086506937746678,5.08637943992644,162.10292770348968,162.16505756880665,162.15465734064577,0.0002903430798567605,-9.285766088277732e-05,-2.8722009016276008e-05
2026-03-13,31.99,162.78,5.088465145357925,5.085845916633113,5.086998613572792,5.08654238186391,162.6962108730933,162.71735693851622,162.7132782832468,0.0005148709857037917,0.0003849067337835078,0.00040997293731928066,0.0,0.0,31.99,162.78,5.088465145357925,5.084784432355385,5.086998613572792,5.08654238186391,162.66225399104877,162.71735693851622,162.7132782832468,0.000723606186012707,0.0003849067337835078,0.00040997293731928066
2026-03-16,32.08,163.2,5.087281795511222,5.085845916633113,5.087064131094196,5.086583225879577,163.15393700559028,163.19091552341516,163.17627961019423,0.00028228857992796384,5.5666234292250286e-05,0.00014535608945506854,0.0,0.0,32.08,163.2,5.087281795511222,5.084784432355385,5.087064131094196,5.086583225879577,163.11988458996075,163.19091552341516,163.17627961019423,0.0004910237802370137,5.5666234292250286e-05,0.00014535608945506854
2026-03-17,32.47,165.13,5.085617493070527,5.085845916633113,5.08691218745519,5.086676411330279,165.13741691307717,165.17697233662852,165.16135734430986,-4.4914591622482135e-05,-0.0002844162605038964,-0.00018987686905405627,0.0,0.0,32.47,165.13,5.085617493070527,5.084784432355385,5.08691218745519,5.086676411330279,165.10295051857935,165.17697233662852,165.16135734430986,0.00016382060868653787,-0.0002844162605038964,-0.00018987686905405627
2026-03-18,32.5,165.23,5.084,5.085845916633113,5.086503731337317,5.086569480637209,165.28999229057618,165.32464609229368,165.31698336823408,-0.0003630176245573302,-0.0005726502168339584,-0.0005262995859501152,0.0,0.0,32.5,165.23,5.084,5.084784432355385,5.086503731337317,5.086569480637209,165.25549405155002,165.32464609229368,165.31698336823408,-0.00015428242424834506,-0.0005726502168339584,-0.0005262995859501152
2026-03-19,33.01,167.89,5.086034534989397,5.085845916633113,5.086630448061241,5.086600919428564,167.88377370805907,167.90548817144483,167.90765855583427,3.7086231440054286e-05,-9.22476447802122e-05,-0.0001051737878489527,0.0,0.0,33.01,167.89,5.086034534989397,5.084784432355385,5.086630448061241,5.086600919428564,167.84873411205126,167.90548817144483,167.90765855583427,0.000245821431749193,-9.22476447802122e-05,-0.0001051737878489527
2026-03-20,32.8,167.77,5.114939024390245,5.085845916633113,5.089294258055254,5.087992183600081,166.81574606556612,166.8414786964087,166.8405101572569,0.00570410744044618,0.005549861531867783,0.005555666694772261,0.187,0.0,32.986999999999995,167.77,5.085942947221634,5.084784432355385,5.086394650338393,5.08654237974165,167.73178407010707,167.79267859019612,167.79170452919,0.00022781357281985472,-0.00013516753606752753,-0.00012936237316305859
2026-03-23,33.15,169.43,5.111010558069382,5.085845916633113,5.091827538926131,5.089232649228887,168.5957921363877,168.71010465453168,168.66694088634267,0.004935774586378479,0.0042579772302820795,0.004513855743625003,0.187,0.0,33.336999999999996,169.43,5.082340942496327,5.084784432355385,5.086060969651965,5.086349364591803,169.51145862143144,169.565138458331,169.57006331344738,-0.00048066485186614425,-0.0007972885163142997,-0.0008263321254176467
2026-03-24,33.85,172.12,5.084785819793205,5.085845916633113,5.091565428124616,5.089246588105871,172.1558842780309,172.35836219264954,172.27052517639783,-0.0002084623396500363,-0.0013839024847578402,-0.0008741540488431543,0.0,0.0,33.85,172.12,5.084785819793205,5.084784432355385,5.08579885885045,5.086363303468788,172.1199530352298,172.163163822719,172.17292599143255,2.728606588113514e-07,-0.0002507460572041548,-0.00030744745450133904
2026-03-25,33.71,171.44,5.085731237021655,5.085845916633113,5.091412658687357,5.089072978791713,171.44386584970226,171.6366705820808,171.5585024850489,-2.2549032412714582e-05,-0.0011465110891425063,-0.0006909796334694427,0.0,0.0,33.71,171.44,5.085731237021655,5.084784432355385,5.08564608941319,5.08618969415463,171.40808321470004,171.44227953184867,171.46130695993287,0.0001861861678961589,-1.329629429562201e-05,-0.0001242745917137951
2026-03-26,34.23,174.14,5.087350277534327,5.085845916633113,5.091521588573788,5.089014263160232,174.08850572635146,174.27905530686823,174.19896806404034,0.00029574990661076524,-0.0007982072859295626,-0.00033856714298352906,0.0,0.0,34.23,174.14,5.087350277534327,5.084784432355385,5.085755019299621,5.086130978523149,174.05217111952481,174.0816656406135,174.10027323091296,0.000504485106919645,0.0003350415306574497,0.00022815723690303762
2026-03-27,34.79,176.95,5.086231675768899,5.085845916633113,5.0912982416148855,5.089148427593839,176.93657943966602,177.13403606648208,177.04680621534447,7.584667585672354e-05,-0.0010395051135235892,-0.0005469327183634474,0.0,0.0,34.79,176.95,5.086231675768899,5.084784432355385,5.08553167234072,5.086265142956756,176.89965040164384,176.93341712143382,176.94649674282036,0.000284581876165785,9.371944417852187e-05,1.9798202084395932e-05
2026-03-30,34.41,175.0,5.0857308921825055,5.085845916633113,5.091143151282014,5.089103641188105,175.0039579913454,175.19157249396818,175.11759739350398,-2.2616837639707415e-05,-0.0010941012184509879,-0.0006717594248429958,0.0,0.0,34.41,175.0,5.0857308921825055,5.084784432355385,5.085376582007847,5.0862203565510224,174.9674323173488,174.99314484524413,175.01838356914195,0.00018611836266920593,3.9173080145680795e-05,-0.00010504344926907752
2026-03-31,34.02,173.04,5.086419753086419,5.085845916633113,5.091223377283604,5.089067782369397,173.02047808385854,173.20069000661414,173.13130587321936,0.00011282372532263624,-0.0009281983475020399,-0.0005275184498980529,0.0,0.0,34.02,173.04,5.086419753086419,5.084784432355385,5.085456808009437,5.086184497732313,172.98436638873022,173.00451131990698,173.0332165298658,0.00032155892563160544,0.0002051104933412404,3.92025144451568e-05
2026-04-01,32.8,166.8,5.085365853658537,5.085845916633113,5.091359962649458,5.088931846993387,166.81574606556612,166.99212677490218,166.9214232617162,-9.439641721648918e-05,-0.0011511763202793912,-0.0007276923722042908,0.0,0.0,32.8,166.8,5.085365853658537,5.084784432355385,5.085593393375291,5.086048562356304,166.7809293812566,166.80298330270952,166.82685152561987,0.00011433878309250511,-1.788534790696454e-05,-0.0001609674134744003
2026-04-02,33.04,168.06,5.086561743341405,5.085845916633113,5.091412683484658,5.089021565772949,168.03634908555807,168.21853316593808,168.1383082246615,0.00014073889552994423,-0.0009428682597739352,-0.00046584544991412684,0.0,0.0,33.04,168.06,5.086561743341405,5.084784432355385,5.085646114210491,5.086138281135866,168.00127764502193,168.0280057171196,168.04304450025228,0.0003494740958389053,0.00019039229269003836,0.00010089465144433492
2026-04-06,33.27,169.13,5.0835587616471285,5.085845916633113,5.088274657210347,5.0887844576328005,169.2060936463837,169.3912999795346,169.31174749326604,-0.0004498109961997333,-0.001543773059156707,-0.0010740253652696515,0.0,0.0,33.27,169.13,5.0835587616471285,5.084784432355385,5.085407695653041,5.085901172995717,169.1707780644637,169.19944621978306,169.21582061339026,-0.0002410757958908309,-0.0004105242480919659,-0.0005072952582962083
2026-04-07,33.54,170.54,5.084675014907573,5.085845916633113,5.085641102894166,5.088734320910148,170.57927204387462,170.66073200283503,170.67783070900413,-0.0002302540329242124,-0.0007076890319967607,-0.0008078752286429684,0.0,0.0,33.54,170.54,5.084675014907573,5.084784432355385,5.085641102894165,5.0858510362730645,170.54366986119962,170.564574112203,170.58112534227635,-2.1518832615207418e-05,-0.00014408550403913623,-0.0002411187078158193
2026-04-08,32.4,164.78,5.085802469135802,5.085845916633113,5.0857427678284255,5.088654097976521,164.78140769891286,164.77477173377096,164.8749919974888,-8.542862604546212e-06,3.172927038491007e-05,-0.0005763116131952736,0.0,0.0,32.4,164.78,5.085802469135802,5.084784432355385,5.0857427678284255,5.085770813339437,164.74701560831448,164.77477173377093,164.78157357524728,0.00020019233770425372,3.172927038491007e-05,-9.549506820396137e-06
2026-04-09,31.99,162.73,5.0869021569240385,5.085845916633113,5.0858598598186635,5.088636259253009,162.6962108730933,162.69291114283132,162.7860445942689,0.00020766075933132753,0.0002279425084053987,-0.00034434305622346506,0.0,0.0,31.99,162.73,5.0869021569240385,5.084784432355385,5.0858598598186635,5.085752974615927,162.66225399104877,162.69291114283132,162.69380831872857,0.0004163959596404411,0.0002279425084053987,0.0002224279877223994
2026-04-10,31.82,161.79,5.084538026398492,5.085845916633113,5.08557863470508,5.088550111639433,161.83161706726568,161.83206073942986,161.92040576943077,-0.00025719584416056317,-0.00025993740705193227,-0.0008056940658126456,0.0,0.0,31.82,161.79,5.084538026398492,5.084784432355385,5.08557863470508,5.085666827002351,161.79784063754835,161.83206073942986,161.8286596522788,-4.846064385140615e-05,-0.00025993740705193227,-0.0002389210344313342
2026-04-13,31.91,162.31,5.08649326230022,5.085845916633113,5.085604793358212,5.088451517486549,162.28934319976264,162.28081423343912,162.37563406241432,0.00012727567506226666,0.00017983113113331987,-0.0004042929924994193,0.0,0.0,31.91,162.31,5.08649326230022,5.084784432355385,5.085604793358212,5.085568232849465,162.25547123646035,162.28081423343912,162.28362844964502,0.00033601087537106153,0.00017983113113331987,0.00016248963689739115
2026-04-14,31.2,158.69,5.086217948717949,5.085845916633113,5.085653499011756,5.088398325146885,158.67839259895314,158.67086955277622,158.75968734558032,7.314780754934504e-05,0.00012055958426061428,-0.0004390449855688661,0.0,0.0,31.2,158.69,5.086217948717949,5.084784432355385,5.085653499011757,5.085515040509802,158.64527428948801,158.67086955277622,158.6697288649033,0.0002818830078582653,0.00012055958426061428,0.00012774862895663464
2026-04-15,31.15,158.45,5.086677367576244,5.085845916633113,5.085679260460738,5.088451318872171,158.42410030312146,158.4181064942162,158.50360782832547,0.00016346995170282748,0.00020130461373565984,-0.0003382692451678337,0.0,0.0,31.15,158.45,5.086677367576244,5.084784432355385,5.085679260460739,5.085568034235088,158.39103506787023,158.41810649421623,158.41379351188033,0.00037220515201165025,0.00020130461373543785,0.00022853029609939883
2026-04-16,31.65,160.93,5.084676145339653,5.085845916633113,5.085610289628851,5.088485126139154,160.96702326143804,160.96174859358234,161.04948424230423,-0.0002300317115466325,-0.0001972625506804759,-0.0007421854722831963,0.0,0.0,31.65,160.93,5.084676145339653,5.084784432355385,5.085610289628851,5.08560184150207,160.93342728404792,160.96174859358237,160.95822828354054,-2.1296511237538422e-05,-0.000197262550680698,-0.0001753918356282606
2026-04-17,30.69,156.07,5.0853698273053105,5.085845916633113,5.085491098025241,5.088451890754949,156.08461118147025,156.07737978870944,156.16560852121063,-9.361502894757283e-05,-4.7284002292834654e-05,-0.0006124126883003737,0.0,0.0,30.69,156.07,5.0853698273053105,5.084784432355385,5.0854910980252415,5.0855686061178655,156.05203422898677,156.07737978870944,156.07712051569854,0.00011512017136146824,-4.7284002292834654e-05,-4.562281841978626e-05
2026-04-20,30.77,156.45,5.084497887552811,5.085845916633113,5.08558501061581,5.086929833913078,156.4914788548009,156.48056108623666,156.57166467852977,-0.0002650901708243728,-0.00019532183899036875,-0.0007773563199300826,0.0,0.0,30.77,156.45,5.084497887552811,5.084784432355385,5.085585010615809,5.085496353134426,156.4588169835752,156.4805610862367,156.4829460102467,-5.635497051520179e-05,-0.00019532183899059085,-0.00021056274699409732
2026-04-21,31.22,158.69,5.082959641255606,5.085845916633113,5.085413473250613,5.085527288072389,158.78010951728578,158.77196403142557,158.81394941476628,-0.0005676724642998446,-0.0005163707311952654,-0.000780774042599939,0.0,0.0,31.22,158.69,5.082959641255606,5.084784432355385,5.085413473250613,5.085527288072389,158.74696997813513,158.77196403142554,158.76919614485678,-0.0003589372639910342,-0.0005163707311951544,-0.000498937485266991
2026-04-22,31.62,160.75,5.083807716635041,5.085845916633113,5.085213998000536,5.085478382914481,160.81444788393904,160.8007740241844,160.80437284884894,-0.00040083961536207786,-0.0003158071987882446,-0.0003381875910157766,0.0,0.0,31.62,160.75,5.083807716635041,5.084784432355385,5.085213998000536,5.085478382914481,160.78088375107728,160.8007740241844,160.80437284884894,-0.0001921044150531455,-0.0003158071987882446,-0.0003381875910157766
2026-04-23,31.86,162.04,5.086001255492781,5.085845916633113,5.08512390785741,5.085491883838037,162.035050903931,162.01491797629708,162.02334127965534,3.0542900822459886e-05,0.00015480106834757292,0.00010281150773507777,0.0,0.0,31.86,162.04,5.086001255492781,5.084784432355385,5.08512390785741,5.085491883838037,162.00123201484257,162.01491797629708,162.02334127965534,0.00023927810113135947,0.00015480106834757292,0.00010281150773507777
2026-04-24,31.8,161.72,5.0855345911949685,5.085845916633113,5.085223564337058,5.08540109952107,161.729900148933,161.70694026986564,161.71864190604958,-6.121596532601154e-05,8.075845586995748e-05,8.397845986615636e-06,0.0,0.0,31.8,161.72,5.0855345911949685,5.084784432355385,5.085223564337058,5.08540109952107,161.69614494890126,161.70694026986564,161.71864190604958,0.0001475192349829726,8.075845586995748e-05,8.397845986615636e-06
2026-04-27,31.83,161.89,5.086082312284009,5.085845916633113,5.085182469335438,5.085393631346824,161.882475526432,161.86266605284854,161.86831699775564,4.648000764813675e-05,0.00016885697066000612,0.00013394560780904445,0.0,0.0,31.83,161.89,5.086082312284009,5.084784432355385,5.085182469335438,5.085393631346824,161.8486884818719,161.86266605284854,161.86831699775564,0.00025521520795709126,0.00016885697066000612,0.00013394560780904445
2026-04-28,32.32,164.43,5.087561881188119,5.085845916633113,5.085316862582454,5.0854851807971055,164.37454002558223,164.35309740892134,164.35992216512938,0.00033734312147506605,0.00046780137474925924,0.00042627727437820253,0.0,0.0,32.32,164.43,5.087561881188119,5.084784432355385,5.085316862582454,5.0854851807971055,164.34023285372606,164.35309740892134,164.35992216512938,0.0005460783217840926,0.00046780137474925924,0.00042627727437820253
2026-04-29,33.05,168.13,5.08714069591528,5.085845916633113,5.085363195416358,5.085521227938548,168.08720754472438,168.0697223083501,168.07528522534432,0.0002545524413766315,0.00035858264178166365,0.0003254843248644771,0.0,0.0,33.05,168.13,5.08714069591528,5.084784432355385,5.085363195416358,5.085521227938548,168.05212548934546,168.0697223083501,168.07528522534432,0.00046328764168564483,0.00035858264178166365,0.0003254843248644771
2026-04-30,33.33,169.58,5.087908790879089,5.085845916633113,5.085686459970302,5.085648374799576,169.51124440138165,169.4951553032272,169.5004225271918,0.00040552860444400824,0.0005004477456788031,0.000469372272666824,0.0,0.0,33.33,169.58,5.087908790879089,5.084784432355385,5.085686459970301,5.085648374799576,169.47586513040497,169.4951553032272,169.5004225271918,0.0006142638047527908,0.0005004477456788031,0.000469372272666824
2026-05-01,32.92,167.52,5.088699878493317,5.085845916633113,5.086019465089103,5.085755281557171,167.4260475755621,167.42079826222235,167.41954449840205,0.0005610003615927087,0.0005923538798083046,0.000599842605987163,0.0,0.0,32.92,167.52,5.088699878493317,5.084784432355385,5.086019465089102,5.085755281557171,167.39110351313929,167.42079826222232,167.41954449840205,0.0007697355619017105,0.0005923538798083046,0.000599842605987163
2026-05-04,33.25,169.25,5.090225563909774,5.085845916633113,5.086592232724799,5.086088621670305,169.10437672805102,169.11014721421267,169.10136311177595,0.0008607737387562774,0.0008266505077669812,0.0008785949399964743,0.0,0.0,33.25,169.25,5.090225563909774,5.084784432355385,5.086592232724798,5.086088621670305,169.06908237581655,169.11014721421265,169.10136311177595,0.0010695089390652616,0.000826650507767203,0.0008785949399964743
2026-05-05,33.25,169.23,5.089624060150376,5.085845916633113,5.087258674614275,5.086336073932444,169.10437672805102,169.12919173809956,169.11244667053762,0.0007425983663662977,0.0005958653841516863,0.0006948778395926752,0.0,0.0,33.25,169.23,5.089624060150376,5.084784432355385,5.087258674614275,5.086336073932444,169.06908237581655,169.12919173809954,169.11244667053762,0.0009513335666754021,0.0005958653841519082,0.0006948778395926752
2026-05-06,31.94,162.43,5.085472761427677,5.085845916633113,5.087425179093539,5.086319588547037,162.44191857726165,162.48704206717994,162.45757420140228,-7.33740073268488e-05,-0.00035111773394861507,-0.00016974611316709725,0.0,0.0,31.94,162.43,5.085472761427677,5.084784432355385,5.087425179093539,5.086319588547038,162.40801476943102,162.48704206717994,162.45757420140228,0.00013536119298211607,-0.00035111773394861507,-0.00016974611316709725
2026-05-07,31.32,159.31,5.086526181353768,5.085845916633113,5.087477671679638,5.086300789768524,159.2886941089491,159.33815660920965,159.3035295132932,0.0001337475104361762,-0.00017672538628525075,4.061652195117e-05,0.0,0.0,31.32,159.31,5.086526181353768,5.084784432355385,5.087477671679638,5.086300789768524,159.25544842137066,159.33815660920965,159.30352951329323,0.00034248271074514006,-0.00017672538628525075,4.061652195094796e-05
2026-05-08,31.15,158.38,5.084430176565008,5.085845916633113,5.087367230216642,5.086295397276849,158.42410030312146,158.47492947282072,158.4382696012895,-0.00027840740296055847,-0.0005991983512387999,-0.00036784243547490565,0.0,0.0,31.15,158.38,5.084430176565008,5.084784432355385,5.087367230216641,5.08629539727685,158.39103506787023,158.47492947282072,158.4382696012895,-6.967220265162342e-05,-0.0005991983512387999,-0.00036784243547490565
2026-05-11,31.95,162.46,5.0848200312989045,5.085845916633113,5.087241002118132,5.086211735726784,162.49277703642798,162.5413830054217,162.50713794299534,-0.0002017341525009135,-0.0005008163741958374,-0.00029010898532277733,0.0,0.0,31.95,162.46,5.0848200312989045,5.084784432355385,5.087241002118131,5.086211735726784,162.45886261375455,162.54138300542166,162.50713794299537,7.001047808045498e-06,-0.0005008163741957263,-0.0002901089853228884
2026-05-12,32.18,163.67,5.086078309509012,5.085845916633113,5.0870926449502205,5.086204753766337,163.66252159725357,163.7074154481615,163.6742936556879,4.56930017905192e-05,-0.0002285768446989754,-2.623327042131115e-05,0.0,0.0,32.18,163.67,5.086078309509012,5.084784432355385,5.08709264495022,5.086204753766338,163.6283630331963,163.70741544816147,163.6742936556879,0.000254428202099222,-0.0002285768446987533,-2.623327042131115e-05
2026-05-13,32.16,163.61,5.087375621890549,5.085845916633113,5.087116137547747,5.086239666482053,163.5608046789209,163.60089946159908,163.5723448811254,0.0003007317324549705,5.562490991752784e-05,0.00023017818430609926,0.0,0.0,32.16,163.61,5.087375621890549,5.084784432355385,5.087116137547747,5.086239666482053,163.52666734454917,163.60089946159906,163.57234488112542,0.0005094669327638616,5.562490991752784e-05,0.00023017818430587727
2026-05-14,32.42,164.8,5.0832819247378165,5.085845916633113,5.08665345093362,5.086169955451961,164.88312461724556,164.924305179298,164.89588998734814,-0.0005042697839237346,-0.0007539946751539738,-0.0005816875063598692,0.0,0.0,32.42,164.8,5.0832819247378165,5.084784432355385,5.08665345093362,5.086169955451961,164.8487112969616,164.924305179298,164.89588998734814,-0.0002955345836146476,-0.0007539946751539738,-0.0005816875063598692
2026-05-15,33.13,168.38,5.082402656202837,5.085845916633113,5.086023728704572,5.0860215968968365,168.49407521805506,168.52082882943085,168.50481062412348,-0.0006772573540516158,-0.0008360254744562371,-0.0007409691734258116,0.0,0.0,33.13,168.38,5.082402656202837,5.084784432355385,5.086023728704573,5.0860215968968365,168.45890824393393,168.52082882943085,168.50481062412348,-0.0004685221537426138,-0.0008360254744562371,-0.0007409691734258116
2026-05-18,33.72,171.5,5.086002372479241,5.085845916633113,5.085601409561519,5.086096821143158,171.49472430886857,171.50072013191817,171.5006482473613,3.07625205749704e-05,-4.199011115144751e-06,-3.779860852250387e-06,0.0,0.0,33.72,171.5,5.086002372479241,5.084784432355385,5.0856014095615185,5.086096821143158,171.4589310590236,171.5007201319182,171.5006482473613,0.000239497720883965,-4.199011115366796e-06,-3.779860852250387e-06
2026-05-19,34.07,173.25,5.085118872908717,5.085845916633113,5.085150890837353,5.086204782725814,173.27477037969018,173.26644002376096,173.2833186963474,-0.0001429645546275176,-9.488741008754721e-05,-0.0001922972173378958,0.0,0.0,34.07,173.25,5.085118872908717,5.084784432355385,5.085150890837353,5.086204782725814,173.23860561034797,173.26644002376094,173.2833186963474,6.577064568141216e-05,-9.488741008732514e-05,-0.0001922972173378958
2026-05-20,33.29,169.17,5.081706218083508,5.085845916633113,5.084774236502936,5.086099707798238,169.30781056471633,169.28467315597547,169.31975721694235,-0.000814296051498072,-0.0006776278743274596,-0.0008848552933768645,0.0,0.0,33.29,169.17,5.081706218083508,5.084784432355385,5.084774236502936,5.086099707798238,169.27247375311077,169.28467315597547,169.31975721694235,-0.0006055608511891752,-0.0006776278743274596,-0.0008848552933768645
2026-05-21,32.92,167.28,5.081409477521263,5.085845916633113,5.084262566119686,5.085870118899662,167.4260475755621,167.39076786567665,167.43440238071798,-0.0008726916402558863,-0.0006619512688708419,-0.0009225918608325358,0.0,0.0,32.92,167.28,5.081409477521263,5.084784432355385,5.084262566119685,5.085870118899662,167.39110351313929,167.39076786567665,167.43440238071798,-0.0006639564399469305,-0.0006619512688708419,-0.0009225918608325358
2026-05-22,33.06,168.02,5.0822746521476105,5.085845916633113,5.084047013677946,5.085707121947293,168.13806600389074,168.08572043591684,168.13886613082283,-0.0007024434079419511,-0.00039107002802080874,-0.0007072021460868167,0.0,0.0,33.06,168.02,5.0822746521476105,5.084784432355385,5.084047013677946,5.085707121947293,168.10297333366904,168.0857204359168,168.13886613082283,-0.000493708207632946,-0.00039107002802058665,-0.0007072021460868167
2026-05-26,32.2,163.72,5.084472049689441,5.085845916633113,5.084012215516999,5.085626608817566,163.76423851558627,163.70631384042989,163.75976932670287,-0.0002701718779254128,8.359840977697407e-05,-0.00024288112197058957,0.0,0.0,32.2,163.72,5.084472049689441,5.084784432355385,5.084012215517,5.085626608817565,163.73005872184342,163.70631384042989,163.75976932670287,-6.143667761645149e-05,8.359840977697407e-05,-0.00024288112197058957
2026-05-27,31.64,160.84,5.083438685208597,5.085845916633113,5.0837482530869575,5.0854204490185895,160.9161648022717,160.85814649895786,160.90922590298777,-0.00047343182214474395,-0.00011281693211230281,-0.00043030968520078416,0.0,0.0,31.64,160.84,5.083438685208597,5.084784432355385,5.0837482530869575,5.0854204490185895,160.8825794397244,160.8581464989579,160.90922590298774,-0.0002646966218357629,-0.00011281693211241385,-0.0004303096852006731
2026-05-28,31.61,160.72,5.084466940841506,5.085845916633113,5.0834573849820535,5.085286761264901,160.7635894247727,160.69728228007872,160.7501403934776,-0.0002711766726122172,0.00014135966677301777,-0.00018751597600341063,0.0,0.0,31.61,160.72,5.084466940841506,5.084784432355385,5.0834573849820535,5.085286761264901,160.73003590675373,160.69728228007872,160.7501403934776,-6.244147230336926e-05,0.00014135966677301777,-0.00018751597600341063
2026-05-29,31.28,159.1,5.086317135549872,5.085845916633113,5.08376090606326,5.08520717849844,159.0852602722838,159.01054700223864,159.0677698923661,9.264871486580948e-05,0.0005624019760560685,0.00020259819374554192,0.0,0.0,31.28,159.1,5.086317135549872,5.084784432355385,5.083760906063259,5.08520717849844,159.05205704407646,159.01054700223864,159.0677698923661,0.0003013839151747809,0.0005624019760560685,0.00020259819374554192
2026-06-01,31.84,161.83,5.082600502512563,5.085845916633113,5.0837806906942316,5.084902209699402,161.93333398559832,161.8669472490542,161.91299656339032,-0.000638330399153004,-0.0002282829636091452,-0.0005127311854749186,0.0,0.0,31.84,161.83,5.082600502512563,5.084784432355385,5.0837806906942316,5.084902209699402,161.89953632619546,161.86694724905416,161.91299656339032,-0.000429595198844015,-0.00022828296360903415,-0.0005127311854749186
2026-06-02,32.22,163.72,5.081315952824333,5.085845916633113,5.083312048728741,5.0844567291451295,163.8659554339189,163.79941385416814,163.83554919651473,-0.0008910970763909327,-0.00048494136448227766,-0.0007055243093344366,0.0,0.0,32.22,163.72,5.081315952824333,5.084784432355385,5.083312048728741,5.0844567291451295,163.8317544104905,163.79941385416814,163.83554919651473,-0.0006823618760820004,-0.00048494136448227766,-0.0007055243093344366
2026-06-03,32.58,165.57,5.08195211786372,5.085845916633113,5.082995373224241,5.084073132030797,165.69685996390683,165.61430654758237,165.6516002355483,-0.0007659080061444421,-0.0002675642955946249,-0.0004927229210966781,0.0,0.0,32.58,165.57,5.08195211786372,5.084784432355385,5.082995373224241,5.084073132030797,165.66227680613844,165.61430654758237,165.6516002355483,-0.000557172805835352,-0.0002675642955946249,-0.0004927229210966781
2026-06-04,32.64,165.86,5.081495098039216,5.085845916633113,5.082974261219812,5.083874248861374,166.0020107189048,165.90896898203923,165.9441470294852,-0.0008558420246133025,-0.00029519929211625355,-0.00050720903908234,0.0,0.0,32.64,165.86,5.081495098039216,5.084784432355385,5.082974261219812,5.083874248861374,165.96736387207977,165.90896898203923,165.9441470294852,-0.0006471068243044306,-0.00029519929211625355,-0.00050720903908234
2026-06-05,31.95,162.36,5.081690140845071,5.085845916633113,5.083002327552192,5.0836324468359395,162.49277703642798,162.401027645973,162.42978225112088,-0.0008174598046116827,-0.0002526636061514155,-0.00042970718912996574,0.0,0.0,31.95,162.36,5.081690140845071,5.084784432355385,5.083002327552193,5.0836324468359395,162.45886261375455,162.401027645973,162.42978225112088,-0.0006087246043026374,-0.0002526636061514155,-0.00042970718912996574
2026-06-08,32.34,164.43,5.084415584415584,5.085845916633113,5.0832164207789905,5.083631717228468,164.4762569439149,164.3842952730379,164.4046733306743,-0.0002812773745910564,0.00027799720336670454,0.00015403892247273972,0.0,0.0,32.34,164.43,5.084415584415584,5.084784432355385,5.0832164207789905,5.083631717228468,164.44192854237318,164.38429527303794,164.4046733306743,-7.254217428212202e-05,0.00027799720336648255,0.00015403892247273972
2026-06-09,31.79,161.56,5.082101289713747,5.085845916633113,5.082979344781421,5.08349578014921,161.67904168976668,161.59545001656412,161.608652290693,-0.0007365551792641054,-0.00021939915730643828,-0.0003010953612962197,0.0,0.0,31.79,161.56,5.082101289713747,5.084784432355385,5.082979344781421,5.08349578014921,161.64529710457768,161.59545001656412,161.608652290693,-0.0005278199789550895,-0.00021939915730643828,-0.0003010953612962197
2026-06-10,32.28,164.08,5.083023543990087,5.085845916633113,5.08293783065957,5.083343041873264,164.1711061889169,164.0785732495443,164.09524378321652,-0.0005551005893876607,8.695494020446024e-06,-9.290026299199416e-05,0.0,0.0,32.28,164.08,5.083023543990087,5.084784432355385,5.08293783065957,5.083343041873264,164.13684147643184,164.0785732495443,164.09524378321652,-0.0003463653890788292,8.695494020446024e-06,-9.290026299199416e-05
2026-06-11,31.68,161.1,5.0852272727272725,5.085845916633113,5.083013863848147,5.0832356244151,161.11959863893702,161.02747047529516,161.040307566545,-0.00012164771506130948,0.00045031568294047876,0.00037059897650867495,0.0,0.0,31.68,161.1,5.0852272727272725,5.084784432355385,5.083013863848146,5.0832356244151,161.0859708170186,161.02747047529516,161.040307566545,8.70874852477339e-05,0.00045031568294047876,0.00037059897650867495
2026-06-12,31.93,162.34,5.084246789852803,5.085845916633113,5.082806829278439,5.08328386767085,162.3910601180953,162.30063267267133,162.30771348757415,-0.00031447634542588527,0.00024252865205163452,0.00019890183229979205,0.0,0.0,31.93,162.34,5.084246789852803,5.084784432355385,5.08280682927844,5.083283867670849,162.35716692510744,162.3006326726713,162.30771348757415,-0.00010574114511688272,0.0002425286520518565,0.00019890183229979205
2026-06-15,30.85,156.76,5.081361426256077,5.085845916633113,5.082682921652792,5.083231806173512,156.89834652813155,156.80459068323987,156.81930731764572,-0.0008821479717310649,-0.00028441147288536757,-0.00037826040793442376,0.0,0.0,30.85,156.76,5.081361426256077,5.084784432355385,5.082682921652791,5.083231806173512,156.86559973816364,156.8045906832399,156.8193073176457,-0.00067341277142213,-0.00028441147288547864,-0.00037826040793420166
2026-06-16,30.7,155.95,5.079804560260586,5.085845916633113,5.0825317823964165,5.082921915562578,156.1354696406366,156.0383656947407,156.0552164495268,-0.001188582491104222,-0.0005664678995760881,-0.00067445316916545,0.0,0.0,30.7,155.95,5.079804560260586,5.084784432355385,5.0825317823964165,5.082921915562578,156.10288207331033,156.03836569474066,156.0552164495268,-0.0009798472907952029,-0.000566467899575977,-0.00067445316916545
2026-06-17,30.36,154.28,5.081686429512517,5.085845916633113,5.082505213561296,5.082750293392769,154.4062820289813,154.3056649135552,154.3175093564799,-0.0008181901391669872,-0.0001663389880509978,-0.00024309565390093866,0.0,0.0,30.36,154.28,5.081686429512517,5.084784432355385,5.082505213561296,5.082750293392769,154.3740553663095,154.3056649135552,154.3175093564799,-0.0006094549388581685,-0.0001663389880509978,-0.00024309565390093866
2026-06-18,29.66,151.82,5.1186783546864465,5.085845916633113,5.086223539226019,5.0845989002229155,150.84618988733814,150.74710463422804,150.7543737020295,0.006434900927071209,0.007091979572220289,0.00704376045340856,0.21,0.0,29.87,151.82,5.082691663876799,5.084784432355385,5.082624870145054,5.082799565682433,151.88251099445537,151.81443072907592,151.821751263642,-0.0004116593908524005,3.668405398767051e-05,-1.1535064823808431e-05
2026-06-22,30.03,153.75,5.119880119880119,5.085845916633113,5.090042537129524,5.086522432340859,152.7279528764924,152.73929288295736,152.69050497369415,0.0066696537396234955,0.0065954067843273624,0.006914877314187293,0.21,0.0,30.240000000000002,153.75,5.084325396825396,5.084784432355385,5.082888395743087,5.08294536164764,153.76388123442686,153.69857607318644,153.70385886623677,-9.028037616107365e-05,0.00033452051038852576,0.00030014997554285135
2026-06-23,30.22,154.68,5.118464592984779,5.085845916633113,5.093447437986443,5.088331929382717,153.69426360065268,153.82108547205422,153.71470790534073,0.006393138942738129,0.005568322367084434,0.006260128480368927,0.21,0.0,30.43,154.68,5.083141636542885,5.084784432355385,5.082761000955816,5.0829887108674034,154.72999027657437,154.67229388246213,154.6740273549377,-0.00032313292123931124,4.982098204447712e-05,3.861365642536717e-05
2026-06-24,29.68,150.88,5.083557951482479,5.085845916633113,5.0935931041633165,5.088286224472368,150.9479068056708,151.1735199594376,151.02169166407904,-0.0004499703657973632,-0.0019434969793885746,-0.0009386610171117123,0.0,0.0,29.68,150.88,5.083557951482479,5.084784432355385,5.082906667132691,5.0829430059570555,150.91640195230784,150.85634650836863,150.86310493854452,-0.00024123516548830727,0.00015678251528882051,0.00011198308227505915
2026-06-25,30.02,152.54,5.081279147235176,5.085845916633113,5.093418664487825,5.088178247573698,152.67709441732606,152.90966498698276,152.75035245866047,-0.0008983404209883039,-0.002420465365229595,-0.0013780487346226789,0.0,0.0,30.02,152.54,5.081279147235176,5.084784432355385,5.0827322274572,5.082835029058384,152.64522865930866,152.58885814732338,152.5899490388308,-0.0006896052206792923,-0.0003202459972983419,-0.00032739519299444916
2026-06-26,29.91,152.07,5.0842527582748245,5.085845916633113,5.0933212130425805,5.088167538445363,152.11765136649643,152.34415225483085,152.1874113849293,-0.00031330244125395666,-0.001801179918334009,-0.0007717898487532438,0.0,0.0,29.91,152.07,5.0842527582748245,5.084784432355385,5.082634776011955,5.08282431993005,152.08590237174957,152.02452092324484,152.0275957191363,-0.00010456724094493119,0.0002991114536108201,0.000278886000649002
2026-06-29,29.76,151.28,5.083333333333333,5.085845916633113,5.093229867390634,5.088018348334537,151.35477447900146,151.5772393001472,151.423865944134,-0.0004941565664540468,-0.001962901043885626,-0.0009505392639600942,0.0,0.0,29.76,151.28,5.083333333333333,5.084784432355385,5.082543430360007,5.082675129819224,151.32318470689628,151.25921093411577,151.2648517611183,-0.0002854213661451468,0.00013743055554852563,0.00010013879797436583
2026-06-30,29.56,150.13,5.078822733423546,5.085845916633113,5.09297599810738,5.087829459880086,150.33760529567482,150.55587488006714,150.4018223767689,-0.00138188160755232,-0.002832691525734793,-0.0018089428849318474,0.0,0.0,29.56,150.13,5.078822733423546,5.084784432355385,5.082289561076754,5.082486241364773,150.3062278204252,150.2399838014418,150.24387683745624,-0.001173146407243484,-0.0007323222178540466,-0.0007582339989818277
2026-07-01,29.38,149.33,5.082709326072158,5.085845916633113,5.093266474688538,5.087899128542476,149.42215303068087,149.6316348243948,149.48042953127694,-0.0006169196283188142,-0.0020178838460196925,-0.0010068560473017324,0.0,0.0,29.38,149.33,5.082709326072158,5.084784432355385,5.082580037657911,5.082555910027164,149.3909666226012,149.31766730443505,149.32344577129703,-0.0004081844280097788,8.259026888305867e-05,4.389186729184852e-05
2026-07-02,29.62,150.44,5.079000675219446,5.085845916633113,5.092997899259231,5.087751556410263,150.64275605067283,150.8625529802745,150.70357218742816,-0.001346846189282089,-0.0028048435243494987,-0.0017504757137337833,0.0,0.0,29.62,150.44,5.079000675219446,5.084784432355385,5.0823114622286045,5.08240833789495,150.61131488636653,150.54602071542732,150.5453060550046,-0.0011381109889731377,-0.0007044893285089803,-0.0006997421946052972
2026-07-06,29.54,150.15,5.0829383886255926,5.085845916633113,5.089423902653146,5.087823720939582,150.23588837734218,150.4471579441177,150.29218097635916,-0.0005718536256594167,-0.0019771181001785564,-0.0009464781976430094,0.0,0.0,29.54,150.15,5.0829383886255926,5.084784432355385,5.082336134703484,5.08248050242427,150.20453213177808,150.13148059423298,150.13434230141684,-0.00036311842535032555,0.00012334697267288032,0.00010428581442085555
2026-07-07,30.37,154.33,5.0816595324333225,5.085845916633113,5.085601843908465,5.087822190518994,154.45714048814764,154.56580392357606,154.5172064049351,-0.0008234830966820165,-0.0015267541118095882,-0.0012122915408014417,0.0,0.0,30.37,154.33,5.0816595324333225,5.084784432355385,5.082069548264276,5.082478972003682,154.42490321063306,154.3505484109448,154.35493285862506,-0.0006147478963732468,-0.00013313706406789562,-0.00016154244036711293
2026-07-08,30.88,156.94,5.0822538860103625,5.085845916633113,5.081980773211024,5.087714105598733,157.05092190563053,157.0433849398934,157.11194924322655,-0.0007065294090131744,-0.0006585376716634201,-0.0010950370524559427,0.0,0.0,30.88,156.94,5.0822538860103625,5.084784432355385,5.081980773211024,5.082370887083421,157.01814327113428,156.93430765040085,156.9469506554737,-0.0004977942087040982,3.627152309719368e-05,-4.428763578944906e-05
2026-07-09,30.45,154.81,5.084072249589491,5.085845916633113,5.0820322030217255,5.087812653592521,154.8640081614783,154.74631454427566,154.92089451548142,-0.0003488065552967514,0.0004114628171394747,-0.000716070125283328,0.0,0.0,30.45,154.81,5.084072249589491,5.084784432355385,5.0820322030217255,5.082469435077208,154.83168596522148,154.74631454427566,154.75819351169017,-0.0001400713549878785,0.0004114628171394747,0.00033470162555007487
2026-07-10,30.6,155.5,5.0816993464052285,5.085845916633113,5.082074222938731,5.087746443713278,155.62688504897326,155.5101854124648,155.68706719993114,-0.00081564829081113,-6.549889969002288e-05,-0.00120228147106418,0.0,0.0,30.6,155.5,5.0816993464052285,5.084784432355385,5.08207422293873,5.0824032251979645,155.5944036300748,155.5101854124648,155.52356471336256,-0.0006069130905022798,-6.549889969002288e-05,-0.0001515300837695212
2026-07-13,31.51,160.15,5.0825134877816565,5.085845916633113,5.0819002958894135,5.087610754465997,160.2550048331094,160.13615876479943,160.3148904414054,-0.0006554506657810292,8.643042997904512e-05,-0.0010290703342239005,0.0,0.0,31.51,160.15,5.0825134877816565,5.084784432355385,5.0819002958894135,5.082267535950684,160.2215574635182,160.1361587647994,160.14652562598786,-0.00044671546547206067,8.643042997926715e-05,2.169473431209761e-05
2026-07-14,31.65,160.91,5.084044233807267,5.085845916633113,5.081971385936807,5.08760062666372,160.96702326143804,160.84214436489992,161.0228803788488,-0.0003543170708913277,0.00042178824473730424,-0.000701266570484872,0.0,0.0,31.65,160.91,5.084044233807267,5.084784432355385,5.081971385936806,5.082257408148408,160.93342728404792,160.84214436489992,160.85376751283914,-0.00014558187058219424,0.00042178824473730424,0.00034952653723575633
2026-07-15,31.38,159.42,5.080305927342256,5.085845916633113,5.082119705328678,5.08754785171803,159.59384486394708,159.472262090697,159.64890766470754,-0.001089889256874253,-0.0003277727143473322,-0.0014348480750171028,0.0,0.0,31.38,159.42,5.080305927342256,5.084784432355385,5.082119705328678,5.082204633202716,159.560535487312,159.47226209069697,159.48123746769704,-0.0008811540565654425,-0.00032777271434711005,-0.000384052874400997
2026-07-16,31.63,160.76,5.082516598166298,5.085845916633113,5.082100432538092,5.087683453613315,160.86530634310537,160.74744627954607,160.91913854984128,-0.000654838688322021,7.809287533205025e-05,-0.0009894242041384865,0.0,0.0,31.63,160.76,5.082516598166298,5.084784432355385,5.082100432538093,5.082340235098002,160.83173159540084,160.74744627954607,160.7501325482019,-0.0004461034880131899,7.809287533205025e-05,6.138190247990381e-05
2026-07-17,32.02,162.78,5.083697688944409,5.085845916633113,5.082570133910588,5.08778401658491,162.8487862505923,162.72885584986972,162.90762418469836,-0.000422482621438247,0.0003142412234384412,-0.0007837214665449784,0.0,0.0,32.02,162.78,5.083697688944409,5.084784432355385,5.082570133910588,5.082440798069596,162.81479752401944,162.72885584986975,162.73653432783803,-0.00021374742112926771,0.0003142412234382192,0.0002670566182455623
2026-07-20,32.16,163.48,5.083333333333334,5.085845916633113,5.082609628381363,5.086016765517254,163.5608046789209,163.4554555065645,163.6231339733707,-0.0004941565664539358,0.00015014886313599645,-0.0008751611809257262,0.0,0.0,32.16,163.48,5.083333333333334,5.084784432355385,5.082609628381363,5.082472881542424,163.52666734454917,163.4554555065645,163.4512960659182,-0.0002854213661449247,0.00015014886313599645,0.00017559612371739804
2026-07-21,32.56,165.52,5.083538083538084,5.085845916633113,5.082797483491839,5.0841996637001525,165.5951430455742,165.48976950009717,165.6007058852418,-0.0004538786488169427,0.00018265624022233164,-0.000487471096826738,0.0,0.0,32.56,165.52,5.083538083538084,5.084784432355385,5.08279748349184,5.082433515878057,165.56058111749135,165.48976950009717,165.48531702302134,-0.00024514344850790114,0.00018265624022233164,0.00020956145005482604
2026-07-22,32.95,167.49,5.0831562974203335,5.085845916633113,5.082887724632835,5.082434248921929,167.5786229530611,167.47817708105612,167.52437891892004,-0.0005289839099024651,7.059129647384138e-05,-0.0002052384685793801,0.0,0.0,32.95,167.49,5.0831562974203335,5.084784432355385,5.082887724632836,5.082434248921929,167.54364704610995,167.47817708105615,167.46618434818197,-0.00032024870959344696,7.059129647361935e-05,0.00014220159514006261
2026-07-23,33.07,168.17,5.08527366192924,5.085845916633113,5.0830078658668105,5.082520034444268,168.18892446305705,168.09109705360785,168.0761006118482,-0.0001125254108077374,0.0004692957260391212,0.0005585158633621216,0.0,0.0,33.07,168.17,5.08527366192924,5.084784432355385,5.08300786586681,5.0825200344442685,168.1538211779926,168.09109705360788,168.0761006118482,9.620978950115363e-05,0.0004692957260391212,0.0005585158633621216
2026-07-24,33.1,168.23,5.082477341389728,5.085845916633113,5.08308566536526,5.082579944151996,168.34149984055605,168.24756036019144,168.23141314010527,-0.0006625626037131578,-0.00010437760062570971,-8.400012899598233e-06,0.0,0.0,33.1,168.23,5.082477341389728,5.084784432355385,5.083085665365261,5.082579944151996,168.30636471096327,168.24756036019141,168.2314131401053,-0.00045382740340426514,-0.00010437760062559868,-8.400012899709257e-06
2026-07-27,32.38,164.52,5.080914144533662,5.085845916633113,5.082925731040461,5.0824130134649375,164.67969078058022,164.59031384452715,164.57393859164162,-0.0009701758390305738,-0.00042729651815286764,-0.00032780058092492275,0.0,0.0,32.38,164.52,5.080914144533662,5.084784432355385,5.0829257310404605,5.0824130134649375,164.6453199196674,164.59031384452717,164.57393859164162,-0.0007614406387218274,-0.0004272965181529787,-0.00032780058092492275
2026-07-28,31.89,162.02,5.080589526497334,5.085845916633113,5.082580260309468,5.082275823123138,162.18762628143,162.0945015628803,162.07815099939685,-0.001034067571385944,-0.0004597237324043512,-0.0003588480825426067,0.0,0.0,31.89,162.02,5.080589526497334,5.084784432355385,5.082580260309468,5.082275823123138,162.15377554781324,162.09450156288028,162.07815099939685,-0.0008253323710769509,-0.0004597237324042401,-0.0003588480825426067
2026-07-29,32.48,165.14,5.08435960591133,5.085845916633113,5.082985628166375,5.082552666747526,165.1882753722435,165.0822068548515,165.0723187350395,-0.00029228725595959945,0.00035002579801624934,0.00040992574818239283,0.0,0.0,32.48,165.14,5.08435960591133,5.084784432355385,5.082985628166375,5.082552666747526,165.1537983629029,165.0822068548515,165.0723187350395,-8.355205565071852e-05,0.00035002579801624934,0.00040992574818239283
2026-07-30,32.71,166.28,5.08346071537756,5.085845916633113,5.083080039887501,5.082590236212797,166.35801993306913,166.26445989732213,166.2502977293116,-0.00046909811762067745,9.346180474023603e-05,0.00017864399707457238,0.0,0.0,32.71,166.28,5.08346071537756,5.084784432355385,5.083080039887501,5.082590236212797,166.32329878234466,166.26445989732213,166.2502977293116,-0.00026036291731188366,9.346180474023603e-05,0.00017864399707457238
2026-07-31,33.05,167.97,5.08229954614221,5.085845916633113,5.082940225607281,5.082755179758935,168.08720754472438,167.9957953182819,167.97960730683292,-0.0006975452205485362,-0.00015355919377536468,-5.719492820694987e-05,0.0,0.0,33.05,167.97,5.08229954614221,5.084784432355385,5.082940225607282,5.082755179758935,168.05212548934546,167.9957953182819,167.97960730683292,-0.0004888100202394478,-0.00015355919377536468,-5.719492820694987e-05
2026-08-03,32.63,165.87,5.083358872203493,5.085845916633113,5.082942779494298,5.08277620393783,165.9511522597385,165.8563395615656,165.85030151553408,-0.0004891325390428898,8.235968515610896e-05,0.0001187656251310949,0.0,0.0,32.63,165.87,5.083358872203493,5.084784432355385,5.082942779494298,5.08277620393783,165.91651602775624,165.85633956156562,165.85030151553408,-0.000280397338734068,8.235968515588694e-05,0.0001187656251310949
2026-08-04,32.5,165.25,5.084615384615384,5.085845916633113,5.083050509602027,5.082923996546933,165.28999229057618,165.19564033356468,165.19022662797948,-0.00024198155566097708,0.0003290082258056454,0.00036178024257179964,0.0,0.0,32.5,165.25,5.084615384615384,5.084784432355385,5.083050509602027,5.082923996546933,165.25549405155002,165.19564033356468,165.19022662797948,-3.324635535209276e-05,0.0003290082258056454,0.00036178024257179964
2026-08-05,31.79,161.57,5.082415854042152,5.085845916633113,5.08297646526421,5.082932094948523,161.67904168976668,161.59017570024844,161.586153850227,-0.0006746605857371234,-0.00012486501612357103,-9.997550749374666e-05,0.0,0.0,31.79,161.57,5.082415854042152,5.084784432355385,5.082976465264209,5.082932094948522,161.64529710457768,161.59017570024844,161.586153850227,-0.000465925385428123,-0.00012486501612357103,-9.997550749374666e-05
2026-08-06,32.3,164.12,5.081114551083592,5.085845916633113,5.082560554179645,5.0827842100232274,164.27282310724954,164.18013982803396,164.1787066668373,-0.0009307336063902702,-0.00036637102096974167,-0.0003576417833568264,0.0,0.0,32.3,164.12,5.081114551083592,5.084784432355385,5.082560554179644,5.0827842100232274,164.23853716507892,164.18013982803393,164.17870666683726,-0.0007219984060813523,-0.0003663710209696306,-0.00035764178335660426
2026-08-07,31.95,162.37,5.082003129890454,5.085845916633113,5.0825131330297175,5.082799399197489,162.49277703642798,162.38780970603966,162.3949555102421,-0.0007558701762857251,-0.00010967992470225588,-0.00015368351706554896,0.0,0.0,31.95,162.37,5.082003129890454,5.084784432355385,5.082513133029717,5.082799399197489,162.45886261375455,162.38780970603963,162.3949555102421,-0.000547134975976644,-0.00010967992470203381,-0.00015368351706554896
2026-08-10,33.45,170.07,5.084304932735425,5.085845916633113,5.082852211849893,5.082888971445177,170.12154591137767,170.01006429984406,170.01963990315602,-0.00030304052168055756,0.0003524799426269142,0.00029615778490875606,0.0,0.0,33.45,170.07,5.084304932735425,5.084784432355385,5.082852211849894,5.082888971445177,170.08603926228764,170.01006429984403,170.01963990315602,-9.430532137140247e-05,0.0003524799426271361,0.00029615778490875606
2026-08-11,33.82,171.96,5.084565345949143,5.085845916633113,5.0832497937950745,5.082915027052271,172.0033089005319,171.90206180476338,171.9033050142759,-0.0002518227941183026,0.000336985100832795,0.0003297530466967904,0.0,0.0,33.82,171.96,5.084565345949143,5.084784432355385,5.0832497937950745,5.082915027052271,171.96740950225913,171.9020618047634,171.9033050142759,-4.308759380934342e-05,0.000336985100832573,0.0003297530466967904
2026-08-12,33.89,172.29,5.083800531130127,5.085845916633113,5.083193886316954,5.083089757241664,172.3593181146962,172.27133551171508,172.25999026680148,-0.0004022530264100314,0.00010833768261002974,0.00017419668624084288,0.0,0.0,33.89,172.29,5.083800531130127,5.084784432355385,5.083193886316954,5.083089757241664,172.32334441252402,172.27133551171508,172.25999026680148,-0.00019351782610119503,0.00010833768261002974,0.00017419668624084288
2026-08-13,33.89,172.3,5.084095603422839,5.085845916633113,5.083257375121482,5.083168707504492,172.3593181146962,172.26944080728157,172.26591187292001,-0.0003442130368408453,0.0001773761058261681,0.0001978612858476335,0.0,0.0,33.89,172.3,5.084095603422839,5.084784432355385,5.083257375121482,5.083168707504492,172.32334441252402,172.26944080728157,172.26591187292001,-0.00013547783653195577,0.0001773761058261681,0.0001978612858476335
2026-08-14,34.37,174.68,5.08233924934536,5.085845916633113,5.083261345441797,5.083100785524539,174.8005241546801,174.71155598292532,174.70850847692938,-0.00068973319614707,-0.00018063391899864514,-0.00016319069632205312,0.0,0.0,34.37,174.68,5.08233924934536,5.084784432355385,5.083261345441796,5.08310078552454,174.76404094005457,174.71155598292532,174.70850847692938,-0.0004809979958381322,-0.00018063391899864514,-0.00016319069632205312
