date,IYF,VFH,XLF,IYF scalar,VFH scalar,XLF scalar,IYF unit price div,IYF unit price no div,VFH unit price div,VFH unit price no div,XLF unit price div,XLF unit price no div,max_unit_price,min_unit_price,pct_diff,max_sym,min_sym,max_unit_price_no,min_unit_price_no,pct_diff_no,max_sym_no,min_sym_no
6/25/2026,127.62,131.01,53.45,1.024704366,1,2.601187593,131.0935711,130.6314711,131.01,131.01,131.5006768,131.1354768,131.5006768,131.01,0.37%,XLF unit price div,VFH unit price div,131.1354768,130.6314711,0.39%,XLF unit price no div,IYF unit price no div
6/26/2026,127.85,131.46,53.57,1.024704366,1,2.601187593,131.3292531,130.8671531,131.46,131.46,131.8128194,131.4476194,131.8128194,131.3292531,0.37%,XLF unit price div,IYF unit price div,131.46,130.8671531,0.45%,VFH unit price no div,IYF unit price no div
6/29/2026,127.72,131.75,53.72,1.024704366,1,2.601187593,131.1960416,130.7339416,131.75,131.75,132.2029975,131.8377975,132.2029975,131.1960416,0.76%,XLF unit price div,IYF unit price div,131.8377975,130.7339416,0.84%,XLF unit price no div,IYF unit price no div
6/30/2026,127.51,131.6,53.61,1.024704366,1,2.601187593,130.9808537,130.5187537,131.6,131.6,131.9168669,131.5516669,131.9168669,130.9808537,0.71%,XLF unit price div,IYF unit price div,131.6,130.5187537,0.83%,VFH unit price no div,IYF unit price no div
7/1/2026,130.23,134.35,54.78,1.024704366,1,2.601187593,133.7680495,133.3059495,134.35,134.35,134.9602563,134.5950563,134.9602563,133.7680495,0.89%,XLF unit price div,IYF unit price div,134.5950563,133.3059495,0.96%,XLF unit price no div,IYF unit price no div
7/2/2026,131.89,136.18,55.62,1.024704366,1,2.601187593,135.4690588,135.0069588,136.18,136.18,137.1452539,136.7800539,137.1452539,135.4690588,1.23%,XLF unit price div,IYF unit price div,136.7800539,135.0069588,1.30%,XLF unit price no div,IYF unit price no div
7/6/2026,133.62,137.48,56.14,1.024704366,1,2.601187593,137.2417973,136.7796973,137.48,137.48,138.4978715,138.1326715,138.4978715,137.2417973,0.91%,XLF unit price div,IYF unit price div,138.1326715,136.7796973,0.98%,XLF unit price no div,IYF unit price no div
7/7/2026,133.6,137.15,56.05,1.024704366,1,2.601187593,137.2213032,136.7592032,137.15,137.15,138.2637646,137.8985646,138.2637646,137.15,0.81%,XLF unit price div,VFH unit price div,137.8985646,136.7592032,0.83%,XLF unit price no div,IYF unit price no div
7/8/2026,131.23,134.5,54.97,1.024704366,1,2.601187593,134.7927539,134.3306539,134.5,134.5,135.454482,135.089282,135.454482,134.5,0.71%,XLF unit price div,VFH unit price div,135.089282,134.3306539,0.56%,XLF unit price no div,IYF unit price no div
7/9/2026,132.5,135.99,55.54,1.024704366,1,2.601187593,136.0941284,135.6320284,135.99,135.99,136.9371589,136.5719589,136.9371589,135.99,0.69%,XLF unit price div,VFH unit price div,136.5719589,135.6320284,0.69%,XLF unit price no div,IYF unit price no div
7/10/2026,132.95,136.45,55.71,1.024704366,1,2.601187593,136.5552454,136.0931454,136.45,136.45,137.3793608,137.0141608,137.3793608,136.45,0.68%,XLF unit price div,VFH unit price div,137.0141608,136.0931454,0.67%,XLF unit price no div,IYF unit price no div
7/13/2026,133.3,137.24,56.07,1.024704366,1,2.601187593,136.9138919,136.4517919,137.24,137.24,138.3157883,137.9505883,138.3157883,136.9138919,1.02%,XLF unit price div,IYF unit price div,137.9505883,136.4517919,1.09%,XLF unit price no div,IYF unit price no div
7/14/2026,133.64,137.61,56.18,1.024704366,1,2.601187593,137.2622914,136.8001914,137.61,137.61,138.601919,138.236719,138.601919,137.2622914,0.97%,XLF unit price div,IYF unit price div,138.236719,136.8001914,1.04%,XLF unit price no div,IYF unit price no div
7/15/2026,134.5,138.45,56.56,1.024704366,1,2.601187593,138.1435372,137.6814372,138.45,138.45,139.5903703,139.2251703,139.5903703,138.1435372,1.04%,XLF unit price div,IYF unit price div,139.2251703,137.6814372,1.11%,XLF unit price no div,IYF unit price no div
7/16/2026,134.56,139.19,56.75,1.024704366,1,2.601187593,138.2050194,137.7429194,139.19,139.19,140.0845959,139.7193959,140.0845959,138.2050194,1.35%,XLF unit price div,IYF unit price div,139.7193959,137.7429194,1.42%,XLF unit price no div,IYF unit price no div
7/17/2026,133.63,137.94,56.26,1.024704366,1,2.601187593,137.2520444,136.7899444,137.94,137.94,138.810014,138.444814,138.810014,137.2520444,1.13%,XLF unit price div,IYF unit price div,138.444814,136.7899444,1.20%,XLF unit price no div,IYF unit price no div
7/20/2026,132.92,137.35,56.04,1.024704366,1,2.601187593,136.5245043,136.0624043,137.35,137.35,138.2377527,137.8725527,138.2377527,136.5245043,1.25%,XLF unit price div,IYF unit price div,137.8725527,136.0624043,1.32%,XLF unit price no div,IYF unit price no div
7/21/2026,133.25,137.44,56.11,1.024704366,1,2.601187593,136.8626567,136.4005567,137.44,137.44,138.4198358,138.0546358,138.4198358,136.8626567,1.13%,XLF unit price div,IYF unit price div,138.0546358,136.4005567,1.21%,XLF unit price no div,IYF unit price no div
7/22/2026,133.28,137.16,56.05,1.024704366,1,2.601187593,136.8933978,136.4312978,137.16,137.16,138.2637646,137.8985646,138.2637646,136.8933978,1.00%,XLF unit price div,IYF unit price div,137.8985646,136.4312978,1.07%,XLF unit price no div,IYF unit price no div
7/23/2026,132.84,136.59,55.83,1.024704366,1,2.601187593,136.4425279,135.9804279,136.59,136.59,137.6915033,137.3263033,137.6915033,136.4425279,0.91%,XLF unit price div,IYF unit price div,137.3263033,135.9804279,0.98%,XLF unit price no div,IYF unit price no div
7/24/2026,134.06,137.81,56.31,1.024704366,1,2.601187593,137.6926673,137.2305673,137.81,137.81,138.9400734,138.5748734,138.9400734,137.6926673,0.90%,XLF unit price div,IYF unit price div,138.5748734,137.2305673,0.97%,XLF unit price no div,IYF unit price no div
7/27/2026,135.17,139.18,56.88,1.024704366,1,2.601187593,138.8300891,138.3679891,139.18,139.18,140.4227503,140.0575503,140.4227503,138.8300891,1.14%,XLF unit price div,IYF unit price div,140.0575503,138.3679891,1.21%,XLF unit price no div,IYF unit price no div
7/28/2026,136.71,140.93,57.6,1.024704366,1,2.601187593,140.4081338,139.9460338,140.93,140.93,142.2956054,141.9304054,142.2956054,140.4081338,1.34%,XLF unit price div,IYF unit price div,141.9304054,139.9460338,1.41%,XLF unit price no div,IYF unit price no div
7/29/2026,134.18,138.7,56.68,1.024704366,1,2.601187593,137.8156318,137.3535318,138.7,138.7,139.9025128,139.5373128,139.9025128,137.8156318,1.50%,XLF unit price div,IYF unit price div,139.5373128,137.3535318,1.58%,XLF unit price no div,IYF unit price no div
7/30/2026,134.77,139.42,57,1.024704366,1,2.601187593,138.4202074,137.9581074,139.42,139.42,140.7348928,140.3696928,140.7348928,138.4202074,1.66%,XLF unit price div,IYF unit price div,140.3696928,137.9581074,1.73%,XLF unit price no div,IYF unit price no div
7/31/2026,134.65,139.23,56.94,1.024704366,1,2.601187593,138.2972428,137.8351428,139.23,139.23,140.5788215,140.2136215,140.5788215,138.2972428,1.64%,XLF unit price div,IYF unit price div,140.2136215,137.8351428,1.71%,XLF unit price no div,IYF unit price no div
8/3/2026,135.92,140.51,57.38,1.024704366,1,2.601187593,139.5986174,139.1365174,140.51,140.51,141.7233441,141.3581441,141.7233441,139.5986174,1.51%,XLF unit price div,IYF unit price div,141.3581441,139.1365174,1.58%,XLF unit price no div,IYF unit price no div
8/4/2026,137.08,141.76,57.88,1.024704366,1,2.601187593,140.7872744,140.3251744,141.76,141.76,143.0239379,142.6587379,143.0239379,140.7872744,1.58%,XLF unit price div,IYF unit price div,142.6587379,140.3251744,1.65%,XLF unit price no div,IYF unit price no div
8/5/2026,137.45,142.02,58,1.024704366,1,2.601187593,141.1664151,140.7043151,142.02,142.02,143.3360804,142.9708804,143.3360804,141.1664151,1.53%,XLF unit price div,IYF unit price div,142.9708804,140.7043151,1.60%,XLF unit price no div,IYF unit price no div
8/6/2026,136.8,141.39,57.81,1.024704366,1,2.601187593,140.5003572,140.0382572,141.39,141.39,142.8418547,142.4766547,142.8418547,140.5003572,1.65%,XLF unit price div,IYF unit price div,142.4766547,140.0382572,1.73%,XLF unit price no div,IYF unit price no div
8/7/2026,136.86,140.9,57.6,1.024704366,1,2.601187593,140.5618395,140.0997395,140.9,140.9,142.2956054,141.9304054,142.2956054,140.5618395,1.23%,XLF unit price div,IYF unit price div,141.9304054,140.0997395,1.30%,XLF unit price no div,IYF unit price no div
8/10/2026,137.35,141.2,57.81,1.024704366,1,2.601187593,141.0639446,140.6018446,141.2,141.2,142.8418547,142.4766547,142.8418547,141.0639446,1.25%,XLF unit price div,IYF unit price div,142.4766547,140.6018446,1.32%,XLF unit price no div,IYF unit price no div
8/11/2026,137.37,141.38,57.8,1.024704366,1,2.601187593,141.0844387,140.6223387,141.38,141.38,142.8158429,142.4506429,142.8158429,141.0844387,1.22%,XLF unit price div,IYF unit price div,142.4506429,140.6223387,1.29%,XLF unit price no div,IYF unit price no div
8/12/2026,137.74,141.68,57.92,1.024704366,1,2.601187593,141.4635793,141.0014793,141.68,141.68,143.1279854,142.7627854,143.1279854,141.4635793,1.17%,XLF unit price div,IYF unit price div,142.7627854,141.0014793,1.24%,XLF unit price no div,IYF unit price no div
8/13/2026,138.51,142.74,58.26,1.024704366,1,2.601187593,142.2526017,141.7905017,142.74,142.74,144.0123892,143.6471892,144.0123892,142.2526017,1.23%,XLF unit price div,IYF unit price div,143.6471892,141.7905017,1.30%,XLF unit price no div,IYF unit price no div
8/14/2026,138.29,142.63,58.16,1.024704366,1,2.601187593,142.0271667,141.5650667,142.63,142.63,143.7522704,143.3870704,143.7522704,142.0271667,1.21%,XLF unit price div,IYF unit price div,143.3870704,141.5650667,1.28%,XLF unit price no div,IYF unit price no div
8/17/2026,137.01,141.16,57.58,1.024704366,1,2.601187593,140.7155451,140.2534451,141.16,141.16,142.2435816,141.8783816,142.2435816,140.7155451,1.08%,XLF unit price div,IYF unit price div,141.8783816,140.2534451,1.15%,XLF unit price no div,IYF unit price no div
8/18/2026,137.18,141.56,57.84,1.024704366,1,2.601187593,140.8897449,140.4276449,141.56,141.56,142.9198904,142.5546904,142.9198904,140.8897449,1.43%,XLF unit price div,IYF unit price div,142.5546904,140.4276449,1.50%,XLF unit price no div,IYF unit price no div
8/19/2026,136.2,140.65,57.48,1.024704366,1,2.601187593,139.8855346,139.4234346,140.65,140.65,141.9834628,141.6182628,141.9834628,139.8855346,1.49%,XLF unit price div,IYF unit price div,141.6182628,139.4234346,1.56%,XLF unit price no div,IYF unit price no div
8/20/2026,134.82,139.3,56.95,1.024704366,1,2.601187593,138.4714426,138.0093426,139.3,139.3,140.6048334,140.2396334,140.6048334,138.4714426,1.53%,XLF unit price div,IYF unit price div,140.2396334,138.0093426,1.60%,XLF unit price no div,IYF unit price no div
8/21/2026,136.16,140.72,57.48,1.024704366,1,2.601187593,139.8445464,139.3824464,140.72,140.72,141.9834628,141.6182628,141.9834628,139.8445464,1.52%,XLF unit price div,IYF unit price div,141.6182628,139.3824464,1.59%,XLF unit price no div,IYF unit price no div
8/24/2026,137.36,142.21,58.22,1.024704366,1,2.601187593,141.0741917,140.6120917,142.21,142.21,143.9083417,143.5431417,143.9083417,141.0741917,1.99%,XLF unit price div,IYF unit price div,143.5431417,140.6120917,2.06%,XLF unit price no div,IYF unit price no div
8/25/2026,137.63,142.41,58.31,1.024704366,1,2.601187593,141.3508618,140.8887618,142.41,142.41,144.1424485,143.7772485,144.1424485,141.3508618,1.96%,XLF unit price div,IYF unit price div,143.7772485,140.8887618,2.03%,XLF unit price no div,IYF unit price no div
