date,PFFD,PFF,PFF/PFFD,PFF/PFFD avg,PFF/PFFD 10 dma,PFF/PFFD 20 dma,PFFD avg,PFFD 10 dma,PFFD 20 dma,avg diff,10 dma diff,20 dma diff,PFFD div,PFF div,PFFD*,PFF*,PFF*/PFFD*,PFF*/PFFD* avg,PFF*/PFFD* 10 dma,PFF*/PFFD* 20 dma,PFFD* avg,PFFD* 10 dma,PFFD* 20 dma,avg diff*,10 dma diff*,20 dma diff*
2026-01-02,19.14,31.27,1.6337513061650992,1.6441152402652448,,,,,,,,,0.0,0.0,19.14,31.27,1.6337513061650992,1.6441152402652448,,,,,,,,
2026-01-05,19.19,31.33,1.632621156852527,1.6441152402652448,,,31.55057146069005,,,-0.007015596717724746,,,0.0,0.0,19.19,31.33,1.632621156852527,1.6441152402652448,,,31.55057146069005,,,-0.007015596717724746,,
2026-01-06,19.26,31.45,1.6329179646936656,1.6441152402652448,,,31.665659527508616,,,-0.006833814885746388,,,0.0,0.0,19.26,31.45,1.6329179646936656,1.6441152402652448,,,31.665659527508616,,,-0.006833814885746388,,
2026-01-07,19.26,31.41,1.630841121495327,1.6441152402652448,,,31.665659527508616,,,-0.008106484481640731,,,0.0,0.0,19.26,31.41,1.630841121495327,1.6441152402652448,,,31.665659527508616,,,-0.008106484481640731,,
2026-01-08,19.29,31.38,1.6267496111975117,1.6441152402652448,,,31.71498298471657,,,-0.010618471274967527,,,0.0,0.0,19.29,31.38,1.6267496111975117,1.6441152402652448,,,31.71498298471657,,,-0.010618471274967527,,
2026-01-09,19.34,31.57,1.6323681489141675,1.6441152402652448,,,31.797188746729834,,,-0.0071705791174643705,,,0.0,0.0,19.34,31.57,1.6323681489141675,1.6441152402652448,,,31.797188746729834,,,-0.0071705791174643705,,
2026-01-12,19.35,31.62,1.6341085271317828,1.6441152402652448,,,31.81362989913249,,,-0.00610497935668128,,,0.0,0.0,19.35,31.62,1.6341085271317828,1.6441152402652448,,,31.81362989913249,,,-0.00610497935668128,,
2026-01-13,19.45,31.64,1.6267352185089976,1.6441152402652448,,,31.97804142315901,,,-0.010627318827218497,,,0.0,0.0,19.45,31.64,1.6267352185089976,1.6441152402652448,,,31.97804142315901,,,-0.010627318827218497,,
2026-01-14,19.49,31.74,1.6285274499743458,1.6441152402652448,,,32.043806032769616,,,-0.009526190083422655,,,0.0,0.0,19.49,31.74,1.6285274499743458,1.6441152402652448,,,32.043806032769616,,,-0.009526190083422655,,
2026-01-15,19.52,31.82,1.6301229508196722,1.6441152402652448,1.6308743455753096,,32.09312948997758,,,-0.008546949737521927,,,0.0,0.0,19.52,31.82,1.6301229508196722,1.6441152402652448,1.6308743455753096,,32.09312948997758,,,-0.008546949737521927,,
2026-01-16,19.47,31.78,1.6322547508988188,1.6441152402652448,1.6307246900486816,,32.01092372796431,31.753123508351276,,-0.007240049937754529,0.0008460623929003516,,0.0,0.0,19.47,31.78,1.6322547508988188,1.6441152402652448,1.6307246900486816,,32.01092372796431,31.753123508351276,,-0.007240049937754529,0.0008460623929003516,
2026-01-20,19.38,31.61,1.6310629514963881,1.6441152402652448,1.6305688695130676,,31.862953356340444,31.60344449314345,,-0.007970471897310183,0.00020740862747200262,,0.0,0.0,19.38,31.61,1.6310629514963881,1.6441152402652448,1.6305688695130676,,31.862953356340444,31.60344449314345,,-0.007970471897310183,0.00020740862747200262,
2026-01-21,19.53,31.85,1.6308243727598566,1.6441152402652448,1.6303595103196868,,32.109570642380234,31.845010021590213,,-0.008116754532631646,0.00015668349587539374,,0.0,0.0,19.53,31.85,1.6308243727598566,1.6441152402652448,1.6303595103196868,,32.109570642380234,31.845010021590213,,-0.008116754532631646,0.00015668349587539374,
2026-01-22,19.6,31.94,1.6295918367346938,1.6441152402652448,1.6302345818436232,,32.2246587091988,31.955046402265864,,-0.008872815111821569,-0.00047097242716627116,,0.0,0.0,19.6,31.94,1.6295918367346938,1.6441152402652448,1.6302345818436232,,32.2246587091988,31.955046402265864,,-0.008872815111821569,-0.00047097242716627116,
2026-01-23,19.57,31.91,1.630556974961676,1.6441152402652448,1.6306153182200398,,32.175335251990845,31.903690766679706,,-0.008280732780049179,0.00019773917681454383,,0.0,0.0,19.57,31.91,1.630556974961676,1.6441152402652448,1.6306153182200398,,32.175335251990845,31.903690766679706,,-0.008280732780049179,0.00019773917681454383,
2026-01-26,19.58,31.88,1.6281920326864148,1.6441152402652448,1.6301977065972646,,32.191776404393494,31.927447930748375,,-0.009732174842566483,-0.0014872226059076447,,0.0,0.0,19.58,31.88,1.6281920326864148,1.6441152402652448,1.6301977065972646,,32.191776404393494,31.927447930748375,,-0.009732174842566483,-0.0014872226059076447,
2026-01-27,19.56,31.84,1.6278118609406953,1.6441152402652448,1.629568039978156,,32.15889409958819,31.886667141042494,,-0.009965695292705426,-0.0014646034847925074,,0.0,0.0,19.56,31.84,1.6278118609406953,1.6441152402652448,1.629568039978156,,32.15889409958819,31.886667141042494,,-0.009965695292705426,-0.0014646034847925074,
2026-01-28,19.51,31.81,1.630445925166581,1.6441152402652448,1.6299391106439143,,32.07668833757493,31.792872459973825,,-0.008348840536183571,0.0005385775760665971,,0.0,0.0,19.51,31.81,1.630445925166581,1.6441152402652448,1.6299391106439143,,32.07668833757493,31.792872459973825,,-0.008348840536183571,0.0005385775760665971,
2026-01-29,19.44,31.69,1.6301440329218106,1.6441152402652448,1.6301007689386608,,31.96160027075636,31.686016310917697,,-0.008534016991680007,0.00012571598277826235,,0.0,0.0,19.44,31.69,1.6301440329218106,1.6441152402652448,1.6301007689386608,,31.96160027075636,31.686016310917697,,-0.008534016991680007,0.00012571598277826235,
2026-01-30,19.42,31.69,1.6318228630278062,1.6441152402652448,1.6302707601594744,1.6305725528673918,31.92871796595106,31.656556932788796,,-0.007504680822565926,0.0010558764970843948,,0.0,0.0,19.42,31.69,1.6318228630278062,1.6441152402652448,1.6302707601594744,1.6305725528673918,31.92871796595106,31.656556932788796,,-0.007504680822565926,0.0010558764970843948,
2026-02-02,19.29,31.46,1.6308968377397617,1.6441152402652448,1.6301349688435685,1.630429829446125,31.71498298471657,31.44792296347626,31.453744544811986,-0.00807232094972222,0.0003839591613642915,0.00019885814312556462,0.0,0.0,19.29,31.46,1.6308968377397617,1.6441152402652448,1.6301349688435685,1.630429829446125,31.71498298471657,31.44792296347626,31.453744544811986,-0.00807232094972222,0.0003839591613642915,0.00019885814312556462
2026-02-03,19.24,31.34,1.628898128898129,1.6441152402652448,1.6299184865837426,1.630243678048405,31.632777222703307,31.363796800550254,31.369469918543444,-0.009298599971901956,-0.0007590226718941727,-0.0009398874125765025,0.0,0.0,19.24,31.34,1.628898128898129,1.6441152402652448,1.6299184865837426,1.630243678048405,31.632777222703307,31.363796800550254,31.369469918543444,-0.009298599971901956,-0.0007590226718941727,-0.0009398874125765025
2026-02-04,19.26,31.44,1.632398753894081,1.6441152402652448,1.6300759246971648,1.6302177175084256,31.665659527508616,31.392230051602887,31.398493239212286,-0.007151830471190093,0.0015205558536413634,0.0013210618105113476,0.0,0.0,19.26,31.44,1.632398753894081,1.6441152402652448,1.6300759246971648,1.6302177175084256,31.665659527508616,31.392230051602887,31.398493239212286,-0.007151830471190093,0.0015205558536413634,0.0013210618105113476
2026-02-05,19.12,31.16,1.6297071129707112,1.6441152402652448,1.6300874523207667,1.6301610170821952,31.435483393871483,31.16705168020979,31.1697627587611,-0.008802078282924099,-0.00022627992339696481,-0.0003132615434049379,0.0,0.0,19.12,31.16,1.6297071129707112,1.6441152402652448,1.6300874523207667,1.6301610170821952,31.435483393871483,31.16705168020979,31.1697627587611,-0.008802078282924099,-0.00022627992339696481,-0.0003132615434049379
2026-02-06,19.27,31.47,1.633108458744162,1.6441152402652448,1.6303426006990152,1.6304789594595277,31.682100679911265,31.41178520622117,31.413202799173902,-0.006717163012175851,0.001851563540040494,0.0018064352241274654,0.0,0.0,19.27,31.47,1.633108458744162,1.6441152402652448,1.6303426006990152,1.6304789594595277,31.682100679911265,31.41178520622117,31.413202799173902,-0.006717163012175851,0.001851563540040494,0.0018064352241274654
2026-02-09,19.3,31.51,1.632642487046632,1.6441152402652448,1.6307876461350372,1.630492676366151,31.731424137119227,31.465612193490994,31.468243917568884,-0.007002531803873059,0.001409682647411742,0.0013260480430174553,0.0,0.0,19.3,31.51,1.632642487046632,1.6441152402652448,1.6307876461350372,1.630492676366151,31.731424137119227,31.465612193490994,31.468243917568884,-0.007002531803873059,0.001409682647411742,0.0013260480430174553
2026-02-10,19.31,31.52,1.6323148627654067,1.6441152402652448,1.631237946317508,1.630402993147832,31.747865289521876,31.490509446867566,31.484813580630373,-0.007203223112961041,0.0009360519552880486,0.0011169439612009379,0.0,0.0,19.31,31.52,1.6323148627654067,1.6441152402652448,1.631237946317508,1.630402993147832,31.747865289521876,31.490509446867566,31.484813580630373,-0.007203223112961041,0.0009360519552880486,0.0011169439612009379
2026-02-11,19.38,31.58,1.629514963880289,1.6441152402652448,1.631144850188879,1.6305419804163968,31.862953356340444,31.613391399633304,31.597210007204986,-0.008919989297340529,-0.0010568004660437313,-0.0005448169562638672,0.0,0.0,19.38,31.58,1.629514963880289,1.6441152402652448,1.631144850188879,1.6305419804163968,31.862953356340444,31.613391399633304,31.597210007204986,-0.008919989297340529,-0.0010568004660437313,-0.0005448169562638672
2026-02-12,19.23,31.48,1.6370254810192408,1.6441152402652448,1.6318329949986219,1.6309668819686416,31.616336070300658,31.366915469132145,31.35532228340731,-0.004321527713702255,0.003598733591587342,0.003968401073879478,0.0,0.0,19.23,31.48,1.6370254810192408,1.6441152402652448,1.6318329949986219,1.6309668819686416,31.616336070300658,31.366915469132145,31.35532228340731,-0.004321527713702255,0.003598733591587342,0.003968401073879478
2026-02-13,19.42,31.69,1.6318228630278062,1.6441152402652448,1.631832994998622,1.6310518775790481,31.92871796595106,31.69019676287324,31.673376847831022,-0.007504680822565926,-6.20897009754368e-06,0.0005246927603073959,0.0,0.0,19.42,31.69,1.6318228630278062,1.6441152402652448,1.631832994998622,1.6310518775790481,31.92871796595106,31.69019676287324,31.673376847831022,-0.007504680822565926,-6.20897009754368e-06,0.0005246927603073959
2026-02-17,19.47,31.83,1.6348228043143298,1.6441152402652448,1.6322255916560788,1.6311802802498234,32.01092372796431,31.77178841262317,31.756580056464067,-0.0056679697523231275,0.0018305021001450389,0.0023092915548760216,0.0,0.0,19.47,31.83,1.6348228043143298,1.6441152402652448,1.6322255916560788,1.6311802802498234,32.01092372796431,31.77178841262317,31.756580056464067,-0.0056679697523231275,0.0018305021001450389,0.0023092915548760216
2026-02-18,19.48,31.78,1.6314168377823408,1.6441152402652448,1.6324774625444998,1.631197974564121,32.02736488036697,31.795754525460417,31.775391859266563,-0.0077535287680354425,-0.0004956142762440211,0.00014501179543402186,0.0,0.0,19.48,31.78,1.6314168377823408,1.6441152402652448,1.6324774625444998,1.631197974564121,32.02736488036697,31.795754525460417,31.775391859266563,-0.0077535287680354425,-0.0004956142762440211,0.00014501179543402186
2026-02-19,19.39,31.71,1.635379061371841,1.6441152402652448,1.6327754932922758,1.6314257089947204,31.879394508743097,31.653737998737853,31.628928726798307,-0.005327772366520802,0.0017758427083012175,0.00255992070293322,0.0,0.0,19.39,31.71,1.635379061371841,1.6441152402652448,1.6327754932922758,1.6314257089947204,31.879394508743097,31.653737998737853,31.628928726798307,-0.005327772366520802,0.0017758427083012175,0.00255992070293322
2026-02-20,19.4,31.7,1.6340206185567012,1.6441152402652448,1.633206843850875,1.6316471480858208,31.895835661145746,31.675844569870147,31.649658754497572,-0.006158776848263793,0.0007622914207611355,0.001589314199592176,0.0,0.0,19.4,31.7,1.6340206185567012,1.6441152402652448,1.633206843850875,1.6316471480858208,31.895835661145746,31.675844569870147,31.649658754497572,-0.006158776848263793,0.0007622914207611355,0.001589314199592176
2026-02-23,19.31,31.5,1.6312791299844642,1.6441152402652448,1.6330239109749052,1.63168325583696,31.747865289521876,31.53722415476039,31.5071064295372,-0.007837942271052034,-0.0011810215181977755,-0.00022557549362404276,0.0,0.0,19.31,31.5,1.6312791299844642,1.6441152402652448,1.6330239109749052,1.63168325583696,31.747865289521876,31.53722415476039,31.5071064295372,-0.007837942271052034,-0.0011810215181977755,-0.00022557549362404276
2026-02-24,19.46,31.69,1.6284686536485098,1.6441152402652448,1.6326065276350932,1.6316970868850649,31.994482575561666,31.778645307571658,31.752556158587243,-0.009562294717246013,-0.002793359296787165,-0.0019720573270827703,0.0,0.0,19.46,31.69,1.6284686536485098,1.6441152402652448,1.6326065276350932,1.6316970868850649,31.994482575561666,31.778645307571658,31.752556158587243,-0.009562294717246013,-0.002793359296787165,-0.0019720573270827703
2026-02-25,19.42,31.71,1.632852729145211,1.6441152402652448,1.6326603142730733,1.6319491302952909,31.92871796595106,31.70521876667351,31.68755742730796,-0.006873765975139363,0.00015079135351224484,0.000707994898864385,0.0,0.0,19.42,31.71,1.632852729145211,1.6441152402652448,1.6326603142730733,1.6319491302952909,31.92871796595106,31.70521876667351,31.68755742730796,-0.006873765975139363,0.00015079135351224484,0.000707994898864385
2026-02-26,19.36,31.63,1.6337809917355373,1.6441152402652448,1.6330869170585984,1.6321158836237388,31.83007105153514,31.6083036843267,31.59453516251683,-0.0063054361930899245,0.0006861764234819934,0.001121869575210133,0.0,0.0,19.36,31.63,1.6337809917355373,1.6441152402652448,1.6330869170585984,1.6321158836237388,31.83007105153514,31.6083036843267,31.59453516251683,-0.0063054361930899245,0.0006861764234819934,0.001121869575210133
2026-02-27,19.25,31.41,1.6316883116883116,1.6441152402652448,1.6325532001255052,1.6321930975620635,31.649218375105963,31.436923153378018,31.418230759756973,-0.007587138845454451,-0.0008567851431419522,-0.00026200832665597326,0.0,0.0,19.25,31.41,1.6316883116883116,1.6441152402652448,1.6325532001255052,1.6321930975620635,31.649218375105963,31.436923153378018,31.418230759756973,-0.007587138845454451,-0.0008567851431419522,-0.00026200832665597326
2026-03-02,19.19,31.46,1.6393955184992184,1.6441152402652448,1.6333104656726465,1.6325717303356342,31.55057146069005,31.328695910408445,31.321785542216002,-0.0028748040516932876,0.004182417841046425,0.0044030184832201565,0.0,0.0,19.19,31.46,1.6393955184992184,1.6441152402652448,1.6333104656726465,1.6325717303356342,31.55057146069005,31.328695910408445,31.321785542216002,-0.0028748040516932876,0.004182417841046425,0.0044030184832201565
2026-03-03,19.04,31.28,1.642857142857143,1.6441152402652448,1.634113899526928,1.6331697455915033,31.30395417465026,31.098231266407186,31.084165745590475,-0.0007655053483252721,0.0058279705720131764,0.0062803661608769245,0.0,0.0,19.04,31.28,1.642857142857143,1.6441152402652448,1.634113899526928,1.6331697455915033,31.30395417465026,31.098231266407186,31.084165745590475,-0.0007655053483252721,0.0058279705720131764,0.0062803661608769245
2026-03-04,19.12,31.42,1.643305439330544,1.6441152402652448,1.635302759681748,1.6338901111131239,31.435483393871483,31.244257758954866,31.226205535709546,-0.0004926664579964622,0.005609025242923361,0.006186969531975774,0.0,0.0,19.12,31.42,1.643305439330544,1.6441152402652448,1.635302759681748,1.6338901111131239,31.435483393871483,31.244257758954866,31.226205535709546,-0.0004926664579964622,0.005609025242923361,0.006186969531975774
2026-03-05,19.02,31.29,1.6451104100946372,1.6441152402652448,1.6362758945540279,1.6345256939231518,31.271071869844956,31.103458489146846,31.076589913371617,0.0006051089013301035,0.005979539239663384,0.0068437578479727595,0.0,0.0,19.02,31.29,1.6451104100946372,1.6441152402652448,1.6362758945540279,1.6345256939231518,31.271071869844956,31.103458489146846,31.076589913371617,0.0006051089013301035,0.005979539239663384,0.0068437578479727595
2026-03-06,18.9,31.12,1.6465608465608468,1.6441152402652448,1.6375299173544424,1.6353683806026589,31.073778041013124,30.925614407071127,30.89253561514757,0.0014863855823778827,0.0062659135791641755,0.00733611044105088,0.0,0.0,18.9,31.12,1.6465608465608468,1.6441152402652448,1.6375299173544424,1.6353683806026589,31.073778041013124,30.925614407071127,30.89253561514757,0.0014863855823778827,0.0062659135791641755,0.00733611044105088
2026-03-09,18.91,31.17,1.6483342147012163,1.6441152402652448,1.6392354258261175,1.6361296684005115,31.09021919341578,30.965690737172505,30.92481607719628,0.0025628194466631267,0.006576252608389278,0.007897122900876977,0.0,0.0,18.91,31.17,1.6483342147012163,1.6441152402652448,1.6392354258261175,1.6361296684005115,31.09021919341578,30.965690737172505,30.92481607719628,0.0025628194466631267,0.006576252608389278,0.007897122900876977
2026-03-10,18.92,31.15,1.6464059196617333,1.6441152402652448,1.6410291524274399,1.6368178400312665,31.106660345818433,31.014334256630146,30.95557332613768,0.0013922899475134738,0.0043647522449478966,0.006261187156520177,0.0,0.0,18.92,31.15,1.6464059196617333,1.6441152402652448,1.6410291524274399,1.6368178400312665,31.106660345818433,31.014334256630146,30.95557332613768,0.0013922899475134738,0.0043647522449478966,0.006261187156520177
2026-03-11,18.83,31.04,1.6484333510355815,1.6441152402652448,1.642587214616477,1.637623764444775,30.958689974194556,30.90057894020869,30.821279927788744,0.002622960983740737,0.004501775657749746,0.007071337155289097,0.0,0.0,18.83,31.04,1.6484333510355815,1.6441152402652448,1.642587214616477,1.637623764444775,30.958689974194556,30.90057894020869,30.821279927788744,0.002622960983740737,0.004501775657749746,0.007071337155289097
2026-03-12,18.67,30.85,1.6523835029459024,1.6441152402652448,1.6444474657375134,1.6387671913980557,30.695631535752124,30.66710329688963,30.574435682183953,0.005016401135549167,0.005946224129771662,0.00897252578630065,0.0,0.0,18.67,30.85,1.6523835029459024,1.6441152402652448,1.6444474657375134,1.6387671913980557,30.695631535752124,30.66710329688963,30.574435682183953,0.005016401135549167,0.005946224129771662,0.00897252578630065
2026-03-13,18.57,30.67,1.6515885837372106,1.6441152402652448,1.6464374929424033,1.6394953465339543,30.531220011725598,30.537389438745624,30.431906744261894,0.00453521109932939,0.00433316205657137,0.007793356165158236,0.0,0.0,18.57,30.67,1.6515885837372106,1.6441152402652448,1.6464374929424033,1.6394953465339543,30.531220011725598,30.537389438745624,30.431906744261894,0.00453521109932939,0.00433316205657137,0.007793356165158236
2026-03-16,18.64,30.75,1.6496781115879828,1.6441152402652448,1.6474657522512797,1.6403881089619632,30.646308078544163,30.6895948684464,30.56019325939291,0.003377793332865322,0.001966326475481142,0.006191706041188969,0.0,0.0,18.64,30.75,1.6496781115879828,1.6441152402652448,1.6474657522512797,1.6403881089619632,30.646308078544163,30.6895948684464,30.56019325939291,0.003377793332865322,0.001966326475481142,0.006191706041188969
2026-03-17,18.72,30.9,1.6506410256410258,1.6441152402652448,1.6482441405296684,1.6411790200282979,30.77783729776538,30.840558882143952,30.70806539976795,0.0039613211920373785,0.0019255133836687292,0.006230847209693192,0.0,0.0,18.72,30.9,1.6506410256410258,1.6441152402652448,1.6482441405296684,1.6411790200282979,30.77783729776538,30.840558882143952,30.70806539976795,0.0039613211920373785,0.0019255133836687292,0.006230847209693192
2026-03-18,18.6,30.67,1.6489247311827957,1.6441152402652448,1.6488060697148932,1.6420544146983207,30.580543468933556,30.657341013851834,30.525929772526343,0.0029210057447881044,0.0004128333666087894,0.004708499214846871,0.0,0.0,18.6,30.67,1.6489247311827957,1.6441152402652448,1.6488060697148932,1.6420544146983207,30.580543468933556,30.657341013851834,30.525929772526343,0.0029210057447881044,0.0004128333666087894,0.004708499214846871
2026-03-19,18.59,30.71,1.6519634211941905,1.6441152402652448,1.6494913708248486,1.6428836326894385,30.5641023165309,30.651304835999863,30.525791569241782,0.0047621410571619584,0.0019131008396517826,0.006016382957894313,0.0,0.0,18.59,30.71,1.6519634211941905,1.6441152402652448,1.6494913708248486,1.6428836326894385,30.5641023165309,30.651304835999863,30.525791569241782,0.0047621410571619584,0.0019131008396517826,0.006016382957894313
2026-03-20,18.3,30.27,1.6540983606557376,1.6441152402652448,1.6502451222343375,1.64388751979439,30.08730889685398,30.185692086094733,30.064770478216726,0.006053671524035674,0.0027890829018278056,0.00680305275661002,0.0,0.0,18.3,30.27,1.6540983606557376,1.6441152402652448,1.6502451222343375,1.64388751979439,30.08730889685398,30.185692086094733,30.064770478216726,0.006053671524035674,0.0027890829018278056,0.00680305275661002
2026-03-23,18.46,30.45,1.6495124593716142,1.6441152402652448,1.6503629467013774,1.6447991862637472,30.350367335296422,30.463524956445873,30.346163615404443,0.0032773734189833624,-0.0004440707274058933,0.0034158894044229674,0.0,0.0,18.46,30.45,1.6495124593716142,1.6441152402652448,1.6503629467013774,1.6447991862637472,30.350367335296422,30.463524956445873,30.346163615404443,0.0032773734189833624,-0.0004440707274058933,0.0034158894044229674
2026-03-24,18.5,30.44,1.6454054054054055,1.6441152402652448,1.6502628952757448,1.6456460238515924,30.41613194490703,30.531714513975484,30.428784945879322,0.0007844092469896699,-0.0030084305117408856,0.00036849936326346206,0.0,0.0,18.5,30.44,1.6454054054054055,1.6441152402652448,1.6502628952757448,1.6456460238515924,30.41613194490703,30.531714513975484,30.428784945879322,0.0007844092469896699,-0.0030084305117408856,0.00036849936326346206
2026-03-25,18.59,30.61,1.6465841850457235,1.6441152402652448,1.6500779786767588,1.646332596646618,30.5641023165309,30.678387223176095,30.5925595834011,0.0015005595617521956,-0.002231654466917856,0.0005699244341964847,0.0,0.0,18.59,30.61,1.6465841850457235,1.6441152402652448,1.6500779786767588,1.646332596646618,30.5641023165309,30.678387223176095,30.5925595834011,0.0015005595617521956,-0.002231654466917856,0.0005699244341964847
2026-03-26,18.43,30.38,1.6483993488876831,1.6441152402652448,1.649679563270937,1.6470635145042252,30.30104387808846,30.410937147012664,30.34190975619717,0.002602333823678569,-0.0010178211139812402,0.0012545800667944425,0.0,0.0,18.43,30.38,1.6483993488876831,1.6441152402652448,1.649679563270937,1.6470635145042252,30.30104387808846,30.410937147012664,30.34190975619717,0.002602333823678569,-0.0010178211139812402,0.0012545800667944425
2026-03-27,18.31,30.16,1.647187329328236,1.6441152402652448,1.6492394378300397,1.6478384653862215,30.10375004925663,30.205632803490854,30.15773295057236,0.0018667927911197085,-0.0015118805208793103,7.517024655307613e-05,0.0,0.0,18.31,30.16,1.647187329328236,1.6441152402652448,1.6492394378300397,1.6478384653862215,30.10375004925663,30.205632803490854,30.15773295057236,0.0018667927911197085,-0.0015118805208793103,7.517024655307613e-05
2026-03-30,18.24,30.12,1.6513157894736845,1.6441152402652448,1.6494032056186096,1.6484344789349445,29.988661982438064,30.08212734601992,30.056573608644676,0.00437002662329116,0.0012581834113108605,0.002108010178684306,0.0,0.0,18.24,30.12,1.6513157894736845,1.6441152402652448,1.6494032056186096,1.6484344789349445,29.988661982438064,30.08212734601992,30.056573608644676,0.00437002662329116,0.0012581834113108605,0.002108010178684306
2026-03-31,18.4,30.32,1.6478260869565218,1.6441152402652448,1.649121711750159,1.6486829261399136,30.251720420880503,30.349018983382415,30.331194412402976,0.0022545044970147463,-0.0009566327618850629,-0.00036914071152416934,0.0,0.0,18.4,30.32,1.6478260869565218,1.6441152402652448,1.649121711750159,1.6486829261399136,30.251720420880503,30.349018983382415,30.331194412402976,0.0022545044970147463,-0.0009566327618850629,-0.00036914071152416934
2026-04-01,18.39,30.38,1.651984774333877,1.6441152402652448,1.6494277160652675,1.6491168928900806,30.235279268477854,30.327348279085427,30.31927901171301,0.004775066889180702,0.0017346082676629672,0.002000715973252148,0.0,0.0,18.39,30.38,1.651984774333877,1.6441152402652448,1.6494277160652675,1.6491168928900806,30.235279268477854,30.327348279085427,30.31927901171301,0.004775066889180702,0.0017346082676629672,0.002000715973252148
2026-04-02,18.42,30.43,1.6520086862106405,1.6441152402652448,1.6494322425669126,1.6494618066958804,30.28460272568581,30.38245852992223,30.376733167035287,0.004789541419502466,0.001563544080022648,0.001752004878923348,0.0,0.0,18.42,30.43,1.6520086862106405,1.6441152402652448,1.6494322425669126,1.6494618066958804,30.28460272568581,30.38245852992223,30.376733167035287,0.004789541419502466,0.001563544080022648,0.001752004878923348
2026-04-06,18.47,30.5,1.6513264753654575,1.6441152402652448,1.6491550540378843,1.649700088136111,30.36680848769907,30.465013520210874,30.46555956967291,0.0043764977400010075,0.0011477561181314079,0.0011298324573365672,0.0,0.0,18.47,30.5,1.6513264753654575,1.6441152402652448,1.6491550540378843,1.649700088136111,30.36680848769907,30.465013520210874,30.46555956967291,0.0043764977400010075,0.0011477561181314079,0.0011298324573365672
2026-04-07,18.53,30.47,1.6443604964921748,1.6441152402652448,1.6486398577499404,1.6495014022256587,30.465455402114987,30.558843151321998,30.568942633162138,0.00014916103813287257,-0.0029115155881757767,-0.0032419539249296156,0.0,0.0,18.53,30.47,1.6443604964921748,1.6441152402652448,1.6486398577499404,1.6495014022256587,30.465455402114987,30.558843151321998,30.568942633162138,0.00014916103813287257,-0.0029115155881757767,-0.0032419539249296156
2026-04-08,18.66,30.74,1.6473740621650588,1.6441152402652448,1.6488367234259058,1.6495498093508254,30.679190383349468,30.763619745613887,30.77969616553079,0.0019801510290357004,-0.0007680766391562207,-0.0012905190862216667,0.0,0.0,18.66,30.74,1.6473740621650588,1.6441152402652448,1.6488367234259058,1.6495498093508254,30.679190383349468,30.763619745613887,30.77969616553079,0.0019801510290357004,-0.0007680766391562207,-0.0012905190862216667
2026-04-09,18.77,30.84,1.6430474160895046,1.6441152402652448,1.6484830465302838,1.6492805126035215,30.860043059778643,30.948665298704253,30.962049921514993,-0.0006496935655050766,-0.0035173250695412026,-0.003949709769722933,0.0,0.0,18.77,30.84,1.6430474160895046,1.6441152402652448,1.6484830465302838,1.6492805126035215,30.860043059778643,30.948665298704253,30.962049921514993,-0.0006496935655050766,-0.0035173250695412026,-0.003949709769722933
2026-04-10,18.73,30.79,1.6438868126001067,1.6441152402652448,1.6480317929015265,1.6488556780862318,30.794278450168036,30.876087461512217,30.891024001063958,-0.00013894618180456636,-0.0027920538169693694,-0.003275694365773011,0.0,0.0,18.73,30.79,1.6438868126001067,1.6441152402652448,1.6480317929015265,1.6488556780862318,30.794278450168036,30.876087461512217,30.891024001063958,-0.00013894618180456636,-0.0027920538169693694,-0.003275694365773011
2026-04-13,18.83,30.99,1.6457780138077536,1.6441152402652448,1.647890861349478,1.6485651495897589,30.958689974194556,31.03243866033574,31.047952418363742,0.0010108374683795134,-0.001368493979778147,-0.001868289747213822,0.0,0.0,18.83,30.99,1.6457780138077536,1.6441152402652448,1.647890861349478,1.6485651495897589,30.958689974194556,31.03243866033574,31.047952418363742,0.0010108374683795134,-0.001368493979778147,-0.001868289747213822
2026-04-14,18.93,31.25,1.6508188061278395,1.6441152402652448,1.6478411630148933,1.6486221843167517,31.123101498221082,31.19457400534562,31.207338281734135,0.004069019298962693,0.0017752065761625615,0.0013661076848395111,0.0,0.0,18.93,31.25,1.6508188061278395,1.6441152402652448,1.6478411630148933,1.6486221843167517,31.123101498221082,31.19457400534562,31.207338281734135,0.004069019298962693,0.0017752065761625615,0.0013661076848395111
2026-04-15,19.0,31.36,1.6505263157894736,1.6441152402652448,1.6481111858981887,1.6486164488241737,31.23818956503965,31.30898209728297,31.323821502018284,0.0038918246535502086,0.0016281711392180298,0.0011543170512574197,0.0,0.0,19.0,31.36,1.6505263157894736,1.6441152402652448,1.6481111858981887,1.6486164488241737,31.23818956503965,31.30898209728297,31.323821502018284,0.0038918246535502086,0.0016281711392180298,0.0011543170512574197
2026-04-16,18.91,31.33,1.656795346377578,1.6441152402652448,1.6485922431025588,1.6490099795839128,31.09021919341578,31.16578252533475,31.175337047265124,0.007682830631517861,0.0052553259110303665,0.004948801996455543,0.0,0.0,18.91,31.33,1.656795346377578,1.6441152402652448,1.6485922431025588,1.6490099795839128,31.09021919341578,31.16578252533475,31.175337047265124,0.007682830631517861,0.0052553259110303665,0.004948801996455543
2026-04-17,18.96,31.46,1.6592827004219408,1.6441152402652448,1.6493196445236886,1.6493759435453004,31.172424955429044,31.257308929224518,31.265229212910988,0.009183009141039608,0.006463663059541369,0.006210305343613896,0.0,0.0,18.96,31.46,1.6592827004219408,1.6441152402652448,1.6493196445236886,1.6493759435453004,31.172424955429044,31.257308929224518,31.265229212910988,0.009183009141039608,0.006463663059541369,0.006210305343613896
2026-04-20,19.01,31.44,1.6538663861125722,1.6441152402652448,1.6495736355984,1.6493643448181423,31.254630717442307,31.353566442395323,31.354636686796162,0.005913419398451653,0.0027529448346219525,0.0027188107230533714,0.0,0.0,19.01,31.44,1.6538663861125722,1.6441152402652448,1.6495736355984,1.6493643448181423,31.254630717442307,31.353566442395323,31.354636686796162,0.005913419398451653,0.0027529448346219525,0.0027188107230533714
2026-04-21,18.89,31.24,1.6537850714663842,1.6441152402652448,1.6505160930958211,1.6495779754228805,31.057336888610475,31.16044597645378,31.15649247361471,0.005864251795850562,0.002549791604935798,0.0026766753364766186,0.0,0.0,18.89,31.24,1.6537850714663842,1.6441152402652448,1.6505160930958211,1.6495779754228805,31.057336888610475,31.16044597645378,31.15649247361471,0.005864251795850562,0.002549791604935798,0.0026766753364766186
2026-04-22,19.04,31.51,1.654936974789916,1.6441152402652448,1.651272384358307,1.6500545538921063,31.30395417465026,31.425826412544435,31.407964652051643,0.006560534743747584,0.002674903705659694,0.0032434436798133627,0.0,0.0,19.04,31.51,1.654936974789916,1.6441152402652448,1.651272384358307,1.6500545538921063,31.30395417465026,31.425826412544435,31.407964652051643,0.006560534743747584,0.002674903705659694,0.0032434436798133627
2026-04-23,19.07,31.49,1.6512847404299946,1.6441152402652448,1.652096116792356,1.6502895816613197,31.35327763185822,31.489764369712915,31.466540342722467,0.004351223838389102,7.4827300306173035e-06,0.0007452651697711565,0.0,0.0,19.07,31.49,1.6512847404299946,1.6441152402652448,1.652096116792356,1.6502895816613197,31.35327763185822,31.489764369712915,31.466540342722467,0.004351223838389102,7.4827300306173035e-06,0.0007452651697711565
2026-04-24,19.12,31.52,1.6485355648535565,1.6441152402652448,1.6525609920177007,1.6502963924596135,31.435483393871483,31.58807775306985,31.553536801364434,0.002684965704206623,-0.0021574981175491873,-0.0010634191841978166,0.0,0.0,19.12,31.52,1.6485355648535565,1.6441152402652448,1.6525609920177007,1.6502963924596135,31.435483393871483,31.58807775306985,31.553536801364434,0.002684965704206623,-0.0021574981175491873,-0.0010634191841978166
2026-04-27,19.07,31.49,1.6512847404299946,1.6441152402652448,1.653111664679925,1.6505012630147013,31.35327763185822,31.51433811777755,31.47115220420483,0.004351223838389102,-0.000772585498562044,0.0005987119262698775,0.0,0.0,19.07,31.49,1.6512847404299946,1.6441152402652448,1.653111664679925,1.6505012630147013,31.35327763185822,31.51433811777755,31.47115220420483,0.004351223838389102,-0.000772585498562044,0.0005987119262698775
2026-04-28,19.0,31.29,1.6468421052631579,1.6441152402652448,1.6527139945934568,1.6502775788041752,31.23818956503965,31.409121628918577,31.359523997279325,0.00165718685213389,-0.0037997907833798093,-0.0022194590280345283,0.0,0.0,19.0,31.29,1.6468421052631579,1.6441152402652448,1.6527139945934568,1.6502775788041752,31.23818956503965,31.409121628918577,31.359523997279325,0.00165718685213389,-0.0037997907833798093,-0.0022194590280345283
2026-04-29,18.92,31.17,1.6474630021141647,1.6441152402652448,1.652407663225926,1.6502594245620572,31.106660345818433,31.269348777708206,31.223251790975,0.002034138493297017,-0.0031822516888093586,-0.0017069731862551637,0.0,0.0,18.92,31.17,1.6474630021141647,1.6441152402652448,1.652407663225926,1.6502594245620572,31.106660345818433,31.269348777708206,31.223251790975,0.002034138493297017,-0.0031822516888093586,-0.0017069731862551637
2026-04-30,19.09,31.45,1.6474594028287062,1.6441152402652448,1.651474068871039,1.6500331559867987,31.386159936663525,31.544462290982924,31.503452414889672,0.002031953746576844,-0.002999068754625369,-0.0016981571521329033,0.0,0.0,19.09,31.45,1.6474594028287062,1.6441152402652448,1.651474068871039,1.6500331559867987,31.386159936663525,31.544462290982924,31.503452414889672,0.002031953746576844,-0.002999068754625369,-0.0016981571521329033
2026-05-01,19.0,31.41,1.6531578947368422,1.6441152402652448,1.6508615883025288,1.6500906164131088,31.23818956503965,31.37800730854974,31.350629963749174,0.005484942721898375,0.001019070220265297,0.001891952136064362,0.0,0.0,19.0,31.41,1.6531578947368422,1.6441152402652448,1.6508615883025288,1.6500906164131088,31.23818956503965,31.37800730854974,31.350629963749174,0.005484942721898375,0.001019070220265297,0.001891952136064362
2026-05-04,18.91,31.26,1.65309360126917,1.6441152402652448,1.6507843098181887,1.6501789727082943,31.09021919341578,31.21779263480082,31.20321355637189,0.005446050660748163,0.0013511159674522864,0.0018182368802225693,0.0,0.0,18.91,31.26,1.65309360126917,1.6441152402652448,1.6507843098181887,1.6501789727082943,31.09021919341578,31.21779263480082,31.20321355637189,0.005446050660748163,0.0013511159674522864,0.0018182368802225693
2026-05-05,18.95,31.45,1.6596306068601583,1.6441152402652448,1.651368863357566,1.6509424782266937,31.155983803026388,31.282362671054674,31.270891532822176,0.009392659955797732,0.005344537359703782,0.005711301279729412,0.0,0.0,18.95,31.45,1.6596306068601583,1.6441152402652448,1.651368863357566,1.6509424782266937,31.155983803026388,31.282362671054674,31.270891532822176,0.009392659955797732,0.005344537359703782,0.005711301279729412
2026-05-06,19.08,31.61,1.6567085953878409,1.6441152402652448,1.6515460254173586,1.6514092048878326,31.36971878426087,31.508117912862357,31.49998248456531,0.007630468545169566,0.003228302078408405,0.0034865364416392466,0.0,0.0,19.08,31.61,1.6567085953878409,1.6441152402652448,1.6515460254173586,1.6514092048878326,31.36971878426087,31.508117912862357,31.49998248456531,0.007630468545169566,0.003228302078408405,0.0034865364416392466
2026-05-07,19.0,31.52,1.6589473684210525,1.6441152402652448,1.6523122882164643,1.6522042025044101,31.23818956503965,31.379374482929812,31.37677489286882,0.008980894161021588,0.004471451505846096,0.004554298847129347,0.0,0.0,19.0,31.52,1.6589473684210525,1.6441152402652448,1.6523122882164643,1.6522042025044101,31.23818956503965,31.379374482929812,31.37677489286882,0.008980894161021588,0.004471451505846096,0.004554298847129347
2026-05-08,19.14,31.72,1.657262277951933,1.6441152402652448,1.653184959526302,1.6528729757720015,31.468365698676788,31.625257196463128,31.62318843593441,0.007964619079622579,0.002991317057546768,0.0030567340178775243,0.0,0.0,19.14,31.72,1.657262277951933,1.6441152402652448,1.653184959526302,1.6528729757720015,31.468365698676788,31.625257196463128,31.62318843593441,0.007964619079622579,0.002991317057546768,0.0030567340178775243
2026-05-11,19.06,31.68,1.6621196222455406,1.6441152402652448,1.6542684477078566,1.6536900561938908,31.336836479455563,31.509705328571314,31.50375891821435,0.010891277057952741,0.005389962900511617,0.005578697497020368,0.0,0.0,19.06,31.68,1.6621196222455406,1.6441152402652448,1.6542684477078566,1.6536900561938908,31.336836479455563,31.509705328571314,31.50375891821435,0.010891277057952741,0.005389962900511617,0.005578697497020368
2026-05-12,19.08,31.57,1.6546121593291405,1.6441152402652448,1.655045453114455,1.6538797238539558,31.36971878426087,31.563441982265903,31.552406272179432,0.00636424488754355,0.0002077509969921709,0.0005574479591384762,0.0,0.0,19.08,31.57,1.6546121593291405,1.6441152402652448,1.655045453114455,1.6538797238539558,31.36971878426087,31.563441982265903,31.552406272179432,0.00636424488754355,0.0002077509969921709,0.0005574479591384762
2026-05-13,19.03,31.58,1.6594850236468732,1.6441152402652448,1.6562476552677257,1.6543276592468257,31.28751302224761,31.49551497276808,31.47333114494078,0.00930493585722137,0.002678854950048007,0.003383451909109705,0.0,0.0,19.03,31.58,1.6594850236468732,1.6441152402652448,1.6562476552677257,1.6543276592468257,31.28751302224761,31.49551497276808,31.47333114494078,0.00930493585722137,0.002678854950048007,0.003383451909109705
2026-05-14,19.05,31.6,1.6587926509186353,1.6441152402652448,1.6573809800767187,1.6544275244738784,31.320395327052914,31.551517832850173,31.51494190865203,0.00888762735794019,0.0015354239561742907,0.002695340921510603,0.0,0.0,19.05,31.6,1.6587926509186353,1.6441152402652448,1.6573809800767187,1.6544275244738784,31.320395327052914,31.551517832850173,31.51494190865203,0.00888762735794019,0.0015354239561742907,0.002695340921510603
2026-05-15,18.84,31.23,1.657643312101911,1.6441152402652448,1.6578295218132255,1.6543455550578774,30.975131126597212,31.22505766464538,31.16941456108787,0.008194510484553953,0.00015826853900208606,0.0019418598195622993,0.0,0.0,18.84,31.23,1.657643312101911,1.6441152402652448,1.6578295218132255,1.6543455550578774,30.975131126597212,31.22505766464538,31.16941456108787,0.008194510484553953,0.00015826853900208606,0.0019418598195622993
2026-05-18,18.82,31.16,1.6556854410201913,1.6441152402652448,1.6580887057883278,1.6544365078032581,30.942248821791907,31.200351600524904,31.134783346189252,0.007012695183097684,-0.00129414299698479,0.0008095912316747396,0.0,0.0,18.82,31.16,1.6556854410201913,1.6441152402652448,1.6580887057883278,1.6544365078032581,30.942248821791907,31.200351600524904,31.134783346189252,0.007012695183097684,-0.00129414299698479,0.0008095912316747396
2026-05-19,18.7,30.97,1.656149732620321,1.6441152402652448,1.657740618364344,1.654554740860955,30.744954992960075,31.006258798241728,30.937962695920927,0.007293078462354214,-0.0011700868391105552,0.0010349979402924617,0.0,0.0,18.7,30.97,1.656149732620321,1.6441152402652448,1.657740618364344,1.654554740860955,30.744954992960075,31.006258798241728,30.937962695920927,0.007293078462354214,-0.0011700868391105552,0.0010349979402924617
2026-05-20,18.81,31.11,1.6539074960127593,1.6441152402652448,1.6574605084268357,1.6545032669220974,30.925807669389254,31.18210103143331,31.122174675594565,0.005938275934390311,-0.0023149343957933792,-0.000391266280291376,0.0,0.0,18.81,31.11,1.6539074960127593,1.6441152402652448,1.6574605084268357,1.6545032669220974,30.925807669389254,31.18210103143331,31.122174675594565,0.005938275934390311,-0.0023149343957933792,-0.000391266280291376
2026-05-21,18.81,31.13,1.654970760233918,1.6441152402652448,1.6570628476081222,1.6546875679122934,30.925807669389254,31.176832163508777,31.12120645080465,0.006580949478361307,-0.0015032756666332765,0.0002825181953956054,0.0,0.0,18.81,31.13,1.654970760233918,1.6441152402652448,1.6570628476081222,1.6546875679122934,30.925807669389254,31.176832163508777,31.12120645080465,0.006580949478361307,-0.0015032756666332765,0.0002825181953956054
2026-05-22,18.82,31.24,1.6599362380446332,1.6441152402652448,1.6573302436173922,1.6552576015718472,30.942248821791907,31.18592279198486,31.141220028109363,0.009576799152035307,0.0017325245386289817,0.0031669805241954997,0.0,0.0,18.82,31.24,1.6599362380446332,1.6441152402652448,1.6573302436173922,1.6552576015718472,30.942248821791907,31.18592279198486,31.141220028109363,0.009576799152035307,0.0017325245386289817,0.0031669805241954997
2026-05-26,18.9,31.34,1.6582010582010582,1.6441152402652448,1.6569383872129442,1.6556034174604004,31.073778041013124,31.32354160436871,31.28436866970791,0.008530923200061713,0.0005252941531345649,0.0017766676489492648,0.0,0.0,18.9,31.34,1.6582010582010582,1.6441152402652448,1.6569383872129442,1.6556034174604004,31.073778041013124,31.32354160436871,31.28436866970791,0.008530923200061713,0.0005252941531345649,0.0017766676489492648
2026-05-27,18.95,31.39,1.6564643799472296,1.6441152402652448,1.657123609274753,1.656084531194604,31.155983803026388,31.39898243768529,31.373684760874585,0.007483047663210445,-0.000286115092101787,0.0005198942527056249,0.0,0.0,18.95,31.39,1.6564643799472296,1.6441152402652448,1.657123609274753,1.656084531194604,31.155983803026388,31.39898243768529,31.373684760874585,0.007483047663210445,-0.000286115092101787,0.0005198942527056249
2026-05-28,19.0,31.5,1.6578947368421053,1.6441152402652448,1.6569645805942763,1.6566061179310008,31.23818956503965,31.485348576220307,31.465606092697474,0.008346175002930467,0.0004652327684184287,0.0010924665974819845,0.0,0.0,19.0,31.5,1.6578947368421053,1.6441152402652448,1.6569645805942763,1.6566061179310008,31.23818956503965,31.485348576220307,31.465606092697474,0.008346175002930467,0.0004652327684184287,0.0010924665974819845
2026-05-29,19.02,31.56,1.6593059936908516,1.6441152402652448,1.6570159148714978,1.6571984474741082,31.271071869844956,31.515466322903134,31.508648363047634,0.009197047198212915,0.0014120762665074376,0.0016284366205105514,0.0,0.0,19.02,31.56,1.6593059936908516,1.6441152402652448,1.6570159148714978,1.6571984474741082,31.271071869844956,31.515466322903134,31.508648363047634,0.009197047198212915,0.0014120762665074376,0.0016284366205105514
2026-06-01,18.94,31.4,1.6578669482576556,1.6441152402652448,1.6570382784870723,1.6574339001501488,31.13954265062374,31.38388142766617,31.387338595159612,0.008329413494059116,0.0005134621282223735,0.000403310772372427,0.0,0.0,18.94,31.4,1.6578669482576556,1.6441152402652448,1.6570382784870723,1.6574339001501488,31.13954265062374,31.38388142766617,31.387338595159612,0.008329413494059116,0.0005134621282223735,0.000403310772372427
2026-06-02,18.95,31.44,1.6591029023746704,1.6441152402652448,1.6573800246225203,1.657734365205424,31.155983803026388,31.40087537733002,31.40837240784532,0.00907464437035419,0.0012451967764716791,0.0010064729956506787,0.0,0.0,18.95,31.44,1.6591029023746704,1.6441152402652448,1.6573800246225203,1.657734365205424,31.155983803026388,31.40087537733002,31.40837240784532,0.00907464437035419,0.0012451967764716791,0.0010064729956506787
2026-06-03,18.84,31.23,1.657643312101911,1.6441152402652448,1.6575293825706794,1.6576350004675118,30.975131126597212,31.225039663888282,31.231715440470186,0.008194510484553953,0.00015884502351919895,-5.492774120984249e-05,0.0,0.0,18.84,31.23,1.657643312101911,1.6441152402652448,1.6575293825706794,1.6576350004675118,30.975131126597212,31.225039663888282,31.231715440470186,0.008194510484553953,0.00015884502351919895,-5.492774120984249e-05
2026-06-04,18.9,31.25,1.6534391534391535,1.6441152402652448,1.6574825483133186,1.6574715283700772,31.073778041013124,31.327305330585837,31.32930150883597,0.005655062454597543,-0.002470715845078314,-0.002534433890197689,0.0,0.0,18.9,31.25,1.6534391534391535,1.6441152402652448,1.6574825483133186,1.6574715283700772,31.073778041013124,31.327305330585837,31.32930150883597,0.005655062454597543,-0.002470715845078314,-0.002534433890197689
2026-06-05,18.75,30.91,1.6485333333333334,1.6441152402652448,1.6568388056232604,1.6569508266156912,30.82716075497334,31.077797780874725,31.077591156938947,0.0026836120653887952,-0.005413910373771248,-0.005407261748790815,0.0,0.0,18.75,30.91,1.6485333333333334,1.6441152402652448,1.6568388056232604,1.6569508266156912,30.82716075497334,31.077797780874725,31.077591156938947,0.0026836120653887952,-0.005413910373771248,-0.005407261748790815
2026-06-08,18.69,30.97,1.657035848047084,1.6441152402652448,1.6565487666235055,1.6569395051204487,30.728513840557426,30.96631727709874,30.96841094944727,0.00782798085542355,0.00011891966030603089,5.1310665828222826e-05,0.0,0.0,18.69,30.97,1.657035848047084,1.6441152402652448,1.6565487666235055,1.6569395051204487,30.728513840557426,30.96631727709874,30.96841094944727,0.00782798085542355,0.00011891966030603089,5.1310665828222826e-05
2026-06-09,18.66,30.89,1.6554126473740622,1.6441152402652448,1.6562699255408055,1.656604156376875,30.679190383349468,30.911199985194614,30.918491165547575,0.006847919849076289,-0.000686070368576931,-0.000921917588611757,0.0,0.0,18.66,30.89,1.6554126473740622,1.6441152402652448,1.6562699255408055,1.656604156376875,30.679190383349468,30.911199985194614,30.918491165547575,0.006847919849076289,-0.000686070368576931,-0.000921917588611757
2026-06-10,18.61,30.77,1.6534121440085976,1.6441152402652448,1.6559647019469423,1.6565441556108478,30.596984621336205,30.82318331431439,30.829403350173642,0.005638727017574645,-0.0017269225154414782,-0.0019286994794545107,0.0,0.0,18.61,30.77,1.6534121440085976,1.6441152402652448,1.6559647019469423,1.6565441556108478,30.596984621336205,30.82318331431439,30.829403350173642,0.005638727017574645,-0.0017269225154414782,-0.0019286994794545107
2026-06-11,18.77,31.02,1.6526371870005327,1.6441152402652448,1.6554389469627853,1.6562017637785307,30.860043059778643,31.082457455544105,31.09333380081561,0.005169915487758869,-0.0020114333364884118,-0.002361291220487037,0.0,0.0,18.77,31.02,1.6526371870005327,1.6441152402652448,1.6554389469627853,1.6562017637785307,30.860043059778643,31.082457455544105,31.09333380081561,0.005169915487758869,-0.0020114333364884118,-0.002361291220487037
2026-06-12,18.82,31.07,1.650903294367694,1.6441152402652448,1.6545986770304695,1.6558072959509835,30.942248821791907,31.155360981839618,31.169717194311946,0.0041201975855061825,-0.0027436091663648895,-0.0032042973242091483,0.0,0.0,18.82,31.07,1.650903294367694,1.6441152402652448,1.6545986770304695,1.6558072959509835,30.942248821791907,31.155360981839618,31.169717194311946,0.0041201975855061825,-0.0027436091663648895,-0.0032042973242091483
2026-06-15,18.93,31.3,1.653460116217644,1.6441152402652448,1.6541579938264683,1.6555981361567702,31.123101498221082,31.321552956186785,31.344432112352116,0.005667740662659712,-0.0006883558781401997,-0.00141854968764852,0.0,0.0,18.93,31.3,1.653460116217644,1.6441152402652448,1.6541579938264683,1.6555981361567702,31.123101498221082,31.321552956186785,31.344432112352116,0.005667740662659712,-0.0006883558781401997,-0.00141854968764852
2026-06-16,18.94,31.19,1.646779303062302,1.6441152402652448,1.6529256338952316,1.6551528292588755,31.13954265062374,31.32975240307331,31.35702869880923,0.001619051199563326,-0.004470671442854563,-0.005340912248902443,0.0,0.0,18.94,31.19,1.646779303062302,1.6441152402652448,1.6529256338952316,1.6551528292588755,31.13954265062374,31.32975240307331,31.35702869880923,0.001619051199563326,-0.004470671442854563,-0.005340912248902443
2026-06-17,18.84,31.09,1.650212314225053,1.6441152402652448,1.6521825341075456,1.6548559583391125,30.975131126597212,31.141118942586164,31.183079303237214,0.0037015632602291674,-0.0016428743352977753,-0.0029893936062062214,0.0,0.0,18.84,31.09,1.650212314225053,1.6441152402652448,1.6521825341075456,1.6548559583391125,30.975131126597212,31.141118942586164,31.183079303237214,0.0037015632602291674,-0.0016428743352977753,-0.0029893936062062214
2026-06-18,18.89,31.23,1.653255690841715,1.6441152402652448,1.6521641878478017,1.6548233680805602,31.057336888610475,31.209728069291536,31.260229053025835,0.0055440981193526665,0.0006493279854849861,-0.00096748102357251,0.0,0.0,18.89,31.23,1.653255690841715,1.6441152402652448,1.6521641878478017,1.6548233680805602,31.057336888610475,31.209728069291536,31.260229053025835,0.0055440981193526665,0.0006493279854849861,-0.00096748102357251
2026-06-22,18.74,30.84,1.6456776947705445,1.6441152402652448,1.6518786239915229,1.6543587148073915,30.810719602570686,30.961556880267803,31.011389917829696,0.0009498802226363434,-0.003933785592412775,-0.005542005013212602,0.0,0.0,18.74,30.84,1.6456776947705445,1.6441152402652448,1.6518786239915229,1.6543587148073915,30.810719602570686,30.961556880267803,31.011389917829696,0.0009498802226363434,-0.003933785592412775,-0.005542005013212602
2026-06-23,18.74,30.78,1.6424759871931698,1.6441152402652448,1.6504226379061315,1.6534857022648182,30.810719602570686,30.956205413601136,31.002682315490514,-0.0009975400617592404,-0.005708348639022712,-0.007208598637373703,0.0,0.0,18.74,30.78,1.6424759871931698,1.6441152402652448,1.6504226379061315,1.6534857022648182,30.810719602570686,30.956205413601136,31.002682315490514,-0.0009975400617592404,-0.005708348639022712,-0.007208598637373703
2026-06-24,18.68,30.68,1.6423982869379015,1.6441152402652448,1.6491212018625157,1.6526955637016605,30.712072688154773,30.829894876086538,30.8871129183068,-0.0010448479638574895,-0.004873855600343503,-0.00672806275193624,0.0,0.0,18.68,30.68,1.6423982869379015,1.6441152402652448,1.6491212018625157,1.6526955637016605,30.712072688154773,30.829894876086538,30.8871129183068,-0.0010448479638574895,-0.004873855600343503,-0.00672806275193624
2026-06-25,18.65,30.44,1.632171581769437,1.6441152402652448,1.6469971456385992,1.6514809237927708,30.66274923094681,30.756110414735915,30.822772263035965,-0.007291004758555677,-0.010331154192632083,-0.01249624298416692,0.0,0.0,18.65,30.44,1.632171581769437,1.6441152402652448,1.6469971456385992,1.6514809237927708,30.66274923094681,30.756110414735915,30.822772263035965,-0.007291004758555677,-0.010331154192632083,-0.01249624298416692
2026-06-26,18.64,30.36,1.628755364806867,1.6441152402652448,1.6446089634192327,1.6500239551910088,30.646308078544163,30.70002679470349,30.783604419497248,-0.009386248392232378,-0.011137574856986082,-0.013856271675058067,0.0,0.0,18.64,30.36,1.628755364806867,1.6441152402652448,1.6446089634192327,1.6500239551910088,30.646308078544163,30.70002679470349,30.783604419497248,-0.009386248392232378,-0.011137574856986082,-0.013856271675058067
2026-06-29,18.68,30.61,1.6386509635974305,1.6441152402652448,1.6433837303422067,1.6489912036863381,30.712072688154773,30.721295436671266,30.822447482968045,-0.0033290715055917922,-0.0036293235955322683,-0.006916485948056269,0.0,0.0,18.68,30.61,1.6386509635974305,1.6441152402652448,1.6433837303422067,1.6489912036863381,30.712072688154773,30.721295436671266,30.822447482968045,-0.0033290715055917922,-0.0036293235955322683,-0.006916485948056269
2026-06-30,18.69,30.49,1.6313536650615301,1.6441152402652448,1.641173085226595,1.6476655395265318,30.728513840557426,30.714841920095846,30.81964559689766,-0.0077922521295244575,-0.007347226934596049,-0.010753569698424805,0.0,0.0,18.69,30.49,1.6313536650615301,1.6441152402652448,1.641173085226595,1.6476655395265318,30.728513840557426,30.714841920095846,30.81964559689766,-0.0077922521295244575,-0.007347226934596049,-0.010753569698424805
2026-07-01,18.61,30.47,1.6372917786136485,1.6441152402652448,1.6402243327817296,1.6465749833384806,30.596984621336205,30.542231116066933,30.663055690588756,-0.004158869318758122,-0.0023677596603609596,-0.006315939230397466,0.0,0.0,18.61,30.47,1.6372917786136485,1.6441152402652448,1.6402243327817296,1.6465749833384806,30.596984621336205,30.542231116066933,30.663055690588756,-0.004158869318758122,-0.0023677596603609596,-0.006315939230397466
2026-07-02,18.58,30.48,1.6404736275565126,1.6441152402652448,1.6392504641148757,1.6457164991112108,30.547661164128247,30.475368103084534,30.593363190428967,-0.0022173942294632315,0.00015197666976766687,-0.0037123654143574876,0.0,0.0,18.58,30.48,1.6404736275565126,1.6441152402652448,1.6392504641148757,1.6457164991112108,30.547661164128247,30.475368103084534,30.593363190428967,-0.0022173942294632315,0.00015197666976766687,-0.0037123654143574876
2026-07-06,18.79,30.74,1.6359765832889834,1.6441152402652448,1.6375225533596027,1.6448433706037022,30.89292536458395,30.801516220718515,30.92301301829965,-0.004962466977140547,-0.0019991786028297773,-0.005935926472499749,0.0,0.0,18.79,30.74,1.6359765832889834,1.6441152402652448,1.6375225533596027,1.6448433706037022,30.89292536458395,30.801516220718515,30.92301301829965,-0.004962466977140547,-0.0019991786028297773,-0.005935926472499749
2026-07-07,18.65,30.51,1.6359249329758716,1.6441152402652448,1.6365472771801355,1.644212950585829,30.66274923094681,30.53979562015659,30.676328861759043,-0.004994039023462465,-0.0009761088377008241,-0.005436811606824837,0.0,0.0,18.65,30.51,1.6359249329758716,1.6441152402652448,1.6365472771801355,1.644212950585829,30.66274923094681,30.53979562015659,30.676328861759043,-0.004994039023462465,-0.0009761088377008241,-0.005436811606824837
2026-07-08,18.56,30.45,1.640625,1.6441152402652448,1.6363621784608182,1.643392408183475,30.51477885932294,30.374317464463314,30.516592362872984,-0.0021251248643648028,0.0024885630533890376,-0.002184553434107208,0.0,0.0,18.56,30.45,1.640625,1.6441152402652448,1.6363621784608182,1.643392408183475,30.51477885932294,30.374317464463314,30.516592362872984,-0.0021251248643648028,0.0024885630533890376,-0.002184553434107208
2026-07-09,18.68,30.56,1.6359743040685224,1.6441152402652448,1.6357197801738803,1.642420491018198,30.712072688154773,30.567245493648084,30.69857018486731,-0.004963860164593301,-0.00023706265916304927,-0.004524115427415738,0.0,0.0,18.68,30.56,1.6359743040685224,1.6441152402652448,1.6357197801738803,1.642420491018198,30.712072688154773,30.567245493648084,30.69857018486731,-0.004963860164593301,-0.00023706265916304927,-0.004524115427415738
2026-07-10,18.65,30.54,1.6375335120643433,1.6441152402652448,1.636255973203371,1.6416265594209851,30.66274923094681,30.506173900242864,30.631142157489393,-0.0040112379615544185,0.0011082137031008504,-0.002979909209439223,0.0,0.0,18.65,30.54,1.6375335120643433,1.6441152402652448,1.636255973203371,1.6416265594209851,30.66274923094681,30.506173900242864,30.631142157489393,-0.0040112379615544185,0.0011082137031008504,-0.002979909209439223
2026-07-13,18.55,30.35,1.6361185983827493,1.6441152402652448,1.636992296560959,1.6408006299900961,30.498337706920292,30.352548302922532,30.452172677259274,-0.004875663210153195,-8.396032770522636e-05,-0.00336082639589008,0.0,0.0,18.55,30.35,1.6361185983827493,1.6441152402652448,1.636992296560959,1.6408006299900961,30.498337706920292,30.352548302922532,30.452172677259274,-0.004875663210153195,-8.396032770522636e-05,-0.00336082639589008
2026-07-14,18.57,30.51,1.64297253634895,1.6441152402652448,1.6374244538361111,1.640404092089159,30.531220011725598,30.398946947137006,30.469667698916087,-0.0006952682982525767,0.0036465308131864997,0.001322811634995369,0.0,0.0,18.57,30.51,1.64297253634895,1.6441152402652448,1.6374244538361111,1.640404092089159,30.531220011725598,30.398946947137006,30.469667698916087,-0.0006952682982525767,0.0036465308131864997,0.001322811634995369
2026-07-15,18.65,30.62,1.6418230563002683,1.6441152402652448,1.638471392959985,1.6398222390932902,30.66274923094681,30.53796606404347,30.59353631746281,-0.0013951475225030554,0.0026826917386149757,0.0008646350391724142,0.0,0.0,18.65,30.62,1.6418230563002683,1.6441152402652448,1.638471392959985,1.6398222390932902,30.66274923094681,30.53796606404347,30.59353631746281,-0.0013951475225030554,0.0026826917386149757,0.0008646350391724142
2026-07-16,18.57,30.37,1.635433494884222,1.6441152402652448,1.6382855645870422,1.639254948684386,30.531220011725598,30.426413767266922,30.4514989799624,-0.005294487969173436,-0.0018558260253327742,-0.0026799414715828833,0.0,0.0,18.57,30.37,1.635433494884222,1.6441152402652448,1.6382855645870422,1.639254948684386,30.531220011725598,30.426413767266922,30.4514989799624,-0.005294487969173436,-0.0018558260253327742,-0.0026799414715828833
2026-07-17,18.59,30.35,1.6325981710597095,1.6441152402652448,1.637498018937362,1.6383742415261189,30.5641023165309,30.455728645673116,30.473749496042736,-0.007029675890061614,-0.0034775918184590253,-0.0040691232559408545,0.0,0.0,18.59,30.35,1.6325981710597095,1.6441152402652448,1.637498018937362,1.6383742415261189,30.5641023165309,30.455728645673116,30.473749496042736,-0.007029675890061614,-0.0034775918184590253,-0.0040691232559408545
2026-07-20,18.5,30.32,1.6389189189189188,1.6441152402652448,1.6377922525003554,1.6376574029299789,30.41613194490703,30.293713350341196,30.3099234682332,-0.0031655629723246173,0.0008673499725982158,0.0003323946752087472,0.0,0.0,18.5,30.32,1.6389189189189188,1.6441152402652448,1.6377922525003554,1.6376574029299789,30.41613194490703,30.293713350341196,30.3099234682332,-0.0031655629723246173,0.0008673499725982158,0.0003323946752087472
2026-07-21,18.52,30.32,1.6371490280777539,1.6441152402652448,1.6379146620105438,1.6372309695953393,30.449014249712334,30.33191251630658,30.32941510226321,-0.0042460601060787554,-0.00039281585577553943,-0.00031047627822842035,0.0,0.0,18.52,30.32,1.6371490280777539,1.6441152402652448,1.6379146620105438,1.6372309695953393,30.449014249712334,30.33191251630658,30.32941510226321,-0.0042460601060787554,-0.00039281585577553943,-0.00031047627822842035
2026-07-22,18.55,30.45,1.641509433962264,1.6441152402652448,1.63800310540677,1.6371826419337943,30.498337706920292,30.38331698029559,30.370634485993545,-0.0015861865597545691,0.002192319923440531,0.0026098234497192348,0.0,0.0,18.55,30.45,1.641509433962264,1.6441152402652448,1.63800310540677,1.6371826419337943,30.498337706920292,30.38331698029559,30.370634485993545,-0.0015861865597545691,0.002192319923440531,0.0026098234497192348
2026-07-23,18.39,30.14,1.6389342033713974,1.6441152402652448,1.6382990953370578,1.637009437755469,30.235279268477854,30.1228771084305,30.107788785162477,-0.0031562370800967596,0.0005682733003101421,0.0010692912903918082,0.0,0.0,18.39,30.14,1.6389342033713974,1.6441152402652448,1.6382990953370578,1.637009437755469,30.235279268477854,30.1228771084305,30.107788785162477,-0.0031562370800967596,0.0005682733003101421,0.0010692912903918082
2026-07-24,18.36,30.16,1.6427015250544663,1.6441152402652448,1.63881589663607,1.6375359349197205,30.185955811269892,30.079171390388378,30.055493277190408,-0.0008602337148053269,0.002683591299626421,0.0034710942998526085,0.0,0.0,18.36,30.16,1.6427015250544663,1.6441152402652448,1.63881589663607,1.6375359349197205,30.185955811269892,30.079171390388378,30.055493277190408,-0.0008602337148053269,0.002683591299626421,0.0034710942998526085
2026-07-27,18.45,30.28,1.6411924119241195,1.6441152402652448,1.6393232779902072,1.638157787275583,30.333926182893766,30.23615329293549,30.212537999268843,-0.0017793335795044918,0.0014490912707205781,0.002230424807087397,0.0,0.0,18.45,30.28,1.6411924119241195,1.6441152402652448,1.6393232779902072,1.638157787275583,30.333926182893766,30.23615329293549,30.212537999268843,-0.0017793335795044918,0.0014490912707205781,0.002230424807087397
2026-07-28,18.49,30.36,1.641968631692807,1.6441152402652448,1.6392228875245927,1.638323670680352,30.399690792504373,30.31108741003893,30.28953748672553,-0.001306484533820616,0.0016123858215153736,0.0023235971088074576,0.0,0.0,18.49,30.36,1.641968631692807,1.6441152402652448,1.6392228875245927,1.638323670680352,30.399690792504373,30.31108741003893,30.28953748672553,-0.001306484533820616,0.0016123858215153736,0.0023235971088074576
2026-07-29,18.34,30.1,1.6412213740458017,1.6441152402652448,1.639162719299146,1.6388170561295656,30.15307350646459,30.06334775720103,30.046856120277653,-0.001761686735705041,0.0012184244627229074,0.0017671378682129991,0.0,0.0,18.34,30.1,1.6412213740458017,1.6441152402652448,1.639162719299146,1.6388170561295656,30.15307350646459,30.06334775720103,30.046856120277653,-0.001761686735705041,0.0012184244627229074,0.0017671378682129991
2026-07-30,18.52,30.44,1.6436285097192225,1.6441152402652448,1.639982220782646,1.639133892684844,30.449014249712334,30.357293561420185,30.350891879519555,-0.0002960878867645996,0.002720729320455015,0.0029316294446429113,0.0,0.0,18.52,30.44,1.6436285097192225,1.6441152402652448,1.639982220782646,1.639133892684844,30.449014249712334,30.357293561420185,30.350891879519555,-0.0002960878867645996,0.002720729320455015,0.0029316294446429113
2026-07-31,18.52,30.47,1.6452483801295896,1.6441152402652448,1.6412472416896342,1.639372630313498,30.449014249712334,30.3724707288946,30.356759692523312,0.0006889721173678169,0.003205962988432795,0.003723375661465943,0.0,0.0,18.52,30.47,1.6452483801295896,1.6441152402652448,1.6412472416896342,1.639372630313498,30.449014249712334,30.3724707288946,30.356759692523312,0.0006889721173678169,0.003205962988432795,0.003723375661465943
2026-08-03,18.61,30.62,1.6453519613111232,1.6441152402652448,1.6418905459288546,1.639841399214605,30.596984621336205,30.54361116784409,30.508724650134194,0.0007519279131620003,0.0024978535575292207,0.003640693419085492,0.0,0.0,18.61,30.62,1.6453519613111232,1.6441152402652448,1.6418905459288546,1.639841399214605,30.596984621336205,30.54361116784409,30.508724650134194,0.0007519279131620003,0.0024978535575292207,0.003640693419085492
2026-08-04,18.67,30.73,1.6459560792715586,1.6441152402652448,1.642771251048235,1.6403429565293894,30.695631535752124,30.654096492491718,30.61583892333668,0.0011190269265454887,0.002473068776160488,0.003721889225127813,0.0,0.0,18.67,30.73,1.6459560792715586,1.6441152402652448,1.642771251048235,1.6403429565293894,30.695631535752124,30.654096492491718,30.61583892333668,0.0011190269265454887,0.002473068776160488,0.003721889225127813
2026-08-05,18.62,30.74,1.6509129967776583,1.6441152402652448,1.6437116073297744,1.6408573563682722,30.61342577373886,30.58840069451814,30.543185850577235,0.0041260745993123476,0.0049438632850270815,0.0064231264529328305,0.0,0.0,18.62,30.74,1.6509129967776583,1.6441152402652448,1.6437116073297744,1.6408573563682722,30.61342577373886,30.58840069451814,30.543185850577235,0.0041260745993123476,0.0049438632850270815,0.0064231264529328305
2026-08-06,18.51,30.52,1.6488384656942192,1.6441152402652448,1.6447020335620568,1.6415005644495573,30.432573097309685,30.42510185167413,30.37226966637672,0.002868688168633602,0.003114219917237385,0.00485219632236198,0.0,0.0,18.51,30.52,1.6488384656942192,1.6441152402652448,1.6447020335620568,1.6415005644495573,30.432573097309685,30.42510185167413,30.37226966637672,0.002868688168633602,0.003114219917237385,0.00485219632236198
2026-08-07,18.6,30.64,1.6473118279569892,1.6441152402652448,1.645163063852309,1.6419894802441894,30.580543468933556,30.59145782425426,30.531910498761768,0.001942372491018478,0.0015855309554863404,0.0035339623317324743,0.0,0.0,18.6,30.64,1.6473118279569892,1.6441152402652448,1.645163063852309,1.6419894802441894,30.580543468933556,30.59145782425426,30.531910498761768,0.001942372491018478,0.0015855309554863404,0.0035339623317324743
2026-08-10,18.56,30.57,1.6470905172413794,1.6441152402652448,1.6457528743840348,1.642538076187121,30.51477885932294,30.53422646509885,30.475324753332153,0.0018080168824723515,0.0011709022782163017,0.003101804207210594,0.0,0.0,18.56,30.57,1.6470905172413794,1.6441152402652448,1.6457528743840348,1.642538076187121,30.51477885932294,30.53422646509885,30.475324753332153,0.0018080168824723515,0.0011709022782163017,0.003101804207210594
2026-08-11,18.57,30.59,1.6472805600430802,1.6441152402652448,1.6462840672190624,1.6427534773718275,30.531220011725598,30.561630877311526,30.50193207479484,0.0019233911359811636,0.0009278288842552279,0.002883129841179578,0.0,0.0,18.57,30.59,1.6472805600430802,1.6441152402652448,1.6462840672190624,1.6427534773718275,30.531220011725598,30.561630877311526,30.50193207479484,0.0019233911359811636,0.0009278288842552279,0.002883129841179578
2026-08-12,18.65,30.77,1.6498659517426275,1.6441152402652448,1.6471485249887448,1.6431556221439454,30.66274923094681,30.703197853635512,30.637352352984582,0.0034916515819096634,0.002173375552020978,0.004320259651361623,0.0,0.0,18.65,30.77,1.6498659517426275,1.6441152402652448,1.6471485249887448,1.6431556221439454,30.66274923094681,30.703197853635512,30.637352352984582,0.0034916515819096634,0.002173375552020978,0.004320259651361623
2026-08-13,18.72,30.89,1.6501068376068377,1.6441152402652448,1.6477963577775063,1.6438892892800763,30.77783729776538,30.8346203877893,30.759873246534656,0.0036376442188280557,0.0017944096447263058,0.0042214830253781005,0.0,0.0,18.72,30.89,1.6501068376068377,1.6441152402652448,1.6477963577775063,1.6438892892800763,30.77783729776538,30.8346203877893,30.759873246534656,0.0036376442188280557,0.0017944096447263058,0.0042214830253781005
2026-08-14,18.66,30.84,1.652733118971061,1.6441152402652448,1.6485448316616533,1.6448960366756438,30.679190383349468,30.74788003612827,30.674974137966224,0.005227961613714527,0.0029914987337326727,0.0053654011965945875,0.0,0.0,18.66,30.84,1.652733118971061,1.6441152402652448,1.6485448316616533,1.6448960366756438,30.679190383349468,30.74788003612827,30.674974137966224,0.005227961613714527,0.0029914987337326727,0.0053654011965945875
