,bop date,eop date,day count,bop RSP price,eop RSP price,bop SPY price,eop SPY price,eop SPY / eop RSP,bop SPY / RSP moving avg,eop SPY / RSP moving avg,current position,new position,bop RSP shares,eop RSP shares,eop RSP shares bought,eop RSP shares sold,eop RSP shares traded,bop SPY shares,eop SPY shares,eop SPY shares bought,eop SPY shares sold,eop SPY shares traded,RSP daily commission,SPY daily commission,daily total commissions,RSP cop,RSP pct cop,RSP daily position pnl,SPY cop,SPY pct cop,SPY daily position pnl,daily position pnl,short RSP investment amount,long RSP investment amount,RSP investment amount,daily RSP borrow cost,short SPY investment amount,long SPY investment amount,SPY investment amount,daily SPY borrow cost,net investment amount,gross investment amount,short investment amount,daily borrow cost,daily net profit,cumulative net profit,drawdown
0,1/2/2026,1/5/2026,3,,$194.65 ,,$687.72 ,3.533110712,,,,,,,,,,,,,,,,,0,,,,,,,0,,,,,,,,,0,0,0,0,0,0,0
1,1/5/2026,1/6/2026,1,$194.65 ,$197.00 ,$687.72 ,$691.81 ,3.511725888,,,,,,,,,,,,,,,,,0,$2.35 ,1.20%,,$4.09 ,0.59%,,0,,,,,,,,,0,0,0,0,0,0,0
2,1/6/2026,1/7/2026,1,$197.00 ,$194.79 ,$691.81 ,$689.58 ,3.540120129,,,,,,,,,,,,,,,,,0,($2.21),-1.13%,,($2.23),-0.32%,,0,,,,,,,,,0,0,0,0,0,0,0
3,1/7/2026,1/8/2026,1,$194.79 ,$196.46 ,$689.58 ,$689.51 ,3.50967118,,,,,,,,,,,,,,,,,0,$1.67 ,0.85%,,($0.07),-0.01%,,0,,,,,,,,,0,0,0,0,0,0,0
4,1/8/2026,1/9/2026,1,$196.46 ,$197.60 ,$689.51 ,$694.07 ,3.5125,,,,,,,,,,,,,,,,,0,$1.14 ,0.58%,,$4.56 ,0.66%,,0,,,,,,,,,0,0,0,0,0,0,0
5,1/9/2026,1/12/2026,3,$197.60 ,$197.78 ,$694.07 ,$695.16 ,3.51481444,,,,,,,,,,,,,,,,,0,$0.18 ,0.09%,,$1.09 ,0.16%,,0,,,,,,,,,0,0,0,0,0,0,0
6,1/12/2026,1/13/2026,1,$197.78 ,$197.78 ,$695.16 ,$693.77 ,3.507786429,,,,,,,,,,,,,,,,,0,$0.00 ,0.00%,,($1.39),-0.20%,,0,,,,,,,,,0,0,0,0,0,0,0
7,1/13/2026,1/14/2026,1,$197.78 ,$198.68 ,$693.77 ,$690.36 ,3.474733239,,,,,,,,,,,,,,,,,0,$0.90 ,0.45%,,($3.41),-0.49%,,0,,,,,,,,,0,0,0,0,0,0,0
8,1/14/2026,1/15/2026,1,$198.68 ,$199.56 ,$690.36 ,$692.24 ,3.468831429,,,,,,,,,,,,,,,,,0,$0.88 ,0.44%,,$1.88 ,0.27%,,0,,,,,,,,,0,0,0,0,0,0,0
9,1/15/2026,1/16/2026,1,$199.56 ,$199.05 ,$692.24 ,$691.66 ,3.474805325,,3.504809877,,,,,,,,,,,,,,,0,($0.51),-0.26%,,($0.58),-0.08%,,0,,,,,,,,,0,0,0,0,0,0,0
10,1/16/2026,1/20/2026,4,$199.05 ,$196.08 ,$691.66 ,$677.58 ,3.455630355,3.504809877,3.497061842,,-1,0,-509.99592,0,509.99592,-509.99592,0,147.5840491,147.5840491,0,147.5840491,($2.55),($0.74),($3.29),($2.97),-1.50%,0,($14.08),-2.06%,0,0,0,0,0,0,0,0,0,0,0,0,0,0,($3.29),($3.29),($3.29)
11,1/20/2026,1/21/2026,1,$196.08 ,$199.40 ,$677.58 ,$685.40 ,3.437311936,3.497061842,3.489620446,-1,-1,-509.99592,-501.5045135,8.491406492,0,8.491406492,147.5840491,145.9002043,0,1.683844856,-1.683844856,($0.04),($0.01),($0.05),$3.32 ,1.68%,"($1,693.19)",$7.82 ,1.15%,"$1,154.11 ",($539.08),-100000,$0.00 ,"($100,000.00)",-2.777777778,$0.00 ,100000,"$100,000.00 ",$0.00 ,$0.00 ,"$200,000.00 ","($100,000.00)",($2.78),($541.91),($545.20),($545.20)
12,1/21/2026,1/22/2026,1,$199.40 ,$199.66 ,$685.40 ,$688.98 ,3.450766303,3.489620446,3.480685064,-1,-1,-501.5045135,-500.8514475,0.65306608,0,0.65306608,145.9002043,145.1420941,0,0.75811015,-0.75811015,($0.00),($0.00),($0.01),$0.26 ,0.13%,($130.39),$3.58 ,0.52%,$522.32 ,$391.93 ,-100000,$0.00 ,"($100,000.00)",-2.777777778,$0.00 ,100000,"$100,000.00 ",$0.00 ,0,"$200,000.00 ","($100,000.00)",($2.78),$389.15 ,($156.05),($156.05)
13,1/22/2026,1/23/2026,1,$199.66 ,$198.77 ,$688.98 ,$689.23 ,3.467474971,3.480685064,3.476465443,-1,-1,-500.8514475,-503.0940283,0,2.242580813,-2.242580813,145.1420941,145.0894476,0,0.052646466,-0.052646466,($0.01),($0.00),($0.01),($0.89),-0.45%,$445.76 ,$0.25 ,0.04%,$36.29 ,$482.04 ,-100000,$0.00 ,"($100,000.00)",-2.777777778,$0.00 ,100000,"$100,000.00 ",$0.00 ,0,"$200,000.00 ","($100,000.00)",($2.78),$479.25 ,$323.21 ,$0.00 
14,1/23/2026,1/26/2026,3,$198.77 ,$199.24 ,$689.23 ,$692.73 ,3.476862076,3.476465443,3.47290165,-1,1,-503.0940283,501.9072475,1005.001276,0,1005.001276,145.0894476,-144.356387,0,289.4458347,-289.4458347,($5.03),($1.45),($6.47),$0.47 ,0.24%,($236.45),$3.50 ,0.51%,$507.81 ,$271.36 ,-100000,$0.00 ,"($100,000.00)",-8.333333333,$0.00 ,100000,"$100,000.00 ",$0.00 ,0,"$200,000.00 ","($100,000.00)",($8.33),$256.55 ,$579.76 ,$0.00 
15,1/26/2026,1/27/2026,1,$199.24 ,$198.93 ,$692.73 ,$695.49 ,3.496154426,3.47290165,3.471035649,1,1,501.9072475,502.6893882,0.782140686,0,0.782140686,-144.356387,-143.7835195,0.572867515,0,0.572867515,($0.00),($0.00),($0.01),($0.31),-0.16%,($155.59),$2.76 ,0.40%,($398.42),($554.01),0,"$100,000.00 ","$100,000.00 ",0,"($100,000.00)",0,"($100,000.00)",($2.78),0,"$200,000.00 ","($100,000.00)",($2.78),($556.80),$22.96 ,($556.80)
16,1/27/2026,1/28/2026,1,$198.93 ,$198.26 ,$695.49 ,$695.42 ,3.507616261,3.471035649,3.471018632,1,1,502.6893882,504.3881771,1.698788914,0,1.698788914,-143.7835195,-143.7979926,0,0.014473047,-0.014473047,($0.01),($0.00),($0.01),($0.67),-0.34%,($336.80),($0.07),-0.01%,$10.06 ,($326.74),0,"$100,000.00 ","$100,000.00 ",0,"($100,000.00)",0,"($100,000.00)",($2.78),0,"$200,000.00 ","($100,000.00)",($2.78),($329.52),($306.56),($886.32)
17,1/28/2026,1/29/2026,1,$198.26 ,$198.52 ,$695.42 ,$694.04 ,3.496070925,3.471018632,3.473152401,1,1,504.3881771,503.7275841,0,0.660593019,-0.660593019,-143.7979926,-144.0839145,0,0.285921892,-0.285921892,($0.00),($0.00),($0.00),$0.26 ,0.13%,$131.14 ,($1.38),-0.20%,$198.44 ,$329.58 ,0,"$100,000.00 ","$100,000.00 ",0,"($100,000.00)",0,"($100,000.00)",($2.78),0,"$200,000.00 ","($100,000.00)",($2.78),$326.80 ,$20.24 ,($559.52)
18,1/29/2026,1/30/2026,1,$198.52 ,$198.08 ,$694.04 ,$691.97 ,3.493386511,3.473152401,3.475607909,1,1,503.7275841,504.8465267,1.118942533,0,1.118942533,-144.0839145,-144.5149356,0,0.431021147,-0.431021147,($0.01),($0.00),($0.01),($0.44),-0.22%,($221.64),($2.07),-0.30%,$298.25 ,$76.61 ,0,"$100,000.00 ","$100,000.00 ",0,"($100,000.00)",0,"($100,000.00)",($2.78),0,"$200,000.00 ","($100,000.00)",($2.78),$73.83 ,$94.06 ,($485.70)
19,1/30/2026,2/2/2026,3,$198.08 ,$199.10 ,$691.97 ,$695.41 ,3.492767454,3.475607909,3.477404122,1,1,504.8465267,502.2601708,0,2.59,-2.59,-144.5149356,-143.8000604,0.714875223,0,0.714875223,($0.01),($0.00),($0.02),$1.02 ,0.51%,$514.94 ,$3.44 ,0.50%,($497.13),$17.81 ,0,"$100,000.00 ","$100,000.00 ",0,"($100,000.00)",0,"($100,000.00)",($8.33),0,"$200,000.00 ","($100,000.00)",($8.33),$9.46 ,$103.53 ,($476.23)
20,2/2/2026,2/3/2026,1,$199.10 ,$198.57 ,$695.41 ,$689.53 ,3.472478219,3.477404122,3.479088908,1,-1,502.2601708,-503.6007453,0,1005.860916,-1005.860916,-143.8000604,145.0263223,288.8263827,0,288.8263827,($5.03),($1.44),($6.47),($0.53),-0.27%,($266.20),($5.88),-0.85%,$845.54 ,$579.35 ,$0.00 ,100000,"$100,000.00 ",$0.00 ,-100000,$0.00 ,"($100,000.00)",-2.777777778,0,"$200,000.00 ","($100,000.00)",($2.78),$570.10 ,$673.62 ,$0.00 
21,2/3/2026,2/4/2026,1,$198.57 ,$200.30 ,$689.53 ,$686.19 ,3.425811283,3.479088908,3.477938843,-1,-1,-503.6007453,-499.2511233,4.35,0,4.35,145.0263223,145.7322316,0.70590932,0,0.70590932,($0.02),($0.00),($0.03),$1.73 ,0.87%,($871.23),($3.34),-0.49%,($484.39),"($1,355.62)","($100,000.00)",0,"($100,000.00)",($2.78),0,"$100,000.00 ","$100,000.00 ",0,0,"$200,000.00 ","($100,000.00)",($2.78),"($1,358.42)",($684.80),-1358.420261
22,2/4/2026,2/5/2026,1,$200.30 ,$198.56 ,$686.19 ,$677.62 ,3.412671233,3.477938843,3.474129336,-1,-1,-499.2511233,-503.626108,0,4.374984662,-4.374984662,145.7322316,147.5753372,1.843105612,0,1.843105612,($0.02),($0.01),($0.03),($1.74),-0.87%,$868.70 ,($8.57),-1.26%,"($1,248.93)",($380.23),-100000,$0.00 ,"($100,000.00)",-2.777777778,$0.00 ,100000,"$100,000.00 ",$0.00 ,0,"$200,000.00 ","($100,000.00)",($2.78),($383.04),"($1,067.84)","($1,741.46)"
23,2/5/2026,2/6/2026,1,$198.56 ,$202.26 ,$677.62 ,$690.62 ,3.41451597,3.474129336,3.468833436,-1,-1,-503.626108,-494.4131316,9.212976365,0,9.212976365,147.5753372,144.7974284,0,2.777908812,-2.777908812,($0.05),($0.01),($0.06),$3.70 ,1.85%,"($1,863.42)",$13.00 ,1.90%,"$1,918.48 ",$55.06 ,-100000,$0.00 ,"($100,000.00)",-2.777777778,$0.00 ,100000,"$100,000.00 ",$0.00 ,-1.45519E-11,"$200,000.00 ","($100,000.00)",($2.78),$52.23 ,"($1,015.61)","($1,689.23)"
24,2/6/2026,2/9/2026,3,$202.26 ,$202.38 ,$690.62 ,$693.95 ,3.428945548,3.468833436,3.464041783,-1,-1,-494.4131316,-494.1199723,0.293159283,0,0.293159283,144.7974284,144.1026011,0,0.694827346,-0.694827346,($0.00),($0.00),($0.00),$0.12 ,0.06%,($59.33),$3.33 ,0.48%,$482.18 ,$422.85 ,-100000,$0.00 ,"($100,000.00)",-8.333333333,$0.00 ,100000,"$100,000.00 ",$0.00 ,0,"$200,000.00 ","($100,000.00)",($8.33),$414.51 ,($601.10),"($1,274.72)"
25,2/9/2026,2/10/2026,1,$202.38 ,$203.10 ,$693.95 ,$692.12 ,3.407779419,3.464041783,3.455204282,-1,-1,-494.1199723,-492.3682915,1.751680847,0,1.751680847,144.1026011,144.4836156,0.381014506,0,0.381014506,($0.01),($0.00),($0.01),$0.72 ,0.36%,($355.77),($1.83),-0.26%,($263.71),($619.47),-100000,$0.00 ,"($100,000.00)",-2.777777778,$0.00 ,100000,"$100,000.00 ",$0.00 ,-1.45519E-11,"$200,000.00 ","($100,000.00)",($2.78),($622.26),"($1,223.37)","($1,896.99)"
26,2/10/2026,2/11/2026,1,$203.10 ,$203.46 ,$692.12 ,$691.96 ,3.400963334,3.455204282,3.444538989,-1,-1,-492.3682915,-491.4971002,0.871191315,0,0.871191315,144.4836156,144.5170241,0.033408547,0,0.033408547,($0.00),($0.00),($0.00),$0.36 ,0.18%,($177.25),($0.16),-0.02%,($23.12),($200.37),-100000,$0.00 ,"($100,000.00)",-2.777777778,$0.00 ,100000,"$100,000.00 ",$0.00 ,1.45519E-11,"$200,000.00 ","($100,000.00)",($2.78),($203.15),"($1,426.52)","($2,100.14)"
27,2/11/2026,2/12/2026,1,$203.46 ,$200.79 ,$691.96 ,$681.27 ,3.392947856,3.444538989,3.434226683,-1,-1,-491.4971002,-498.0327706,0,6.535670389,-6.535670389,144.5170241,146.7846816,2.267657445,0,2.267657445,($0.03),($0.01),($0.04),($2.67),-1.32%,"$1,312.30 ",($10.69),-1.56%,"($1,544.89)",($232.59),-100000,$0.00 ,"($100,000.00)",-2.777777778,$0.00 ,100000,"$100,000.00 ",$0.00 ,0,"$200,000.00 ","($100,000.00)",($2.78),($235.41),"($1,661.93)","($2,335.55)"
28,2/12/2026,2/13/2026,1,$200.79 ,$202.87 ,$681.27 ,$681.75 ,3.360526446,3.434226683,3.420940676,-1,-1,-498.0327706,-492.9265047,5.106265898,0,5.106265898,146.7846816,146.6813348,0,0.10334675,-0.10334675,($0.03),($0.00),($0.03),$2.08 ,1.03%,"($1,035.91)",$0.48 ,0.07%,$70.46 ,($965.45),-100000,$0.00 ,"($100,000.00)",-2.777777778,$0.00 ,100000,"$100,000.00 ",$0.00 ,1.45519E-11,"$200,000.00 ","($100,000.00)",($2.78),($968.26),"($2,630.19)","($3,303.81)"
29,2/13/2026,2/17/2026,4,$202.87 ,$202.52 ,$681.75 ,$682.85 ,3.371765752,3.420940676,3.408840506,-1,-1,-492.9265047,-493.7783923,0,0.851887599,-0.851887599,146.6813348,146.4450465,0,0.236288304,-0.236288304,($0.00),($0.00),($0.01),($0.35),-0.17%,$172.52 ,$1.10 ,0.16%,$161.35 ,$333.87 ,-100000,$0.00 ,"($100,000.00)",-11.11111111,$0.00 ,100000,"$100,000.00 ",$0.00 ,$0.00 ,"$200,000.00 ","($100,000.00)",($11.11),$322.76 ,"($2,307.43)","($2,981.05)"
30,2/17/2026,2/18/2026,1,$202.52 ,$203.57 ,$682.85 ,$686.29 ,3.371272781,3.408840506,3.398719962,-1,-1,-493.7783923,-491.2315174,2.546874843,0.00,2.55,146.4450465,145.7109968,0,0.734049687,-0.734049687,($0.01),($0.00),($0.02),$1.05 ,0.52%,($518.47),$3.44 ,0.50%,$503.77 ,($14.70),-100000,$0.00 ,"($100,000.00)",-2.777777778,$0.00 ,100000,"$100,000.00 ",$0.00 ,$0.00 ,"$200,000.00 ","($100,000.00)",($2.78),($17.49),"($2,324.92)",-2998.539813
31,2/18/2026,2/19/2026,1,$203.57 ,$203.14 ,$686.29 ,$684.48 ,3.369498868,3.398719962,3.393088721,-1,-1,-491.2315174,-492.27134,0,1.039822548,-1.039822548,145.7109968,146.0963067,0.385309876,0,0.385309876,($0.01),($0.00),($0.01),($0.43),-0.21%,$211.23 ,($1.81),-0.26%,($263.74),($52.51),"($100,000.00)",0,"($100,000.00)",($2.78),0,"$100,000.00 ","$100,000.00 ",0,-1.45519E-11,"$200,000.00 ","($100,000.00)",($2.78),($55.29),"($2,380.21)","($3,053.83)"
32,2/19/2026,2/20/2026,1,$203.14 ,$204.09 ,$684.48 ,$689.43 ,3.378068499,3.393088721,3.389628447,-1,-1,-492.27134,-489.9799108,2.291429139,0,2.291429139,146.0963067,145.047358,0,1.048948723,-1.048948723,($0.01),($0.01),($0.02),$0.95 ,0.47%,($467.66),$4.95 ,0.72%,$723.18 ,$255.52 ,"($100,000.00)",0,"($100,000.00)",($2.78),0,"$100,000.00 ","$100,000.00 ",0,0,"$200,000.00 ","($100,000.00)",($2.78),$252.72 ,"($2,127.49)","($2,801.11)"
33,2/20/2026,2/23/2026,3,$204.09 ,$201.85 ,$689.43 ,$682.39 ,3.380678722,3.389628447,3.386244722,-1,-1,-489.9799108,-495.4173892,0,5.437478327,-5.437478327,145.047358,146.5437653,1.496407333,0,1.496407333,($0.03),($0.01),($0.03),($2.24),-1.10%,"$1,097.56 ",($7.04),-1.03%,"($1,021.13)",$76.42 ,"($100,000.00)",0,"($100,000.00)",($8.33),0,"$100,000.00 ","$100,000.00 ",0,$0.00 ,"$200,000.00 ","($100,000.00)",($8.33),$68.05 ,"($2,059.43)","($2,733.05)"
34,2/23/2026,2/24/2026,1,$201.85 ,$203.46 ,$682.39 ,$687.35 ,3.378305318,3.386244722,3.381180699,-1,-1,-495.4173892,-491.4971002,3.92,0,3.92,146.5437653,145.4862879,0,1.057477378,-1.057477378,($0.02),($0.01),($0.02),$1.61 ,0.79%,($797.62),$4.96 ,0.72%,$726.86 ,($70.76),"($100,000.00)",0,"($100,000.00)",($2.78),0,"$100,000.00 ","$100,000.00 ",0,-1.45519E-11,"$200,000.00 ","($100,000.00)",($2.78),($73.57),"($2,133.00)",-2806.621593
35,2/24/2026,2/25/2026,1,$203.46 ,$203.58 ,$687.35 ,$693.15 ,3.404804008,3.381180699,3.380883158,-1,1,-491.4971002,491.2073878,982.7044879,0,982.7044879,145.4862879,-144.2689173,0,289.7552052,-289.7552052,($4.91),($1.45),($6.36),$0.12 ,0.06%,($58.98),$5.80 ,0.84%,$843.82 ,$784.84 ,-100000,$0.00 ,"($100,000.00)",-2.777777778,$0.00 ,100000,"$100,000.00 ",$0.00 ,1.45519E-11,"$200,000.00 ","($100,000.00)",($2.78),$775.70 ,"($1,357.30)",-2030.920851
36,2/25/2026,2/26/2026,1,$203.58 ,$204.73 ,$693.15 ,$689.30 ,3.366873443,3.380883158,3.377474169,1,-1,491.2073878,-488.4482001,0,979.6555878,-979.6555878,-144.2689173,145.0747135,289.3436307,0,289.3436307,($4.90),($1.45),($6.34),$1.15 ,0.56%,$564.89 ,($3.85),-0.56%,$555.44 ,"$1,120.32 ",0,"$100,000.00 ","$100,000.00 ",0,"($100,000.00)",0,"($100,000.00)",($2.78),0,"$200,000.00 ","($100,000.00)",($2.78),"$1,111.20 ",($246.10),($919.72)
37,2/26/2026,2/27/2026,1,$204.73 ,$204.97 ,$689.30 ,$685.99 ,3.346782456,3.377474169,3.372857629,-1,-1,-488.4482001,-487.8762746,0.571925492,0.00,0.57,145.0747135,145.7747197,0.700006271,0,0.700006271,($0.00),($0.00),($0.01),$0.24 ,0.12%,($117.23),($3.31),-0.48%,($480.20),($597.42),-100000,$0.00 ,"($100,000.00)",-2.777777778,$0.00 ,100000,"$100,000.00 ",$0.00 ,0,"$200,000.00 ","($100,000.00)",($2.78),($600.21),($846.31),-1519.928805
38,2/27/2026,3/2/2026,3,$204.97 ,$204.59 ,$685.99 ,$686.38 ,3.354904932,3.372857629,3.372295478,-1,-1,-487.8762746,-488.7824429,0,0.906168358,-0.906168358,145.7747197,145.6918908,0,0.082828959,-0.082828959,($0.00),($0.00),($0.00),($0.38),-0.19%,$185.39 ,$0.39 ,0.06%,$56.85 ,$242.25 ,"($100,000.00)",0,"($100,000.00)",($8.33),0,"$100,000.00 ","$100,000.00 ",0,0,"$200,000.00 ","($100,000.00)",($8.33),$233.91 ,($612.40),"($1,286.02)"
39,3/2/2026,3/3/2026,1,$204.59 ,$202.08 ,$686.38 ,$680.33 ,3.366636975,3.372295478,3.3717826,-1,-1,-488.7824429,-494.8535234,0,6.071080422,-6.071080422,145.6918908,146.9874914,1.295600575,0,1.295600575,($0.03),($0.01),($0.04),($2.51),-1.23%,"$1,226.84 ",($6.05),-0.89%,($881.44),$345.41 ,"($100,000.00)",0,"($100,000.00)",($2.78),0,"$100,000.00 ","$100,000.00 ",0,0,"$200,000.00 ","($100,000.00)",($2.78),$342.59 ,($269.81),($943.43)
40,3/3/2026,3/4/2026,1,$202.08 ,$202.89 ,$680.33 ,$685.13 ,3.376854453,3.3717826,3.372340767,-1,1,-494.8535234,492.8779141,987.73,0,987.73,146.9874914,-145.9577015,0,292.9451928,-292.9451928,($4.94),($1.46),($6.40),$0.81 ,0.40%,($400.83),$4.80 ,0.70%,$705.54 ,$304.71 ,"($100,000.00)",0,"($100,000.00)",($2.78),0,"$100,000.00 ","$100,000.00 ",0,$0.00 ,"$200,000.00 ","($100,000.00)",($2.78),$295.53 ,$25.72 ,($647.90)
41,3/4/2026,3/5/2026,1,$202.89 ,$200.54 ,$685.13 ,$681.31 ,3.397377082,3.372340767,3.375128589,1,1,492.8779141,498.6536352,5.775721044,0.00,5.78,-145.9577015,-146.7760638,0,0.818362301,-0.818362301,($0.03),($0.00),($0.03),($2.35),-1.17%,"($1,158.26)",($3.82),-0.56%,$557.56 ,($600.70),0,"$100,000.00 ","$100,000.00 ",0,"($100,000.00)",0,"($100,000.00)",($2.78),0,"$200,000.00 ","($100,000.00)",($2.78),($603.52),($577.80),-1251.41656
42,3/5/2026,3/6/2026,1,$200.54 ,$198.15 ,$681.31 ,$672.38 ,3.393287913,3.375128589,3.37665053,1,1,498.6536352,504.6681807,6.014545486,0,6.014545486,-146.7760638,-148.7254231,0,1.949359364,-1.949359364,($0.03),($0.01),($0.04),($2.39),-1.20%,"($1,191.78)",($8.93),-1.32%,"$1,310.71 ",$118.93 ,$0.00 ,100000,"$100,000.00 ",$0.00 ,-100000,$0.00 ,"($100,000.00)",-2.777777778,0,"$200,000.00 ","($100,000.00)",($2.78),$116.11 ,($461.69),"($1,135.31)"
43,3/6/2026,3/9/2026,3,$198.15 ,$198.71 ,$672.38 ,$678.27 ,3.413366212,3.37665053,3.379919279,1,1,504.6681807,503.2459363,0,1.422244382,-1.422244382,-148.7254231,-147.4339127,1.291510375,0,1.291510375,($0.01),($0.01),($0.01),$0.56 ,0.28%,$282.61 ,$5.89 ,0.87%,($875.99),($593.38),$0.00 ,100000,"$100,000.00 ",$0.00 ,-100000,$0.00 ,"($100,000.00)",-8.333333333,0,"$200,000.00 ","($100,000.00)",($8.33),($601.73),"($1,063.41)","($1,737.03)"
44,3/9/2026,3/10/2026,1,$198.71 ,$197.22 ,$678.27 ,$677.18 ,3.433627421,3.379919279,3.38545149,1,1,503.2459363,507.0479667,3.802030449,0,3.802030449,-147.4339127,-147.6712248,0,0.237312037,-0.237312037,($0.02),($0.00),($0.02),($1.49),-0.75%,($749.84),($1.09),-0.16%,$160.70 ,($589.13),$0.00 ,100000,"$100,000.00 ",$0.00 ,-100000,$0.00 ,"($100,000.00)",-2.777777778,-1.45519E-11,"$200,000.00 ","($100,000.00)",($2.78),($591.93),"($1,655.34)","($2,328.96)"
45,3/10/2026,3/11/2026,1,$197.22 ,$196.57 ,$677.18 ,$676.33 ,3.440657272,3.38545149,3.389036816,1,1,507.0479667,508.7246274,1.676660622,0,1.676660622,-147.6712248,-147.8568155,0,0.185590675,-0.185590675,($0.01),($0.00),($0.01),($0.65),-0.33%,($329.58),($0.85),-0.13%,$125.52 ,($204.06),$0.00 ,100000,"$100,000.00 ",$0.00 ,-100000,$0.00 ,"($100,000.00)",-2.777777778,0,"$200,000.00 ","($100,000.00)",($2.78),($206.85),"($1,862.19)","($2,535.81)"
46,3/11/2026,3/12/2026,1,$196.57 ,$193.53 ,$676.33 ,$666.06 ,3.441636956,3.389036816,3.396513167,1,1,508.7246274,516.7157547,7.991127304,0,7.991127304,-147.8568155,-150.1366243,0,2.279808868,-2.279808868,($0.04),($0.01),($0.05),($3.04),-1.56%,"($1,546.52)",($10.27),-1.53%,"$1,518.49 ",($28.03),$0.00 ,100000,"$100,000.00 ",$0.00 ,-100000,$0.00 ,"($100,000.00)",-2.777777778,1.45519E-11,"$200,000.00 ","($100,000.00)",($2.78),($30.86),"($1,893.05)","($2,566.67)"
47,3/12/2026,3/13/2026,1,$193.53 ,$193.52 ,$666.06 ,$662.29 ,3.422333609,3.396513167,3.404068283,1,1,516.7157547,516.7424556,0.026700897,0,0.026700897,-150.1366243,-150.9912576,0,0.854633278,-0.854633278,($0.00),($0.00),($0.00),($0.01),-0.01%,($5.17),($3.77),-0.57%,$566.02 ,$560.85 ,$0.00 ,100000,"$100,000.00 ",$0.00 ,-100000,$0.00 ,"($100,000.00)",-2.777777778,$0.00 ,"$200,000.00 ","($100,000.00)",($2.78),$558.07 ,"($1,334.99)","($2,008.61)"
48,3/13/2026,3/16/2026,3,$193.52 ,$194.96 ,$662.29 ,$669.03 ,3.431627,3.404068283,3.411740489,1,1,516.7424556,512.9257284,0,3.816727206,-3.816727206,-150.9912576,-149.4701284,1.521129211,0,1.521129211,($0.02),($0.01),($0.03),$1.44 ,0.74%,$744.11 ,$6.74 ,1.01%,"($1,017.68)",($273.57),$0.00 ,100000,"$100,000.00 ",$0.00 ,-100000,$0.00 ,"($100,000.00)",-8.333333333,-1.45519E-11,"$200,000.00 ","($100,000.00)",($8.33),($281.93),"($1,616.92)","($2,290.54)"
49,3/16/2026,3/17/2026,1,$194.96 ,$196.05 ,$669.03 ,$670.79 ,3.421525121,3.411740489,3.417229304,1,1,512.9257284,510.0739607,0.00,2.85176763,-2.85,-149.4701284,-149.0779529,0.392175533,0,0.392175533,($0.01),($0.00),($0.02),$1.09 ,0.56%,$559.09 ,$1.76 ,0.26%,($263.07),$296.02 ,$0.00 ,100000,"$100,000.00 ",$0.00 ,-100000,$0.00 ,"($100,000.00)",-2.777777778,0,"$200,000.00 ","($100,000.00)",($2.78),$293.23 ,"($1,323.69)",-1997.311855
50,3/17/2026,3/18/2026,1,$196.05 ,$193.47 ,$670.79 ,$661.43 ,3.418772936,3.417229304,3.421421152,1,1,510.0739607,516.8760014,6.802040723,0.00,6.80,-149.0779529,-151.1875784,0,2.109625567,-2.109625567,($0.03),($0.01),($0.04),($2.58),-1.32%,"($1,315.99)",($9.36),-1.41%,"$1,395.37 ",$79.38 ,0,"$100,000.00 ","$100,000.00 ",0,"($100,000.00)",0,"($100,000.00)",($2.78),-1.45519E-11,"$200,000.00 ","($100,000.00)",($2.78),$76.56 ,"($1,247.13)",-1920.755371
51,3/18/2026,3/19/2026,1,$193.47 ,$193.32 ,$661.43 ,$659.80 ,3.412994,3.421421152,3.422982844,1,-1,516.8760014,-517.2770536,0.00,1034.153055,"-1,034.15",-151.1875784,151.5610791,302.7486575,0,302.7486575,($5.17),($1.51),($6.68),($0.15),-0.08%,($77.53),($1.63),-0.25%,$246.44 ,$168.90 ,$0.00 ,100000,"$100,000.00 ",$0.00 ,-100000,$0.00 ,"($100,000.00)",-2.777777778,1.45519E-11,"$200,000.00 ","($100,000.00)",($2.78),$159.44 ,"($1,087.69)",-1761.313305
52,3/19/2026,3/20/2026,1,$193.32 ,$190.48 ,$659.80 ,$648.57 ,3.404924402,3.422982844,3.424146493,-1,-1,-517.2770536,-524.9895002,0,7.71244662,-7.71244662,151.5610791,154.1853616,2.624282527,0,2.624282527,($0.04),($0.01),($0.05),($2.84),-1.48%,"$1,469.07 ",($11.23),-1.72%,"($1,702.03)",($232.96),-100000,$0.00 ,"($100,000.00)",-2.777777778,$0.00 ,100000,"$100,000.00 ",$0.00 ,$0.00 ,"$200,000.00 ","($100,000.00)",($2.78),($235.79),"($1,323.49)",-1997.106853
53,3/20/2026,3/23/2026,3,$190.48 ,$191.69 ,$648.57 ,$655.38 ,3.418957692,3.424146493,3.424705641,-1,-1,-524.9895002,-521.6756221,3.313878112,0,3.313878112,154.1853616,152.5832342,0,1.602127488,-1.602127488,($0.02),($0.01),($0.02),$1.21 ,0.63%,($635.24),$6.81 ,1.04%,"$1,050.00 ",$414.77 ,-100000,$0.00 ,"($100,000.00)",-8.333333333,$0.00 ,100000,"$100,000.00 ",$0.00 ,-1.45519E-11,"$200,000.00 ","($100,000.00)",($8.33),$406.41 ,($917.08),"($1,590.70)"
54,3/23/2026,3/24/2026,1,$191.69 ,$191.92 ,$655.38 ,$653.18 ,3.403397249,3.424705641,3.421682624,-1,-1,-521.6756221,-521.0504377,0.625184416,0,0.625184416,152.5832342,153.0971555,0.513921301,0,0.513921301,($0.00),($0.00),($0.01),$0.23 ,0.12%,($119.99),($2.20),-0.34%,($335.68),($455.67),-100000,$0.00 ,"($100,000.00)",-2.777777778,$0.00 ,100000,"$100,000.00 ",$0.00 ,-1.45519E-11,"$200,000.00 ","($100,000.00)",($2.78),($458.45),"($1,375.53)",-2049.15173
55,3/24/2026,3/25/2026,1,$191.92 ,$192.85 ,$653.18 ,$656.82 ,3.405859476,3.421682624,3.418202844,-1,-1,-521.0504377,-518.5377236,2.512714063,0,2.512714063,153.0971555,152.2487135,0,0.848441956,-0.848441956,($0.01),($0.00),($0.02),$0.93 ,0.48%,($484.58),$3.64 ,0.56%,$557.27 ,$72.70 ,-100000,$0.00 ,"($100,000.00)",-2.777777778,$0.00 ,100000,"$100,000.00 ",$0.00 ,1.45519E-11,"$200,000.00 ","($100,000.00)",($2.78),$69.90 ,"($1,305.63)","($1,979.25)"
56,3/25/2026,3/26/2026,1,$192.85 ,$191.08 ,$656.82 ,$645.09 ,3.376020515,3.418202844,3.4116412,-1,-1,-518.5377236,-523.341009,0,4.803285382,-4.803285382,152.2487135,155.0171294,2.768415894,0,2.768415894,($0.02),($0.01),($0.04),($1.77),-0.92%,$917.81 ,($11.73),-1.80%,"($1,785.88)",($868.07),-100000,$0.00 ,"($100,000.00)",-2.777777778,$0.00 ,100000,"$100,000.00 ",$0.00 ,0,"$200,000.00 ","($100,000.00)",($2.78),($870.88),"($2,176.51)","($2,850.13)"
57,3/26/2026,3/27/2026,1,$191.08 ,$188.46 ,$645.09 ,$634.09 ,3.36458665,3.4116412,3.405866504,-1,-1,-523.341009,-530.6165765,0,7.27556746,-7.27556746,155.0171294,157.7063193,2.689189899,0,2.689189899,($0.04),($0.01),($0.05),($2.62),-1.38%,"$1,371.15 ",($11.00),-1.72%,"($1,705.19)",($334.03),-100000,$0.00 ,"($100,000.00)",-2.777777778,$0.00 ,100000,"$100,000.00 ",$0.00 ,0,"$200,000.00 ","($100,000.00)",($2.78),($336.86),"($2,513.37)","($3,186.99)"
58,3/27/2026,3/30/2026,3,$188.46 ,$188.07 ,$634.09 ,$631.97 ,3.360291381,3.405866504,3.398732942,-1,-1,-530.6165765,-531.7169139,0,1.10,-1.10,157.7063193,158.2353593,0.529039981,0,0.529039981,($0.01),($0.00),($0.01),($0.39),-0.21%,$206.94 ,($2.12),-0.33%,($334.34),($127.40),-100000,$0.00 ,"($100,000.00)",-8.333333333,$0.00 ,100000,"$100,000.00 ",$0.00 ,-1.45519E-11,"$200,000.00 ","($100,000.00)",($8.33),($135.74),"($2,649.11)",-3322.731843
59,3/30/2026,3/31/2026,1,$188.07 ,$191.92 ,$631.97 ,$650.34 ,3.388599416,3.398732942,3.395440372,-1,-1,-531.7169139,-521.0504377,10.66647623,0,10.66647623,158.2353593,153.7657225,0,4.469636728,-4.469636728,($0.05),($0.02),($0.08),$3.85 ,2.03%,"($2,047.11)",$18.37 ,2.87%,"$2,906.78 ",$859.67 ,"($100,000.00)",0,"($100,000.00)",($2.78),0,"$100,000.00 ","$100,000.00 ",0,-1.45519E-11,"$200,000.00 ","($100,000.00)",($2.78),$856.82 ,"($1,792.29)","($2,465.91)"
60,3/31/2026,4/1/2026,1,$191.92 ,$192.54 ,$650.34 ,$655.24 ,3.40313701,3.395440372,3.393876779,-1,1,-521.0504377,519.3725979,1040.423036,0,1040.423036,153.7657225,-152.6158354,0,306.381558,-306.381558,($5.20),($1.53),($6.73),$0.62 ,0.32%,($323.05),$4.90 ,0.75%,$753.45 ,$430.40 ,"($100,000.00)",0,"($100,000.00)",($2.78),0,"$100,000.00 ","$100,000.00 ",0,1.45519E-11,"$200,000.00 ","($100,000.00)",($2.78),$420.89 ,"($1,371.40)",-2045.022902
61,4/1/2026,4/2/2026,1,$192.54 ,$193.09 ,$655.24 ,$655.83 ,3.396499042,3.393876779,3.392227283,1,1,519.3725979,517.8932104,0,1.479387482,-1.479387482,-152.6158354,-152.4785386,0.137296773,0,0.137296773,($0.01),($0.00),($0.01),$0.55 ,0.29%,$285.65 ,$0.59 ,0.09%,($90.04),$195.61 ,$0.00 ,100000,"$100,000.00 ",$0.00 ,-100000,$0.00 ,"($100,000.00)",-2.777777778,0,"$200,000.00 ","($100,000.00)",($2.78),$192.83 ,"($1,178.58)",-1852.197177
62,4/2/2026,4/6/2026,4,$193.09 ,$193.92 ,$655.83 ,$658.93 ,3.397947607,3.392227283,3.391529604,1,1,517.8932104,515.6765677,0,2.216642763,-2.216642763,-152.4785386,-151.7611886,0.717350052,0,0.717350052,($0.01),($0.00),($0.01),$0.83 ,0.43%,$429.85 ,$3.10 ,0.47%,($472.68),($42.83),$0.00 ,100000,"$100,000.00 ",$0.00 ,-100000,$0.00 ,"($100,000.00)",-11.11111111,1.45519E-11,"$200,000.00 ","($100,000.00)",($11.11),($53.96),"($1,232.53)","($1,906.16)"
63,4/6/2026,4/7/2026,1,$193.92 ,$193.49 ,$658.93 ,$659.22 ,3.406997778,3.391529604,3.390333612,1,1,515.6765677,516.8225748,1.146007153,0,1.146007153,-151.7611886,-151.6944267,0.066761847,0,0.066761847,($0.01),($0.00),($0.01),($0.43),-0.22%,($221.74),$0.29 ,0.04%,($44.01),($265.75),$0.00 ,100000,"$100,000.00 ",$0.00 ,-100000,$0.00 ,"($100,000.00)",-2.777777778,-1.45519E-11,"$200,000.00 ","($100,000.00)",($2.78),($268.54),"($1,501.07)","($2,174.69)"
64,4/7/2026,4/8/2026,1,$193.49 ,$197.96 ,$659.22 ,$676.01 ,3.414881794,3.390333612,3.391482067,1,1,516.8225748,505.1525561,0.00,11.67001874,-11.67,-151.6944267,-147.9268058,3.76762093,0,3.76762093,($0.06),($0.02),($0.08),$4.47 ,2.28%,"$2,310.20 ",$16.79 ,2.52%,"($2,546.95)",($236.75),$0.00 ,100000,"$100,000.00 ",$0.00 ,-100000,$0.00 ,"($100,000.00)",-2.777777778,($0.00),"$200,000.00 ","($100,000.00)",($2.78),($239.61),"($1,740.68)",-2414.298056
65,4/8/2026,4/9/2026,1,$197.96 ,$198.08 ,$676.01 ,$679.91 ,3.432502019,3.391482067,3.394146321,1,1,505.1525561,504.8465267,0,0.31,-0.31,-147.9268058,-147.0782898,0.848516043,0,0.848516043,($0.00),($0.00),($0.01),$0.12 ,0.06%,$60.62 ,$3.90 ,0.58%,($576.91),($516.30),0,"$100,000.00 ","$100,000.00 ",0,"($100,000.00)",0,"($100,000.00)",($2.78),0,"$200,000.00 ","($100,000.00)",($2.78),($519.08),"($2,259.76)",-2933.377842
66,4/9/2026,4/10/2026,1,$198.08 ,$196.65 ,$679.91 ,$679.46 ,3.455174167,3.394146321,3.402061687,1,1,504.8465267,508.517671,3.671144333,0,3.671144333,-147.0782898,-147.1756983,0,0.097408575,-0.097408575,($0.02),($0.00),($0.02),($1.43),-0.72%,($721.93),($0.45),-0.07%,$66.19 ,($655.75),$0.00 ,100000,"$100,000.00 ",$0.00 ,-100000,$0.00 ,"($100,000.00)",-2.777777778,-1.45519E-11,"$200,000.00 ","($100,000.00)",($2.78),($658.54),"($2,918.30)","($3,591.92)"
67,4/10/2026,4/13/2026,3,$196.65 ,$198.83 ,$679.46 ,$686.10 ,3.450686516,3.402061687,3.410671673,1,1,508.517671,502.9422119,0.00,5.575459049,-5.58,-147.1756983,-145.7513482,1.424350149,0,1.424350149,($0.03),($0.01),($0.03),$2.18 ,1.10%,"$1,108.57 ",$6.64 ,0.97%,($977.25),$131.32 ,$0.00 ,100000,"$100,000.00 ",$0.00 ,-100000,$0.00 ,"($100,000.00)",-8.333333333,0,"$200,000.00 ","($100,000.00)",($8.33),$122.95 ,"($2,795.35)",-3468.966212
68,4/13/2026,4/14/2026,1,$198.83 ,$199.66 ,$686.10 ,$694.46 ,3.478212962,3.410671673,3.422463831,1,1,502.9422119,500.8514475,0,2.090764479,-2.090764479,-145.7513482,-143.9967745,1.754573728,0,1.754573728,($0.01),($0.01),($0.02),$0.83 ,0.42%,$417.44 ,$8.36 ,1.21%,"($1,218.48)",($801.04),0,"$100,000.00 ","$100,000.00 ",0,"($100,000.00)",0,"($100,000.00)",($2.78),0,"$200,000.00 ","($100,000.00)",($2.78),($803.84),"($3,599.18)","($4,272.80)"
69,4/14/2026,4/15/2026,1,$199.66 ,$199.73 ,$694.46 ,$699.94 ,3.504430982,3.422463831,3.434046988,1,1,500.8514475,500.6759125,0,0.175534979,-0.175534979,-143.9967745,-142.8693888,1.127385667,0,1.127385667,($0.00),($0.01),($0.01),$0.07 ,0.04%,$35.06 ,$5.48 ,0.79%,($789.10),($754.04),0,"$100,000.00 ","$100,000.00 ",0,"($100,000.00)",0,"($100,000.00)",($2.78),0,"$200,000.00 ","($100,000.00)",($2.78),($756.83),"($4,356.01)","($5,029.63)"
70,4/15/2026,4/16/2026,1,$199.73 ,$200.64 ,$699.94 ,$701.66 ,3.49710925,3.434046988,3.443444212,1,1,500.6759125,498.4051037,0,2.270808814,-2.270808814,-142.8693888,-142.5191688,0.350219977,0,0.350219977,($0.01),($0.00),($0.01),$0.91 ,0.45%,$455.62 ,$1.72 ,0.25%,($245.74),$209.88 ,0,"$100,000.00 ","$100,000.00 ",0,"($100,000.00)",0,"($100,000.00)",($2.78),0,"$200,000.00 ","($100,000.00)",($2.78),$207.09 ,"($4,148.92)","($4,822.54)"
71,4/16/2026,4/17/2026,1,$200.64 ,$203.16 ,$701.66 ,$710.14 ,3.49547155,3.443444212,3.453341463,1,1,498.4051037,492.2228785,0,6.182225149,-6.182225149,-142.5191688,-140.8173036,1.701865198,0,1.701865198,($0.03),($0.01),($0.04),$2.52 ,1.25%,"$1,255.98 ",$8.48 ,1.20%,"($1,208.56)",$47.42 ,0,"$100,000.00 ","$100,000.00 ",0,"($100,000.00)",0,"($100,000.00)",($2.78),$0.00 ,"$200,000.00 ","($100,000.00)",($2.78),$44.60 ,"($4,104.32)","($4,777.94)"
72,4/17/2026,4/20/2026,3,$203.16 ,$203.80 ,$710.14 ,$708.72 ,3.477526987,3.453341463,3.461299401,1,1,492.2228785,490.6771344,0,1.545744074,-1.545744074,-140.8173036,-141.0994469,0,0.28214326,-0.28214326,($0.01),($0.00),($0.01),$0.64 ,0.31%,$315.02 ,($1.42),-0.20%,$199.96 ,$514.98 ,0,"$100,000.00 ","$100,000.00 ",0,"($100,000.00)",0,"($100,000.00)",($8.33),0,"$200,000.00 ","($100,000.00)",($8.33),$506.64 ,"($3,597.68)","($4,271.30)"
73,4/20/2026,4/21/2026,1,$203.80 ,$202.55 ,$708.72 ,$704.08 ,3.47607998,3.461299401,3.468207621,1,1,490.6771344,493.705258,3.028123515,0,3.028123515,-141.0994469,-142.0293149,0,0.92986796,-0.92986796,($0.02),($0.00),($0.02),($1.25),-0.62%,($613.35),($4.64),-0.66%,$654.70 ,$41.36 ,0,"$100,000.00 ","$100,000.00 ",0,"($100,000.00)",0,"($100,000.00)",($2.78),($0.00),"$200,000.00 ","($100,000.00)",($2.78),$38.56 ,"($3,559.12)","($4,232.74)"
74,4/21/2026,4/22/2026,1,$202.55 ,$202.46 ,$704.08 ,$711.21 ,3.512842043,3.468207621,3.478003646,1,1,493.705258,493.9247259,0.219467911,0.00,0.22,-142.0293149,-140.6054471,1.423867796,0,1.423867796,($0.00),($0.01),($0.01),($0.09),-0.04%,($44.43),$7.13 ,1.01%,"($1,012.67)","($1,057.10)",0,"$100,000.00 ","$100,000.00 ",0,"($100,000.00)",0,"($100,000.00)",($2.78),-1.45519E-11,"$200,000.00 ","($100,000.00)",($2.78),"($1,059.89)","($4,619.01)",-5292.629801
75,4/22/2026,4/23/2026,1,$202.46 ,$202.45 ,$711.21 ,$708.45 ,3.499382564,3.478003646,3.4846917,1,1,493.9247259,493.9491232,0.024397369,0,0.024397369,-140.6054471,-141.1532218,0,0.547774767,-0.547774767,($0.00),($0.00),($0.00),($0.01),0.00%,($4.94),($2.76),-0.39%,$388.07 ,$383.13 ,$0.00 ,100000,"$100,000.00 ",$0.00 ,-100000,$0.00 ,"($100,000.00)",-2.777777778,0,"$200,000.00 ","($100,000.00)",($2.78),$380.35 ,"($4,238.66)",-4912.278653
76,4/23/2026,4/24/2026,1,$202.45 ,$202.03 ,$708.45 ,$713.94 ,3.533831609,3.4846917,3.492557444,1,1,493.9491232,494.9759937,1.026870424,0,1.026870424,-141.1532218,-140.0677928,1.085429011,0,1.085429011,($0.01),($0.01),($0.01),($0.42),-0.21%,($207.46),$5.49 ,0.77%,($774.93),($982.39),$0.00 ,100000,"$100,000.00 ",$0.00 ,-100000,$0.00 ,"($100,000.00)",-2.777777778,0,"$200,000.00 ","($100,000.00)",($2.78),($985.18),"($5,223.84)",-5897.456812
77,4/24/2026,4/27/2026,3,$202.03 ,$201.79 ,$713.94 ,$715.17 ,3.544130036,3.492557444,3.501901796,1,1,494.9759937,495.564696,0.588702307,0,0.588702307,-140.0677928,-139.8268943,0.240898507,0,0.240898507,($0.00),($0.00),($0.00),($0.24),-0.12%,($118.79),$1.23 ,0.17%,($172.28),($291.08),$0.00 ,100000,"$100,000.00 ",$0.00 ,-100000,$0.00 ,"($100,000.00)",-8.333333333,$0.00 ,"$200,000.00 ","($100,000.00)",($8.33),($299.42),"($5,523.25)","($6,196.87)"
78,4/27/2026,4/28/2026,1,$201.79 ,$200.76 ,$715.17 ,$711.69 ,3.544979079,3.501901796,3.508578408,1,1,495.564696,498.1071927,2.542496697,0,2.542496697,-139.8268943,-140.5106156,0,0.683721272,-0.683721272,($0.01),($0.00),($0.02),($1.03),-0.51%,($510.43),($3.48),-0.49%,$486.60 ,($23.83),$0.00 ,100000,"$100,000.00 ",$0.00 ,-100000,$0.00 ,"($100,000.00)",-2.777777778,0,"$200,000.00 ","($100,000.00)",($2.78),($26.63),"($5,549.88)","($6,223.50)"
79,4/28/2026,4/29/2026,1,$200.76 ,$200.41 ,$711.69 ,$711.58 ,3.550621226,3.508578408,3.513197433,1,1,498.1071927,498.977097,0.87,0,0.87,-140.5106156,-140.5323365,0,0.021720914,-0.021720914,($0.00),($0.00),($0.00),($0.35),-0.17%,($174.34),($0.11),-0.02%,$15.46 ,($158.88),$0.00 ,100000,"$100,000.00 ",$0.00 ,-100000,$0.00 ,"($100,000.00)",-2.777777778,0,"$200,000.00 ","($100,000.00)",($2.78),($161.66),"($5,711.54)",-6385.163456
80,4/29/2026,4/30/2026,1,$200.41 ,$203.44 ,$711.58 ,$718.66 ,3.532540307,3.513197433,3.516740538,1,1,498.977097,491.5454188,0,7.43,-7.43,-140.5323365,-139.1478585,1.384477976,0,1.384477976,($0.04),($0.01),($0.04),$3.03 ,1.50%,"$1,511.90 ",$7.08 ,0.99%,($994.97),$516.93 ,0,"$100,000.00 ","$100,000.00 ",0,"($100,000.00)",0,"($100,000.00)",($2.78),0,"$200,000.00 ","($100,000.00)",($2.78),$514.11 ,"($5,197.43)",-5871.053653
81,4/30/2026,5/1/2026,1,$203.44 ,$202.82 ,$718.66 ,$720.65 ,3.553150577,3.516740538,3.522508441,1,1,491.5454188,493.0480229,1.502604081,0,1.502604081,-139.1478585,-138.7636162,0.384242335,0,0.384242335,($0.01),($0.00),($0.01),($0.62),-0.31%,($304.76),$1.99 ,0.28%,($276.90),($581.66),$0.00 ,100000,"$100,000.00 ",$0.00 ,-100000,$0.00 ,"($100,000.00)",-2.777777778,-1.45519E-11,"$200,000.00 ","($100,000.00)",($2.78),($584.45),"($5,781.88)","($6,455.50)"
82,5/1/2026,5/4/2026,3,$202.82 ,$201.64 ,$720.65 ,$718.01 ,3.560851022,3.522508441,3.530840844,1,1,493.0480229,495.9333466,2.885323681,0,2.885323681,-138.7636162,-139.2738263,0,0.51021009,-0.51021009,($0.01),($0.00),($0.02),($1.18),-0.58%,($581.80),($2.64),-0.37%,$366.34 ,($215.46),$0.00 ,100000,"$100,000.00 ",$0.00 ,-100000,$0.00 ,"($100,000.00)",-8.333333333,1.45519E-11,"$200,000.00 ","($100,000.00)",($8.33),($223.81),"($6,005.69)","($6,679.31)"
83,5/4/2026,5/5/2026,1,$201.64 ,$203.24 ,$718.01 ,$723.77 ,3.561159221,3.530840844,3.539348768,1,1,495.9333466,492.0291281,0.00,3.904218434,-3.90,-139.2738263,-138.1654393,1.108386973,0,1.108386973,($0.02),($0.01),($0.03),$1.60 ,0.79%,$793.49 ,$5.76 ,0.80%,($802.22),($8.72),$0.00 ,100000,"$100,000.00 ",$0.00 ,-100000,$0.00 ,"($100,000.00)",-2.777777778,$0.00 ,"$200,000.00 ","($100,000.00)",($2.78),($11.53),"($6,017.22)",-6690.84102
84,5/5/2026,5/6/2026,1,$203.24 ,$204.85 ,$723.77 ,$733.83 ,3.582279717,3.539348768,3.546292536,1,1,492.0291281,488.1620698,0,3.867058317,-3.867058317,-138.1654393,-136.2713435,1.894095798,0,1.894095798,($0.02),($0.01),($0.03),$1.61 ,0.79%,$792.17 ,$10.06 ,1.38%,"($1,389.94)",($597.78),0,"$100,000.00 ","$100,000.00 ",0,"($100,000.00)",0,"($100,000.00)",($2.78),0,"$200,000.00 ","($100,000.00)",($2.78),($600.58),"($6,617.80)","($7,291.43)"
85,5/6/2026,5/7/2026,1,$204.85 ,$203.54 ,$733.83 ,$731.58 ,3.594281222,3.546292536,3.555782402,1,1,488.1620698,491.3039206,3.141850798,0,3.141850798,-136.2713435,-136.6904508,0,0.419107306,-0.419107306,($0.02),($0.00),($0.02),($1.31),-0.64%,($639.49),($2.25),-0.31%,$306.61 ,($332.88),0,"$100,000.00 ","$100,000.00 ",0,"($100,000.00)",0,"($100,000.00)",($2.78),$0.00 ,"$200,000.00 ","($100,000.00)",($2.78),($335.68),"($6,953.48)","($7,627.10)"
86,5/7/2026,5/8/2026,1,$203.54 ,$204.10 ,$731.58 ,$737.62 ,3.614012739,3.555782402,3.563800515,1,1,491.3039206,489.955904,0,1.348016637,-1.348016637,-136.6904508,-135.5711613,1.119289503,0,1.119289503,($0.01),($0.01),($0.01),$0.56 ,0.27%,$275.13 ,$6.04 ,0.82%,($825.61),($550.48),0,"$100,000.00 ","$100,000.00 ",0,"($100,000.00)",0,"($100,000.00)",($2.78),1.45519E-11,"$200,000.00 ","($100,000.00)",($2.78),($553.27),"($7,506.75)","($8,180.37)"
87,5/8/2026,5/11/2026,3,$204.10 ,$203.99 ,$737.62 ,$739.30 ,3.624197265,3.563800515,3.571807237,1,1,489.955904,490.2201088,0.26420486,0,0.26420486,-135.5711613,-135.2630867,0.308074599,0,0.308074599,($0.00),($0.00),($0.00),($0.11),-0.05%,($53.90),$1.68 ,0.23%,($227.76),($281.65),0,"$100,000.00 ","$100,000.00 ",0,"($100,000.00)",0,"($100,000.00)",($8.33),-1.45519E-11,"$200,000.00 ","($100,000.00)",($8.33),($289.99),"($7,796.74)","($8,470.36)"
88,5/11/2026,5/12/2026,1,$203.99 ,$203.81 ,$739.30 ,$738.18 ,3.621902753,3.571807237,3.579499605,1,1,490.2201088,490.6530592,0.432950393,0,0.432950393,-135.2630867,-135.468314,0,0.205227258,-0.205227258,($0.00),($0.00),($0.00),($0.18),-0.09%,($88.24),($1.12),-0.15%,$151.49 ,$63.26 ,0,"$100,000.00 ","$100,000.00 ",0,"($100,000.00)",0,"($100,000.00)",($2.78),0,"$200,000.00 ","($100,000.00)",($2.78),$60.47 ,"($7,736.27)","($8,409.89)"
89,5/12/2026,5/13/2026,1,$203.81 ,$202.92 ,$738.18 ,$742.31 ,3.658141139,3.579499605,3.590251596,1,1,490.6530592,492.8050463,2.151987102,0,2.151987102,-135.468314,-134.7146071,0.753706857,0,0.753706857,($0.01),($0.00),($0.01),($0.89),-0.44%,($436.68),$4.13 ,0.56%,($559.48),($996.17),0,"$100,000.00 ","$100,000.00 ",0,"($100,000.00)",0,"($100,000.00)",($2.78),-1.45519E-11,"$200,000.00 ","($100,000.00)",($2.78),($998.96),"($8,735.23)","($9,408.85)"
90,5/13/2026,5/14/2026,1,$202.92 ,$203.66 ,$742.31 ,$748.17 ,3.673622705,3.590251596,3.604359836,1,1,492.8050463,491.0144358,0,1.790610499,-1.790610499,-134.7146071,-133.6594624,1.055144683,0,1.055144683,($0.01),($0.01),($0.01),$0.74 ,0.36%,$364.68 ,$5.86 ,0.79%,($789.43),($424.75),0,"$100,000.00 ","$100,000.00 ",0,"($100,000.00)",0,"($100,000.00)",($2.78),$0.00 ,"$200,000.00 ","($100,000.00)",($2.78),($427.54),"($9,162.77)","($9,836.39)"
91,5/14/2026,5/15/2026,1,$203.66 ,$201.56 ,$748.17 ,$739.17 ,3.667245485,3.604359836,3.615769327,1,1,491.0144358,496.1301846,5.115748736,0,5.115748736,-133.6594624,-135.2868758,0,1.627413399,-1.627413399,($0.03),($0.01),($0.03),($2.10),-1.04%,"($1,031.13)",($9.00),-1.21%,"$1,202.94 ",$171.80 ,0,"$100,000.00 ","$100,000.00 ",0,"($100,000.00)",0,"($100,000.00)",($2.78),-1.45519E-11,"$200,000.00 ","($100,000.00)",($2.78),$168.99 ,"($8,993.78)","($9,667.40)"
92,5/15/2026,5/18/2026,3,$201.56 ,$202.80 ,$739.17 ,$738.65 ,3.642258383,3.615769327,3.623910063,1,1,496.1301846,493.0966469,0,3.033537618,-3.033537618,-135.2868758,-135.382116,0,0.095240202,-0.095240202,($0.02),($0.00),($0.02),$1.24 ,0.61%,$615.20 ,($0.52),-0.07%,$70.35 ,$685.55 ,0,"$100,000.00 ","$100,000.00 ",0,"($100,000.00)",0,"($100,000.00)",($8.33),-1.45519E-11,"$200,000.00 ","($100,000.00)",($8.33),$677.20 ,"($8,316.58)","($8,990.20)"
93,5/18/2026,5/19/2026,1,$202.80 ,$201.62 ,$738.65 ,$733.73 ,3.639172701,3.623910063,3.631711411,1,1,493.0966469,495.9825414,2.885894472,0,2.885894472,-135.382116,-136.2899159,0,0.907799887,-0.907799887,($0.01),($0.00),($0.02),($1.18),-0.58%,($581.85),($4.92),-0.67%,$666.08 ,$84.23 ,0,"$100,000.00 ","$100,000.00 ",0,"($100,000.00)",0,"($100,000.00)",($2.78),0,"$200,000.00 ","($100,000.00)",($2.78),$81.43 ,"($8,235.15)","($8,908.77)"
94,5/19/2026,5/20/2026,1,$201.62 ,$203.83 ,$733.73 ,$741.25 ,3.636608939,3.631711411,3.637144333,1,1,495.9825414,490.6049159,0,5.377625553,-5.377625553,-136.2899159,-134.9072513,1.382664644,0,1.382664644,($0.03),($0.01),($0.03),$2.21 ,1.09%,"$1,096.12 ",$7.52 ,1.02%,"($1,024.90)",$71.22 ,0,"$100,000.00 ","$100,000.00 ",0,"($100,000.00)",0,"($100,000.00)",($2.78),0,"$200,000.00 ","($100,000.00)",($2.78),$68.41 ,"($8,166.74)","($8,840.36)"
95,5/20/2026,5/21/2026,1,$203.83 ,$204.71 ,$741.25 ,$742.72 ,3.628156905,3.637144333,3.640531901,1,-1,490.6049159,-488.4959211,0,979.1008369,-979.1008369,-134.9072513,134.6402413,269.5474925,0,269.5474925,($4.90),($1.35),($6.24),$0.88 ,0.43%,$431.73 ,$1.47 ,0.20%,($198.31),$233.42 ,0,"$100,000.00 ","$100,000.00 ",0,"($100,000.00)",0,"($100,000.00)",($2.78),$0.00 ,"$200,000.00 ","($100,000.00)",($2.78),$224.40 ,"($7,942.34)","($8,615.96)"
96,5/21/2026,5/22/2026,1,$204.71 ,$206.58 ,$742.72 ,$745.64 ,3.609449124,3.640531901,3.64007554,-1,-1,-488.4959211,-484.0739665,4.421954557,0,4.421954557,134.6402413,134.1129768,0,0.527264504,-0.527264504,($0.02),($0.00),($0.02),$1.87 ,0.91%,($913.49),$2.92 ,0.39%,$393.15 ,($520.34),-100000,$0.00 ,"($100,000.00)",-2.777777778,$0.00 ,100000,"$100,000.00 ",$0.00 ,-1.45519E-11,"$200,000.00 ","($100,000.00)",($2.78),($523.14),"($8,465.48)","($9,139.10)"
97,5/22/2026,5/26/2026,4,$206.58 ,$207.64 ,$745.64 ,$750.59 ,3.614862262,3.64007554,3.639142039,-1,-1,-484.0739665,-481.602774,2.47119247,0,2.47119247,134.1129768,133.2285269,0,0.884449879,-0.884449879,($0.01),($0.00),($0.02),$1.06 ,0.51%,($513.12),$4.95 ,0.66%,$663.86 ,$150.74 ,-100000,$0.00 ,"($100,000.00)",-11.11111111,$0.00 ,100000,"$100,000.00 ",$0.00 ,0,"$200,000.00 ","($100,000.00)",($11.11),$139.61 ,"($8,325.87)","($8,999.49)"
98,5/26/2026,5/27/2026,1,$207.64 ,$207.49 ,$750.59 ,$750.46 ,3.616849005,3.639142039,3.638636665,-1,-1,-481.602774,-481.9509374,0,0.348163363,-0.348163363,133.2285269,133.2516057,0.02307879,0,0.02307879,($0.00),($0.00),($0.00),($0.15),-0.07%,$72.24 ,($0.13),-0.02%,($17.32),$54.92 ,-100000,$0.00 ,"($100,000.00)",-2.777777778,$0.00 ,100000,"$100,000.00 ",$0.00 ,0,"$200,000.00 ","($100,000.00)",($2.78),$52.14 ,"($8,273.73)","($8,947.35)"
99,5/27/2026,5/28/2026,1,$207.49 ,$208.25 ,$750.46 ,$754.60 ,3.623529412,3.638636665,3.635175492,-1,-1,-481.9509374,-480.1920768,1.758860564,0,1.758860564,133.2516057,132.5205407,0,0.731064998,-0.731064998,($0.01),($0.00),($0.01),$0.76 ,0.37%,($366.28),$4.14 ,0.55%,$551.66 ,$185.38 ,-100000,$0.00 ,"($100,000.00)",-2.777777778,$0.00 ,100000,"$100,000.00 ",$0.00 ,-1.45519E-11,"$200,000.00 ","($100,000.00)",($2.78),$182.59 ,"($8,091.14)","($8,764.76)"
100,5/28/2026,5/29/2026,1,$208.25 ,$208.83 ,$754.60 ,$756.48 ,3.622468036,3.635175492,3.630060025,-1,-1,-480.1920768,-478.8584016,1.33367526,0,1.33367526,132.5205407,132.1912014,0,0.32933933,-0.32933933,($0.01),($0.00),($0.01),$0.58 ,0.28%,($278.51),$1.88 ,0.25%,$249.14 ,($29.37),-100000,$0.00 ,"($100,000.00)",-2.777777778,$0.00 ,100000,"$100,000.00 ",$0.00 ,$0.00 ,"$200,000.00 ","($100,000.00)",($2.78),($32.16),"($8,123.30)","($8,796.92)"
101,5/29/2026,6/1/2026,3,$208.83 ,$209.21 ,$756.48 ,$758.54 ,3.625734908,3.630060025,3.625908967,-1,-1,-478.8584016,-477.9886239,0.8697777,0,0.8697777,132.1912014,131.832204,0,0.358997383,-0.358997383,($0.00),($0.00),($0.01),$0.38 ,0.18%,($181.97),$2.06 ,0.27%,$272.31 ,$90.35 ,-100000,$0.00 ,"($100,000.00)",-8.333333333,$0.00 ,100000,"$100,000.00 ",$0.00 ,0,"$200,000.00 ","($100,000.00)",($8.33),$82.01 ,"($8,041.29)","($8,714.91)"
102,6/1/2026,6/2/2026,1,$209.21 ,$210.04 ,$758.54 ,$759.57 ,3.616311179,3.625908967,3.623314247,-1,-1,-477.9886239,-476.0997905,1.888833355,0,1.888833355,131.832204,131.6534355,0,0.178768474,-0.178768474,($0.01),($0.00),($0.01),$0.83 ,0.40%,($396.73),$1.03 ,0.14%,$135.79 ,($260.94),-100000,$0.00 ,"($100,000.00)",-2.777777778,$0.00 ,100000,"$100,000.00 ",$0.00 ,$0.00 ,"$200,000.00 ","($100,000.00)",($2.78),($263.73),"($8,305.02)","($8,978.64)"
103,6/2/2026,6/3/2026,1,$210.04 ,$209.25 ,$759.57 ,$754.24 ,3.604492234,3.623314247,3.6198462,-1,-1,-476.0997905,-477.8972521,0,1.80,-1.80,131.6534355,132.583793,0.930357461,0,0.930357461,($0.01),($0.00),($0.01),($0.79),-0.38%,$376.12 ,($5.33),-0.70%,($701.71),($325.59),-100000,$0.00 ,"($100,000.00)",-2.777777778,$0.00 ,100000,"$100,000.00 ",$0.00 ,$0.00 ,"$200,000.00 ","($100,000.00)",($2.78),($328.39),"($8,633.40)","($9,307.02)"
104,6/3/2026,6/4/2026,1,$209.25 ,$210.83 ,$754.24 ,$757.09 ,3.590997486,3.6198462,3.615285055,-1,-1,-477.8972521,-474.3157995,3.58,0,3.58,132.583793,132.0846927,0,0.499100252,-0.499100252,($0.02),($0.00),($0.02),$1.58 ,0.75%,($755.08),$2.85 ,0.38%,$377.86 ,($377.21),"($100,000.00)",0,"($100,000.00)",($2.78),0,"$100,000.00 ","$100,000.00 ",0,0,"$200,000.00 ","($100,000.00)",($2.78),($380.01),"($9,013.42)","($9,687.04)"
105,6/4/2026,6/5/2026,1,$210.83 ,$207.83 ,$757.09 ,$737.55 ,3.548813934,3.615285055,3.607350758,-1,-1,-474.3157995,-481.1624886,0,6.846689113,-6.846689113,132.0846927,135.5840282,3.499335497,0,3.499335497,($0.03),($0.02),($0.05),($3.00),-1.43%,"$1,422.95 ",($19.54),-2.61%,"($2,580.93)","($1,157.99)",-100000,$0.00 ,"($100,000.00)",-2.777777778,$0.00 ,100000,"$100,000.00 ",$0.00 ,0,"$200,000.00 ","($100,000.00)",($2.78),"($1,160.82)","($10,174.23)","($10,847.85)"
106,6/5/2026,6/8/2026,3,$207.83 ,$207.61 ,$737.55 ,$739.22 ,3.560618467,3.607350758,3.602467692,-1,-1,-481.1624886,-481.6723665,0,0.509877884,-0.509877884,135.5840282,135.2777252,0,0.306303032,-0.306303032,($0.00),($0.00),($0.00),($0.22),-0.11%,$105.86 ,$1.67 ,0.23%,$226.43 ,$332.28 ,-100000,$0.00 ,"($100,000.00)",-8.333333333,$0.00 ,100000,"$100,000.00 ",$0.00 ,0,"$200,000.00 ","($100,000.00)",($8.33),$323.94 ,"($9,850.29)","($10,523.91)"
107,6/8/2026,6/9/2026,1,$207.61 ,$209.19 ,$739.22 ,$737.05 ,3.523351977,3.602467692,3.593316664,-1,-1,-481.6723665,-478.0343229,3.638043592,0,3.638043592,135.2777252,135.6760057,0.398280529,0,0.398280529,($0.02),($0.00),($0.02),$1.58 ,0.76%,($761.04),($2.17),-0.29%,($293.55),"($1,054.60)",-100000,$0.00 ,"($100,000.00)",-2.777777778,$0.00 ,100000,"$100,000.00 ",$0.00 ,$0.00 ,"$200,000.00 ","($100,000.00)",($2.78),"($1,057.39)","($10,907.68)","($11,581.30)"
108,6/9/2026,6/10/2026,1,$209.19 ,$206.53 ,$737.05 ,$725.43 ,3.512467922,3.593316664,3.582878556,-1,-1,-478.0343229,-484.1911587,0,6.156835805,-6.156835805,135.6760057,137.8492756,2.173269904,0,2.173269904,($0.03),($0.01),($0.04),($2.66),-1.28%,"$1,271.57 ",($11.62),-1.59%,"($1,576.56)",($304.98),-100000,$0.00 ,"($100,000.00)",-2.777777778,$0.00 ,100000,"$100,000.00 ",$0.00 ,1.45519E-11,"$200,000.00 ","($100,000.00)",($2.78),($307.80),"($11,215.49)","($11,889.11)"
109,6/10/2026,6/11/2026,1,$206.53 ,$209.75 ,$725.43 ,$737.76 ,3.517330155,3.582878556,3.57225863,-1,-1,-484.1911587,-476.7580453,7.433113377,0,7.433113377,137.8492756,135.5454348,0,2.303840772,-2.303840772,($0.04),($0.01),($0.05),$3.22 ,1.55%,"($1,559.10)",$12.33 ,1.69%,"$1,699.68 ",$140.59 ,-100000,$0.00 ,"($100,000.00)",-2.777777778,$0.00 ,100000,"$100,000.00 ",$0.00 ,-1.45519E-11,"$200,000.00 ","($100,000.00)",($2.78),$137.76 ,"($11,077.73)","($11,751.35)"
110,6/11/2026,6/12/2026,1,$209.75 ,$211.65 ,$737.76 ,$741.75 ,3.504606662,3.57225863,3.560472492,-1,-1,-476.7580453,-472.4781479,4.279897406,0,4.279897406,135.5454348,134.8163128,0,0.729122056,-0.729122056,($0.02),($0.00),($0.03),$1.90 ,0.90%,($905.84),$3.99 ,0.54%,$540.83 ,($365.01),-100000,$0.00 ,"($100,000.00)",-2.777777778,$0.00 ,100000,"$100,000.00 ",$0.00 ,($0.00),"$200,000.00 ","($100,000.00)",($2.78),($367.82),"($11,445.54)","($12,119.16)"
111,6/12/2026,6/15/2026,3,$211.65 ,$212.88 ,$741.75 ,$754.83 ,3.545800451,3.560472492,3.552479047,-1,-1,-472.4781479,-469.748215,2.729932929,0,2.729932929,134.8163128,132.4801611,0,2.336151678,-2.336151678,($0.01),($0.01),($0.03),$1.23 ,0.58%,($581.15),$13.08 ,1.75%,"$1,763.40 ","$1,182.25 ",-100000,$0.00 ,"($100,000.00)",-8.333333333,$0.00 ,100000,"$100,000.00 ",$0.00 ,-1.45519E-11,"$200,000.00 ","($100,000.00)",($8.33),"$1,173.89 ","($10,271.65)","($10,945.27)"
112,6/15/2026,6/16/2026,1,$212.88 ,$212.17 ,$754.83 ,$750.33 ,3.536456615,3.552479047,3.54449359,-1,-1,-469.748215,-471.3201678,0,1.571952833,-1.571952833,132.4801611,133.2746925,0.794531373,0,0.794531373,($0.01),($0.00),($0.01),($0.71),-0.33%,$333.52 ,($4.50),-0.60%,($596.16),($262.64),-100000,$0.00 ,"($100,000.00)",-2.777777778,$0.00 ,100000,"$100,000.00 ",$0.00 ,($0.00),"$200,000.00 ","($100,000.00)",($2.78),($265.43),"($10,537.08)","($11,210.70)"
113,6/16/2026,6/17/2026,1,$212.17 ,$208.99 ,$750.33 ,$740.96 ,3.545432796,3.54449359,3.538587647,-1,1,-471.3201678,478.4917939,949.8119617,0,949.8119617,133.2746925,-134.9600518,0,268.2347443,-268.2347443,($4.75),($1.34),($6.09),($3.18),-1.51%,"$1,498.80 ",($9.37),-1.26%,"($1,248.78)",$250.01 ,-100000,$0.00 ,"($100,000.00)",-2.777777778,$0.00 ,100000,"$100,000.00 ",$0.00 ,0,"$200,000.00 ","($100,000.00)",($2.78),$241.15 ,"($10,295.94)","($10,969.56)"
114,6/17/2026,6/18/2026,1,$208.99 ,$209.96 ,$740.96 ,$746.74 ,3.556582206,3.538587647,3.535146119,1,1,478.4917939,476.2811964,0,2.210597447,-2.210597447,-134.9600518,-133.915419,1.044632803,0,1.044632803,($0.01),($0.01),($0.02),$0.97 ,0.46%,$464.14 ,$5.78 ,0.78%,($780.07),($315.93),0,"$100,000.00 ","$100,000.00 ",0,"($100,000.00)",0,"($100,000.00)",($2.78),0,"$200,000.00 ","($100,000.00)",($2.78),($318.73),"($10,614.66)","($11,288.28)"
115,6/18/2026,6/22/2026,4,$209.96 ,$209.61 ,$746.74 ,$744.39 ,3.551309575,3.535146119,3.535395683,1,1,476.2811964,477.0764754,0.795278941,0,0.795278941,-133.915419,-134.3381829,0,0.42276392,-0.42276392,($0.00),($0.00),($0.01),($0.35),-0.17%,($166.70),($2.35),-0.32%,$314.70 ,$148.00 ,0,"$100,000.00 ","$100,000.00 ",0,"($100,000.00)",0,"($100,000.00)",($11.11),0,"$200,000.00 ","($100,000.00)",($11.11),$136.89 ,"($10,477.78)","($11,151.40)"
116,6/22/2026,6/23/2026,1,$209.61 ,$208.89 ,$744.39 ,$733.58 ,3.511800469,3.535395683,3.530513883,1,-1,477.0764754,-478.7208579,0,955.7973332,-955.7973332,-134.3381829,136.317784,270.655967,0,270.655967,($4.78),($1.35),($6.13),($0.72),-0.34%,($343.50),($10.81),-1.46%,"$1,452.20 ","$1,108.70 ",0,"$100,000.00 ","$100,000.00 ",0,"($100,000.00)",0,"($100,000.00)",($2.78),0,"$200,000.00 ","($100,000.00)",($2.78),"$1,099.79 ","($9,377.99)","($10,051.61)"
117,6/23/2026,6/24/2026,1,$208.89 ,$210.38 ,$733.58 ,$733.24 ,3.485312292,3.530513883,3.526709914,-1,-1,-478.7208579,-475.3303546,3.390503271,0,3.390503271,136.317784,136.3809939,0.063209927,0,0.063209927,($0.02),($0.00),($0.02),$1.49 ,0.71%,($713.29),($0.34),-0.05%,($46.35),($759.64),-100000,$0.00 ,"($100,000.00)",-2.777777778,$0.00 ,100000,"$100,000.00 ",$0.00 ,0,"$200,000.00 ","($100,000.00)",($2.78),($762.44),"($10,140.42)","($10,814.04)"
118,6/24/2026,6/25/2026,1,$210.38 ,$211.75 ,$733.24 ,$734.30 ,3.467768595,3.526709914,3.522239982,-1,-1,-475.3303546,-472.2550177,3.075336887,0.00,3.08,136.3809939,136.1841209,0,0.196873013,-0.196873013,($0.02),($0.00),($0.02),$1.37 ,0.65%,($651.20),$1.06 ,0.14%,$144.56 ,($506.64),-100000,$0.00 ,"($100,000.00)",-2.777777778,$0.00 ,100000,"$100,000.00 ",$0.00 ,$0.00 ,"$200,000.00 ","($100,000.00)",($2.78),($509.43),"($10,649.86)","($11,323.48)"
119,6/25/2026,6/26/2026,1,$211.75 ,$210.31 ,$734.30 ,$728.99 ,3.466264086,3.522239982,3.517133375,-1,-1,-472.2550177,-475.4885645,0.00,3.23354679,-3.23,136.1841209,137.176093,0.991972019,0,0.991972019,($0.02),($0.00),($0.02),($1.44),-0.68%,$680.05 ,($5.31),-0.73%,($723.14),($43.09),"($100,000.00)",0,"($100,000.00)",($2.78),0,"$100,000.00 ","$100,000.00 ",0,$0.00 ,"$200,000.00 ","($100,000.00)",($2.78),($45.89),"($10,695.74)","($11,369.37)"
120,6/26/2026,6/29/2026,3,$210.31 ,$213.05 ,$728.99 ,$741.00 ,3.478056794,3.517133375,3.514478388,-1,-1,-475.4885645,-469.3733865,6.115177971,0,6.115177971,137.176093,134.9527665,0,2.223326419,-2.223326419,($0.03),($0.01),($0.04),$2.74 ,1.29%,"($1,302.84)",$12.01 ,1.63%,"$1,647.48 ",$344.65 ,-100000,$0.00 ,"($100,000.00)",-8.333333333,$0.00 ,100000,"$100,000.00 ",$0.00 ,-1.45519E-11,"$200,000.00 ","($100,000.00)",($8.33),$336.27 ,"($10,359.47)","($11,033.09)"
121,6/29/2026,6/30/2026,1,$213.05 ,$212.77 ,$741.00 ,$746.77 ,3.509752315,3.514478388,3.510873574,-1,-1,-469.3733865,-469.9910702,0,0.617683641,-0.617683641,134.9527665,133.9100392,0,1.042727296,-1.042727296,($0.00),($0.01),($0.01),($0.28),-0.13%,$131.42 ,$5.77 ,0.78%,$778.68 ,$910.10 ,-100000,$0.00 ,"($100,000.00)",-2.777777778,$0.00 ,100000,"$100,000.00 ",$0.00 ,$0.00 ,"$200,000.00 ","($100,000.00)",($2.78),$907.32 ,"($9,452.16)","($10,125.78)"
122,6/30/2026,7/1/2026,1,$212.77 ,$213.41 ,$746.77 ,$745.76 ,3.494494166,3.510873574,3.506677329,-1,-1,-469.9910702,-468.5816035,1.409466683,0,1.409466683,133.9100392,134.0913967,0.18135746,0,0.18135746,($0.01),($0.00),($0.01),$0.64 ,0.30%,($300.79),($1.01),-0.14%,($135.25),($436.04),-100000,$0.00 ,"($100,000.00)",-2.777777778,$0.00 ,100000,"$100,000.00 ",$0.00 ,0,"$200,000.00 ","($100,000.00)",($2.78),($438.83),"($9,890.99)","($10,564.61)"
123,7/1/2026,7/2/2026,1,$213.41 ,$214.91 ,$745.76 ,$744.78 ,3.465543716,3.506677329,3.498688421,-1,-1,-468.5816035,-465.3110604,3.270543042,0,3.270543042,134.0913967,134.2678375,0.176440786,0,0.176440786,($0.02),($0.00),($0.02),$1.50 ,0.70%,($702.87),($0.98),-0.13%,($131.41),($834.28),-100000,$0.00 ,"($100,000.00)",-2.777777778,$0.00 ,100000,"$100,000.00 ",$0.00 ,0,"$200,000.00 ","($100,000.00)",($2.78),($837.08),"($10,728.06)","($11,401.68)"
124,7/2/2026,7/6/2026,4,$214.91 ,$215.00 ,$744.78 ,$751.28 ,3.494325581,3.498688421,3.492462759,-1,-1,-465.3110604,-465.1162791,0.194781374,0,0.194781374,134.2678375,133.1061655,0,1.161672005,-1.161672005,($0.00),($0.01),($0.01),$0.09 ,0.04%,($41.88),$6.50 ,0.87%,$872.74 ,$830.86 ,-100000,$0.00 ,"($100,000.00)",-11.11111111,$0.00 ,100000,"$100,000.00 ",$0.00 ,1.45519E-11,"$200,000.00 ","($100,000.00)",($11.11),$819.75 ,"($9,908.32)","($10,581.94)"
125,7/6/2026,7/7/2026,1,$215.00 ,$214.73 ,$751.28 ,$747.71 ,3.482093792,3.492462759,3.485541181,-1,-1,-465.1162791,-465.701113,0,0.584833956,-0.584833956,133.1061655,133.7416913,0.63552582,0,0.63552582,($0.00),($0.00),($0.01),($0.27),-0.13%,$125.58 ,($3.57),-0.48%,($475.19),($349.61),-100000,$0.00 ,"($100,000.00)",-2.777777778,$0.00 ,100000,"$100,000.00 ",$0.00 ,1.45519E-11,"$200,000.00 ","($100,000.00)",($2.78),($352.39),"($10,260.71)","($10,934.33)"
126,7/7/2026,7/8/2026,1,$214.73 ,$212.20 ,$747.71 ,$745.40 ,3.512723845,3.485541181,3.485633518,-1,1,-465.701113,471.2535344,936.9546474,0,936.9546474,133.7416913,-134.1561578,0,267.8978491,-267.8978491,($4.68),($1.34),($6.02),($2.53),-1.19%,"$1,178.22 ",($2.31),-0.31%,($308.94),$869.28 ,-100000,$0.00 ,"($100,000.00)",-2.777777778,$0.00 ,100000,"$100,000.00 ",$0.00 ,0,"$200,000.00 ","($100,000.00)",($2.78),$860.48 ,"($9,400.23)","($10,073.85)"
127,7/8/2026,7/9/2026,1,$212.20 ,$213.50 ,$745.40 ,$751.71 ,3.52088993,3.485633518,3.489191282,1,1,471.2535344,468.3840749,0,2.86945946,-2.86945946,-134.1561578,-133.0300249,1.126132891,0,1.126132891,($0.01),($0.01),($0.02),$1.30 ,0.61%,$612.63 ,$6.31 ,0.84%,($846.53),($233.90),0,"$100,000.00 ","$100,000.00 ",0,"($100,000.00)",0,"($100,000.00)",($2.78),0,"$200,000.00 ","($100,000.00)",($2.78),($236.69),"($9,636.92)","($10,310.55)"
128,7/9/2026,7/10/2026,1,$213.50 ,$214.30 ,$751.71 ,$754.95 ,3.522865142,3.489191282,3.494700937,1,1,468.3840749,466.6355576,0,1.748517312,-1.748517312,-133.0300249,-132.4591033,0.570921625,0,0.570921625,($0.01),($0.00),($0.01),$0.80 ,0.37%,$374.71 ,$3.24 ,0.43%,($431.02),($56.31),0,"$100,000.00 ","$100,000.00 ",0,"($100,000.00)",0,"($100,000.00)",($2.78),0,"$200,000.00 ","($100,000.00)",($2.78),($59.10),"($9,696.02)","($10,369.65)"
129,7/10/2026,7/13/2026,3,$214.30 ,$214.23 ,$754.95 ,$749.17 ,3.497035896,3.494700937,3.497778118,1,1,466.6355576,466.7880316,0.152473925,0,0.152473925,-132.4591033,-133.4810524,0,1.021949113,-1.021949113,($0.00),($0.01),($0.01),($0.07),-0.03%,($32.66),($5.78),-0.77%,$765.61 ,$732.95 ,0,"$100,000.00 ","$100,000.00 ",0,"($100,000.00)",0,"($100,000.00)",($8.33),0,"$200,000.00 ","($100,000.00)",($8.33),$724.61 ,"($8,971.41)","($9,645.04)"
130,7/13/2026,7/14/2026,1,$214.23 ,$213.45 ,$749.17 ,$751.83 ,3.52227688,3.497778118,3.502200126,1,1,466.7880316,468.4937925,1.705760902,0.00,1.71,-133.4810524,-133.0087919,0.472260483,0,0.472260483,($0.01),($0.00),($0.01),($0.78),-0.36%,($364.09),$2.66 ,0.35%,($355.06),($719.15),0,"$100,000.00 ","$100,000.00 ",0,"($100,000.00)",0,"($100,000.00)",($2.78),$0.00 ,"$200,000.00 ","($100,000.00)",($2.78),($721.94),"($9,693.36)","($10,366.98)"
131,7/14/2026,7/15/2026,1,$213.45 ,$212.97 ,$751.83 ,$754.81 ,3.544208104,3.502200126,3.505645705,1,1,468.4937925,469.5497018,1.055909379,0,1.055909379,-133.0087919,-132.4836714,0.525120494,0,0.525120494,($0.01),($0.00),($0.01),($0.48),-0.23%,($224.88),$2.98 ,0.40%,($396.37),($621.24),$0.00 ,100000,"$100,000.00 ",$0.00 ,-100000,$0.00 ,"($100,000.00)",-2.777777778,0,"$200,000.00 ","($100,000.00)",($2.78),($624.03),"($10,317.39)","($10,991.01)"
132,7/15/2026,7/16/2026,1,$212.97 ,$215.06 ,$754.81 ,$750.72 ,3.490746768,3.505645705,3.505270966,1,-1,469.5497018,-464.9865154,0,934.5362172,-934.5362172,-132.4836714,133.2054561,265.6891275,0,265.6891275,($4.67),($1.33),($6.00),$2.09 ,0.98%,$981.36 ,($4.09),-0.54%,$541.86 ,"$1,523.22 ",$0.00 ,100000,"$100,000.00 ",$0.00 ,-100000,$0.00 ,"($100,000.00)",-2.777777778,$0.00 ,"$200,000.00 ","($100,000.00)",($2.78),"$1,514.44 ","($8,802.95)","($9,476.57)"
133,7/16/2026,7/17/2026,1,$215.06 ,$213.37 ,$750.72 ,$743.29 ,3.483573136,3.505270966,3.507073908,-1,-1,-464.9865154,-468.6694474,0,3.682932048,-3.682932048,133.2054561,134.5369909,1.33153485,0,1.33153485,($0.02),($0.01),($0.03),($1.69),-0.79%,$785.83 ,($7.43),-0.99%,($989.72),($203.89),"($100,000.00)",0,"($100,000.00)",($2.78),0,"$100,000.00 ","$100,000.00 ",0,1.45519E-11,"$200,000.00 ","($100,000.00)",($2.78),($206.69),"($9,009.64)","($9,683.26)"
134,7/17/2026,7/20/2026,3,$213.37 ,$212.42 ,$743.29 ,$742.09 ,3.493503437,3.507073908,3.506991693,-1,-1,-468.6694474,-470.7654646,0,2.096017207,-2.096017207,134.5369909,134.7545446,0.217553651,0,0.217553651,($0.01),($0.00),($0.01),($0.95),-0.45%,$445.24 ,($1.20),-0.16%,($161.44),$283.79 ,"($100,000.00)",0,"($100,000.00)",($8.33),0,"$100,000.00 ","$100,000.00 ",0,-1.45519E-11,"$200,000.00 ","($100,000.00)",($8.33),$275.45 ,"($8,734.19)","($9,407.81)"
135,7/20/2026,7/21/2026,1,$212.42 ,$212.76 ,$742.09 ,$748.28 ,3.517014476,3.506991693,3.510483761,-1,1,-470.7654646,470.0131604,940.778625,0,940.778625,134.7545446,-133.639814,0,268.3943586,-268.3943586,($4.70),($1.34),($6.05),$0.34 ,0.16%,($160.06),$6.19 ,0.83%,$834.13 ,$674.07 ,"($100,000.00)",0,"($100,000.00)",($2.78),0,"$100,000.00 ","$100,000.00 ",0,0,"$200,000.00 ","($100,000.00)",($2.78),$665.25 ,"($8,068.95)","($8,742.57)"
136,7/21/2026,7/22/2026,1,$212.76 ,$212.70 ,$748.28 ,$747.41 ,3.513916314,3.510483761,3.510603008,1,1,470.0131604,470.1457452,0.132584813,0,0.132584813,-133.639814,-133.7953734,0,0.155559383,-0.155559383,($0.00),($0.00),($0.00),($0.06),-0.03%,($28.20),($0.87),-0.12%,$116.27 ,$88.07 ,$0.00 ,100000,"$100,000.00 ",$0.00 ,-100000,$0.00 ,"($100,000.00)",-2.777777778,0,"$200,000.00 ","($100,000.00)",($2.78),$85.29 ,"($7,983.66)","($8,657.28)"
137,7/22/2026,7/23/2026,1,$212.70 ,$211.92 ,$747.41 ,$738.18 ,3.483295583,3.510603008,3.506843574,1,-1,470.1457452,-471.8761797,0,942.0219249,-942.0219249,-133.7953734,135.468314,269.2636873,0,269.2636873,($4.71),($1.35),($6.06),($0.78),-0.37%,($366.71),($9.23),-1.24%,"$1,234.93 ",$868.22 ,$0.00 ,100000,"$100,000.00 ",$0.00 ,-100000,$0.00 ,"($100,000.00)",-2.777777778,-1.45519E-11,"$200,000.00 ","($100,000.00)",($2.78),$859.38 ,"($7,124.28)","($7,797.90)"
138,7/23/2026,7/24/2026,1,$211.92 ,$213.57 ,$738.18 ,$738.93 ,3.459896053,3.506843574,3.500546665,-1,-1,-471.8761797,-468.2305567,3.645622964,0,3.645622964,135.468314,135.3308162,0,0.137497781,-0.137497781,($0.02),($0.00),($0.02),$1.65 ,0.78%,($778.60),$0.75 ,0.10%,$101.60 ,($676.99),"($100,000.00)",0,"($100,000.00)",($2.78),0,"$100,000.00 ","$100,000.00 ",0,1.45519E-11,"$200,000.00 ","($100,000.00)",($2.78),($679.79),"($7,804.07)","($8,477.69)"
139,7/24/2026,7/27/2026,3,$213.57 ,$215.18 ,$738.93 ,$739.09 ,3.4347523,3.500546665,3.494318305,-1,-1,-468.2305567,-464.7272051,3.503351596,0,3.503351596,135.3308162,135.3015194,0,0.029296744,-0.029296744,($0.02),($0.00),($0.02),$1.61 ,0.75%,($753.85),$0.16 ,0.02%,$21.65 ,($732.20),"($100,000.00)",0,"($100,000.00)",($8.33),0,"$100,000.00 ","$100,000.00 ",0,0,"$200,000.00 ","($100,000.00)",($8.33),($740.55),"($8,544.62)","($9,218.24)"
140,7/27/2026,7/28/2026,1,$215.18 ,$217.69 ,$739.09 ,$740.86 ,3.403279893,3.494318305,3.482418607,-1,-1,-464.7272051,-459.3688272,5.358377899,0,5.358377899,135.3015194,134.9782685,0,0.323250937,-0.323250937,($0.03),($0.00),($0.03),$2.51 ,1.16%,"($1,166.47)",$1.77 ,0.24%,$239.48 ,($926.98),"($100,000.00)",0,"($100,000.00)",($2.78),0,"$100,000.00 ","$100,000.00 ",0,$0.00 ,"$200,000.00 ","($100,000.00)",($2.78),($929.79),"($9,474.40)","($10,148.03)"
141,7/28/2026,7/29/2026,1,$217.69 ,$215.73 ,$740.86 ,$729.46 ,3.381356325,3.482418607,3.466133429,-1,-1,-459.3688272,-463.542391,0,4.17356372,-4.17356372,134.9782685,137.0877087,2.109440217,0,2.109440217,($0.02),($0.01),($0.03),($1.96),-0.90%,$900.36 ,($11.40),-1.55%,"($1,538.75)",($638.39),"($100,000.00)",0,"($100,000.00)",($2.78),0,"$100,000.00 ","$100,000.00 ",0,-1.45519E-11,"$200,000.00 ","($100,000.00)",($2.78),($641.20),"($10,115.60)","($10,789.22)"
142,7/29/2026,7/30/2026,1,$215.73 ,$215.38 ,$729.46 ,$741.69 ,3.443634506,3.466133429,3.461422202,-1,-1,-463.542391,-464.2956635,0,0.753272527,-0.753272527,137.0877087,134.8272189,0,2.260489797,-2.260489797,($0.00),($0.01),($0.02),($0.35),-0.16%,$162.24 ,$12.23 ,1.66%,"$1,676.58 ","$1,838.82 ","($100,000.00)",0,"($100,000.00)",($2.78),0,"$100,000.00 ","$100,000.00 ",0,-1.45519E-11,"$200,000.00 ","($100,000.00)",($2.78),"$1,836.03 ","($8,279.57)","($8,953.19)"
143,7/30/2026,7/31/2026,1,$215.38 ,$215.01 ,$741.69 ,$747.03 ,3.47439654,3.461422202,3.460504543,-1,1,-464.2956635,465.0946468,929.3903102,0,929.3903102,134.8272189,-133.8634325,0,268.6906514,-268.6906514,($4.65),($1.34),($5.99),($0.37),-0.17%,$171.79 ,$5.34 ,0.72%,$719.98 ,$891.77 ,"($100,000.00)",0,"($100,000.00)",($2.78),0,"$100,000.00 ","$100,000.00 ",0,-1.45519E-11,"$200,000.00 ","($100,000.00)",($2.78),$883.00 ,"($7,396.58)","($8,070.20)"
144,7/31/2026,8/3/2026,3,$215.01 ,$217.11 ,$747.03 ,$757.67 ,3.489797798,3.460504543,3.460133979,1,1,465.0946468,460.5960112,0,4.498635522,-4.498635522,-133.8634325,-131.9835812,1.879851284,0,1.879851284,($0.02),($0.01),($0.03),$2.10 ,0.97%,$976.70 ,$10.64 ,1.41%,"($1,424.31)",($447.61),$0.00 ,100000,"$100,000.00 ",$0.00 ,-100000,$0.00 ,"($100,000.00)",-8.333333333,0,"$200,000.00 ","($100,000.00)",($8.33),($455.97),"($7,852.55)","($8,526.17)"
145,8/3/2026,8/4/2026,1,$217.11 ,$220.23 ,$757.67 ,$771.33 ,3.502383871,3.460133979,3.458670918,1,1,460.5960112,454.0707442,0,6.525267017,-6.525267017,-131.9835812,-129.6461955,2.33738571,0,2.33738571,($0.03),($0.01),($0.04),$3.12 ,1.43%,"$1,437.06 ",$13.66 ,1.79%,"($1,802.90)",($365.84),$0.00 ,100000,"$100,000.00 ",$0.00 ,-100000,$0.00 ,"($100,000.00)",-2.777777778,0,"$200,000.00 ","($100,000.00)",($2.78),($368.66),"($8,221.21)","($8,894.83)"
146,8/4/2026,8/5/2026,1,$220.23 ,$219.73 ,$771.33 ,$769.79 ,3.503345014,3.458670918,3.457613789,1,1,454.0707442,455.1039913,1.03324704,0,1.03324704,-129.6461955,-129.9055587,0,0.259363126,-0.259363126,($0.01),($0.00),($0.01),($0.50),-0.23%,($227.04),($1.54),-0.20%,$199.66 ,($27.38),$0.00 ,100000,"$100,000.00 ",$0.00 ,-100000,$0.00 ,"($100,000.00)",-2.777777778,1.45519E-11,"$200,000.00 ","($100,000.00)",($2.78),($30.16),"($8,251.37)","($8,924.99)"
147,8/5/2026,8/6/2026,1,$219.73 ,$218.58 ,$769.79 ,$768.56 ,3.516149693,3.457613789,3.4608992,1,1,455.1039913,457.4983988,2.394407494,0,2.394407494,-129.9055587,-130.1134589,0,0.207900277,-0.207900277,($0.01),($0.00),($0.01),($1.15),-0.52%,($523.37),($1.23),-0.16%,$159.78 ,($363.59),$0.00 ,100000,"$100,000.00 ",$0.00 ,-100000,$0.00 ,"($100,000.00)",-2.777777778,-1.45519E-11,"$200,000.00 ","($100,000.00)",($2.78),($366.38),"($8,617.75)","($9,291.37)"
148,8/6/2026,8/7/2026,1,$218.58 ,$220.09 ,$768.56 ,$773.26 ,3.51338089,3.4608992,3.466247683,1,1,457.4983988,454.3595802,0,3.138818584,-3.138818584,-130.1134589,-129.3226082,0.790850758,0,0.790850758,($0.02),($0.00),($0.02),$1.51 ,0.69%,$690.82 ,$4.70 ,0.61%,($611.53),$79.29 ,$0.00 ,100000,"$100,000.00 ",$0.00 ,-100000,$0.00 ,"($100,000.00)",-2.777777778,1.45519E-11,"$200,000.00 ","($100,000.00)",($2.78),$76.49 ,"($8,541.26)","($9,214.88)"
149,8/7/2026,8/10/2026,3,$220.09 ,$220.22 ,$773.26 ,$773.03 ,3.510262465,3.466247683,3.4737987,1,1,454.3595802,454.0913632,0,0.268216989,-0.268216989,-129.3226082,-129.3610856,0,0.03847742,-0.03847742,($0.00),($0.00),($0.00),$0.13 ,0.06%,$59.07 ,($0.23),-0.03%,$29.74 ,$88.81 ,$0.00 ,100000,"$100,000.00 ",$0.00 ,-100000,$0.00 ,"($100,000.00)",-8.333333333,0,"$200,000.00 ","($100,000.00)",($8.33),$80.48 ,"($8,460.78)","($9,134.40)"
150,8/10/2026,8/11/2026,1,$220.22 ,$220.69 ,$773.03 ,$770.56 ,3.491594544,3.4737987,3.482630165,1,1,454.0913632,453.124292,0,0.967071189,-0.967071189,-129.3610856,-129.7757475,0,0.41466191,-0.41466191,($0.00),($0.00),($0.01),$0.47 ,0.21%,$213.42 ,($2.47),-0.32%,$319.52 ,$532.94 ,$0.00 ,100000,"$100,000.00 ",$0.00 ,-100000,$0.00 ,"($100,000.00)",-2.777777778,0,"$200,000.00 ","($100,000.00)",($2.78),$530.16 ,"($7,930.62)","($8,604.24)"
151,8/11/2026,8/12/2026,1,$220.69 ,$221.08 ,$770.56 ,$772.49 ,3.494165008,3.482630165,3.493911033,1,1,453.124292,452.3249502,0.00,0.799341749,-0.80,-129.7757475,-129.4515139,0.324233573,0,0.324233573,($0.00),($0.00),($0.01),$0.39 ,0.18%,$176.72 ,$1.93 ,0.25%,($250.47),($73.75),$0.00 ,100000,"$100,000.00 ",$0.00 ,-100000,$0.00 ,"($100,000.00)",-2.777777778,-1.45519E-11,"$200,000.00 ","($100,000.00)",($2.78),($76.53),"($8,007.15)","($8,680.77)"
152,8/12/2026,8/13/2026,1,$221.08 ,$222.73 ,$772.49 ,$777.88 ,3.492479684,3.493911033,3.498795551,1,-1,452.3249502,-448.9740942,0,901.2990444,-901.2990444,-129.4515139,128.5545328,258.0060468,0,258.0060468,($4.51),($1.29),($5.80),$1.65 ,0.74%,$746.34 ,$5.39 ,0.70%,($697.74),$48.59 ,0,"$100,000.00 ","$100,000.00 ",0,"($100,000.00)",0,"($100,000.00)",($2.78),0,"$200,000.00 ","($100,000.00)",($2.78),$40.02 ,"($7,967.13)","($8,640.75)"
153,8/13/2026,8/14/2026,1,$222.73 ,$222.77 ,$777.88 ,$776.34 ,3.484939624,3.498795551,3.499849859,-1,-1,-448.9740942,-448.8934776,0.080616617,0,0.080616617,128.5545328,128.8095422,0.255009378,0,0.255009378,($0.00),($0.00),($0.00),$0.04 ,0.02%,($17.96),($1.54),-0.20%,($197.97),($215.93),-100000,$0.00 ,"($100,000.00)",-2.777777778,$0.00 ,100000,"$100,000.00 ",$0.00 ,($0.00),"$200,000.00 ","($100,000.00)",($2.78),($218.71),"($8,185.85)","($8,859.47)"
,,,,,,,,,,,,,,,,,,,,,,,,,,,,,,,,,,,,,,,,,,,,,,,
,,,,,,,,,,,,,,,,,,,,,,,,,,,,,,,,,,,,,,,,,,,,,,,
,,,,,,,,,,,,,,,,,,,,,,,,,,,,,,,,,,,,,,,,,,,,,,,
,,,,,,,,,,,,,,,,,,,,,,,,,,,,,,,,,,,,,,,,,,,,,,,
,,,,,,,,,,,,,,,,,,,,,,,,,,,,,,,,,,,,,,,,,,,,,,,
,,,,,,,,,,,,,,,,,,,,,,,,,,,,,,,,,,,,,,,,,,,,,,,
,,,,,,,,,,,,,,,,,,,,,,,,,,,,,,,,,,,,,,,,,,,,,,,
,,,,,,,,,,,,,,,,,,,,,,,,,,,,,,,,,,,,,,,,,,,,,,,
,,,,,,,,,,,,,,,,,,,,,,,,,,,,,,,,,,,,,,,,,,,,,,,
,,,,,,,,,,,,,,,,,,,,,,,,,,,,,,,,,,,,,,,,,,,,,,,
,,,,,,,,,,,,,,,,,,,,,,,,,,,,,,,,,,,,,,,,,,,,,,,
,,,,,,,,,,,,,,,,,,,,,,,,,,,,,,,,,,,,,,,,,,,,,,,
,,,,,,,,,,,,,,,,,,,,,,,,,,,,,,,,,,,,,,,,,,,,,,,
,,,,,,,,,,,,,,,,,,,,,,,,,,,,,,,,,,,,,,,,,,,,,,,
,,,,,,,,,,,,,,,,,,,,,,,,,,,,,,,,,,,,,,,,,,,,,,,
,,,,,,,,,,,,,,,,,,,,,,,,,,,,,,,,,,,,,,,,,,,,,,,
,,,,,,,,,,,,,,,,,,,,,,,,,,,,,,,,,,,,,,,,,,,,,,,
,,,,,,,,,,,,,,,,,,,,,,,,,,,,,,,,,,,,,,,,,,,,,,,
,,,,,,,,,,,,,,,,,,,,,,,,,,,,,,,,,,,,,,,,,,,,,,,
,,,,,,,,,,,,,,,,,,,,,,,,,,,,,,,,,,,,,,,,,,,,,,,
,,,,,,,,,,,,,,,,,,,,,,,,,,,,,,,,,,,,,,,,,,,,,,,
,,,,,,,,,,,,,,,,,,,,,,,,,,,,,,,,,,,,,,,,,,,,,,,
,,,,,,,,,,,,,,,,,,,,,,,,,,,,,,,,,,,,,,,,,,,,,,,
,,,,,,,,,,,,,,,,,,,,,,,,,,,,,,,,,,,,,,,,,,,,,,,
,,,,,,,,,,,,,,,,,,,,,,,,,,,,,,,,,,,,,,,,,,,,,,,
,,,,,,,,,,,,,,,,,,,,,,,,,,,,,,,,,,,,,,,,,,,,,,,
,,,,,,,,,,,,,,,,,,,,,,,,,,,,,,,,,,,,,,,,,,,,,,,
,,,,,,,,,,,,,,,,,,,,,,,,,,,,,,,,,,,,,,,,,,,,,,,
,,,,,,,,,,,,,,,,,,,,,,,,,,,,,,,,,,,,,,,,,,,,,,,
,,,,,,,,,,,,,,,,,,,,,,,,,,,,,,,,,,,,,,,,,,,,,,,
,,,,,,,,,,,,,,,,,,,,,,,,,,,,,,,,,,,,,,,,,,,,,,,
,,,,,,,,,,,,,,,,,,,,,,,,,,,,,,,,,,,,,,,,,,,,,,,
,,,,,,,,,,,,,,,,,,,,,,,,,,,,,,,,,,,,,,,,,,,,,,,
,,,,,,,,,,,,,,,,,,,,,,,,,,,,,,,,,,,,,,,,,,,,,,,
,,,,,,,,,,,,,,,,,,,,,,,,,,,,,,,,,,,,,,,,,,,,,,,
,,,,,,,,,,,,,,,,,,,,,,,,,,,,,,,,,,,,,,,,,,,,,,,
,,,,,,,,,,,,,,,,,,,,,,,,,,,,,,,,,,,,,,,,,,,,,,,
,,,,,,,,,,,,,,,,,,,,,,,,,,,,,,,,,,,,,,,,,,,,,,,
,,,,,,,,,,,,,,,,,,,,,,,,,,,,,,,,,,,,,,,,,,,,,,,
,,,,,,,,,,,,,,,,,,,,,,,,,,,,,,,,,,,,,,,,,,,,,,,
,,,,,,,,,,,,,,,,,,,,,,,,,,,,,,,,,,,,,,,,,,,,,,,
,,,,,,,,,,,,,,,,,,,,,,,,,,,,,,,,,,,,,,,,,,,,,,,
,,,,,,,,,,,,,,,,,,,,,,,,,,,,,,,,,,,,,,,,,,,,,,,
,,,,,,,,,,,,,,,,,,,,,,,,,,,,,,,,,,,,,,,,,,,,,,,
,,,,,,,,,,,,,,,,,,,,,,,,,,,,,,,,,,,,,,,,,,,,,,,
,,,,,,,,,,,,,,,,,,,,,,,,,,,,,,,,,,,,,,,,,,,,,,,
,,,,,,,,,,,,,,,,,,,,,,,,,,,,,,,,,,,,,,,,,,,,,,,
,,,,,,,,,,,,,,,,,,,,,,,,,,,,,,,,,,,,,,,,,,,,,,,
,,,,,,,,,,,,,,,,,,,,,,,,,,,,,,,,,,,,,,,,,,,,,,,
,,,,,,,,,,,,,,,,,,,,,,,,,,,,,,,,,,,,,,,,,,,,,,,
,,,,,,,,,,,,,,,,,,,,,,,,,,,,,,,,,,,,,,,,,,,,,,,
,,,,,,,,,,,,,,,,,,,,,,,,,,,,,,,,,,,,,,,,,,,,,,,
,,,,,,,,,,,,,,,,,,,,,,,,,,,,,,,,,,,,,,,,,,,,,,,
,,,,,,,,,,,,,,,,,,,,,,,,,,,,,,,,,,,,,,,,,,,,,,,
,,,,,,,,,,,,,,,,,,,,,,,,,,,,,,,,,,,,,,,,,,,,,,,
,,,,,,,,,,,,,,,,,,,,,,,,,,,,,,,,,,,,,,,,,,,,,,,
,,,,,,,,,,,,,,,,,,,,,,,,,,,,,,,,,,,,,,,,,,,,,,,
,,,,,,,,,,,,,,,,,,,,,,,,,,,,,,,,,,,,,,,,,,,,,,,
,,,,,,,,,,,,,,,,,,,,,,,,,,,,,,,,,,,,,,,,,,,,,,,
,,,,,,,,,,,,,,,,,,,,,,,,,,,,,,,,,,,,,,,,,,,,,,,
,,,,,,,,,,,,,,,,,,,,,,,,,,,,,,,,,,,,,,,,,,,,,,,
,,,,,,,,,,,,,,,,,,,,,,,,,,,,,,,,,,,,,,,,,,,,,,,
,,,,,,,,,,,,,,,,,,,,,,,,,,,,,,,,,,,,,,,,,,,,,,,
,,,,,,,,,,,,,,,,,,,,,,,,,,,,,,,,,,,,,,,,,,,,,,,
,,,,,,,,,,,,,,,,,,,,,,,,,,,,,,,,,,,,,,,,,,,,,,,
,,,,,,,,,,,,,,,,,,,,,,,,,,,,,,,,,,,,,,,,,,,,,,,
,,,,,,,,,,,,,,,,,,,,,,,,,,,,,,,,,,,,,,,,,,,,,,,
,,,,,,,,,,,,,,,,,,,,,,,,,,,,,,,,,,,,,,,,,,,,,,,
,,,,,,,,,,,,,,,,,,,,,,,,,,,,,,,,,,,,,,,,,,,,,,,
,,,,,,,,,,,,,,,,,,,,,,,,,,,,,,,,,,,,,,,,,,,,,,,
,,,,,,,,,,,,,,,,,,,,,,,,,,,,,,,,,,,,,,,,,,,,,,,
,,,,,,,,,,,,,,,,,,,,,,,,,,,,,,,,,,,,,,,,,,,,,,,
,,,,,,,,,,,,,,,,,,,,,,,,,,,,,,,,,,,,,,,,,,,,,,,
,,,,,,,,,,,,,,,,,,,,,,,,,,,,,,,,,,,,,,,,,,,,,,,
,,,,,,,,,,,,,,,,,,,,,,,,,,,,,,,,,,,,,,,,,,,,,,,
,,,,,,,,,,,,,,,,,,,,,,,,,,,,,,,,,,,,,,,,,,,,,,,
,,,,,,,,,,,,,,,,,,,,,,,,,,,,,,,,,,,,,,,,,,,,,,,
,,,,,,,,,,,,,,,,,,,,,,,,,,,,,,,,,,,,,,,,,,,,,,,
,,,,,,,,,,,,,,,,,,,,,,,,,,,,,,,,,,,,,,,,,,,,,,,
,,,,,,,,,,,,,,,,,,,,,,,,,,,,,,,,,,,,,,,,,,,,,,,
,,,,,,,,,,,,,,,,,,,,,,,,,,,,,,,,,,,,,,,,,,,,,,,
,,,,,,,,,,,,,,,,,,,,,,,,,,,,,,,,,,,,,,,,,,,,,,,
,,,,,,,,,,,,,,,,,,,,,,,,,,,,,,,,,,,,,,,,,,,,,,,
,,,,,,,,,,,,,,,,,,,,,,,,,,,,,,,,,,,,,,,,,,,,,,,
,,,,,,,,,,,,,,,,,,,,,,,,,,,,,,,,,,,,,,,,,,,,,,,
,,,,,,,,,,,,,,,,,,,,,,,,,,,,,,,,,,,,,,,,,,,,,,,
