bop date,eop date,day count,bop SCHH price,eop SCHH price,bop USRT price,eop USRT price,eop USRT / eop SCHH,bop USRT / SCHH moving avg,eop USRT / SCHH moving avg,eop SCHH unit price,eop USRT / eop USRT,bop USRT / USRT moving avg,eop USRT / USRT moving avg,eop USRT unit price,SCHH unit price pct diff,USRT unit price pct diff,unit price pct diff,go long,exit long,go short,exit short,current_position,new_position,month end liquidation,long entry,short entry,long to short flip,short to long flip,SCHH shares per unit,eop SCHH shares,bop SCHH shares,eop SCHH shares traded,eop SCHH shares bought,eop SCHH shares sold,USRT shares per unit,eop USRT shares,bop USRT shares,eop USRT shares traded,eop USRT shares bought,eop USRT shares sold,SCHH cop,SCHH pct cop,SCHH daily position pnl,SCHH daily commission,SCHH investment amount,short SCHH investment amount,long SCHH investment amount,daily SCHH borrow cost,USRT cop,USRT pct cop,USRT daily position pnl,USRT daily commission,USRT investment amount,short USRT investment amount,long USRT investment amount,daily USRT borrow cost,daily position pnl,daily total commissions,short investment amount,daily borrow cost,long daily position pnl,short daily position pnl,daily net profit,cumulative net profit,drawdown,gross investment amount,net investment amount
2026-01-02,2026-01-05,3,,20.9,,57.04,2.7291866028708136,,,,1.0,,,,,,,False,False,False,False,0,0,False,False,False,False,False,,,,,,,,,,,,,,,,,,,,,,,,,,,,,0.0,0.0,0.0,0.0,0.0,0.0,0.0,0.0,0.0,0.0,0.0
2026-01-05,2026-01-06,1,20.9,21.04,57.04,57.57,2.736216730038023,,,,1.0,,,,,,,False,False,False,False,0,0,False,False,False,False,False,,,,,,,,,,,,,0.14000000000000057,0.006676228898743892,,,,,,,0.5300000000000011,0.009248822581677781,,,,,,,0.0,0.0,0.0,0.0,0.0,0.0,0.0,0.0,0.0,0.0,0.0
2026-01-06,2026-01-07,1,21.04,20.88,57.57,57.21,2.7399425287356323,,,,1.0,,,,,,,False,False,False,False,0,0,False,False,False,False,False,,,,,,,,,,,,,-0.16000000000000014,-0.007633624855071095,,,,,,,-0.35999999999999943,-0.006272890407280862,,,,,,,0.0,0.0,0.0,0.0,0.0,0.0,0.0,0.0,0.0,0.0,0.0
2026-01-07,2026-01-08,1,20.88,21.06,57.21,57.8,2.7445394112060777,,,,1.0,,,,,,,False,False,False,False,0,0,False,False,False,False,False,,,,,,,,,,,,,0.17999999999999972,0.008583743691391435,,,,,,,0.5899999999999963,0.010260067397894436,,,,,,,0.0,0.0,0.0,0.0,0.0,0.0,0.0,0.0,0.0,0.0,0.0
2026-01-08,2026-01-09,1,21.06,21.13,57.8,57.9,2.7401798390913394,,,,1.0,,,,,,,False,False,False,False,0,0,False,False,False,False,False,,,,,,,,,,,,,0.07000000000000028,0.003318324922135852,,,,,,,0.10000000000000142,0.001728608900617689,,,,,,,0.0,0.0,0.0,0.0,0.0,0.0,0.0,0.0,0.0,0.0,0.0
2026-01-09,2026-01-12,3,21.13,21.15,57.9,57.92,2.7385342789598113,,,,1.0,,,,,,,False,False,False,False,0,0,False,False,False,False,False,,,,,,,,,,,,,0.019999999999999574,0.0009460738643215912,,,,,,,0.020000000000003126,0.0003453634985113827,,,,,,,0.0,0.0,0.0,0.0,0.0,0.0,0.0,0.0,0.0,0.0,0.0
2026-01-12,2026-01-13,1,21.15,21.26,57.92,58.19,2.7370649106302913,,,,1.0,,,,,,,False,False,False,False,0,0,False,False,False,False,False,,,,,,,,,,,,,0.11000000000000298,0.0051874674215150116,,,,,,,0.269999999999996,0.004650770591117485,,,,,,,0.0,0.0,0.0,0.0,0.0,0.0,0.0,0.0,0.0,0.0,0.0
2026-01-13,2026-01-14,1,21.26,21.47,58.19,58.61,2.7298556124825337,,,,1.0,,,,,,,False,False,False,False,0,0,False,False,False,False,False,,,,,,,,,,,,,0.2099999999999973,0.00982923897688756,,,,,,,0.4200000000000017,0.00719181181975927,,,,,,,0.0,0.0,0.0,0.0,0.0,0.0,0.0,0.0,0.0,0.0,0.0
2026-01-14,2026-01-15,1,21.47,21.59,58.61,58.88,2.7271885132005558,,,,1.0,,,,,,,False,False,False,False,0,0,False,False,False,False,False,,,,,,,,,,,,,0.120000000000001,0.005573632636026461,,,,,,,0.2700000000000031,0.0045961439322830325,,,,,,,0.0,0.0,0.0,0.0,0.0,0.0,0.0,0.0,0.0,0.0,0.0
2026-01-15,2026-01-16,1,21.59,21.86,58.88,59.63,2.7278133577310157,,,,1.0,,,,,,,False,False,False,False,0,0,False,False,False,False,False,,,,,,,,,,,,,0.2699999999999996,0.012428238221676585,,,,,,,0.75,0.012657328714393675,,,,,,,0.0,0.0,0.0,0.0,0.0,0.0,0.0,0.0,0.0,0.0,0.0
2026-01-16,2026-01-20,4,21.86,21.5,59.63,58.76,2.7330232558139533,,,,1.0,,,,,,,False,False,False,False,0,0,False,False,False,False,False,,,,,,,,,,,,,-0.35999999999999943,-0.0166055476147754,,,,,,,-0.8700000000000045,-0.014697451829338059,,,,,,,0.0,0.0,0.0,0.0,0.0,0.0,0.0,0.0,0.0,0.0,0.0
2026-01-20,2026-01-21,1,21.5,21.54,58.76,58.87,2.7330547818013,,,,1.0,,,,,,,False,False,False,False,0,0,False,False,False,False,False,,,,,,,,,,,,,0.03999999999999915,0.001858736594625342,,,,,,,0.10999999999999943,0.0018702717344934176,,,,,,,0.0,0.0,0.0,0.0,0.0,0.0,0.0,0.0,0.0,0.0,0.0
2026-01-21,2026-01-22,1,21.54,21.28,58.87,58.18,2.7340225563909772,,,,1.0,,,,,,,False,False,False,False,0,0,False,False,False,False,False,,,,,,,,,,,,,-0.259999999999998,-0.012144007254798724,,,,,,,-0.6899999999999977,-0.011789969973114326,,,,,,,0.0,0.0,0.0,0.0,0.0,0.0,0.0,0.0,0.0,0.0,0.0
2026-01-22,2026-01-23,1,21.28,21.33,58.18,58.33,2.7346460384435067,,,,1.0,,,,,,,False,False,False,False,0,0,False,False,False,False,False,,,,,,,,,,,,,0.04999999999999716,0.0023468680098153475,,,,,,,0.14999999999999858,0.0025748876984907176,,,,,,,0.0,0.0,0.0,0.0,0.0,0.0,0.0,0.0,0.0,0.0,0.0
2026-01-23,2026-01-26,3,21.33,21.28,58.33,58.14,2.732142857142857,,,,1.0,,,,,,,False,False,False,False,0,0,False,False,False,False,False,,,,,,,,,,,,,-0.04999999999999716,-0.002346868009815438,,,,,,,-0.18999999999999773,-0.0032626456348163824,,,,,,,0.0,0.0,0.0,0.0,0.0,0.0,0.0,0.0,0.0,0.0,0.0
2026-01-26,2026-01-27,1,21.28,21.29,58.14,58.15,2.7313292625645844,,,,1.0,,,,,,,False,False,False,False,0,0,False,False,False,False,False,,,,,,,,,,,,,0.00999999999999801,0.00046981443194429103,,,,,,,0.00999999999999801,0.00017198383394351958,,,,,,,0.0,0.0,0.0,0.0,0.0,0.0,0.0,0.0,0.0,0.0,0.0
2026-01-27,2026-01-28,1,21.29,21.06,58.15,57.55,2.7326685660018994,,,,1.0,,,,,,,False,False,False,False,0,0,False,False,False,False,False,,,,,,,,,,,,,-0.23000000000000043,-0.010861972199558695,,,,,,,-0.6000000000000014,-0.010371743796781824,,,,,,,0.0,0.0,0.0,0.0,0.0,0.0,0.0,0.0,0.0,0.0,0.0
2026-01-28,2026-01-29,1,21.06,21.38,57.55,58.42,2.732460243217961,,,,1.0,,,,,,,False,False,False,False,0,0,False,False,False,False,False,,,,,,,,,,,,,0.3200000000000003,0.015080398891069841,,,,,,,0.8700000000000045,0.015004161791703366,,,,,,,0.0,0.0,0.0,0.0,0.0,0.0,0.0,0.0,0.0,0.0,0.0
2026-01-29,2026-01-30,1,21.38,21.41,58.42,58.67,2.740308267164876,,,,1.0,,,,,,,False,False,False,False,0,0,True,False,False,False,False,,,,,,,,,,,,,0.030000000000001137,0.0014021970046922834,,,,,,,0.25,0.0042702259781737025,,,,,,,0.0,0.0,0.0,0.0,0.0,0.0,0.0,0.0,0.0,0.0,0.0
2026-01-30,2026-02-02,3,21.41,21.23,58.67,58.16,2.739519547809703,,2.7346848580648855,,1.0,,1.0,,,,,False,False,False,False,0,0,False,False,False,False,False,,,,,,,,,,,,,-0.17999999999999972,-0.008442826886426674,,,,,,,-0.5100000000000051,-0.008730689712504652,,,,,,,0.0,0.0,0.0,0.0,0.0,0.0,0.0,0.0,0.0,0.0,0.0
2026-02-02,2026-02-03,1,21.23,21.3,58.16,58.33,2.7384976525821596,2.7346848580648855,2.735150410550453,58.24878747678206,1.0,1.0,1.0,58.33,-0.0013932643856240945,0.0,-0.0013932643856240945,False,True,False,True,0,0,False,False,False,False,False,4687.0,0.0,0.0,0.0,0.0,-0.0,1714.0,0.0,0.0,0.0,0.0,-0.0,0.07000000000000028,0.0032917970002146117,0.0,-0.0,0.0,0.0,0.0,0.0,0.1700000000000017,0.002918707540282345,0.0,-0.0,0.0,0.0,0.0,0.0,0.0,0.0,0.0,0.0,0.0,0.0,0.0,0.0,0.0,0.0,0.0
2026-02-03,2026-02-04,1,21.3,21.64,58.33,59.29,2.7398336414048057,2.735150410550453,2.735331256118792,59.18865488431181,1.0,1.0,1.0,59.29,-0.0017107746624030425,0.0,-0.0017107746624030425,False,True,False,True,0,0,False,False,False,False,False,4614.0,0.0,0.0,0.0,0.0,-0.0,1687.0,0.0,0.0,0.0,0.0,-0.0,0.33999999999999986,0.015836381262901395,0.0,-0.0,0.0,0.0,0.0,0.0,0.9600000000000009,0.016324116953730136,0.0,-0.0,0.0,0.0,0.0,0.0,0.0,0.0,0.0,0.0,0.0,0.0,0.0,0.0,0.0,0.0,0.0
2026-02-04,2026-02-05,1,21.64,21.64,59.29,59.5,2.7495378927911274,2.735331256118792,2.735811024321567,59.192568382410656,1.0,1.0,1.0,59.5,-0.005180312622587423,0.0,-0.005180312622587423,True,False,False,True,0,1,False,True,False,False,False,4598.0,4598.0,0.0,4598.0,4598.0,-0.0,1681.0,-1681.0,0.0,-1681.0,0.0,1681.0,0.0,0.0,0.0,-22.990000000000002,0.0,0.0,0.0,0.0,0.21000000000000085,0.003535654832307797,0.0,-8.405,0.0,0.0,0.0,0.0,0.0,-31.395000000000003,0.0,0.0,0.0,0.0,-31.395000000000003,-31.395000000000003,-31.395000000000003,0.0,0.0
2026-02-05,2026-02-06,1,21.64,21.97,59.5,60.43,2.7505689576695493,2.735811024321567,2.7361125016447407,60.10576820434483,1.0,1.0,1.0,60.43,-0.005379856659997368,0.0,-0.005379856659997368,True,False,False,True,1,1,False,False,False,False,False,4528.0,4528.0,4598.0,-70.0,0.0,70.0,1655.0,-1655.0,-1681.0,26.0,26.0,-0.0,0.3299999999999983,0.015134432418237984,1517.3399999999922,-0.35000000000000003,99500.72,0.0,99500.72,0.0,0.9299999999999997,0.01550935782188298,-1563.3299999999995,-0.13,-100019.5,-100019.5,0.0,-2.7783194444444446,-45.990000000007285,-0.48000000000000004,-100019.5,-2.7783194444444446,-45.990000000007285,0.0,-49.248319444451724,-80.64331944445172,-80.64331944445172,199520.22,-518.7799999999988
2026-02-06,2026-02-09,3,21.97,22.03,60.43,60.56,2.748978665456196,2.7361125016447407,2.7365524429629833,60.276558411233644,1.0,1.0,1.0,60.56,-0.004691330377800788,0.0,-0.004691330377800788,False,False,False,True,1,1,False,False,False,False,False,4517.0,4517.0,4528.0,-11.0,0.0,11.0,1651.0,-1651.0,-1655.0,4.0,4.0,-0.0,0.060000000000002274,0.0027272744177330144,271.6800000000103,-0.055,99480.15999999999,0.0,99480.15999999999,0.0,0.13000000000000256,0.0021489387557262164,-215.15000000000424,-0.02,-100011.65,-100011.65,0.0,-8.334304166666666,56.530000000006055,-0.075,-100011.65,-8.334304166666666,56.530000000006055,0.0,48.12069583333938,-32.52262361111234,-32.52262361111234,199491.81,-531.4900000000052
2026-02-09,2026-02-10,1,22.03,22.35,60.56,61.42,2.7480984340044743,2.7365524429629833,2.7370306507152167,61.16194710022268,1.0,1.0,1.0,61.42,-0.00421029828750427,0.0,-0.00421029828750427,False,False,False,True,1,1,False,False,False,False,False,4455.0,4455.0,4517.0,-62.0,0.0,62.0,1628.0,-1628.0,-1651.0,23.0,23.0,-0.0,0.3200000000000003,0.01442116024532608,1445.4400000000012,-0.31,99509.51000000001,0.0,99509.51000000001,0.0,0.8599999999999994,0.014100905883482888,-1419.859999999999,-0.115,-99984.56,-99984.56,0.0,-2.7773488888888886,25.5800000000022,-0.425,-99984.56,-2.7773488888888886,25.5800000000022,0.0,22.377651111113313,-10.144972499999025,-10.144972499999025,199494.07,-475.04999999998836
2026-02-10,2026-02-11,1,22.35,22.46,61.42,61.49,2.7377560106856635,2.7370306507152167,2.737065205717985,61.47370841506377,1.0,1.0,1.0,61.49,-0.0002649820055291487,0.0,-0.0002649820055291487,False,True,False,True,1,0,False,False,False,False,False,4450.0,0.0,4455.0,-4455.0,0.0,4455.0,1626.0,0.0,-1628.0,1628.0,1628.0,-0.0,0.10999999999999943,0.004909628250719268,490.04999999999745,-22.275000000000002,99569.25,0.0,99569.25,0.0,0.07000000000000028,0.0011390449527019506,-113.96000000000046,-8.14,-99991.76000000001,-99991.76000000001,0.0,-2.777548888888889,376.08999999999696,-30.415000000000003,-99991.76000000001,-2.777548888888889,376.08999999999696,0.0,342.89745111110807,332.75247861110904,0.0,199561.01,-422.5100000000093
2026-02-11,2026-02-12,1,22.46,22.5,61.49,61.53,2.7346666666666666,2.737065205717985,2.7373057584271914,61.58396712865466,1.0,1.0,1.0,61.53,0.0008767020244728753,0.0,0.0008767020244728753,False,True,False,True,0,0,False,False,False,False,False,4448.0,0.0,0.0,0.0,0.0,-0.0,1625.0,0.0,0.0,0.0,0.0,-0.0,0.03999999999999915,0.0017793599000773578,0.0,-0.0,0.0,0.0,0.0,0.0,0.03999999999999915,0.0006503007870206233,0.0,-0.0,0.0,0.0,0.0,0.0,0.0,0.0,0.0,0.0,0.0,0.0,0.0,332.75247861110904,0.0,0.0,0.0
2026-02-12,2026-02-13,1,22.5,22.81,61.53,62.29,2.7308198158702326,2.7373057584271914,2.7374873235606754,62.43794434972423,1.0,1.0,1.0,62.29,0.0023722738296944536,0.0,0.0023722738296944536,False,True,True,False,0,-1,False,False,True,False,False,4393.0,-4393.0,0.0,-4393.0,0.0,4393.0,1605.0,1605.0,0.0,1605.0,1605.0,-0.0,0.3099999999999987,0.013683727085922106,0.0,-21.965,0.0,0.0,0.0,0.0,0.759999999999998,0.012276038513655269,0.0,-8.025,0.0,0.0,0.0,0.0,0.0,-29.990000000000002,0.0,0.0,0.0,0.0,-29.990000000000002,302.76247861110903,-29.99000000000001,0.0,0.0
2026-02-13,2026-02-17,4,22.81,23.06,62.29,62.91,2.728100607111882,2.7374873235606754,2.7375016860297188,63.12645768130917,1.0,1.0,1.0,62.91,0.0034348457281053856,0.0,0.0034348457281053856,False,True,True,False,-1,-1,False,False,False,False,False,4353.0,-4353.0,-4393.0,40.0,40.0,-0.0,1590.0,1590.0,1605.0,-15.0,0.0,15.0,0.25,0.010900478544616296,-1098.25,-0.2,-100204.32999999999,-100204.32999999999,0.0,-11.133814444444443,0.6199999999999974,0.009904234315884096,995.0999999999959,-0.075,99975.45,0.0,99975.45,0.0,-103.15000000000407,-0.275,-100204.32999999999,-11.133814444444443,0.0,-103.15000000000407,-114.55881444444852,188.20366416666053,-144.5488144444485,200179.77999999997,-228.8799999999901
2026-02-17,2026-02-18,1,23.06,22.67,62.91,62.04,2.7366563740626377,2.7375016860297188,2.737683341942153,62.059163222293726,1.0,1.0,1.0,62.04,0.0003088372547962273,0.0,0.0003088372547962273,False,True,False,True,-1,0,False,False,False,False,False,4413.0,0.0,-4353.0,4353.0,4353.0,-0.0,1612.0,0.0,1590.0,-1590.0,0.0,1590.0,-0.389999999999997,-0.01705705032147519,1697.669999999987,-21.765,-100380.18,-100380.18,0.0,-2.7883383333333334,-0.8699999999999974,-0.013925795273600206,-1383.2999999999959,-7.95,100026.9,0.0,100026.9,0.0,314.36999999999125,-29.715,-100380.18,-2.7883383333333334,0.0,314.36999999999125,281.86666166665793,470.07032583331846,0.0,200407.08,-353.27999999999884
2026-02-18,2026-02-19,1,22.67,22.64,62.04,62.05,2.7407243816254416,2.737683341942153,2.73806682193336,61.98115086157034,1.0,1.0,1.0,62.05,-0.0011101911902440603,0.0,-0.0011101911902440603,False,True,False,True,0,0,False,False,False,False,False,4413.0,0.0,0.0,0.0,0.0,-0.0,1612.0,0.0,0.0,0.0,0.0,-0.0,-0.030000000000001137,-0.0013242111844554935,-0.0,-0.0,0.0,0.0,0.0,0.0,0.00999999999999801,0.00016117334227810017,0.0,-0.0,0.0,0.0,0.0,0.0,0.0,0.0,0.0,0.0,0.0,0.0,0.0,470.07032583331846,0.0,0.0,0.0
2026-02-19,2026-02-20,1,22.64,22.82,62.05,62.48,2.7379491673970198,2.73806682193336,2.738263152483662,62.48268487651927,1.0,1.0,1.0,62.48,4.297085201628204e-05,0.0,4.297085201628204e-05,False,True,False,True,0,0,False,False,False,False,False,4384.0,0.0,0.0,0.0,0.0,-0.0,1601.0,0.0,0.0,0.0,0.0,-0.0,0.17999999999999972,0.007919091098947452,0.0,-0.0,0.0,0.0,0.0,0.0,0.4299999999999997,0.006905993880814249,0.0,-0.0,0.0,0.0,0.0,0.0,0.0,0.0,0.0,0.0,0.0,0.0,0.0,470.07032583331846,0.0,0.0,0.0
2026-02-20,2026-02-23,3,22.82,22.88,62.48,62.66,2.7386363636363638,2.738263152483662,2.738462668743305,62.65146092882618,1.0,1.0,1.0,62.66,-0.00013628555798068598,0.0,-0.00013628555798068598,False,True,False,True,0,0,False,False,False,False,False,4370.0,0.0,0.0,0.0,0.0,-0.0,1596.0,0.0,0.0,0.0,0.0,-0.0,0.05999999999999872,0.0026258220776675858,0.0,-0.0,0.0,0.0,0.0,0.0,0.17999999999999972,0.002876779992615073,0.0,-0.0,0.0,0.0,0.0,0.0,0.0,0.0,0.0,0.0,0.0,0.0,0.0,470.07032583331846,0.0,0.0,0.0
2026-02-23,2026-02-24,1,22.88,22.91,62.66,62.76,2.7394151025752946,2.738462668743305,2.7388262810149273,62.73817974090912,1.0,1.0,1.0,62.76,-0.0003477382597230947,0.0,-0.0003477382597230947,False,True,False,True,0,0,False,False,False,False,False,4362.0,0.0,0.0,0.0,0.0,-0.0,1593.0,0.0,0.0,0.0,0.0,-0.0,0.030000000000001137,0.0013103299538071603,0.0,-0.0,0.0,0.0,0.0,0.0,0.10000000000000142,0.0015946423407861645,0.0,-0.0,0.0,0.0,0.0,0.0,0.0,0.0,0.0,0.0,0.0,0.0,0.0,470.07032583331846,0.0,0.0,0.0
2026-02-24,2026-02-25,1,22.91,22.85,62.76,62.81,2.748796498905908,2.7388262810149273,2.739699642831993,62.58218052119109,1.0,1.0,1.0,62.81,-0.0036337150935109217,0.0,-0.0036337150935109217,False,False,False,True,0,0,False,False,False,False,False,4360.0,0.0,0.0,0.0,0.0,-0.0,1592.0,0.0,0.0,0.0,0.0,-0.0,-0.05999999999999872,-0.002622379125190381,-0.0,-0.0,0.0,0.0,0.0,0.0,0.05000000000000426,0.0007963686014575427,0.0,-0.0,0.0,0.0,0.0,0.0,0.0,0.0,0.0,0.0,0.0,0.0,0.0,470.07032583331846,0.0,0.0,0.0
2026-02-25,2026-02-26,1,22.85,22.98,62.81,63.24,2.751958224543081,2.739699642831993,2.7406641257590523,62.9582977922792,1.0,1.0,1.0,63.24,-0.00446444493371096,0.0,-0.00446444493371096,False,False,False,True,0,0,False,False,False,False,False,4331.0,0.0,0.0,0.0,0.0,-0.0,1581.0,0.0,0.0,0.0,0.0,-0.0,0.129999999999999,0.005673155080395964,0.0,-0.0,0.0,0.0,0.0,0.0,0.4299999999999997,0.0068227158749819055,0.0,-0.0,0.0,0.0,0.0,0.0,0.0,0.0,0.0,0.0,0.0,0.0,0.0,470.07032583331846,0.0,0.0,0.0
2026-02-26,2026-02-27,1,22.98,23.03,63.24,63.2,2.7442466348241426,2.7406641257590523,2.7412534453393613,63.11749481623098,1.0,1.0,1.0,63.2,-0.001306314626041138,0.0,-0.001306314626041138,False,True,False,True,0,0,True,False,False,False,False,4336.0,0.0,0.0,0.0,0.0,-0.0,1582.0,0.0,0.0,0.0,0.0,-0.0,0.05000000000000071,0.0021734414119842357,0.0,-0.0,0.0,0.0,0.0,0.0,-0.03999999999999915,-0.0006327111884595098,-0.0,-0.0,0.0,0.0,0.0,0.0,0.0,0.0,0.0,0.0,0.0,0.0,0.0,470.07032583331846,0.0,0.0,0.0
2026-02-27,2026-03-02,3,23.03,23.13,63.2,63.44,2.7427583225248595,2.7412534453393613,2.7413759481073603,63.405192190699424,1.0,1.0,1.0,63.44,-0.0005488234843294223,0.0,-0.0005488234843294223,False,True,False,True,0,0,False,False,False,False,False,4320.0,0.0,0.0,0.0,0.0,-0.0,1576.0,0.0,0.0,0.0,0.0,-0.0,0.09999999999999787,0.004332762410753914,0.0,-0.0,0.0,0.0,0.0,0.0,0.23999999999999488,0.003790276173780827,0.0,-0.0,0.0,0.0,0.0,0.0,0.0,0.0,0.0,0.0,0.0,0.0,0.0,470.07032583331846,0.0,0.0,0.0
2026-03-02,2026-03-03,1,23.13,22.99,63.44,63.01,2.740756850804698,2.7413759481073603,2.74143781325711,63.02423304698821,1.0,1.0,1.0,63.01,0.00022586001762566507,0.0,0.00022586001762566507,False,True,False,True,0,0,False,False,False,False,False,4351.0,0.0,0.0,0.0,0.0,-0.0,1587.0,0.0,0.0,0.0,0.0,-0.0,-0.14000000000000057,-0.006071137468257611,-0.0,-0.0,0.0,0.0,0.0,0.0,-0.4299999999999997,-0.0068011333726283605,-0.0,-0.0,0.0,0.0,0.0,0.0,0.0,0.0,0.0,0.0,0.0,0.0,0.0,470.07032583331846,0.0,0.0,0.0
2026-03-03,2026-03-04,1,22.99,23.03,63.01,63.14,2.7416413373860182,2.74143781325711,2.741594997497303,63.13531283931125,1.0,1.0,1.0,63.14,-7.423716616513792e-05,0.0,-7.423716616513792e-05,False,True,False,True,0,0,False,False,False,False,False,4342.0,0.0,0.0,0.0,0.0,-0.0,1584.0,0.0,0.0,0.0,0.0,-0.0,0.0400000000000027,0.0017383750575036782,0.0,-0.0,0.0,0.0,0.0,0.0,0.13000000000000256,0.0020610391758814537,0.0,-0.0,0.0,0.0,0.0,0.0,0.0,0.0,0.0,0.0,0.0,0.0,0.0,470.07032583331846,0.0,0.0,0.0
2026-03-04,2026-03-05,1,23.03,22.79,63.14,62.53,2.7437472575691095,2.741594997497303,2.7417906783055184,62.48094999296354,1.0,1.0,1.0,62.53,-0.0007847314104295755,0.0,-0.0007847314104295755,False,True,False,True,0,0,False,False,False,False,False,4384.0,0.0,0.0,0.0,0.0,-0.0,1599.0,0.0,0.0,0.0,0.0,-0.0,-0.240000000000002,-0.010475870575001036,-0.0,-0.0,0.0,0.0,0.0,0.0,-0.6099999999999994,-0.009708041550639078,-0.0,-0.0,0.0,0.0,0.0,0.0,0.0,0.0,0.0,0.0,0.0,0.0,0.0,470.07032583331846,0.0,0.0,0.0
2026-03-05,2026-03-06,1,22.79,22.56,62.53,61.81,2.7398049645390072,2.7417906783055184,2.7413040318929123,61.85479770257249,1.0,1.0,1.0,61.81,0.0007245021277562595,0.0,0.0007245021277562595,False,True,False,True,0,0,False,False,False,False,False,4436.0,0.0,0.0,0.0,0.0,-0.0,1618.0,0.0,0.0,0.0,0.0,-0.0,-0.23000000000000043,-0.010143416627734757,-0.0,-0.0,0.0,0.0,0.0,0.0,-0.7199999999999989,-0.011581277908024634,-0.0,-0.0,0.0,0.0,0.0,0.0,0.0,0.0,0.0,0.0,0.0,0.0,0.0,470.07032583331846,0.0,0.0,0.0
2026-03-06,2026-03-09,3,22.56,22.59,61.81,61.93,2.741478530323152,2.7413040318929123,2.7408495105255923,61.92605808046089,1.0,1.0,1.0,61.93,-6.365323750062402e-05,0.0,-6.365323750062402e-05,False,True,False,True,0,0,False,False,False,False,False,4427.0,0.0,0.0,0.0,0.0,-0.0,1615.0,0.0,0.0,0.0,0.0,-0.0,0.030000000000001137,0.0013289038500537342,0.0,-0.0,0.0,0.0,0.0,0.0,0.11999999999999744,0.0019395512787875472,0.0,-0.0,0.0,0.0,0.0,0.0,0.0,0.0,0.0,0.0,0.0,0.0,0.0,470.07032583331846,0.0,0.0,0.0
2026-03-09,2026-03-10,1,22.59,22.6,61.93,62.0,2.743362831858407,2.7408495105255923,2.740568718845703,61.94319893787839,1.0,1.0,1.0,62.0,-0.0009165660816386418,0.0,-0.0009165660816386418,False,True,False,True,0,0,False,False,False,False,False,4421.0,0.0,0.0,0.0,0.0,-0.0,1613.0,0.0,0.0,0.0,0.0,-0.0,0.010000000000001563,0.0004425757983283666,0.0,-0.0,0.0,0.0,0.0,0.0,0.07000000000000028,0.0011296700951220554,0.0,-0.0,0.0,0.0,0.0,0.0,0.0,0.0,0.0,0.0,0.0,0.0,0.0,470.07032583331846,0.0,0.0,0.0
2026-03-10,2026-03-11,1,22.6,22.37,62.0,61.4,2.744747429593205,2.740568718845703,2.7404011686251395,61.30652224057838,1.0,1.0,1.0,61.4,-0.0015235991664935909,0.0,-0.0015235991664935909,False,True,False,True,0,0,False,False,False,False,False,4464.0,0.0,0.0,0.0,0.0,-0.0,1629.0,0.0,0.0,0.0,0.0,-0.0,-0.23000000000000043,-0.010229130776201937,-0.0,-0.0,0.0,0.0,0.0,0.0,-0.6000000000000014,-0.009724549891994744,-0.0,-0.0,0.0,0.0,0.0,0.0,0.0,0.0,0.0,0.0,0.0,0.0,0.0,470.07032583331846,0.0,0.0,0.0
2026-03-11,2026-03-12,1,22.37,22.22,61.4,61.14,2.751575157515752,2.7404011686251395,2.741092125966644,60.891713966850595,1.0,1.0,1.0,61.14,-0.004069210661417683,0.0,-0.004069210661417683,False,False,False,True,0,0,False,False,False,False,False,4483.0,0.0,0.0,0.0,0.0,-0.0,1636.0,0.0,0.0,0.0,0.0,-0.0,-0.15000000000000213,-0.006727991290554347,-0.0,-0.0,0.0,0.0,0.0,0.0,-0.259999999999998,-0.00424351869040829,-0.0,-0.0,0.0,0.0,0.0,0.0,0.0,0.0,0.0,0.0,0.0,0.0,0.0,470.07032583331846,0.0,0.0,0.0
2026-03-12,2026-03-13,1,22.22,22.24,61.14,60.97,2.741456834532374,2.741092125966644,2.7414316343599294,60.961888881498155,1.0,1.0,1.0,60.97,-0.0001330434324968119,0.0,-0.0001330434324968119,False,True,False,True,0,0,False,False,False,False,False,4495.0,0.0,0.0,0.0,0.0,-0.0,1640.0,0.0,0.0,0.0,0.0,-0.0,0.019999999999999574,0.0008996851708976106,0.0,-0.0,0.0,0.0,0.0,0.0,-0.1700000000000017,-0.0027843765429636934,-0.0,-0.0,0.0,0.0,0.0,0.0,0.0,0.0,0.0,0.0,0.0,0.0,0.0,470.07032583331846,0.0,0.0,0.0
2026-03-13,2026-03-16,3,22.24,22.43,60.97,61.51,2.742309407044137,2.7414316343599294,2.7420061139186247,61.490311558693215,1.0,1.0,1.0,61.51,-0.00032013644885024983,0.0,-0.00032013644885024983,False,True,False,True,0,0,False,False,False,False,False,4458.0,0.0,0.0,0.0,0.0,-0.0,1626.0,0.0,0.0,0.0,0.0,-0.0,0.19000000000000128,0.008506879149735436,0.0,-0.0,0.0,0.0,0.0,0.0,0.5399999999999991,0.008817823300552188,0.0,-0.0,0.0,0.0,0.0,0.0,0.0,0.0,0.0,0.0,0.0,0.0,0.0,470.07032583331846,0.0,0.0,0.0
2026-03-16,2026-03-17,1,22.43,22.49,61.51,61.47,2.7332147621164964,2.7420061139186247,2.7422618216688552,61.667717502029866,1.0,1.0,1.0,61.47,0.003211325919565328,0.0,0.003211325919565328,False,True,True,False,0,-1,False,False,True,False,False,4461.0,-4461.0,0.0,-4461.0,0.0,4461.0,1627.0,1627.0,0.0,1627.0,1627.0,-0.0,0.05999999999999872,0.002671417439107281,0.0,-22.305,0.0,0.0,0.0,0.0,-0.03999999999999915,-0.0006505123013587562,-0.0,-8.135,0.0,0.0,0.0,0.0,0.0,-30.439999999999998,0.0,0.0,0.0,0.0,-30.439999999999998,439.63032583331847,-30.439999999999998,0.0,0.0
2026-03-17,2026-03-18,1,22.49,22.15,61.47,60.64,2.7376975169300226,2.7422618216688552,2.7423138788122245,60.74109934996514,1.0,1.0,1.0,60.64,0.0016658173947235802,0.0,0.0016658173947235802,False,True,False,False,-1,-1,False,False,False,False,False,4522.0,-4522.0,-4461.0,-61.0,0.0,61.0,1649.0,1649.0,1627.0,22.0,22.0,-0.0,-0.33999999999999986,-0.015233269480079636,1516.7399999999993,-0.305,-100327.89,-100327.89,0.0,-2.7868858333333333,-0.8299999999999983,-0.013594509584801795,-1350.4099999999971,-0.11,100011.69,0.0,100011.69,0.0,166.3300000000022,-0.415,-100327.89,-2.7868858333333333,0.0,166.3300000000022,163.12811416666887,602.7584399999873,0.0,200339.58000000002,-316.1999999999971
2026-03-18,2026-03-19,1,22.15,22.08,60.64,60.41,2.735960144927536,2.7423138788122245,2.742075666977329,60.55029044417391,1.0,1.0,1.0,60.41,0.0023196126028249644,0.0,0.0023196126028249644,False,True,True,False,-1,-1,False,False,False,False,False,4539.0,-4539.0,-4522.0,-17.0,0.0,17.0,1655.0,1655.0,1649.0,6.0,6.0,-0.0,-0.07000000000000028,-0.003165275082250103,316.54000000000127,-0.085,-100162.29999999999,-100162.29999999999,0.0,-2.782286111111111,-0.23000000000000398,-0.0038000871834664236,-379.2700000000066,-0.03,99995.36,0.0,99995.36,0.0,-62.730000000005305,-0.115,-100162.29999999999,-2.782286111111111,0.0,-62.730000000005305,-65.62728611111642,537.1311538888709,-65.6272861111164,200157.65999999997,-166.93999999998778
2026-03-19,2026-03-20,1,22.08,21.35,60.41,58.51,2.7405152224824354,2.742075666977329,2.7422039697316,58.543315489965984,1.0,1.0,1.0,58.51,0.0005692361762866396,0.0,0.0005692361762866396,False,True,False,True,-1,0,False,False,False,False,False,4686.0,0.0,-4539.0,4539.0,4539.0,-0.0,1709.0,0.0,1655.0,-1655.0,0.0,1655.0,-0.7299999999999969,-0.033620481734260896,3313.4699999999857,-22.695,-100221.12,-100221.12,0.0,-2.7839199999999997,-1.8999999999999986,-0.03195697435050512,-3144.4999999999977,-8.275,99978.54999999999,0.0,99978.54999999999,0.0,168.96999999998798,-30.97,-100221.12,-2.7839199999999997,0.0,168.96999999998798,135.21607999998798,672.3472338888589,0.0,200199.66999999998,-242.57000000000698
2026-03-20,2026-03-23,3,21.35,21.51,58.51,58.95,2.7405857740585775,2.7422039697316,2.742301440252711,58.98480738892672,1.0,1.0,1.0,58.95,0.000590281880439172,0.0,0.000590281880439172,False,True,False,True,0,0,False,False,False,False,False,4651.0,0.0,0.0,0.0,0.0,-0.0,1696.0,0.0,0.0,0.0,0.0,-0.0,0.16000000000000014,0.007466203605005218,0.0,-0.0,0.0,0.0,0.0,0.0,0.44000000000000483,0.007491947183235345,0.0,-0.0,0.0,0.0,0.0,0.0,0.0,0.0,0.0,0.0,0.0,0.0,0.0,672.3472338888589,0.0,0.0,0.0
2026-03-23,2026-03-24,1,21.51,21.38,58.95,58.76,2.7483629560336764,2.742301440252711,2.74274883292563,58.63040479260296,1.0,1.0,1.0,58.76,-0.002207936164354403,0.0,-0.002207936164354403,False,True,False,True,0,0,False,False,False,False,False,4667.0,0.0,0.0,0.0,0.0,-0.0,1702.0,0.0,0.0,0.0,0.0,-0.0,-0.13000000000000256,-0.006062037682739661,-0.0,-0.0,0.0,0.0,0.0,0.0,-0.19000000000000483,-0.003228275677703463,-0.0,-0.0,0.0,0.0,0.0,0.0,0.0,0.0,0.0,0.0,0.0,0.0,0.0,672.3472338888589,0.0,0.0,0.0
2026-03-24,2026-03-25,1,21.38,21.26,58.76,58.74,2.762935089369708,2.74274883292563,2.74345576244882,58.3108401879989,1.0,1.0,1.0,58.74,-0.007332911653785042,0.0,-0.007332911653785042,True,False,False,True,0,1,False,True,False,False,False,4668.0,4668.0,0.0,4668.0,4668.0,-0.0,1702.0,-1702.0,0.0,-1702.0,0.0,1702.0,-0.11999999999999744,-0.005628532683097162,-0.0,-23.34,0.0,0.0,0.0,0.0,-0.01999999999999602,-0.00034042553520250666,-0.0,-8.51,0.0,0.0,0.0,0.0,0.0,-31.85,0.0,0.0,0.0,0.0,-31.85,640.4972338888589,-31.850000000000023,0.0,0.0
2026-03-25,2026-03-26,1,21.26,21.24,58.74,58.69,2.7631826741996233,2.74345576244882,2.7440169849316467,58.27100039441294,1.0,1.0,1.0,58.69,-0.0071648053043023505,0.0,-0.0071648053043023505,True,False,False,True,1,1,False,False,False,False,False,4675.0,4675.0,4668.0,7.0,7.0,-0.0,1704.0,-1704.0,-1702.0,-2.0,0.0,2.0,-0.020000000000003126,-0.0009411765400639644,-93.3600000000146,-0.035,99241.68000000001,0.0,99241.68000000001,0.0,-0.05000000000000426,-0.0008515712002309651,85.10000000000726,-0.01,-99975.48000000001,-99975.48000000001,0.0,-2.777096666666667,-8.260000000007338,-0.045000000000000005,-99975.48000000001,-2.777096666666667,-8.260000000007338,0.0,-11.082096666674005,629.4151372221849,-42.932096666674056,199217.16000000003,-733.8000000000029
2026-03-26,2026-03-27,1,21.24,21.1,58.69,58.14,2.7554502369668246,2.7440169849316467,2.744577165038781,57.89875838205775,1.0,1.0,1.0,58.14,-0.004157954960332664,0.0,-0.004157954960332664,False,False,False,True,1,1,False,False,False,False,False,4720.0,4720.0,4675.0,45.0,45.0,-0.0,1720.0,-1720.0,-1704.0,-16.0,0.0,16.0,-0.13999999999999702,-0.0066131558917171184,-654.499999999986,-0.225,99296.99999999999,0.0,99296.99999999999,0.0,-0.5499999999999972,-0.009415459439513267,937.1999999999952,-0.08,-100007.76,-100007.76,0.0,-2.7779933333333333,282.70000000000914,-0.305,-100007.76,-2.7779933333333333,282.70000000000914,0.0,279.6170066666758,909.0321438888607,0.0,199304.75999999998,-710.7600000000093
2026-03-27,2026-03-30,3,21.1,21.17,58.14,58.36,2.756731223429381,2.744577165038781,2.7452758100840073,58.102698583870996,1.0,1.0,1.0,58.36,-0.004418613648663086,0.0,-0.004418613648663086,False,False,False,True,1,1,False,False,False,False,False,4704.0,4704.0,4720.0,-16.0,0.0,16.0,1714.0,-1714.0,-1720.0,6.0,6.0,-0.0,0.07000000000000028,0.0033120446647529555,330.40000000000134,-0.08,99592.0,0.0,99592.0,0.0,0.21999999999999886,0.0037768285238551007,-378.39999999999804,-0.03,-100000.8,-100000.8,0.0,-8.333400000000001,-47.9999999999967,-0.11,-100000.8,-8.333400000000001,-47.9999999999967,0.0,-56.4433999999967,852.588743888864,-56.4433999999967,199592.8,-408.8000000000029
2026-03-30,2026-03-31,1,21.17,21.49,58.36,59.19,2.75430432759423,2.7452758100840073,2.7459531839234836,58.995977158705315,1.0,1.0,1.0,59.19,-0.003283350872289164,0.0,-0.003283350872289164,False,False,False,True,1,0,True,False,False,False,False,4637.0,0.0,4704.0,-4704.0,0.0,4704.0,1689.0,0.0,-1714.0,1714.0,1714.0,-0.0,0.31999999999999673,0.015002625507645173,1505.2799999999847,-23.52,99583.68000000001,0.0,99583.68000000001,0.0,0.8299999999999983,0.014121885048048814,-1422.6199999999972,-8.57,-100029.04,-100029.04,0.0,-2.7785844444444443,82.65999999998758,-32.09,-100029.04,-2.7785844444444443,82.65999999998758,0.0,47.791415555543125,900.3801594444071,-8.651984444453547,199612.72,-445.35999999998603
2026-03-31,2026-04-01,1,21.49,21.58,59.19,59.54,2.7590361445783134,2.7459531839234836,2.7468229242830984,59.25766970906877,1.0,1.0,1.0,59.54,-0.0047531373833120515,0.0,-0.0047531373833120515,False,False,False,True,0,0,False,False,False,False,False,4613.0,0.0,0.0,0.0,0.0,-0.0,1680.0,0.0,0.0,0.0,0.0,-0.0,0.08999999999999986,0.004179249175569544,0.0,-0.0,0.0,0.0,0.0,0.0,0.3500000000000014,0.005895746884996769,0.0,-0.0,0.0,0.0,0.0,0.0,0.0,0.0,0.0,0.0,0.0,0.0,0.0,900.3801594444071,-8.651984444453547,0.0,0.0
2026-04-01,2026-04-02,1,21.58,21.91,59.54,60.2,2.747603833865815,2.7468229242830984,2.747015753097934,60.18289027104269,1.0,1.0,1.0,60.2,-0.00028425516340400937,0.0,-0.00028425516340400937,False,True,False,True,0,0,False,False,False,False,False,4562.0,0.0,0.0,0.0,0.0,-0.0,1661.0,0.0,0.0,0.0,0.0,-0.0,0.33000000000000185,0.015176193777386724,0.0,-0.0,0.0,0.0,0.0,0.0,0.6600000000000037,0.011023996727145198,0.0,-0.0,0.0,0.0,0.0,0.0,0.0,0.0,0.0,0.0,0.0,0.0,0.0,900.3801594444071,-8.651984444453547,0.0,0.0
2026-04-02,2026-04-06,4,21.91,21.92,60.2,60.16,2.7445255474452552,2.747015753097934,2.7472517822432456,60.21458530790672,1.0,1.0,1.0,60.16,0.0009069241901605464,0.0,0.0009069241901605464,False,True,False,True,0,0,False,False,False,False,False,4566.0,0.0,0.0,0.0,0.0,-0.0,1662.0,0.0,0.0,0.0,0.0,-0.0,0.010000000000001563,0.000456308472439653,0.0,-0.0,0.0,0.0,0.0,0.0,-0.04000000000000625,-0.0006646726731910625,-0.0,-0.0,0.0,0.0,0.0,0.0,0.0,0.0,0.0,0.0,0.0,0.0,0.0,900.3801594444071,-8.651984444453547,0.0,0.0
2026-04-06,2026-04-07,1,21.92,21.96,60.16,60.4,2.7504553734061927,2.7472517822432456,2.7477006243973983,60.329649138061676,1.0,1.0,1.0,60.4,-0.0011654282175632294,0.0,-0.0011654282175632294,False,True,False,True,0,0,False,False,False,False,False,4549.0,0.0,0.0,0.0,0.0,-0.0,1656.0,0.0,0.0,0.0,0.0,-0.0,0.03999999999999915,0.0018231545615149567,0.0,-0.0,0.0,0.0,0.0,0.0,0.240000000000002,0.003981425299184822,0.0,-0.0,0.0,0.0,0.0,0.0,0.0,0.0,0.0,0.0,0.0,0.0,0.0,900.3801594444071,-8.651984444453547,0.0,0.0
2026-04-07,2026-04-08,1,21.96,22.34,60.4,61.41,2.7488809310653535,2.7477006243973983,2.7479765293577456,61.38363194903788,1.0,1.0,1.0,61.41,-0.0004294693617067939,0.0,-0.0004294693617067939,False,True,False,True,0,0,False,False,False,False,False,4473.0,0.0,0.0,0.0,0.0,-0.0,1628.0,0.0,0.0,0.0,0.0,-0.0,0.379999999999999,0.01715617699972475,0.0,-0.0,0.0,0.0,0.0,0.0,1.009999999999998,0.016583583400538515,0.0,-0.0,0.0,0.0,0.0,0.0,0.0,0.0,0.0,0.0,0.0,0.0,0.0,900.3801594444071,-8.651984444453547,0.0,0.0
2026-04-08,2026-04-09,1,22.34,22.55,61.41,61.92,2.74589800443459,2.7479765293577456,2.748034058099815,61.96687073701717,1.0,1.0,1.0,61.92,0.0007566700002130981,0.0,0.0007566700002130981,False,True,False,True,0,0,False,False,False,False,False,4438.0,0.0,0.0,0.0,0.0,-0.0,1615.0,0.0,0.0,0.0,0.0,-0.0,0.21000000000000085,0.009356272307632793,0.0,-0.0,0.0,0.0,0.0,0.0,0.5100000000000051,0.008270540940164016,0.0,-0.0,0.0,0.0,0.0,0.0,0.0,0.0,0.0,0.0,0.0,0.0,0.0,900.3801594444071,-8.651984444453547,0.0,0.0
2026-04-09,2026-04-10,1,22.55,22.62,61.92,62.15,2.747568523430592,2.748034058099815,2.7478337263955566,62.160530394217815,1.0,1.0,1.0,62.15,0.00016942079178025823,0.0,0.00016942079178025823,False,True,False,True,0,0,False,False,False,False,False,4422.0,0.0,0.0,0.0,0.0,-0.0,1609.0,0.0,0.0,0.0,0.0,-0.0,0.07000000000000028,0.0030994047392871047,0.0,-0.0,0.0,0.0,0.0,0.0,0.22999999999999687,0.003707588675248487,0.0,-0.0,0.0,0.0,0.0,0.0,0.0,0.0,0.0,0.0,0.0,0.0,0.0,900.3801594444071,-8.651984444453547,0.0,0.0
2026-04-10,2026-04-13,3,22.62,22.67,62.15,62.29,2.7476841640935152,2.7478337263955566,2.7481450928736137,62.29339057738727,1.0,1.0,1.0,62.29,5.443064877901825e-05,0.0,5.443064877901825e-05,False,True,False,True,0,0,False,False,False,False,False,4410.0,0.0,0.0,0.0,0.0,-0.0,1605.0,0.0,0.0,0.0,0.0,-0.0,0.05000000000000071,0.002207993831463215,0.0,-0.0,0.0,0.0,0.0,0.0,0.14000000000000057,0.002250081309334086,0.0,-0.0,0.0,0.0,0.0,0.0,0.0,0.0,0.0,0.0,0.0,0.0,0.0,900.3801594444071,-8.651984444453547,0.0,0.0
2026-04-13,2026-04-14,1,22.67,22.89,62.29,63.03,2.7536041939711664,2.7481450928736137,2.7487098322199652,62.90504117587702,1.0,1.0,1.0,63.03,-0.0019844971497356267,0.0,-0.0019844971497356267,False,True,False,True,0,0,False,False,False,False,False,4361.0,0.0,0.0,0.0,0.0,-0.0,1587.0,0.0,0.0,0.0,0.0,-0.0,0.21999999999999886,0.009657669445037566,0.0,-0.0,0.0,0.0,0.0,0.0,0.740000000000002,0.01180990425896464,0.0,-0.0,0.0,0.0,0.0,0.0,0.0,0.0,0.0,0.0,0.0,0.0,0.0,900.3801594444071,-8.651984444453547,0.0,0.0
2026-04-14,2026-04-15,1,22.89,22.88,63.03,63.01,2.7539335664335667,2.7487098322199652,2.7497457724358187,62.8904809611928,1.0,1.0,1.0,63.01,-0.0018986277700945562,0.0,-0.0018986277700945562,False,True,False,True,0,0,False,False,False,False,False,4362.0,0.0,0.0,0.0,0.0,-0.0,1587.0,0.0,0.0,0.0,0.0,-0.0,-0.010000000000001563,-0.0004369674528782611,-0.0,-0.0,0.0,0.0,0.0,0.0,-0.020000000000003126,-0.00031735957105463204,-0.0,-0.0,0.0,0.0,0.0,0.0,0.0,0.0,0.0,0.0,0.0,0.0,0.0,900.3801594444071,-8.651984444453547,0.0,0.0
2026-04-15,2026-04-16,1,22.88,23.08,63.01,63.5,2.751299826689775,2.7497457724358187,2.7504258879238064,63.46413242781869,1.0,1.0,1.0,63.5,-0.0005650032406728879,0.0,-0.0005650032406728879,False,True,False,True,0,0,False,False,False,False,False,4331.0,0.0,0.0,0.0,0.0,-0.0,1575.0,0.0,0.0,0.0,0.0,-0.0,0.1999999999999993,0.008703275128301671,0.0,-0.0,0.0,0.0,0.0,0.0,0.490000000000002,0.007746461944681815,0.0,-0.0,0.0,0.0,0.0,0.0,0.0,0.0,0.0,0.0,0.0,0.0,0.0,900.3801594444071,-8.651984444453547,0.0,0.0
2026-04-16,2026-04-17,1,23.08,23.43,63.5,64.48,2.7520273154075974,2.7504258879238064,2.751229246447809,64.44247855405479,1.0,1.0,1.0,64.48,-0.0005820776551217763,0.0,-0.0005820776551217763,False,True,False,True,0,0,False,False,False,False,False,4266.0,0.0,0.0,0.0,0.0,-0.0,1551.0,0.0,0.0,0.0,0.0,-0.0,0.3500000000000014,0.01505081087980546,0.0,-0.0,0.0,0.0,0.0,0.0,0.980000000000004,0.015315192299727028,0.0,-0.0,0.0,0.0,0.0,0.0,0.0,0.0,0.0,0.0,0.0,0.0,0.0,900.3801594444071,-8.651984444453547,0.0,0.0
2026-04-17,2026-04-20,3,23.43,23.48,64.48,64.78,2.7589437819420786,2.751229246447809,2.7521506744207915,64.59886270659456,1.0,1.0,1.0,64.78,-0.002800108270674663,0.0,-0.002800108270674663,False,True,False,True,0,0,False,False,False,False,False,4248.0,0.0,0.0,0.0,0.0,-0.0,1544.0,0.0,0.0,0.0,0.0,-0.0,0.05000000000000071,0.002131742440191421,0.0,-0.0,0.0,0.0,0.0,0.0,0.29999999999999716,0.004641815544810307,0.0,-0.0,0.0,0.0,0.0,0.0,0.0,0.0,0.0,0.0,0.0,0.0,0.0,900.3801594444071,-8.651984444453547,0.0,0.0
2026-04-20,2026-04-21,1,23.48,23.09,64.78,63.74,2.760502381983543,2.7521506744207915,2.75314650481704,63.547159072376076,1.0,1.0,1.0,63.74,-0.0030300161708158553,0.0,-0.0030300161708158553,False,False,False,True,0,0,False,False,False,False,False,4318.0,0.0,0.0,0.0,0.0,-0.0,1569.0,0.0,0.0,0.0,0.0,-0.0,-0.39000000000000057,-0.01674937159349175,-0.0,-0.0,0.0,0.0,0.0,0.0,-1.0399999999999991,-0.016184604753992887,-0.0,-0.0,0.0,0.0,0.0,0.0,0.0,0.0,0.0,0.0,0.0,0.0,0.0,900.3801594444071,-8.651984444453547,0.0,0.0
2026-04-21,2026-04-22,1,23.09,22.83,63.74,63.03,2.7608409986859397,2.75314650481704,2.753770406949653,62.85433470497301,1.0,1.0,1.0,63.03,-0.0027909018141460276,0.0,-0.0027909018141460276,False,True,False,True,0,0,False,False,False,False,False,4369.0,0.0,0.0,0.0,0.0,-0.0,1587.0,0.0,0.0,0.0,0.0,-0.0,-0.26000000000000156,-0.011324162824699897,-0.0,-0.0,0.0,0.0,0.0,0.0,-0.7100000000000009,-0.011201505464171587,-0.0,-0.0,0.0,0.0,0.0,0.0,0.0,0.0,0.0,0.0,0.0,0.0,0.0,900.3801594444071,-8.651984444453547,0.0,0.0
2026-04-22,2026-04-23,1,22.83,23.15,63.03,63.81,2.756371490280778,2.753770406949653,2.7534422269952064,63.74978492088446,1.0,1.0,1.0,63.81,-0.0009441076374590254,0.0,-0.0009441076374590254,False,True,False,True,0,0,False,False,False,False,False,4315.0,0.0,0.0,0.0,0.0,-0.0,1567.0,0.0,0.0,0.0,0.0,-0.0,0.3200000000000003,0.013919319990539036,0.0,-0.0,0.0,0.0,0.0,0.0,0.7800000000000011,0.012299114355236777,0.0,-0.0,0.0,0.0,0.0,0.0,0.0,0.0,0.0,0.0,0.0,0.0,0.0,900.3801594444071,-8.651984444453547,0.0,0.0
2026-04-23,2026-04-24,1,23.15,23.1,63.81,63.68,2.7567099567099564,2.7534422269952064,2.753118591120723,63.60451544358927,1.0,1.0,1.0,63.68,-0.00118607616954544,0.0,-0.00118607616954544,False,True,False,True,0,0,False,False,False,False,False,4323.0,0.0,0.0,0.0,0.0,-0.0,1570.0,0.0,0.0,0.0,0.0,-0.0,-0.04999999999999716,-0.0021621630044951256,-0.0,-0.0,0.0,0.0,0.0,0.0,-0.13000000000000256,-0.002039376344127936,-0.0,-0.0,0.0,0.0,0.0,0.0,0.0,0.0,0.0,0.0,0.0,0.0,0.0,900.3801594444071,-8.651984444453547,0.0,0.0
2026-04-24,2026-04-27,3,23.1,22.98,63.68,63.43,2.760226283724978,2.753118591120723,2.7533573934586313,63.26666522395422,1.0,1.0,1.0,63.43,-0.002578360941762251,0.0,-0.002578360941762251,False,True,False,True,0,0,False,False,False,False,False,4342.0,0.0,0.0,0.0,0.0,-0.0,1577.0,0.0,0.0,0.0,0.0,-0.0,-0.120000000000001,-0.005208345107138235,-0.0,-0.0,0.0,0.0,0.0,0.0,-0.25,-0.003933605890321846,-0.0,-0.0,0.0,0.0,0.0,0.0,0.0,0.0,0.0,0.0,0.0,0.0,0.0,900.3801594444071,-8.651984444453547,0.0,0.0
2026-04-27,2026-04-28,1,22.98,23.21,63.43,64.02,2.758293838862559,2.7533573934586313,2.75343552423029,63.90542510217483,1.0,1.0,1.0,64.02,-0.0017912768844780423,0.0,-0.0017912768844780423,False,True,False,True,0,0,False,False,False,False,False,4301.0,0.0,0.0,0.0,0.0,-0.0,1562.0,0.0,0.0,0.0,0.0,-0.0,0.23000000000000043,0.009958947865736006,0.0,-0.0,0.0,0.0,0.0,0.0,0.5899999999999963,0.009258598895911069,0.0,-0.0,0.0,0.0,0.0,0.0,0.0,0.0,0.0,0.0,0.0,0.0,0.0,900.3801594444071,-8.651984444453547,0.0,0.0
2026-04-28,2026-04-29,1,23.21,23.06,64.02,63.63,2.7593235039028623,2.75343552423029,2.7536864830457213,63.49422318875048,1.0,1.0,1.0,63.63,-0.002136128889890275,0.0,-0.002136128889890275,False,True,False,True,0,0,False,False,False,False,False,4328.0,0.0,0.0,0.0,0.0,-0.0,1572.0,0.0,0.0,0.0,0.0,-0.0,-0.15000000000000213,-0.006483705445432843,-0.0,-0.0,0.0,0.0,0.0,0.0,-0.38999999999999346,-0.006110477297016085,-0.0,-0.0,0.0,0.0,0.0,0.0,0.0,0.0,0.0,0.0,0.0,0.0,0.0,900.3801594444071,-8.651984444453547,0.0,0.0
2026-04-29,2026-04-30,1,23.06,23.42,63.63,64.59,2.7578992314261312,2.7536864830457213,2.753629637388112,64.49133743293079,1.0,1.0,1.0,64.59,-0.0015286886275732564,0.0,-0.0015286886275732564,False,True,False,True,0,0,True,False,False,False,False,4263.0,0.0,0.0,0.0,0.0,-0.0,1548.0,0.0,0.0,0.0,0.0,-0.0,0.360000000000003,0.015490843328658402,0.0,-0.0,0.0,0.0,0.0,0.0,0.9600000000000009,0.014974542799680513,0.0,-0.0,0.0,0.0,0.0,0.0,0.0,0.0,0.0,0.0,0.0,0.0,0.0,900.3801594444071,-8.651984444453547,0.0,0.0
2026-04-30,2026-05-01,1,23.42,23.39,64.59,64.46,2.7558785805899952,2.753629637388112,2.754043374724321,64.40739721850794,1.0,1.0,1.0,64.46,-0.0008163862318791205,0.0,-0.0008163862318791205,False,True,False,True,0,0,False,False,False,False,False,4271.0,0.0,0.0,0.0,0.0,-0.0,1551.0,0.0,0.0,0.0,0.0,-0.0,-0.030000000000001137,-0.0012817775734836698,-0.0,-0.0,0.0,0.0,0.0,0.0,-0.13000000000000966,-0.0020147236570896955,-0.0,-0.0,0.0,0.0,0.0,0.0,0.0,0.0,0.0,0.0,0.0,0.0,0.0,900.3801594444071,-8.651984444453547,0.0,0.0
2026-05-01,2026-05-04,3,23.39,23.24,64.46,64.03,2.755163511187608,2.754043374724321,2.754575272911439,64.00396802859322,1.0,1.0,1.0,64.03,-0.0004066416462181594,0.0,-0.0004066416462181594,False,True,False,True,0,0,False,False,False,False,False,4302.0,0.0,0.0,0.0,0.0,-0.0,1562.0,0.0,0.0,0.0,0.0,-0.0,-0.15000000000000213,-0.0064336486123772775,-0.0,-0.0,0.0,0.0,0.0,0.0,-0.4299999999999926,-0.006693152856580811,-0.0,-0.0,0.0,0.0,0.0,0.0,0.0,0.0,0.0,0.0,0.0,0.0,0.0,900.3801594444071,-8.651984444453547,0.0,0.0
2026-05-04,2026-05-05,1,23.24,23.31,64.03,64.37,2.761475761475762,2.754575272911439,2.7551262923149173,64.20914961156565,1.0,1.0,1.0,64.37,-0.0025019682091299584,0.0,-0.0025019682091299584,False,True,False,True,0,0,False,False,False,False,False,4281.0,0.0,0.0,0.0,0.0,-0.0,1554.0,0.0,0.0,0.0,0.0,-0.0,0.07000000000000028,0.0030075210639553224,0.0,-0.0,0.0,0.0,0.0,0.0,0.3400000000000034,0.005295962533813824,0.0,-0.0,0.0,0.0,0.0,0.0,0.0,0.0,0.0,0.0,0.0,0.0,0.0,900.3801594444071,-8.651984444453547,0.0,0.0
2026-05-05,2026-05-06,1,23.31,23.62,64.37,65.24,2.7620660457239623,2.7551262923149173,2.755785548047848,65.07608302447835,1.0,1.0,1.0,65.24,-0.002515684298749908,0.0,-0.002515684298749908,False,True,False,True,0,0,False,False,False,False,False,4224.0,0.0,0.0,0.0,0.0,-0.0,1533.0,0.0,0.0,0.0,0.0,-0.0,0.3100000000000023,0.013211357721550578,0.0,-0.0,0.0,0.0,0.0,0.0,0.8699999999999903,0.01342509168828848,0.0,-0.0,0.0,0.0,0.0,0.0,0.0,0.0,0.0,0.0,0.0,0.0,0.0,900.3801594444071,-8.651984444453547,0.0,0.0
2026-05-06,2026-05-07,1,23.62,23.44,65.24,64.76,2.762798634812287,2.755785548047848,2.7566305795667327,64.59561324624156,1.0,1.0,1.0,64.76,-0.0025416267315520776,0.0,-0.0025416267315520776,False,True,False,True,0,0,False,False,False,False,False,4255.0,0.0,0.0,0.0,0.0,-0.0,1544.0,0.0,0.0,0.0,0.0,-0.0,-0.17999999999999972,-0.007649846060404389,-0.0,-0.0,0.0,0.0,0.0,0.0,-0.47999999999998977,-0.007384648943378618,-0.0,-0.0,0.0,0.0,0.0,0.0,0.0,0.0,0.0,0.0,0.0,0.0,0.0,900.3801594444071,-8.651984444453547,0.0,0.0
2026-05-07,2026-05-08,1,23.44,23.53,64.76,65.11,2.767105822354441,2.7566305795667327,2.7576074445129253,64.86351753720523,1.0,1.0,1.0,65.11,-0.0037928150741040013,0.0,-0.0037928150741040013,False,False,False,True,0,0,False,False,False,False,False,4234.0,0.0,0.0,0.0,0.0,-0.0,1536.0,0.0,0.0,0.0,0.0,-0.0,0.08999999999999986,0.0038322380304593334,0.0,-0.0,0.0,0.0,0.0,0.0,0.3499999999999943,0.005390018439336209,0.0,-0.0,0.0,0.0,0.0,0.0,0.0,0.0,0.0,0.0,0.0,0.0,0.0,900.3801594444071,-8.651984444453547,0.0,0.0
2026-05-08,2026-05-11,3,23.53,23.55,65.11,65.13,2.765605095541401,2.7576074445129253,2.7585034910853192,64.94165531827939,1.0,1.0,1.0,65.13,-0.002896016244208504,0.0,-0.002896016244208504,False,True,False,True,0,0,False,False,False,False,False,4233.0,0.0,0.0,0.0,0.0,-0.0,1535.0,0.0,0.0,0.0,0.0,-0.0,0.019999999999999574,0.0008496177231555701,0.0,-0.0,0.0,0.0,0.0,0.0,0.01999999999999602,0.00030712530953945293,0.0,-0.0,0.0,0.0,0.0,0.0,0.0,0.0,0.0,0.0,0.0,0.0,0.0,900.3801594444071,-8.651984444453547,0.0,0.0
2026-05-11,2026-05-12,1,23.55,23.58,65.13,65.19,2.7646310432569976,2.7585034910853192,2.759054833549611,65.04551231979183,1.0,1.0,1.0,65.19,-0.0022188685238784026,0.0,-0.0022188685238784026,False,True,False,True,0,0,False,False,False,False,False,4232.0,0.0,0.0,0.0,0.0,-0.0,1534.0,0.0,0.0,0.0,0.0,-0.0,0.029999999999997584,0.0012730746467981126,0.0,-0.0,0.0,0.0,0.0,0.0,0.060000000000002274,0.0009208103781379043,0.0,-0.0,0.0,0.0,0.0,0.0,0.0,0.0,0.0,0.0,0.0,0.0,0.0,900.3801594444071,-8.651984444453547,0.0,0.0
2026-05-12,2026-05-13,1,23.58,23.42,65.19,64.83,2.7681468830059774,2.759054833549611,2.7597654993782315,64.61706420173189,1.0,1.0,1.0,64.83,-0.0032899315506778122,0.0,-0.0032899315506778122,False,False,False,True,0,0,False,False,False,False,False,4254.0,0.0,0.0,0.0,0.0,-0.0,1542.0,0.0,0.0,0.0,0.0,-0.0,-0.1599999999999966,-0.006808536939653422,-0.0,-0.0,0.0,0.0,0.0,0.0,-0.35999999999999943,-0.0055376237495436895,-0.0,-0.0,0.0,0.0,0.0,0.0,0.0,0.0,0.0,0.0,0.0,0.0,0.0,900.3801594444071,-8.651984444453547,0.0,0.0
2026-05-13,2026-05-14,1,23.42,23.33,64.83,64.69,2.7728246892413204,2.7597654993782315,2.760841742505809,64.38532910049413,1.0,1.0,1.0,64.69,-0.004720831896535837,0.0,-0.004720831896535837,False,False,False,True,0,0,False,False,False,False,False,4267.0,0.0,0.0,0.0,0.0,-0.0,1546.0,0.0,0.0,0.0,0.0,-0.0,-0.09000000000000341,-0.003850272136232816,-0.0,-0.0,0.0,0.0,0.0,0.0,-0.14000000000000057,-0.0021618291310102826,-0.0,-0.0,0.0,0.0,0.0,0.0,0.0,0.0,0.0,0.0,0.0,0.0,0.0,900.3801594444071,-8.651984444453547,0.0,0.0
2026-05-14,2026-05-15,1,23.33,22.97,64.69,63.65,2.7710056595559425,2.760841742505809,2.7617906597132262,63.416534825358426,1.0,1.0,1.0,63.65,-0.0036746959012719893,0.0,-0.0036746959012719893,False,False,False,True,0,0,False,False,False,False,False,4337.0,0.0,0.0,0.0,0.0,-0.0,1571.0,0.0,0.0,0.0,0.0,-0.0,-0.35999999999999943,-0.015551069332331715,-0.0,-0.0,0.0,0.0,0.0,0.0,-1.0399999999999991,-0.016207305052478478,-0.0,-0.0,0.0,0.0,0.0,0.0,0.0,0.0,0.0,0.0,0.0,0.0,0.0,900.3801594444071,-8.651984444453547,0.0,0.0
2026-05-15,2026-05-18,3,22.97,23.25,63.65,64.36,2.7681720430107526,2.7617906597132262,2.7622520727666595,64.2116328383325,1.0,1.0,1.0,64.36,-0.0023079309836731964,0.0,-0.0023079309836731964,False,True,False,True,0,0,False,False,False,False,False,4292.0,0.0,0.0,0.0,0.0,-0.0,1554.0,0.0,0.0,0.0,0.0,-0.0,0.28000000000000114,0.01211611533235842,0.0,-0.0,0.0,0.0,0.0,0.0,0.7100000000000009,0.01109299712076703,0.0,-0.0,0.0,0.0,0.0,0.0,0.0,0.0,0.0,0.0,0.0,0.0,0.0,900.3801594444071,-8.651984444453547,0.0,0.0
2026-05-18,2026-05-19,1,23.25,23.34,64.36,64.36,2.757497857754927,2.7622520727666595,2.762101846555229,64.47096337837384,1.0,1.0,1.0,64.36,0.001722620135774583,0.0,0.001722620135774583,False,True,False,False,0,0,False,False,False,False,False,4293.0,0.0,0.0,0.0,0.0,-0.0,1554.0,0.0,0.0,0.0,0.0,-0.0,0.08999999999999986,0.0038634948250446392,0.0,-0.0,0.0,0.0,0.0,0.0,0.0,0.0,0.0,-0.0,0.0,0.0,0.0,0.0,0.0,0.0,0.0,0.0,0.0,0.0,0.0,900.3801594444071,-8.651984444453547,0.0,0.0
2026-05-19,2026-05-20,1,23.34,23.62,64.36,65.22,2.761219305673158,2.762101846555229,2.7621207619045895,65.24084561563451,1.0,1.0,1.0,65.22,0.0003195689206756519,0.0,0.0003195689206756519,False,True,False,True,0,0,False,False,False,False,False,4234.0,0.0,0.0,0.0,0.0,-0.0,1533.0,0.0,0.0,0.0,0.0,-0.0,0.28000000000000114,0.011925183910806292,0.0,-0.0,0.0,0.0,0.0,0.0,0.8599999999999994,0.013273848236990673,0.0,-0.0,0.0,0.0,0.0,0.0,0.0,0.0,0.0,0.0,0.0,0.0,0.0,900.3801594444071,-8.651984444453547,0.0,0.0
2026-05-20,2026-05-21,1,23.62,23.65,65.22,65.38,2.764482029598309,2.7621207619045895,2.7625262888704665,65.32415601904354,1.0,1.0,1.0,65.38,-0.0008545096966367737,0.0,-0.0008545096966367737,False,True,False,True,0,0,False,False,False,False,False,4226.0,0.0,0.0,0.0,0.0,-0.0,1530.0,0.0,0.0,0.0,0.0,-0.0,0.029999999999997584,0.0012693041687255999,0.0,-0.0,0.0,0.0,0.0,0.0,0.1599999999999966,0.002450230934891348,0.0,-0.0,0.0,0.0,0.0,0.0,0.0,0.0,0.0,0.0,0.0,0.0,0.0,900.3801594444071,-8.651984444453547,0.0,0.0
2026-05-21,2026-05-22,1,23.65,23.69,65.38,65.49,2.764457577036724,2.7625262888704665,2.762913669886805,65.44424778334135,1.0,1.0,1.0,65.49,-0.0006988579274763006,0.0,-0.0006988579274763006,False,True,False,True,0,0,False,False,False,False,False,4218.0,0.0,0.0,0.0,0.0,-0.0,1527.0,0.0,0.0,0.0,0.0,-0.0,0.0400000000000027,0.0016899032327523159,0.0,-0.0,0.0,0.0,0.0,0.0,0.10999999999999943,0.0016810579338977047,0.0,-0.0,0.0,0.0,0.0,0.0,0.0,0.0,0.0,0.0,0.0,0.0,0.0,900.3801594444071,-8.651984444453547,0.0,0.0
2026-05-22,2026-05-26,4,23.69,23.84,65.49,65.89,2.7638422818791946,2.762913669886805,2.7630944697945155,65.86786189010142,1.0,1.0,1.0,65.89,-0.00033604233993069003,0.0,-0.00033604233993069003,False,True,False,True,0,0,False,False,False,False,False,4194.0,0.0,0.0,0.0,0.0,-0.0,1518.0,0.0,0.0,0.0,0.0,-0.0,0.14999999999999858,0.006311824026454761,0.0,-0.0,0.0,0.0,0.0,0.0,0.4000000000000057,0.006089225695766495,0.0,-0.0,0.0,0.0,0.0,0.0,0.0,0.0,0.0,0.0,0.0,0.0,0.0,900.3801594444071,-8.651984444453547,0.0,0.0
2026-05-26,2026-05-27,1,23.84,23.75,65.89,65.69,2.765894736842105,2.7630944697945155,2.7634745146934927,65.62349365761975,1.0,1.0,1.0,65.69,-0.0010129400446874817,0.0,-0.0010129400446874817,False,True,False,True,0,0,False,False,False,False,False,4205.0,0.0,0.0,0.0,0.0,-0.0,1522.0,0.0,0.0,0.0,0.0,-0.0,-0.08999999999999986,-0.0037823117164987965,-0.0,-0.0,0.0,0.0,0.0,0.0,-0.20000000000000284,-0.0030399780213469572,-0.0,-0.0,0.0,0.0,0.0,0.0,0.0,0.0,0.0,0.0,0.0,0.0,0.0,900.3801594444071,-8.651984444453547,0.0,0.0
2026-05-27,2026-05-28,1,23.75,23.67,65.69,65.41,2.763413603717786,2.7634745146934927,2.763679019684239,65.41144176279498,1.0,1.0,1.0,65.41,2.204168942973785e-05,0.0,2.204168942973785e-05,False,True,False,True,0,0,False,False,False,False,False,4225.0,0.0,0.0,0.0,0.0,-0.0,1529.0,0.0,0.0,0.0,0.0,-0.0,-0.0799999999999983,-0.0033741069547575356,-0.0,-0.0,0.0,0.0,0.0,0.0,-0.28000000000000114,-0.004271554931260242,-0.0,-0.0,0.0,0.0,0.0,0.0,0.0,0.0,0.0,0.0,0.0,0.0,0.0,900.3801594444071,-8.651984444453547,0.0,0.0
2026-05-28,2026-05-29,1,23.67,23.45,65.41,64.78,2.7624733475479744,2.763679019684239,2.7639077254903315,64.8082730115954,1.0,1.0,1.0,64.78,0.0004363513979614558,0.0,0.0004363513979614558,False,True,False,True,0,0,True,False,False,False,False,4267.0,0.0,0.0,0.0,0.0,-0.0,1544.0,0.0,0.0,0.0,0.0,-0.0,-0.22000000000000242,-0.00933792863360425,-0.0,-0.0,0.0,0.0,0.0,0.0,-0.6299999999999955,-0.00967823822993809,-0.0,-0.0,0.0,0.0,0.0,0.0,0.0,0.0,0.0,0.0,0.0,0.0,0.0,900.3801594444071,-8.651984444453547,0.0,0.0
2026-05-29,2026-06-01,3,23.45,23.01,64.78,63.53,2.760973489787049,2.7639077254903315,2.764162470950184,63.59751676353253,1.0,1.0,1.0,63.53,0.001062189706829389,0.0,0.001062189706829389,False,True,False,False,0,0,False,False,False,False,False,4350.0,0.0,0.0,0.0,0.0,-0.0,1574.0,0.0,0.0,0.0,0.0,-0.0,-0.4399999999999977,-0.0189415908450138,-0.0,-0.0,0.0,0.0,0.0,0.0,-1.25,-0.019484678464741313,-0.0,-0.0,0.0,0.0,0.0,0.0,0.0,0.0,0.0,0.0,0.0,0.0,0.0,900.3801594444071,-8.651984444453547,0.0,0.0
2026-06-01,2026-06-02,1,23.01,23.07,63.53,63.86,2.7680970957954054,2.764162470950184,2.764809150180574,63.76922820482074,1.0,1.0,1.0,63.86,-0.0014224298267872693,0.0,-0.0014224298267872693,False,True,False,True,0,0,False,False,False,False,False,4329.0,0.0,0.0,0.0,0.0,-0.0,1566.0,0.0,0.0,0.0,0.0,-0.0,0.05999999999999872,0.0026041681383877297,0.0,-0.0,0.0,0.0,0.0,0.0,0.3299999999999983,0.00518095200819409,0.0,-0.0,0.0,0.0,0.0,0.0,0.0,0.0,0.0,0.0,0.0,0.0,0.0,900.3801594444071,-8.651984444453547,0.0,0.0
2026-06-02,2026-06-03,1,23.07,23.08,63.86,63.91,2.769064124783362,2.764809150180574,2.7651885683459536,63.811795186167636,1.0,1.0,1.0,63.91,-0.0015377928730513813,0.0,-0.0015377928730513813,False,True,False,True,0,0,False,False,False,False,False,4327.0,0.0,0.0,0.0,0.0,-0.0,1565.0,0.0,0.0,0.0,0.0,-0.0,0.00999999999999801,0.0004333694542363221,0.0,-0.0,0.0,0.0,0.0,0.0,0.04999999999999716,0.0007826563755543316,0.0,-0.0,0.0,0.0,0.0,0.0,0.0,0.0,0.0,0.0,0.0,0.0,0.0,900.3801594444071,-8.651984444453547,0.0,0.0
2026-06-03,2026-06-04,1,23.08,23.47,63.91,64.77,2.75969322539412,2.7651885683459536,2.7650699273294617,64.89897569907953,1.0,1.0,1.0,64.77,0.00198930763380582,0.0,0.00198930763380582,False,True,False,False,0,0,False,False,False,False,False,4269.0,0.0,0.0,0.0,0.0,-0.0,1544.0,0.0,0.0,0.0,0.0,-0.0,0.39000000000000057,0.016756568223033303,0.0,-0.0,0.0,0.0,0.0,0.0,0.8599999999999994,0.01336668953263537,0.0,-0.0,0.0,0.0,0.0,0.0,0.0,0.0,0.0,0.0,0.0,0.0,0.0,900.3801594444071,-8.651984444453547,0.0,0.0
2026-06-04,2026-06-05,1,23.47,23.68,64.77,65.34,2.759290540540541,2.7650699273294617,2.7648945226158745,65.47685587916165,1.0,1.0,1.0,65.34,0.0020923286707916463,0.0,0.0020923286707916463,False,True,True,False,0,-1,False,False,True,False,False,4231.0,-4231.0,0.0,-4231.0,0.0,4231.0,1530.0,1530.0,0.0,1530.0,1530.0,-0.0,0.21000000000000085,0.008907800152872736,0.0,-21.155,0.0,0.0,0.0,0.0,0.5700000000000074,0.008761872978098606,0.0,-7.65,0.0,0.0,0.0,0.0,0.0,-28.805,0.0,0.0,0.0,0.0,-28.805,871.5751594444072,-37.4569844444535,0.0,0.0
2026-06-05,2026-06-08,3,23.68,23.36,65.34,64.61,2.7658390410958904,2.7648945226158745,2.764831183552947,64.58793604830683,1.0,1.0,1.0,64.61,-0.0003415526994086356,0.0,-0.0003415526994086356,False,True,False,True,-1,0,False,False,False,False,False,4280.0,0.0,-4231.0,4231.0,4231.0,-0.0,1548.0,0.0,1530.0,-1530.0,0.0,1530.0,-0.3200000000000003,-0.013605652055778598,1353.9200000000012,-21.155,-100190.08,-100190.08,0.0,-8.349173333333333,-0.730000000000004,-0.011235208602850055,-1116.900000000006,-7.65,99970.20000000001,0.0,99970.20000000001,0.0,237.0199999999952,-28.805,-100190.08,-8.349173333333333,0.0,237.0199999999952,199.86582666666186,1071.440986111069,0.0,200160.28000000003,-219.8799999999901
2026-06-08,2026-06-09,1,23.36,23.91,64.61,66.14,2.7662066081137597,2.764831183552947,2.764861259181565,66.10711359875097,1.0,1.0,1.0,66.14,-0.000497347745928032,0.0,-0.000497347745928032,False,True,False,True,0,0,False,False,False,False,False,4180.0,0.0,0.0,0.0,0.0,-0.0,1512.0,0.0,0.0,0.0,0.0,-0.0,0.5500000000000007,0.023271623510207052,0.0,-0.0,0.0,0.0,0.0,0.0,1.5300000000000011,0.02340450998357267,0.0,-0.0,0.0,0.0,0.0,0.0,0.0,0.0,0.0,0.0,0.0,0.0,0.0,1071.440986111069,0.0,0.0,0.0
2026-06-09,2026-06-10,1,23.91,23.93,66.14,66.14,2.763894692854158,2.764861259181565,2.764824441661423,66.16312993221484,1.0,1.0,1.0,66.14,0.0003496505708117323,0.0,0.0003496505708117323,False,True,False,True,0,0,False,False,False,False,False,4180.0,0.0,0.0,0.0,0.0,-0.0,1512.0,0.0,0.0,0.0,0.0,-0.0,0.019999999999999574,0.0008361204500485622,0.0,-0.0,0.0,0.0,0.0,0.0,0.0,0.0,0.0,-0.0,0.0,0.0,0.0,0.0,0.0,0.0,0.0,0.0,0.0,0.0,0.0,1071.440986111069,0.0,0.0,0.0
2026-06-10,2026-06-11,1,23.93,23.93,66.14,66.24,2.7680735478478895,2.764824441661423,2.7648207749035185,66.16224888895785,1.0,1.0,1.0,66.24,-0.001174468268204189,0.0,-0.001174468268204189,False,True,False,True,0,0,False,False,False,False,False,4175.0,0.0,0.0,0.0,0.0,-0.0,1510.0,0.0,0.0,0.0,0.0,-0.0,0.0,0.0,0.0,-0.0,0.0,0.0,0.0,0.0,0.09999999999999432,0.0015108025233574302,0.0,-0.0,0.0,0.0,0.0,0.0,0.0,0.0,0.0,0.0,0.0,0.0,0.0,1071.440986111069,0.0,0.0,0.0
2026-06-11,2026-06-12,1,23.93,24.17,66.24,66.86,2.766239139429044,2.7648207749035185,2.7644914974129042,66.82571812941805,1.0,1.0,1.0,66.86,-0.0005128726061854959,0.0,-0.0005128726061854959,False,True,False,True,0,0,False,False,False,False,False,4136.0,0.0,0.0,0.0,0.0,-0.0,1496.0,0.0,0.0,0.0,0.0,-0.0,0.240000000000002,0.009979292795109864,0.0,-0.0,0.0,0.0,0.0,0.0,0.6200000000000045,0.009316370914948285,0.0,-0.0,0.0,0.0,0.0,0.0,0.0,0.0,0.0,0.0,0.0,0.0,0.0,1071.440986111069,0.0,0.0,0.0
2026-06-12,2026-06-15,3,24.17,23.98,66.86,66.02,2.7531276063386154,2.7644914974129042,2.763597594752038,66.29250610796144,1.0,1.0,1.0,66.02,0.004119134332562603,0.0,0.004119134332562603,False,True,True,False,0,-1,False,False,True,False,False,4188.0,-4188.0,0.0,-4188.0,0.0,4188.0,1515.0,1515.0,0.0,1515.0,1515.0,-0.0,-0.19000000000000128,-0.007892045116023464,-0.0,-20.94,0.0,0.0,0.0,0.0,-0.8400000000000034,-0.012643154566905674,-0.0,-7.575,0.0,0.0,0.0,0.0,0.0,-28.515,0.0,0.0,0.0,0.0,-28.515,1042.9259861110688,-28.5150000000001,0.0,0.0
2026-06-15,2026-06-16,1,23.98,24.01,66.02,66.13,2.7542690545605995,2.763597594752038,2.762902445329531,66.35397824999644,1.0,1.0,1.0,66.13,0.0033812158472771585,0.0,0.0033812158472771585,False,True,True,False,-1,-1,False,False,False,False,False,4179.0,-4179.0,-4188.0,9.0,9.0,-0.0,1512.0,1512.0,1515.0,-3.0,0.0,3.0,0.030000000000001137,0.001250260633793629,-125.64000000000476,-0.045,-100428.24,-100428.24,0.0,-2.7896733333333334,0.10999999999999943,0.0016647752615240913,166.64999999999912,-0.015,100020.29999999999,0.0,100020.29999999999,0.0,41.00999999999436,-0.06,-100428.24,-2.7896733333333334,0.0,41.00999999999436,38.16032666666103,1081.0863127777297,0.0,200448.53999999998,-407.9400000000169
2026-06-16,2026-06-17,1,24.01,23.4,66.13,64.51,2.7568376068376073,2.762902445329531,2.7628694327836647,64.65191722071103,1.0,1.0,1.0,64.51,0.0021975096200985973,0.0,0.0021975096200985973,False,True,True,False,-1,-1,False,False,False,False,False,4282.0,-4282.0,-4179.0,-103.0,0.0,103.0,1550.0,1550.0,1512.0,38.0,38.0,-0.0,-0.610000000000003,-0.02573438786950619,2549.1900000000123,-0.515,-100337.79000000001,-100337.79000000001,0.0,-2.7871608333333335,-1.6199999999999903,-0.024802251142420555,-2449.4399999999855,-0.19,99988.56,0.0,99988.56,0.0,99.75000000002683,-0.7050000000000001,-100337.79000000001,-2.7871608333333335,0.0,99.75000000002683,96.2578391666935,1177.3441519444232,0.0,200326.35,-349.2300000000105
2026-06-17,2026-06-18,1,23.4,23.38,64.51,64.66,2.765611633875107,2.7628694327836647,2.763089049193762,64.59588733848207,1.0,1.0,1.0,64.66,-0.000992027026326407,0.0,-0.000992027026326407,False,True,False,True,-1,0,False,False,False,False,False,4274.0,0.0,-4282.0,4282.0,4282.0,-0.0,1547.0,0.0,1550.0,-1550.0,0.0,1550.0,-0.019999999999999574,-0.0008550663197333875,85.63999999999817,-21.41,-100198.79999999999,-100198.79999999999,0.0,-2.7832999999999997,0.14999999999999147,0.0023225217531365723,232.49999999998678,-7.75,99990.50000000001,0.0,99990.50000000001,0.0,318.139999999985,-29.16,-100198.79999999999,-2.7832999999999997,0.0,318.139999999985,286.19669999998496,1463.5408519444081,0.0,200189.3,-208.2999999999738
2026-06-18,2026-06-22,4,23.38,23.67,64.66,65.47,2.765948457963667,2.763089049193762,2.76316237061203,65.40231779441635,1.0,1.0,1.0,65.47,-0.0010343243362434243,0.0,-0.0010343243362434243,False,True,False,True,0,0,False,False,False,False,False,4219.0,0.0,0.0,0.0,0.0,-0.0,1527.0,0.0,0.0,0.0,0.0,-0.0,0.2900000000000027,0.012327467481970238,0.0,-0.0,0.0,0.0,0.0,0.0,0.8100000000000023,0.012449250155712946,0.0,-0.0,0.0,0.0,0.0,0.0,0.0,0.0,0.0,0.0,0.0,0.0,0.0,1463.5408519444081,0.0,0.0,0.0
2026-06-22,2026-06-23,1,23.67,23.98,65.47,66.32,2.765638031693077,2.76316237061203,2.7632213933448475,66.26063364727648,1.0,1.0,1.0,66.32,-0.0008955509573014218,0.0,-0.0008955509573014218,False,True,False,True,0,0,False,False,False,False,False,4167.0,0.0,0.0,0.0,0.0,-0.0,1508.0,0.0,0.0,0.0,0.0,-0.0,0.3099999999999987,0.013011726073475597,0.0,-0.0,0.0,0.0,0.0,0.0,0.8499999999999943,0.012899488374039494,0.0,-0.0,0.0,0.0,0.0,0.0,0.0,0.0,0.0,0.0,0.0,0.0,0.0,1463.5408519444081,0.0,0.0,0.0
2026-06-23,2026-06-24,1,23.98,23.83,66.32,66.41,2.7868233319345364,2.7632213933448475,2.764370445847615,65.84756580340772,1.0,1.0,1.0,66.41,-0.008505185826268805,0.0,-0.008505185826268805,True,False,False,True,0,1,False,True,False,False,False,4161.0,4161.0,0.0,4161.0,4161.0,-0.0,1506.0,-1506.0,0.0,-1506.0,0.0,1506.0,-0.15000000000000213,-0.006274858488717576,-0.0,-20.805,0.0,0.0,0.0,0.0,0.09000000000000341,0.001356136725582864,0.0,-7.53,0.0,0.0,0.0,0.0,0.0,-28.335,0.0,0.0,0.0,0.0,-28.335,1435.205851944408,-28.335000000000036,0.0,0.0
2026-06-24,2026-06-25,1,23.83,23.89,66.41,66.79,2.795730431142738,2.764370445847615,2.765862230562646,66.04080995129952,1.0,1.0,1.0,66.79,-0.011280485204504247,0.0,-0.011280485204504247,True,False,False,True,1,1,False,False,False,False,False,4138.0,4138.0,4161.0,-23.0,0.0,23.0,1497.0,-1497.0,-1506.0,9.0,9.0,-0.0,0.060000000000002274,0.0025146702270674713,249.66000000000946,-0.115,99156.62999999999,0.0,99156.62999999999,0.0,0.38000000000000966,0.005705721184922454,-572.2800000000145,-0.045,-100013.45999999999,-100013.45999999999,0.0,-2.7781516666666666,-322.62000000000506,-0.16,-100013.45999999999,-2.7781516666666666,-322.62000000000506,0.0,-325.55815166667173,1109.6477002777365,-353.89315166667166,199170.08999999997,-856.8300000000017
2026-06-25,2026-06-26,1,23.89,24.22,66.79,67.65,2.7931461601981837,2.765862230562646,2.767348858386666,66.98918322422729,1.0,1.0,1.0,67.65,-0.009816192673901403,0.0,-0.009816192673901403,True,False,False,True,1,1,False,False,False,False,False,4088.0,4088.0,4138.0,-50.0,0.0,50.0,1478.0,-1478.0,-1497.0,19.0,19.0,-0.0,0.3299999999999983,0.013718776787227872,1365.539999999993,-0.25,98856.82,0.0,98856.82,0.0,0.8599999999999994,0.012793985879252429,-1287.4199999999992,-0.095,-99984.63,-99984.63,0.0,-2.7773508333333337,78.11999999999375,-0.345,-99984.63,-2.7773508333333337,78.11999999999375,0.0,74.99764916666042,1184.645349444397,-278.89550250001116,198841.45,-1127.8099999999977
2026-06-26,2026-06-29,3,24.22,24.11,67.65,67.56,2.802156781418499,2.767348858386666,2.7693330300801926,66.72078097570251,1.0,1.0,1.0,67.56,-0.012499628686293644,0.0,-0.012499628686293644,True,False,False,True,1,1,False,False,False,False,False,4096.0,4096.0,4088.0,8.0,8.0,-0.0,1480.0,-1480.0,-1478.0,-2.0,0.0,2.0,-0.10999999999999943,-0.004552045931866474,-449.6799999999977,-0.04,99011.36,0.0,99011.36,0.0,-0.09000000000000341,-0.001331262677197733,133.02000000000504,-0.01,-99986.70000000001,-99986.70000000001,0.0,-8.332225000000001,-316.65999999999264,-0.05,-99986.70000000001,-8.332225000000001,-316.65999999999264,0.0,-325.04222499999264,859.6031244444043,-603.9377275000038,198998.06,-975.3400000000111
2026-06-29,2026-06-30,1,24.11,23.68,67.56,66.45,2.806165540540541,2.7693330300801926,2.771592632617867,65.57780615229896,1.0,1.0,1.0,66.45,-0.013212467301722135,0.0,-0.013212467301722135,True,False,False,True,1,0,True,False,False,False,False,4168.0,0.0,4096.0,-4096.0,0.0,4096.0,1505.0,0.0,-1480.0,1480.0,1480.0,-0.0,-0.4299999999999997,-0.01799588217727471,-1761.2799999999988,-20.48,98754.56,0.0,98754.56,0.0,-1.1099999999999994,-0.016566306780344993,1642.7999999999993,-7.4,-99988.8,-99988.8,0.0,-2.7774666666666668,-118.47999999999956,-27.880000000000003,-99988.8,-2.7774666666666668,-118.47999999999956,0.0,-149.13746666666623,710.4656577777381,-753.07519416667,198743.36,-1234.2400000000052
2026-06-30,2026-07-01,1,23.68,23.78,66.45,66.61,2.8010933557611435,2.771592632617867,2.773242445616154,65.90847280365288,1.0,1.0,1.0,66.61,-0.010587712564232384,0.0,-0.010587712564232384,True,False,False,True,0,1,False,True,False,False,False,4160.0,4160.0,0.0,4160.0,4160.0,-0.0,1501.0,-1501.0,0.0,-1501.0,0.0,1501.0,0.10000000000000142,0.004214081246830893,0.0,-20.8,0.0,0.0,0.0,0.0,0.1599999999999966,0.0024049312658336462,0.0,-7.505,0.0,0.0,0.0,0.0,0.0,-28.305,0.0,0.0,0.0,0.0,-28.305,682.1606577777382,-781.38019416667,0.0,0.0
2026-07-01,2026-07-02,1,23.78,24.07,66.61,67.46,2.802658911508101,2.773242445616154,2.774922184952391,66.75194566598083,1.0,1.0,1.0,67.46,-0.010551384223936193,0.0,-0.010551384223936193,True,False,False,True,1,1,False,False,False,False,False,4110.0,4110.0,4160.0,-50.0,0.0,50.0,1482.0,-1482.0,-1501.0,19.0,19.0,-0.0,0.28999999999999915,0.01212136053234482,1206.3999999999965,-0.25,98924.8,0.0,98924.8,0.0,0.8499999999999943,0.01268011320841593,-1275.8499999999915,-0.095,-99981.61,-99981.61,0.0,-2.7772669444444444,-69.44999999999504,-0.345,-99981.61,-2.7772669444444444,-69.44999999999504,0.0,-72.57226694443949,609.5883908332987,-853.9524611111094,198906.41,-1056.8099999999977
2026-07-02,2026-07-06,4,24.07,23.87,67.46,66.99,2.8064516129032255,2.774922184952391,2.777260104327846,66.23739255481357,1.0,1.0,1.0,66.99,-0.011298208822806535,0.0,-0.011298208822806535,True,False,False,True,1,1,False,False,False,False,False,4143.0,4143.0,4110.0,33.0,33.0,-0.0,1493.0,-1493.0,-1482.0,-11.0,0.0,11.0,-0.1999999999999993,-0.00834381144424187,-821.999999999997,-0.165,98927.7,0.0,98927.7,0.0,-0.46999999999999886,-0.006991475113327995,696.5399999999984,-0.055,-99975.71999999999,-99975.71999999999,0.0,-11.108413333333333,-125.45999999999867,-0.22,-99975.71999999999,-11.108413333333333,-125.45999999999867,0.0,-136.78841333333202,472.7999774999667,-990.7408744444415,198903.41999999998,-1048.0199999999895
2026-07-06,2026-07-07,1,23.87,24.15,66.99,67.67,2.8020703933747413,2.777260104327846,2.779399096969556,67.07083151951748,1.0,1.0,1.0,67.67,-0.008893702423184264,0.0,-0.008893702423184264,True,False,False,True,1,1,False,False,False,False,False,4105.0,4105.0,4143.0,-38.0,0.0,38.0,1478.0,-1478.0,-1493.0,15.0,15.0,-0.0,0.2799999999999976,0.011661939747842957,1160.03999999999,-0.19,98893.41,0.0,98893.41,0.0,0.6800000000000068,0.01009959572395811,-1015.2400000000102,-0.075,-100016.06999999999,-100016.06999999999,0.0,-2.7782241666666665,144.79999999997972,-0.265,-100016.06999999999,-2.7782241666666665,144.79999999997972,0.0,141.75677583331307,614.5567533332797,-848.9840986111284,198909.47999999998,-1122.659999999989
2026-07-07,2026-07-08,1,24.15,23.78,67.67,66.6,2.8006728343145495,2.779399096969556,2.781140786630489,66.09411052593605,1.0,1.0,1.0,66.6,-0.0076249341146333366,0.0,-0.0076249341146333366,True,False,False,True,1,1,False,False,False,False,False,4175.0,4175.0,4105.0,70.0,70.0,-0.0,1502.0,-1502.0,-1478.0,-24.0,0.0,24.0,-0.36999999999999744,-0.015439488835945777,-1518.8499999999894,-0.35000000000000003,99135.75,0.0,99135.75,0.0,-1.0700000000000074,-0.01593837269779076,1581.460000000011,-0.12,-100016.26000000001,-100016.26000000001,0.0,-2.778229444444445,62.6100000000215,-0.47000000000000003,-100016.26000000001,-2.778229444444445,62.6100000000215,0.0,59.36177055557706,673.9185238888568,-789.6223280555513,199152.01,-880.5100000000093
2026-07-08,2026-07-09,1,23.78,23.8,66.6,66.69,2.8021008403361343,2.781140786630489,2.7829354982416077,66.19115072180564,1.0,1.0,1.0,66.69,-0.007508237533733446,0.0,-0.007508237533733446,True,False,False,True,1,1,False,False,False,False,False,4169.0,4169.0,4175.0,-6.0,0.0,6.0,1499.0,-1499.0,-1502.0,3.0,3.0,-0.0,0.019999999999999574,0.0008406894147932238,83.49999999999822,-0.03,99281.5,0.0,99281.5,0.0,0.09000000000000341,0.0013504390978715467,-135.18000000000512,-0.015,-100033.2,-100033.2,0.0,-2.7787,-51.6800000000069,-0.045,-100033.2,-2.7787,-51.6800000000069,0.0,-54.5037000000069,619.4148238888499,-844.1260280555582,199314.7,-751.6999999999971
2026-07-09,2026-07-10,1,23.8,23.89,66.69,66.75,2.7940560904143994,2.7829354982416077,2.78444356811962,66.48432905299201,1.0,1.0,1.0,66.75,-0.003988030727627379,0.0,-0.003988030727627379,False,False,False,True,1,1,False,False,False,False,False,4169.0,4169.0,4169.0,0.0,0.0,-0.0,1498.0,-1498.0,-1499.0,1.0,1.0,-0.0,0.08999999999999986,0.0037743806602891414,375.2099999999994,-0.0,99222.2,0.0,99222.2,0.0,0.060000000000002274,0.0008992806361440172,-89.94000000000341,-0.005,-99968.31,-99968.31,0.0,-2.7768975,285.269999999996,-0.005,-99968.31,-2.7768975,285.269999999996,0.0,282.488102499996,901.9029263888459,-561.6379255555622,199190.51,-746.1100000000006
2026-07-10,2026-07-13,3,23.89,24.04,66.75,67.22,2.796173044925125,2.78444356811962,2.785848542973482,66.93802337759566,1.0,1.0,1.0,67.22,-0.004203655219904564,0.0,-0.004203655219904564,False,False,False,True,1,1,False,False,False,False,False,4143.0,4143.0,4169.0,-26.0,0.0,26.0,1488.0,-1488.0,-1498.0,10.0,10.0,-0.0,0.14999999999999858,0.006259148329288633,625.3499999999941,-0.13,99597.41,0.0,99597.41,0.0,0.46999999999999886,0.007016525016600605,-704.0599999999984,-0.05,-99991.5,-99991.5,0.0,-8.332625,-78.71000000000424,-0.18,-99991.5,-8.332625,-78.71000000000424,0.0,-87.22262500000426,814.6803013888416,-648.8605505555665,199588.91,-394.0899999999965
2026-07-13,2026-07-14,1,24.04,24.03,67.22,67.16,2.794839783603828,2.785848542973482,2.787278575182221,66.94394048765277,1.0,1.0,1.0,67.16,-0.0032222721943546547,0.0,-0.0032222721943546547,False,False,False,True,1,1,False,False,False,False,False,4148.0,4148.0,4143.0,5.0,5.0,-0.0,1489.0,-1489.0,-1488.0,-1.0,0.0,1.0,-0.00999999999999801,-0.0004160599186291742,-41.42999999999176,-0.025,99597.72,0.0,99597.72,0.0,-0.060000000000002274,-0.0008929900876195581,89.28000000000338,-0.005,-100023.36,-100023.36,0.0,-2.778426666666667,47.850000000011626,-0.030000000000000002,-100023.36,-2.778426666666667,47.850000000011626,0.0,45.04157333334496,859.7218747221866,-603.8189772222215,199621.08000000002,-425.6399999999994
2026-07-14,2026-07-15,1,24.03,24.01,67.16,67.06,2.793002915451895,2.787278575182221,2.789272340637885,66.92255859012513,1.0,1.0,1.0,67.06,-0.0020516320860108025,0.0,-0.0020516320860108025,False,True,False,True,1,0,False,False,False,False,False,4156.0,0.0,4148.0,-4148.0,0.0,4148.0,1491.0,0.0,-1489.0,1489.0,1489.0,-0.0,-0.019999999999999574,-0.0008326395152156571,-82.95999999999823,-20.740000000000002,99676.44,0.0,99676.44,0.0,-0.09999999999999432,-0.0014900911712575516,148.89999999999154,-7.445,-100001.23999999999,-100001.23999999999,0.0,-2.777812222222222,65.9399999999933,-28.185000000000002,-100001.23999999999,-2.777812222222222,65.9399999999933,0.0,34.97718777777108,894.6990624999577,-568.8417894444505,199677.68,-324.79999999998836
2026-07-15,2026-07-16,1,24.01,24.6,67.06,68.8,2.7967479674796745,2.789272340637885,2.7913962862838386,68.61609957969198,1.0,1.0,1.0,68.8,-0.0026765499917087085,0.0,-0.0026765499917087085,False,True,False,True,0,0,False,False,False,False,False,4053.0,0.0,0.0,0.0,0.0,-0.0,1453.0,0.0,0.0,0.0,0.0,-0.0,0.5899999999999999,0.02427603270515521,0.0,-0.0,0.0,0.0,0.0,0.0,1.7399999999999949,0.02561600390121548,0.0,-0.0,0.0,0.0,0.0,0.0,0.0,0.0,0.0,0.0,0.0,0.0,0.0,894.6990624999577,-568.8417894444505,0.0,0.0
2026-07-16,2026-07-17,1,24.6,24.61,68.8,68.83,2.7968305566842746,2.7913962862838386,2.7933959337761722,68.69626260544527,1.0,1.0,1.0,68.83,-0.0019449003292568519,0.0,-0.0019449003292568519,False,True,False,True,0,0,False,False,False,False,False,4056.0,0.0,0.0,0.0,0.0,-0.0,1453.0,0.0,0.0,0.0,0.0,-0.0,0.00999999999999801,0.00040642146464722783,0.0,-0.0,0.0,0.0,0.0,0.0,0.030000000000001137,0.00043595147097492715,0.0,-0.0,0.0,0.0,0.0,0.0,0.0,0.0,0.0,0.0,0.0,0.0,0.0,894.6990624999577,-568.8417894444505,0.0,0.0
2026-07-17,2026-07-20,3,24.61,24.5,68.83,68.56,2.7983673469387758,2.7933959337761722,2.7950337194293557,68.43820037751622,1.0,1.0,1.0,68.56,-0.0017781205043485358,0.0,-0.0017781205043485358,False,True,False,True,0,0,False,False,False,False,False,4076.0,0.0,0.0,0.0,0.0,-0.0,1459.0,0.0,0.0,0.0,0.0,-0.0,-0.10999999999999943,-0.0044797468522832,-0.0,-0.0,0.0,0.0,0.0,0.0,-0.269999999999996,-0.003930422120748372,-0.0,-0.0,0.0,0.0,0.0,0.0,0.0,0.0,0.0,0.0,0.0,0.0,0.0,894.6990624999577,-568.8417894444505,0.0,0.0
2026-07-20,2026-07-21,1,24.5,24.53,68.56,68.79,2.804321239298818,2.7950337194293557,2.796952358496113,68.5621771376021,1.0,1.0,1.0,68.79,-0.003317356536684705,0.0,-0.003317356536684705,False,False,False,True,0,0,False,False,False,False,False,4064.0,0.0,0.0,0.0,0.0,-0.0,1454.0,0.0,0.0,0.0,0.0,-0.0,0.030000000000001137,0.0012237407197166485,0.0,-0.0,0.0,0.0,0.0,0.0,0.23000000000000398,0.0033491112483985492,0.0,-0.0,0.0,0.0,0.0,0.0,0.0,0.0,0.0,0.0,0.0,0.0,0.0,894.6990624999577,-568.8417894444505,0.0,0.0
2026-07-21,2026-07-22,1,24.53,24.4,68.79,68.38,2.8024590163934424,2.796952358496113,2.7987934077311314,68.24563754730515,1.0,1.0,1.0,68.38,-0.0019668709097781464,0.0,-0.0019668709097781464,False,True,False,True,0,0,False,False,False,False,False,4089.0,0.0,0.0,0.0,0.0,-0.0,1462.0,0.0,0.0,0.0,0.0,-0.0,-0.13000000000000256,-0.005313725971241908,-0.0,-0.0,0.0,0.0,0.0,0.0,-0.4100000000000108,-0.005978001326767699,-0.0,-0.0,0.0,0.0,0.0,0.0,0.0,0.0,0.0,0.0,0.0,0.0,0.0,894.6990624999577,-568.8417894444505,0.0,0.0
2026-07-22,2026-07-23,1,24.4,24.34,68.38,68.33,2.807313064913722,2.7987934077311314,2.7998178943800904,68.12263154417573,1.0,1.0,1.0,68.33,-0.0030394227376673104,0.0,-0.0030394227376673104,False,False,False,True,0,0,False,False,False,False,False,4095.0,0.0,0.0,0.0,0.0,-0.0,1463.0,0.0,0.0,0.0,0.0,-0.0,-0.05999999999999872,-0.0024620447397750386,-0.0,-0.0,0.0,0.0,0.0,0.0,-0.04999999999999716,-0.0007314754184682414,-0.0,-0.0,0.0,0.0,0.0,0.0,0.0,0.0,0.0,0.0,0.0,0.0,0.0,894.6990624999577,-568.8417894444505,0.0,0.0
2026-07-23,2026-07-24,1,24.34,24.86,68.33,69.82,2.80852775543041,2.7998178943800904,2.8004577605944743,69.60347285428905,1.0,1.0,1.0,69.82,-0.0031060382496071125,0.0,-0.0031060382496071125,False,False,False,True,0,0,False,False,False,False,False,4009.0,0.0,0.0,0.0,0.0,-0.0,1432.0,0.0,0.0,0.0,0.0,-0.0,0.5199999999999996,0.021138998523183978,0.0,-0.0,0.0,0.0,0.0,0.0,1.4899999999999949,0.02157159288420292,0.0,-0.0,0.0,0.0,0.0,0.0,0.0,0.0,0.0,0.0,0.0,0.0,0.0,894.6990624999577,-568.8417894444505,0.0,0.0
2026-07-24,2026-07-27,3,24.86,24.76,69.82,69.48,2.8061389337641356,2.8004577605944743,2.801107399272772,69.33933415231918,1.0,1.0,1.0,69.48,-0.0020266038111204404,0.0,-0.0020266038111204404,False,True,False,True,0,0,False,False,False,False,False,4030.0,0.0,0.0,0.0,0.0,-0.0,1439.0,0.0,0.0,0.0,0.0,-0.0,-0.09999999999999787,-0.0040306382661695955,-0.0,-0.0,0.0,0.0,0.0,0.0,-0.3399999999999892,-0.004881560303985628,-0.0,-0.0,0.0,0.0,0.0,0.0,0.0,0.0,0.0,0.0,0.0,0.0,0.0,894.6990624999577,-568.8417894444505,0.0,0.0
2026-07-27,2026-07-28,1,24.76,24.82,69.48,69.56,2.8025785656728446,2.801107399272772,2.801128488485489,69.5234856499502,1.0,1.0,1.0,69.56,-0.0005250709775941859,0.0,-0.0005250709775941859,False,True,False,True,0,0,False,False,False,False,False,4028.0,0.0,0.0,0.0,0.0,-0.0,1438.0,0.0,0.0,0.0,0.0,-0.0,0.05999999999999872,0.002420331960065672,0.0,-0.0,0.0,0.0,0.0,0.0,0.0799999999999983,0.0011507481131781498,0.0,-0.0,0.0,0.0,0.0,0.0,0.0,0.0,0.0,0.0,0.0,0.0,0.0,894.6990624999577,-568.8417894444505,0.0,0.0
2026-07-28,2026-07-29,1,24.82,24.76,69.56,69.17,2.7936187399030694,2.801128488485489,2.8005011484536153,69.35594137490071,1.0,1.0,1.0,69.17,0.0026845727915999064,0.0,0.0026845727915999064,False,True,True,False,0,-1,False,False,True,False,False,4050.0,-4050.0,0.0,-4050.0,0.0,4050.0,1446.0,1446.0,0.0,1446.0,1446.0,-0.0,-0.05999999999999872,-0.002420331960065696,-0.0,-20.25,0.0,0.0,0.0,0.0,-0.39000000000000057,-0.005622446873588923,-0.0,-7.23,0.0,0.0,0.0,0.0,0.0,-27.48,0.0,0.0,0.0,0.0,-27.48,867.2190624999577,-596.3217894444505,0.0,0.0
2026-07-29,2026-07-30,1,24.76,24.4,69.17,68.26,2.7975409836065577,2.8005011484536153,2.800323529845886,68.33222802226821,1.0,1.0,1.0,68.26,0.0010575715770362757,0.0,0.0010575715770362757,False,True,False,False,-1,-1,False,False,False,False,False,4103.0,-4103.0,-4050.0,-53.0,0.0,53.0,1465.0,1465.0,1446.0,19.0,19.0,-0.0,-0.360000000000003,-0.014646315517239302,1458.000000000012,-0.265,-100278.0,-100278.0,0.0,-2.7855,-0.9099999999999966,-0.013243299133932292,-1315.8599999999951,-0.095,100019.82,0.0,100019.82,0.0,142.14000000001693,-0.36,-100278.0,-2.7855,0.0,142.14000000001693,138.9945000000169,1006.2135624999746,-457.3272894444335,200297.82,-258.179999999993
2026-07-30,2026-07-31,1,24.4,24.28,68.26,67.89,2.7961285008237233,2.800323529845886,2.7999970093116673,67.99185530465812,1.0,1.0,1.0,67.89,0.0014991747574627553,0.0,0.0014991747574627553,False,True,False,False,-1,0,True,False,False,False,False,4125.0,0.0,-4103.0,4103.0,4103.0,-0.0,1473.0,0.0,1465.0,-1465.0,0.0,1465.0,-0.11999999999999744,-0.004930166107858609,492.3599999999895,-20.515,-100113.2,-100113.2,0.0,-2.7809222222222223,-0.37000000000000455,-0.005435195165005376,-542.0500000000067,-7.325,100000.90000000001,0.0,100000.90000000001,0.0,-49.690000000017164,-27.84,-100113.2,-2.7809222222222223,0.0,-49.690000000017164,-80.31092222223938,925.9026402777353,-537.6382116666729,200114.1,-112.29999999998836
2026-07-31,2026-08-03,3,24.28,24.29,67.89,67.93,2.796624125154385,2.7999970093116673,2.7995056349242256,68.0119273561804,1.0,1.0,1.0,67.93,0.0012053288884822338,0.0,0.0012053288884822338,False,True,False,False,0,0,False,False,False,False,False,4122.0,0.0,0.0,0.0,0.0,-0.0,1472.0,0.0,0.0,0.0,0.0,-0.0,0.00999999999999801,0.00041177682278355394,0.0,-0.0,0.0,0.0,0.0,0.0,0.04000000000000625,0.0005890148896549209,0.0,-0.0,0.0,0.0,0.0,0.0,0.0,0.0,0.0,0.0,0.0,0.0,0.0,925.9026402777353,-537.6382116666729,0.0,0.0
2026-08-03,2026-08-04,1,24.29,24.21,67.93,67.59,2.79182156133829,2.7995056349242256,2.798993193322403,67.7760314215155,1.0,1.0,1.0,67.59,0.0027485704748615902,0.0,0.0027485704748615902,False,True,True,False,0,-1,False,False,True,False,False,4143.0,-4143.0,0.0,-4143.0,0.0,4143.0,1480.0,1480.0,0.0,1480.0,1480.0,-0.0,-0.0799999999999983,-0.003298972064113923,-0.0,-20.715,0.0,0.0,0.0,0.0,-0.3400000000000034,-0.005017720090947829,-0.0,-7.4,0.0,0.0,0.0,0.0,0.0,-28.115000000000002,0.0,0.0,0.0,0.0,-28.115000000000002,897.7876402777352,-565.7532116666729,0.0,0.0
2026-08-04,2026-08-05,1,24.21,24.21,67.59,67.82,2.8013217678645184,2.798993193322403,2.7990256399999014,67.76362521033538,1.0,1.0,1.0,67.82,-0.0008315870419592638,0.0,-0.0008315870419592638,False,True,False,True,-1,0,False,False,False,False,False,4126.0,0.0,-4143.0,4143.0,4143.0,-0.0,1474.0,0.0,1480.0,-1480.0,0.0,1480.0,0.0,0.0,-0.0,-20.715,-100302.03,-100302.03,0.0,-2.7861675,0.22999999999998977,0.0033970935852296862,340.39999999998486,-7.4,100033.20000000001,0.0,100033.20000000001,0.0,340.39999999998486,-28.115000000000002,-100302.03,-2.7861675,0.0,340.39999999998486,309.49883249998487,1207.28647277772,-256.25437916668807,200335.23,-268.8299999999872
2026-08-05,2026-08-06,1,24.21,24.01,67.82,67.07,2.793419408579758,2.7990256399999014,2.7985915684120823,67.20460561639764,1.0,1.0,1.0,67.07,0.0020049310272747933,0.0,0.0020049310272747933,False,True,True,False,0,-1,False,False,True,False,False,4173.0,-4173.0,0.0,-4173.0,0.0,4173.0,1491.0,1491.0,0.0,1491.0,1491.0,-0.0,-0.1999999999999993,-0.008295360716805245,-0.0,-20.865000000000002,0.0,0.0,0.0,0.0,-0.75,-0.01112028658584667,-0.0,-7.455,0.0,0.0,0.0,0.0,0.0,-28.32,0.0,0.0,0.0,0.0,-28.32,1178.9664727777201,-284.574379166688,0.0,0.0
2026-08-06,2026-08-07,1,24.01,24.11,67.07,67.38,2.7946909995852343,2.7985915684120823,2.798623313870624,67.4740427144153,1.0,1.0,1.0,67.38,0.0013947335618174185,0.0,0.0013947335618174185,False,True,False,False,-1,-1,False,False,False,False,False,4153.0,-4153.0,-4173.0,20.0,20.0,-0.0,1484.0,1484.0,1491.0,-7.0,0.0,7.0,0.09999999999999787,0.004156281959917748,-417.2999999999911,-0.1,-100193.73000000001,-100193.73000000001,0.0,-2.783159166666667,0.3100000000000023,0.004611387866761018,462.2100000000034,-0.035,100001.37,0.0,100001.37,0.0,44.9100000000123,-0.135,-100193.73000000001,-2.783159166666667,0.0,44.9100000000123,41.99184083334564,1220.9583136110657,-242.58253833334243,200195.1,-192.36000000001513
2026-08-07,2026-08-10,3,24.11,23.77,67.38,66.45,2.7955405973916703,2.798623313870624,2.798591691493951,66.52327617070473,1.0,1.0,1.0,66.45,0.0011021188652649207,0.0,0.0011021188652649207,False,True,False,False,-1,-1,False,False,False,False,False,4212.0,-4212.0,-4153.0,-59.0,0.0,59.0,1505.0,1505.0,1484.0,21.0,21.0,-0.0,-0.33999999999999986,-0.014202410820977097,1412.0199999999993,-0.295,-100128.83,-100128.83,0.0,-8.344069166666667,-0.9299999999999926,-0.013898452819152333,-1380.119999999989,-0.105,99991.92,0.0,99991.92,0.0,31.900000000010323,-0.39999999999999997,-100128.83,-8.344069166666667,0.0,31.900000000010323,23.155930833343657,1244.1142444444095,-219.42660749999868,200120.75,-136.9100000000035
2026-08-10,2026-08-11,1,23.77,23.55,66.45,65.8,2.7940552016985136,2.798591691493951,2.7985524623986855,65.90683433468254,1.0,1.0,1.0,65.8,0.0016223054582314145,0.0,0.0016223054582314145,False,True,False,False,-1,-1,False,False,False,False,False,4254.0,-4254.0,-4212.0,-42.0,0.0,42.0,1520.0,1520.0,1505.0,15.0,15.0,-0.0,-0.21999999999999886,-0.009298460909675798,926.6399999999952,-0.21,-100119.24,-100119.24,0.0,-2.78109,-0.6500000000000057,-0.009829946827982897,-978.2500000000085,-0.075,100007.25,0.0,100007.25,0.0,-51.610000000013315,-0.285,-100119.24,-2.78109,0.0,-51.610000000013315,-54.67609000001331,1189.438154444396,-274.102697500012,200126.49,-111.99000000000524
2026-08-11,2026-08-12,1,23.55,23.79,65.8,66.47,2.7940311055065155,2.7985524623986855,2.798603871901417,66.57756308046473,1.0,1.0,1.0,66.47,0.0016169120487255172,0.0,0.0016169120487255172,False,True,False,False,-1,-1,False,False,False,False,False,4209.0,-4209.0,-4254.0,45.0,45.0,-0.0,1504.0,1504.0,1520.0,-16.0,0.0,16.0,0.23999999999999844,0.01013950385243955,-1020.9599999999933,-0.225,-100181.7,-100181.7,0.0,-2.782825,0.6700000000000017,0.010130879722219023,1018.4000000000026,-0.08,100016.0,0.0,100016.0,0.0,-2.559999999990737,-0.305,-100181.7,-2.782825,0.0,-2.559999999990737,-5.647824999990737,1183.7903294444054,-279.7505225000027,200197.7,-165.6999999999971
2026-08-12,2026-08-13,1,23.79,24.06,66.47,67.2,2.7930174563591024,2.798603871901417,2.798417346345388,67.33440915794809,1.0,1.0,1.0,67.2,0.0019981386696392846,0.0,0.0019981386696392846,False,True,False,False,-1,-1,False,False,False,False,False,4164.0,-4164.0,-4209.0,45.0,45.0,-0.0,1488.0,1488.0,1504.0,-16.0,0.0,16.0,0.2699999999999996,0.011285386231666387,-1136.4299999999982,-0.225,-100132.11,-100132.11,0.0,-2.7814475,0.730000000000004,0.010922529475613466,1097.920000000006,-0.08,99970.88,0.0,99970.88,0.0,-38.50999999999226,-0.305,-100132.11,-2.7814475,0.0,-38.50999999999226,-41.59644749999226,1142.193881944413,-321.34696999999505,200102.99,-161.22999999999593
2026-08-13,2026-08-14,1,24.06,24.11,67.2,67.36,2.7938614682704275,2.798417346345388,2.798268891924695,67.4698422203873,1.0,1.0,1.0,67.36,0.001629346187444679,0.0,0.001629346187444679,False,True,False,False,-1,-1,False,False,False,False,False,4156.0,-4156.0,-4164.0,8.0,8.0,-0.0,1485.0,1485.0,1488.0,-3.0,0.0,3.0,0.05000000000000071,0.002075981646546974,-208.20000000000294,-0.04,-100185.84,-100185.84,0.0,-2.78294,0.1599999999999966,0.0023781224049674193,238.07999999999493,-0.015,99993.6,0.0,99993.6,0.0,29.87999999999198,-0.055,-100185.84,-2.78294,0.0,29.87999999999198,27.04205999999198,1169.235941944405,-294.304910000003,200179.44,-192.2399999999907
