,bop date,eop date,day count,bop SCHQ price,eop SCHQ price,bop VGLT price,eop VGLT price,eop VGLT / eop SCHQ,bop VGLT / SCHQ moving avg,eop VGLT / SCHQ moving avg,eop SCHQ unit price,eop VGLT / eop VGLT,bop VGLT / VGLT moving avg,eop VGLT / VGLT moving avg,eop VGLT unit price,SCHQ unit price pct diff,VGLT unit price pct diff,unit price pct diff,month end liquidation,go long,exit long,current_position,new_position,SCHQ shares per unit,bop SCHQ shares,eop SCHQ shares,eop SCHQ shares bought,eop SCHQ shares sold,eop SCHQ shares traded,VGLT shares per unit,bop VGLT shares,eop VGLT shares,eop VGLT shares bought,eop VGLT shares sold,eop VGLT shares traded,SCHQ daily commission,VGLT daily commission,daily total commissions,SCHQ cop,SCHQ pct cop,SCHQ daily position pnl,VGLT cop,VGLT pct cop,VGLT daily position pnl,daily position pnl,short SCHQ investment amount,long SCHQ investment amount,SCHQ investment amount,daily SCHQ borrow cost,short VGLT investment amount,long VGLT investment amount,VGLT investment amount,daily VGLT borrow cost,net investment amount,gross investment amount,short investment amount,daily borrow cost,daily net profit,cumulative net profit,drawdown
0,2026-01-02,2026-01-05,3,,31.78,,55.93,1.7599118942731278,,,,1.0,,,,,,,False,False,False,0,0,,,,,,,,,,,,,,,0.0,,,,,,,0.0,,,,,,,,,0.0,0.0,0.0,0.0,0.0,0.0,0.0
1,2026-01-05,2026-01-06,1,31.78,31.74,55.93,55.84,1.7592942659105233,,,,1.0,,,,,,,False,False,False,0,0,,,,,,,,,,,,,,,0.0,-0.0400000000000027,-0.0012594460103069487,,-0.0899999999999963,-0.0016104503793795371,,0.0,,,,,,,,,0.0,0.0,0.0,0.0,0.0,0.0,0.0
2,2026-01-06,2026-01-07,1,31.74,31.9,55.84,56.14,1.7598746081504704,,,,1.0,,,,,,,False,False,False,0,0,,,,,,,,,,,,,,,0.0,0.16000000000000014,0.005028294692535847,,0.29999999999999716,0.0053581124796192505,,0.0,,,,,,,,,0.0,0.0,0.0,0.0,0.0,0.0,0.0
3,2026-01-07,2026-01-08,1,31.9,31.75,56.14,55.86,1.7593700787401574,,,,1.0,,,,,,,False,False,False,0,0,,,,,,,,,,,,,,,0.0,-0.14999999999999858,-0.004713284452098202,,-0.28000000000000114,-0.0050000104167057515,,0.0,,,,,,,,,0.0,0.0,0.0,0.0,0.0,0.0,0.0
4,2026-01-08,2026-01-09,1,31.75,31.93,55.86,56.17,1.759160663952396,,,,1.0,,,,,,,False,False,False,0,0,,,,,,,,,,,,,,,0.0,0.17999999999999972,0.0056532813879900555,,0.3100000000000023,0.005534246027310684,,0.0,,,,,,,,,0.0,0.0,0.0,0.0,0.0,0.0,0.0
5,2026-01-09,2026-01-12,3,31.93,31.84,56.17,56.03,1.7597361809045227,,,,1.0,,,,,,,False,False,False,0,0,,,,,,,,,,,,,,,0.0,-0.08999999999999986,-0.0028226457505083247,,-0.14000000000000057,-0.002495544967148244,,0.0,,,,,,,,,0.0,0.0,0.0,0.0,0.0,0.0,0.0
6,2026-01-12,2026-01-13,1,31.84,31.88,56.03,56.11,1.7600376411543288,,,,1.0,,,,,,,False,False,False,0,0,,,,,,,,,,,,,,,0.0,0.03999999999999915,0.0012554929458320028,,0.0799999999999983,0.0014267881856874433,,0.0,,,,,,,,,0.0,0.0,0.0,0.0,0.0,0.0,0.0
7,2026-01-13,2026-01-14,1,31.88,32.07,56.11,56.43,1.7595884003741815,,,,1.0,,,,,,,False,False,False,0,0,,,,,,,,,,,,,,,0.0,0.19000000000000128,0.0059421597830493205,,0.3200000000000003,0.005686882218168171,,0.0,,,,,,,,,0.0,0.0,0.0,0.0,0.0,0.0,0.0
8,2026-01-14,2026-01-15,1,32.07,32.05,56.43,56.4,1.7597503900156006,,,,1.0,,,,,,,False,False,False,0,0,,,,,,,,,,,,,,,0.0,-0.020000000000003126,-0.0006238303383845491,,-0.030000000000001137,-0.0005317734770355123,,0.0,,,,,,,,,0.0,0.0,0.0,0.0,0.0,0.0,0.0
9,2026-01-15,2026-01-16,1,32.05,31.86,56.4,56.07,1.7598870056497176,,,,1.0,,,,,,,False,False,False,0,0,,,,,,,,,,,,,,,0.0,-0.18999999999999773,-0.0059458788847764924,,-0.3299999999999983,-0.005868248368431994,,0.0,,,,,,,,,0.0,0.0,0.0,0.0,0.0,0.0,0.0
10,2026-01-16,2026-01-20,4,31.86,31.49,56.07,55.42,1.759923785328676,,,,1.0,,,,,,,False,False,False,0,0,,,,,,,,,,,,,,,0.0,-0.370000000000001,-0.011681269368969198,,-0.6499999999999986,-0.011660370700748815,,0.0,,,,,,,,,0.0,0.0,0.0,0.0,0.0,0.0,0.0
11,2026-01-20,2026-01-21,1,31.49,31.7,55.42,55.8,1.7602523659305993,,,,1.0,,,,,,,False,False,False,0,0,,,,,,,,,,,,,,,0.0,0.21000000000000085,0.006646645770301633,,0.37999999999999545,0.006833329952432885,,0.0,,,,,,,,,0.0,0.0,0.0,0.0,0.0,0.0,0.0
12,2026-01-21,2026-01-22,1,31.7,31.82,55.8,56.0,1.759899434318039,,,,1.0,,,,,,,False,False,False,0,0,,,,,,,,,,,,,,,0.0,0.120000000000001,0.0037783420264058997,,0.20000000000000284,0.0035778213478841235,,0.0,,,,,,,,,0.0,0.0,0.0,0.0,0.0,0.0,0.0
13,2026-01-22,2026-01-23,1,31.82,31.89,56.0,56.11,1.7594857322044528,,,,1.0,,,,,,,False,False,False,0,0,,,,,,,,,,,,,,,0.0,0.07000000000000028,0.0021974581123253684,,0.10999999999999943,0.001962359027731318,,0.0,,,,,,,,,0.0,0.0,0.0,0.0,0.0,0.0,0.0
14,2026-01-23,2026-01-26,3,31.89,32.02,56.11,56.36,1.760149906308557,,,,1.0,,,,,,,False,False,False,0,0,,,,,,,,,,,,,,,0.0,0.13000000000000256,0.0040682265466024095,,0.25,0.004445637267598786,,0.0,,,,,,,,,0.0,0.0,0.0,0.0,0.0,0.0,0.0
15,2026-01-26,2026-01-27,1,32.02,31.85,56.36,56.07,1.7604395604395604,,,,1.0,,,,,,,False,False,False,0,0,,,,,,,,,,,,,,,0.0,-0.1700000000000017,-0.005323325550396311,,-0.28999999999999915,-0.005158776894898259,,0.0,,,,,,,,,0.0,0.0,0.0,0.0,0.0,0.0,0.0
16,2026-01-27,2026-01-28,1,31.85,31.8,56.07,55.95,1.759433962264151,,,,1.0,,,,,,,False,False,False,0,0,,,,,,,,,,,,,,,0.0,-0.05000000000000071,-0.0015710922320412123,,-0.11999999999999744,-0.0021424753776468288,,0.0,,,,,,,,,0.0,0.0,0.0,0.0,0.0,0.0,0.0
17,2026-01-28,2026-01-29,1,31.8,31.8,55.95,55.97,1.760062893081761,,,,1.0,,,,,,,False,False,False,0,0,,,,,,,,,,,,,,,0.0,0.0,0.0,,0.01999999999999602,0.00035739814533380915,,0.0,,,,,,,,,0.0,0.0,0.0,0.0,0.0,0.0,0.0
18,2026-01-29,2026-01-30,1,31.8,31.67,55.97,55.73,1.759709504262709,,,,1.0,,,,,,,True,False,False,0,0,,,,,,,,,,,,,,,0.0,-0.129999999999999,-0.004096429235582667,,-0.240000000000002,-0.004297231321823212,,0.0,,,,,,,,,0.0,0.0,0.0,0.0,0.0,0.0,0.0
19,2026-01-30,2026-02-02,3,31.67,31.44,55.73,55.38,1.7614503816793894,,1.759870932747146,,1.0,,1.0,,,,,False,False,False,0,0,,,,,,,,,,,,,,,0.0,-0.23000000000000043,-0.0072888929895426535,,-0.3499999999999943,-0.006300083838629137,,0.0,,,,,,,,,0.0,0.0,0.0,0.0,0.0,0.0,0.0
20,2026-02-02,2026-02-03,1,31.44,31.5,55.38,55.47,1.7609523809523808,1.759870932747146,1.7599229570811086,55.4359343815351,1.0,1.0,1.0,55.47,-0.0006143155409344849,0.0,-0.0006143155409344849,False,True,False,0,1,3173.0,0.0,3173.0,3173.0,-0.0,3173.0,1803.0,0.0,-1803.0,0.0,1803.0,-1803.0,-15.865,-9.015,-24.880000000000003,0.05999999999999872,0.0019065782705814474,0.0,0.0899999999999963,0.0016238163243272245,0.0,0.0,0.0,0.0,0.0,0.0,0.0,0.0,0.0,0.0,0.0,0.0,0.0,0.0,-24.880000000000003,-24.880000000000003,-24.880000000000003
21,2026-02-03,2026-02-04,1,31.5,31.43,55.47,55.35,1.7610563156220171,1.7599229570811086,1.7600110595666834,55.31437854105924,1.0,1.0,1.0,55.35,-0.0006437746389693846,0.0,-0.0006437746389693846,False,True,False,1,1,3180.0,3173.0,3180.0,7.0,-0.0,7.0,1807.0,-1803.0,-1807.0,0.0,4.0,-4.0,-0.035,-0.02,-0.05500000000000001,-0.07000000000000028,-0.0022246950221111624,-222.1100000000009,-0.11999999999999744,-0.002165674912497261,216.35999999999538,-5.750000000005514,0.0,99949.5,99949.5,0.0,-100012.41,0.0,-100012.41,-2.7781225000000003,-62.91000000000349,199961.91,-100012.41,-2.7781225000000003,-8.583122500005514,-33.46312250000552,-33.46312250000552
22,2026-02-04,2026-02-05,1,31.43,31.73,55.35,55.91,1.762054837693035,1.7600110595666834,1.7601200710438119,55.84515092005086,1.0,1.0,1.0,55.91,-0.0011605565684261034,0.0,-0.0011605565684261034,False,True,False,1,1,3149.0,3180.0,3149.0,0.0,31.0,-31.0,1789.0,-1807.0,-1789.0,18.0,-0.0,18.0,-0.155,-0.09,-0.245,0.3000000000000007,0.009499754785628084,954.0000000000023,0.5599999999999952,0.010066595883907861,-1011.9199999999913,-57.919999999989045,0.0,99947.4,99947.4,0.0,-100017.45,0.0,-100017.45,-2.7782625,-70.05000000000291,199964.84999999998,-100017.45,-2.7782625,-60.94326249998904,-94.40638499999456,-94.40638499999456
23,2026-02-05,2026-02-06,1,31.73,31.74,55.91,55.92,1.7618147448015125,1.7601200710438119,1.7602423043468793,55.86621105493059,1.0,1.0,1.0,55.92,-0.0009623539202747555,0.0,-0.0009623539202747555,False,True,False,1,1,3147.0,3149.0,3147.0,0.0,2.0,-2.0,1788.0,-1789.0,-1788.0,1.0,-0.0,1.0,-0.01,-0.005,-0.015,0.00999999999999801,0.0003151095031587417,31.489999999993735,0.010000000000005116,0.0001788428870009912,-17.890000000009152,13.599999999984583,0.0,99917.77,99917.77,0.0,-100022.98999999999,0.0,-100022.98999999999,-2.7784163888888886,-105.21999999998661,199940.76,-100022.98999999999,-2.7784163888888886,10.806583611095693,-83.59980138889887,-83.59980138889887
24,2026-02-06,2026-02-09,3,31.74,31.76,55.92,55.94,1.7613350125944582,1.7602423043468793,1.7603510217789826,55.90529558605689,1.0,1.0,1.0,55.94,-0.0006205788965023553,0.0,-0.0006205788965023553,False,True,False,1,1,3147.0,3147.0,3147.0,0.0,-0.0,0.0,1788.0,-1788.0,-1788.0,0.0,-0.0,0.0,-0.0,-0.0,0.0,0.020000000000003126,0.0006299212806720389,62.94000000000984,0.01999999999999602,0.0003575898482587281,-35.759999999992885,27.180000000016953,0.0,99885.78,99885.78,0.0,-99984.96,0.0,-99984.96,-8.332080000000001,-99.18000000000757,199870.74,-99984.96,-8.332080000000001,18.847920000016952,-64.75188138888191,-64.75188138888191
25,2026-02-09,2026-02-10,1,31.76,32.07,55.94,56.5,1.761771125662613,1.7603510217789826,1.760452769016887,56.454457268451975,1.0,1.0,1.0,56.5,-0.0008063910910163952,0.0,-0.0008063910910163952,False,True,False,1,1,3116.0,3147.0,3116.0,0.0,31.0,-31.0,1770.0,-1788.0,-1770.0,18.0,-0.0,18.0,-0.155,-0.09,-0.245,0.3099999999999987,0.009713377326128467,975.569999999996,0.5600000000000023,0.009960950378581681,-1001.2800000000041,-25.710000000008108,0.0,99948.72,99948.72,0.0,-100020.72,0.0,-100020.72,-2.7783533333333335,-72.0,199969.44,-100020.72,-2.7783533333333335,-28.73335333334144,-93.48523472222335,-93.48523472222335
26,2026-02-10,2026-02-11,1,32.07,31.93,56.5,56.23,1.7610397745067334,1.760452769016887,1.7605028756845074,56.2112569147092,1.0,1.0,1.0,56.23,-0.00033338448855322776,0.0,-0.00033338448855322776,False,False,False,1,1,3130.0,3116.0,3130.0,14.0,-0.0,14.0,1778.0,-1770.0,-1778.0,0.0,8.0,-8.0,-0.07,-0.04,-0.11000000000000001,-0.14000000000000057,-0.004375006978372894,-436.24000000000177,-0.2700000000000031,-0.004790215848284989,477.90000000000555,41.66000000000378,0.0,99930.12,99930.12,0.0,-100005.0,0.0,-100005.0,-2.777916666666667,-74.88000000000466,199935.12,-100005.0,-2.777916666666667,38.77208333333711,-54.713151388886246,-54.713151388886246
27,2026-02-11,2026-02-12,1,31.93,32.31,56.23,56.9,1.7610646858557721,1.7605028756845074,1.7605766899585866,56.881847913366435,1.0,1.0,1.0,56.9,-0.0003190682366379394,0.0,-0.0003190682366379394,False,False,False,1,1,3093.0,3130.0,3093.0,0.0,37.0,-37.0,1757.0,-1778.0,-1757.0,21.0,-0.0,21.0,-0.185,-0.105,-0.29,0.38000000000000256,0.011830773109716312,1189.400000000008,0.6700000000000017,0.011844918828174986,-1191.260000000003,-1.8599999999948977,0.0,99940.9,99940.9,0.0,-99976.93999999999,0.0,-99976.93999999999,-2.777137222222222,-36.0399999999936,199917.83999999997,-99976.93999999999,-2.777137222222222,-4.9271372222171195,-59.640288611103365,-59.640288611103365
28,2026-02-12,2026-02-13,1,32.31,32.46,56.9,57.18,1.7615526802218113,1.7605766899585866,1.7606668044688973,57.14831935605572,1.0,1.0,1.0,57.18,-0.0005542046788335007,0.0,-0.0005542046788335007,False,True,False,1,1,3079.0,3093.0,3079.0,0.0,14.0,-14.0,1749.0,-1757.0,-1749.0,8.0,-0.0,8.0,-0.07,-0.04,-0.11000000000000001,0.14999999999999858,0.0046317822500382706,463.9499999999956,0.28000000000000114,0.004908845761880429,-491.96000000000197,-28.010000000006357,0.0,99934.83,99934.83,0.0,-99973.3,0.0,-99973.3,-2.7770361111111113,-38.470000000001164,199908.13,-99973.3,-2.7770361111111113,-30.89703611111747,-90.53732472222083,-90.53732472222083
29,2026-02-13,2026-02-17,4,32.46,32.52,57.18,57.29,1.7616851168511682,1.7606668044688973,1.76075671002897,57.25688448132855,1.0,1.0,1.0,57.29,-0.0005782002669733799,0.0,-0.0005782002669733799,False,True,False,1,1,3074.0,3079.0,3074.0,0.0,5.0,-5.0,1746.0,-1749.0,-1746.0,3.0,-0.0,3.0,-0.025,-0.015,-0.04,0.060000000000002274,0.0018467225931647112,184.740000000007,0.10999999999999943,0.001921901526320684,-192.38999999999902,-7.649999999992019,0.0,99944.34,99944.34,0.0,-100007.81999999999,0.0,-100007.81999999999,-11.111979999999999,-63.479999999995925,199952.15999999997,-100007.81999999999,-11.111979999999999,-18.801979999992017,-109.33930472221284,-109.33930472221284
30,2026-02-17,2026-02-18,1,32.52,32.41,57.29,57.09,1.7614933662449863,1.76075671002897,1.760835189074785,57.066124972038914,1.0,1.0,1.0,57.09,-0.00041828729409028185,0.0,-0.00041828729409028185,False,False,False,1,1,3085.0,3074.0,3085.0,11.0,-0.0,11.0,1752.0,-1746.0,-1752.0,0.0,6.0,-6.0,-0.055,-0.03,-0.08499999999999999,-0.11000000000000654,-0.003388267526154064,-338.1400000000201,-0.19999999999999574,-0.0034971184443185403,349.19999999999254,11.059999999972433,0.0,99966.48000000001,99966.48000000001,0.0,-100028.34,0.0,-100028.34,-2.778565,-61.85999999998603,199994.82,-100028.34,-2.778565,8.196434999972432,-101.14286972224042,-101.14286972224042
31,2026-02-18,2026-02-19,1,32.41,32.44,57.09,57.16,1.7620221948212085,1.760835189074785,1.760923680519316,57.121493533586026,1.0,1.0,1.0,57.16,-0.0006738880754981234,0.0,-0.0006738880754981234,False,True,False,1,1,3080.0,3085.0,3080.0,0.0,5.0,-5.0,1749.0,-1752.0,-1749.0,3.0,-0.0,3.0,-0.025,-0.015,-0.04,0.030000000000001137,0.0009252120937561188,92.55000000000351,0.06999999999999318,0.0012253830854986726,-122.63999999998805,-30.089999999984542,0.0,99984.84999999999,99984.84999999999,0.0,-100021.68000000001,0.0,-100021.68000000001,-2.7783800000000003,-36.8300000000163,200006.53,-100021.68000000001,-2.7783800000000003,-32.90837999998454,-134.05124972222495,-134.05124972222495
32,2026-02-19,2026-02-20,1,32.44,32.39,57.16,57.05,1.7613460944736028,1.760923680519316,1.7609960135270941,57.036318012020644,1.0,1.0,1.0,57.05,-0.00023985326695367,0.0,-0.00023985326695367,False,False,False,1,1,3087.0,3080.0,3087.0,7.0,-0.0,7.0,1753.0,-1749.0,-1753.0,0.0,4.0,-4.0,-0.035,-0.02,-0.05500000000000001,-0.04999999999999716,-0.0015424960639741653,-153.99999999999125,-0.10999999999999943,-0.001926276753582005,192.38999999999902,38.390000000007774,0.0,99915.2,99915.2,0.0,-99972.84,0.0,-99972.84,-2.777023333333333,-57.63999999999942,199888.03999999998,-99972.84,-2.777023333333333,35.55797666667444,-98.4932730555505,-98.4932730555505
33,2026-02-20,2026-02-23,3,32.39,32.5,57.05,57.26,1.7618461538461538,1.7609960135270941,1.7611140346091791,57.23237043963056,1.0,1.0,1.0,57.26,-0.0004826445779696887,0.0,-0.0004826445779696887,False,False,False,1,1,3075.0,3087.0,3075.0,0.0,12.0,-12.0,1746.0,-1753.0,-1746.0,7.0,-0.0,7.0,-0.06,-0.035,-0.095,0.10999999999999943,0.0033903561524539164,339.56999999999823,0.21000000000000085,0.0036742233618843254,-368.1300000000015,-28.560000000003242,0.0,99987.93000000001,99987.93000000001,0.0,-100008.65,0.0,-100008.65,-8.334054166666666,-20.719999999986612,199996.58000000002,-100008.65,-8.334054166666666,-36.98905416666991,-135.48232722222042,-135.48232722222042
34,2026-02-23,2026-02-24,1,32.5,32.55,57.26,57.32,1.760983102918587,1.7611140346091791,1.7611556944396802,57.324261826528776,1.0,1.0,1.0,57.32,7.434871074826213e-05,0.0,7.434871074826213e-05,False,False,True,1,0,3073.0,3075.0,0.0,0.0,3075.0,-3075.0,1745.0,-1746.0,0.0,1746.0,-0.0,1746.0,-15.375,-8.73,-24.105,0.04999999999999716,0.0015372793188863979,153.74999999999125,0.060000000000002274,0.0010473032900021688,-104.76000000000397,48.989999999987276,0.0,99937.5,99937.5,0.0,-99975.95999999999,0.0,-99975.95999999999,-2.77711,-38.45999999999185,199913.46,-99975.95999999999,-2.77711,22.107889999987275,-113.37443722223314,-113.37443722223314
35,2026-02-24,2026-02-25,1,32.55,32.55,57.32,57.32,1.760983102918587,1.7611556944396802,1.7611828715636317,57.32561785401159,1.0,1.0,1.0,57.32,9.800381595455398e-05,0.0,9.800381595455398e-05,False,False,True,0,0,3073.0,0.0,0.0,0.0,-0.0,0.0,1745.0,0.0,0.0,0.0,-0.0,0.0,-0.0,-0.0,0.0,0.0,0.0,0.0,0.0,0.0,0.0,0.0,0.0,0.0,0.0,0.0,0.0,0.0,0.0,0.0,0.0,0.0,0.0,0.0,0.0,-113.37443722223314,-113.37443722223314
36,2026-02-25,2026-02-26,1,32.55,32.68,57.32,57.54,1.7607099143206855,1.7611828715636317,1.7612466691664586,57.555456242699485,1.0,1.0,1.0,57.54,0.00026858128542971534,0.0,0.00026858128542971534,False,False,True,0,0,3061.0,0.0,0.0,0.0,-0.0,0.0,1738.0,0.0,0.0,0.0,-0.0,0.0,-0.0,-0.0,0.0,0.13000000000000256,0.003985901337223964,0.0,0.21999999999999886,0.0038307551634307628,0.0,0.0,0.0,0.0,0.0,0.0,0.0,0.0,0.0,0.0,0.0,0.0,0.0,0.0,0.0,-113.37443722223314,-113.37443722223314
37,2026-02-26,2026-02-27,1,32.68,32.84,57.54,57.84,1.761266747868453,1.7612466691664586,1.761306861905793,57.83934061542651,1.0,1.0,1.0,57.84,-1.1400213209941824e-05,0.0,-1.1400213209941824e-05,True,False,False,0,0,3045.0,0.0,0.0,0.0,-0.0,0.0,1729.0,0.0,0.0,0.0,-0.0,0.0,-0.0,-0.0,0.0,0.1600000000000037,0.004884014592425359,0.0,0.30000000000000426,0.005200219727107498,0.0,0.0,0.0,0.0,0.0,0.0,0.0,0.0,0.0,0.0,0.0,0.0,0.0,0.0,0.0,-113.37443722223314,-113.37443722223314
38,2026-02-27,2026-03-02,3,32.84,32.44,57.84,57.14,1.7614056720098645,1.761306861905793,1.761391670293151,57.13679460022392,1.0,1.0,1.0,57.14,-5.6098874458900694e-05,0.0,-5.6098874458900694e-05,False,False,False,0,0,3082.0,0.0,0.0,0.0,-0.0,0.0,1750.0,0.0,0.0,0.0,-0.0,0.0,-0.0,-0.0,0.0,-0.4000000000000057,-0.012255055337015494,-0.0,-0.7000000000000028,-0.012176181047882302,-0.0,0.0,0.0,0.0,0.0,0.0,0.0,0.0,0.0,0.0,0.0,0.0,0.0,0.0,0.0,-113.37443722223314,-113.37443722223314
39,2026-03-02,2026-03-03,1,32.44,32.39,57.14,57.03,1.7607286199444272,1.761391670293151,1.7613555822064029,57.05147620079516,1.0,1.0,1.0,57.03,0.00037650636657359464,0.0,0.00037650636657359464,False,False,True,0,0,3088.0,0.0,0.0,0.0,-0.0,0.0,1753.0,0.0,0.0,0.0,-0.0,0.0,-0.0,-0.0,0.0,-0.04999999999999716,-0.0015424960639741653,-0.0,-0.10999999999999943,-0.0019269516341795295,-0.0,0.0,0.0,0.0,0.0,0.0,0.0,0.0,0.0,0.0,0.0,0.0,0.0,0.0,0.0,-113.37443722223314,-113.37443722223314
40,2026-03-03,2026-03-04,1,32.39,32.28,57.03,56.87,1.7617719950433703,1.7613555822064029,1.7613965629109523,56.85655819362269,1.0,1.0,1.0,56.87,-0.00023638816919111392,0.0,-0.00023638816919111392,False,False,False,0,0,3096.0,0.0,0.0,0.0,-0.0,0.0,1758.0,0.0,0.0,0.0,-0.0,0.0,-0.0,-0.0,0.0,-0.10999999999999943,-0.0034018897814898155,-0.0,-0.1600000000000037,-0.0028094838497391963,-0.0,0.0,0.0,0.0,0.0,0.0,0.0,0.0,0.0,0.0,0.0,0.0,0.0,0.0,0.0,-113.37443722223314,-113.37443722223314
41,2026-03-04,2026-03-05,1,32.28,32.15,56.87,56.63,1.7614307931570763,1.7613965629109523,1.7614152867877053,56.62889949758711,1.0,1.0,1.0,56.63,-1.9433394069737665e-05,0.0,-1.9433394069737665e-05,False,False,False,0,0,3111.0,0.0,0.0,0.0,-0.0,0.0,1766.0,0.0,0.0,0.0,-0.0,0.0,-0.0,-0.0,0.0,-0.13000000000000256,-0.004035392718119733,-0.0,-0.23999999999999488,-0.004229081192994633,-0.0,0.0,0.0,0.0,0.0,0.0,0.0,0.0,0.0,0.0,0.0,0.0,0.0,0.0,0.0,-113.37443722223314,-113.37443722223314
42,2026-03-05,2026-03-06,1,32.15,32.05,56.63,56.45,1.761310452418097,1.7614152867877053,1.7613780675239585,56.45335994154595,1.0,1.0,1.0,56.45,5.951889383410335e-05,0.0,5.951889383410335e-05,False,False,True,0,0,3119.0,0.0,0.0,0.0,-0.0,0.0,1771.0,0.0,0.0,0.0,-0.0,0.0,-0.0,-0.0,0.0,-0.10000000000000142,-0.003115267316949423,-0.0,-0.17999999999999972,-0.0031835895300425516,-0.0,0.0,0.0,0.0,0.0,0.0,0.0,0.0,0.0,0.0,0.0,0.0,0.0,0.0,0.0,-113.37443722223314,-113.37443722223314
43,2026-03-06,2026-03-09,3,32.05,32.28,56.45,56.86,1.761462205700124,1.7613780675239585,1.761360440568889,56.857284019673386,1.0,1.0,1.0,56.86,-4.776723873674246e-05,0.0,-4.776723873674246e-05,False,False,False,0,0,3098.0,0.0,0.0,0.0,-0.0,0.0,1759.0,0.0,0.0,0.0,-0.0,0.0,-0.0,-0.0,0.0,0.23000000000000398,0.007150660035069152,0.0,0.4099999999999966,0.007236815627182626,0.0,0.0,0.0,0.0,0.0,0.0,0.0,0.0,0.0,0.0,0.0,0.0,0.0,0.0,0.0,-113.37443722223314,-113.37443722223314
44,2026-03-09,2026-03-10,1,32.28,32.0,56.86,56.35,1.7609375,1.761360440568889,1.7613405649391662,56.36353409820445,1.0,1.0,1.0,56.35,0.00024015036664015954,0.0,0.00024015036664015954,False,False,True,0,0,3126.0,0.0,0.0,0.0,-0.0,0.0,1775.0,0.0,0.0,0.0,-0.0,0.0,-0.0,-0.0,0.0,-0.28000000000000114,-0.008711940602021568,-0.0,-0.509999999999998,-0.009009865737068414,-0.0,0.0,0.0,0.0,0.0,0.0,0.0,0.0,0.0,0.0,0.0,0.0,0.0,0.0,0.0,-113.37443722223314,-113.37443722223314
45,2026-03-10,2026-03-11,1,32.0,31.62,56.35,55.7,1.7615433270082226,1.7613405649391662,1.7613291750064466,55.69358866337644,1.0,1.0,1.0,55.7,-0.00011511141184292268,0.0,-0.00011511141184292268,False,False,False,0,0,3162.0,0.0,0.0,0.0,-0.0,0.0,1795.0,0.0,0.0,0.0,-0.0,0.0,-0.0,-0.0,0.0,-0.379999999999999,-0.011946071018400556,-0.0,-0.6499999999999986,-0.011602093552546943,-0.0,0.0,0.0,0.0,0.0,0.0,0.0,0.0,0.0,0.0,0.0,0.0,0.0,0.0,0.0,-113.37443722223314,-113.37443722223314
46,2026-03-11,2026-03-12,1,31.62,31.55,55.7,55.55,1.7606973058637083,1.7613291750064466,1.7613120515742953,55.56993547145339,1.0,1.0,1.0,55.55,0.00035880999359291056,0.0,0.00035880999359291056,False,False,True,0,0,3170.0,0.0,0.0,0.0,-0.0,0.0,1800.0,0.0,0.0,0.0,-0.0,0.0,-0.0,-0.0,0.0,-0.07000000000000028,-0.00221624279410378,-0.0,-0.15000000000000568,-0.0026966308475994244,-0.0,0.0,0.0,0.0,0.0,0.0,0.0,0.0,0.0,0.0,0.0,0.0,0.0,0.0,0.0,-113.37443722223314,-113.37443722223314
47,2026-03-12,2026-03-13,1,31.55,31.4,55.55,55.29,1.7608280254777071,1.7613120515742953,1.761300218555392,55.30519841943287,1.0,1.0,1.0,55.29,0.000274847728396129,0.0,0.000274847728396129,False,False,True,0,0,3186.0,0.0,0.0,0.0,-0.0,0.0,1809.0,0.0,0.0,0.0,-0.0,0.0,-0.0,-0.0,0.0,-0.15000000000000213,-0.004765696073014568,-0.0,-0.259999999999998,-0.00469145573579738,-0.0,0.0,0.0,0.0,0.0,0.0,0.0,0.0,0.0,0.0,0.0,0.0,0.0,0.0,0.0,-113.37443722223314,-113.37443722223314
48,2026-03-13,2026-03-16,3,31.4,31.63,55.29,55.7,1.7609864053114133,1.761300218555392,1.7612719048098722,55.70992591290705,1.0,1.0,1.0,55.7,0.00017818722796879413,0.0,0.00017818722796879413,False,False,True,0,0,3162.0,0.0,0.0,0.0,-0.0,0.0,1795.0,0.0,0.0,0.0,-0.0,0.0,-0.0,-0.0,0.0,0.23000000000000043,0.007298144403349733,0.0,0.4100000000000037,0.007388086583396881,0.0,0.0,0.0,0.0,0.0,0.0,0.0,0.0,0.0,0.0,0.0,0.0,0.0,0.0,0.0,-113.37443722223314,-113.37443722223314
49,2026-03-16,2026-03-17,1,31.63,31.73,55.7,55.88,1.7611093602269146,1.7612719048098722,1.7612431169786595,55.885157539617246,1.0,1.0,1.0,55.88,9.229244130185888e-05,0.0,9.229244130185888e-05,False,False,True,0,0,3153.0,0.0,0.0,0.0,-0.0,0.0,1790.0,0.0,0.0,0.0,-0.0,0.0,-0.0,-0.0,0.0,0.10000000000000142,0.0031565682775467987,0.0,0.17999999999999972,0.0032263874555227465,0.0,0.0,0.0,0.0,0.0,0.0,0.0,0.0,0.0,0.0,0.0,0.0,0.0,0.0,0.0,-113.37443722223314,-113.37443722223314
50,2026-03-17,2026-03-18,1,31.73,31.54,55.88,55.55,1.7612555485098287,1.7612431169786595,1.7612312260919016,55.54960790950692,1.0,1.0,1.0,55.55,-7.058359619093116e-06,0.0,-7.058359619093116e-06,False,False,False,0,0,3170.0,0.0,0.0,0.0,-0.0,0.0,1800.0,0.0,0.0,0.0,-0.0,0.0,-0.0,-0.0,0.0,-0.19000000000000128,-0.006006024060211922,-0.0,-0.3300000000000054,-0.0059230183031221675,-0.0,0.0,0.0,0.0,0.0,0.0,0.0,0.0,0.0,0.0,0.0,0.0,0.0,0.0,0.0,-113.37443722223314,-113.37443722223314
51,2026-03-18,2026-03-19,1,31.54,31.7,55.55,55.82,1.7608832807570978,1.7612312260919016,1.7611742803886958,55.83102986711328,1.0,1.0,1.0,55.82,0.00019757752637467743,0.0,0.00019757752637467743,False,False,True,0,0,3154.0,0.0,0.0,0.0,-0.0,0.0,1791.0,0.0,0.0,0.0,-0.0,0.0,-0.0,-0.0,0.0,0.16000000000000014,0.005060099348342552,0.0,0.2700000000000031,0.004848712022537255,0.0,0.0,0.0,0.0,0.0,0.0,0.0,0.0,0.0,0.0,0.0,0.0,0.0,0.0,0.0,-113.37443722223314,-113.37443722223314
52,2026-03-19,2026-03-20,1,31.7,31.11,55.82,54.78,1.7608486017357763,1.7611742803886958,1.7611494057518047,54.79013186289232,1.0,1.0,1.0,54.78,0.0001849384088336024,0.0,0.0001849384088336024,False,False,True,0,0,3214.0,0.0,0.0,0.0,-0.0,0.0,1825.0,0.0,0.0,0.0,-0.0,0.0,-0.0,-0.0,0.0,-0.5899999999999999,-0.01878736997368925,-0.0,-1.0399999999999991,-0.018807064273244047,-0.0,0.0,0.0,0.0,0.0,0.0,0.0,0.0,0.0,0.0,0.0,0.0,0.0,0.0,0.0,-113.37443722223314,-113.37443722223314
53,2026-03-20,2026-03-23,3,31.11,31.29,54.78,55.12,1.761585170981144,1.7611494057518047,1.7611363566085543,55.10636490597397,1.0,1.0,1.0,55.12,-0.00024740168302216374,0.0,-0.00024740168302216374,False,False,False,0,0,3195.0,0.0,0.0,0.0,-0.0,0.0,1814.0,0.0,0.0,0.0,-0.0,0.0,-0.0,-0.0,0.0,0.17999999999999972,0.005769246771245137,0.0,0.3399999999999963,0.006187462870470927,0.0,0.0,0.0,0.0,0.0,0.0,0.0,0.0,0.0,0.0,0.0,0.0,0.0,0.0,0.0,-113.37443722223314,-113.37443722223314
54,2026-03-23,2026-03-24,1,31.29,31.18,55.12,54.9,1.7607440667094292,1.7611363566085543,1.7611244047980965,54.91223159905472,1.0,1.0,1.0,54.9,0.00022277298124621524,0.0,0.00022277298124621524,False,False,True,0,0,3207.0,0.0,0.0,0.0,-0.0,0.0,1821.0,0.0,0.0,0.0,-0.0,0.0,-0.0,-0.0,0.0,-0.10999999999999943,-0.0035216940511602506,-0.0,-0.21999999999999886,-0.003999278189918143,-0.0,0.0,0.0,0.0,0.0,0.0,0.0,0.0,0.0,0.0,0.0,0.0,0.0,0.0,0.0,-113.37443722223314,-113.37443722223314
55,2026-03-24,2026-03-25,1,31.18,31.45,54.9,55.39,1.7612082670906202,1.7611244047980965,1.7611356630066983,55.387362530900134,1.0,1.0,1.0,55.39,-4.7617474186147394e-05,0.0,-4.7617474186147394e-05,False,False,False,0,0,3179.0,0.0,0.0,0.0,-0.0,0.0,1805.0,0.0,0.0,0.0,-0.0,0.0,-0.0,-0.0,0.0,0.2699999999999996,0.008622119516819106,0.0,0.490000000000002,0.008885723529527718,0.0,0.0,0.0,0.0,0.0,0.0,0.0,0.0,0.0,0.0,0.0,0.0,0.0,0.0,0.0,-113.37443722223314,-113.37443722223314
56,2026-03-25,2026-03-26,1,31.45,31.2,55.39,54.94,1.7608974358974359,1.7611356630066983,1.7611450390855357,54.947432685808984,1.0,1.0,1.0,54.94,0.00013527817765241612,0.0,0.00013527817765241612,False,False,True,0,0,3205.0,0.0,0.0,0.0,-0.0,0.0,1820.0,0.0,0.0,0.0,-0.0,0.0,-0.0,-0.0,0.0,-0.25,-0.007980888331012877,-0.0,-0.45000000000000284,-0.008157391377884822,-0.0,0.0,0.0,0.0,0.0,0.0,0.0,0.0,0.0,0.0,0.0,0.0,0.0,0.0,0.0,-113.37443722223314,-113.37443722223314
57,2026-03-26,2026-03-27,1,31.2,31.04,54.94,54.7,1.7622422680412373,1.7611450390855357,1.7611938150941746,54.66594201321502,1.0,1.0,1.0,54.7,-0.0006228262155292572,0.0,-0.0006228262155292572,False,True,False,0,1,3219.0,0.0,3219.0,3219.0,-0.0,3219.0,1828.0,0.0,-1828.0,0.0,1828.0,-1828.0,-16.095,-9.14,-25.235,-0.16000000000000014,-0.005141399500418652,-0.0,-0.23999999999999488,-0.004377971239192179,-0.0,0.0,0.0,0.0,0.0,0.0,0.0,0.0,0.0,0.0,0.0,0.0,0.0,0.0,-25.235,-138.60943722223314,-138.60943722223314
58,2026-03-27,2026-03-30,3,31.04,31.44,54.7,55.37,1.7611323155216283,1.7611938150941746,1.7611801472697628,55.371933546560854,1.0,1.0,1.0,55.37,3.491986276793831e-05,0.0,3.491986276793831e-05,False,False,True,1,0,3181.0,3219.0,0.0,0.0,3219.0,-3219.0,1806.0,-1828.0,0.0,1828.0,-0.0,1828.0,-16.095,-9.14,-25.235,0.40000000000000213,0.012804272245987968,1287.600000000007,0.6699999999999946,0.012174221406940217,-1224.7599999999902,62.840000000016744,0.0,99917.76,99917.76,0.0,-99991.6,0.0,-99991.6,-8.332633333333334,-73.84000000001106,199909.36,-99991.6,-8.332633333333334,29.27236666668341,-109.33707055554973,-109.33707055554973
59,2026-03-30,2026-03-31,1,31.44,31.43,55.37,55.36,1.7613744829780464,1.7611801472697628,1.7612124404214438,55.35389202868864,1.0,1.0,1.0,55.36,-0.00011033793872897289,0.0,-0.00011033793872897289,True,False,False,0,0,3181.0,0.0,0.0,0.0,-0.0,0.0,1806.0,0.0,0.0,0.0,-0.0,0.0,-0.0,-0.0,0.0,-0.010000000000001563,-0.0003181167515296169,-0.0,-0.00999999999999801,-0.00018061952546169184,-0.0,0.0,0.0,0.0,0.0,0.0,0.0,0.0,0.0,0.0,0.0,0.0,0.0,0.0,0.0,-109.33707055554973,-109.33707055554973
60,2026-03-31,2026-04-01,1,31.43,31.29,55.36,55.1,1.7609459891339088,1.7612124404214438,1.7611711401259709,55.108337260786975,1.0,1.0,1.0,55.1,0.0001513000016168521,0.0,0.0001513000016168521,False,False,True,0,0,3197.0,0.0,0.0,0.0,-0.0,0.0,1815.0,0.0,0.0,0.0,-0.0,0.0,-0.0,-0.0,0.0,-0.14000000000000057,-0.004464293128685493,-0.0,-0.259999999999998,-0.0047075951505452405,-0.0,0.0,0.0,0.0,0.0,0.0,0.0,0.0,0.0,0.0,0.0,0.0,0.0,0.0,0.0,-109.33707055554973,-109.33707055554973
61,2026-04-01,2026-04-02,1,31.29,31.45,55.1,55.37,1.7605723370429252,1.7611711401259709,1.7611282173202631,55.388832356961785,1.0,1.0,1.0,55.37,0.0003400605936793958,0.0,0.0003400605936793958,False,False,True,0,0,3181.0,0.0,0.0,0.0,-0.0,0.0,1806.0,0.0,0.0,0.0,-0.0,0.0,-0.0,-0.0,0.0,0.16000000000000014,0.005100425465658838,0.0,0.269999999999996,0.004888214676007,0.0,0.0,0.0,0.0,0.0,0.0,0.0,0.0,0.0,0.0,0.0,0.0,0.0,0.0,0.0,-109.33707055554973,-109.33707055554973
62,2026-04-02,2026-04-06,4,31.45,31.41,55.37,55.3,1.7605858007004138,1.7611282173202631,1.7610919847343791,55.31703730602946,1.0,1.0,1.0,55.3,0.0003080412670437895,0.0,0.0003080412670437895,False,False,True,0,0,3184.0,0.0,0.0,0.0,-0.0,0.0,1808.0,0.0,0.0,0.0,-0.0,0.0,-0.0,-0.0,0.0,-0.03999999999999915,-0.0012726695958943336,-0.0,-0.07000000000000028,-0.0012650223065867451,-0.0,0.0,0.0,0.0,0.0,0.0,0.0,0.0,0.0,0.0,0.0,0.0,0.0,0.0,0.0,-109.33707055554973,-109.33707055554973
63,2026-04-06,2026-04-07,1,31.41,31.39,55.3,55.3,1.7617075501752149,1.7610919847343791,1.7611042519581335,55.28067740081216,1.0,1.0,1.0,55.3,-0.00034947514952290824,0.0,-0.00034947514952290824,False,False,False,0,0,3184.0,0.0,0.0,0.0,-0.0,0.0,1808.0,0.0,0.0,0.0,-0.0,0.0,-0.0,-0.0,0.0,-0.019999999999999574,-0.0006369426966929427,-0.0,0.0,0.0,0.0,0.0,0.0,0.0,0.0,0.0,0.0,0.0,0.0,0.0,0.0,0.0,0.0,0.0,0.0,-109.33707055554973,-109.33707055554973
64,2026-04-07,2026-04-08,1,31.39,31.51,55.3,55.5,1.7613456045699778,1.7611042519581335,1.7611246571866324,55.49239497920079,1.0,1.0,1.0,55.5,-0.0001370367908997,0.0,-0.0001370367908997,False,False,False,0,0,3174.0,0.0,0.0,0.0,-0.0,0.0,1802.0,0.0,0.0,0.0,-0.0,0.0,-0.0,-0.0,0.0,0.120000000000001,0.003815584915321048,0.0,0.20000000000000284,0.0036101122240997934,0.0,0.0,0.0,0.0,0.0,0.0,0.0,0.0,0.0,0.0,0.0,0.0,0.0,0.0,0.0,-109.33707055554973,-109.33707055554973
65,2026-04-08,2026-04-09,1,31.51,31.46,55.5,55.4,1.7609663064208518,1.7611246571866324,1.761095806157264,55.40498171509145,1.0,1.0,1.0,55.4,8.991861228075271e-05,0.0,8.991861228075271e-05,False,False,True,0,0,3179.0,0.0,0.0,0.0,-0.0,0.0,1805.0,0.0,0.0,0.0,-0.0,0.0,-0.0,-0.0,0.0,-0.05000000000000071,-0.001588058139051461,-0.0,-0.10000000000000142,-0.0018034269991506827,-0.0,0.0,0.0,0.0,0.0,0.0,0.0,0.0,0.0,0.0,0.0,0.0,0.0,0.0,0.0,-109.33707055554973,-109.33707055554973
66,2026-04-09,2026-04-10,1,31.46,31.37,55.4,55.26,1.7615556263946444,1.761095806157264,1.7611387221838108,55.24557543915337,1.0,1.0,1.0,55.26,-0.000261064853447113,0.0,-0.000261064853447113,False,False,False,0,0,3188.0,0.0,0.0,0.0,-0.0,0.0,1810.0,0.0,0.0,0.0,-0.0,0.0,-0.0,-0.0,0.0,-0.08999999999999986,-0.0028648754275449836,-0.0,-0.14000000000000057,-0.0025302742579676836,-0.0,0.0,0.0,0.0,0.0,0.0,0.0,0.0,0.0,0.0,0.0,0.0,0.0,0.0,0.0,-109.33707055554973,-109.33707055554973
67,2026-04-10,2026-04-13,3,31.37,31.47,55.26,55.43,1.761360025421036,1.7611387221838108,1.761165322180977,55.423035587124524,1.0,1.0,1.0,55.43,-0.00012565127960185543,0.0,-0.00012565127960185543,False,False,False,0,0,3177.0,0.0,0.0,0.0,-0.0,0.0,1804.0,0.0,0.0,0.0,-0.0,0.0,-0.0,-0.0,0.0,0.09999999999999787,0.00318268887372876,0.0,0.1700000000000017,0.003071643936442842,0.0,0.0,0.0,0.0,0.0,0.0,0.0,0.0,0.0,0.0,0.0,0.0,0.0,0.0,0.0,-109.33707055554973,-109.33707055554973
68,2026-04-13,2026-04-14,1,31.47,31.64,55.43,55.71,1.7607458912768648,1.761165322180977,1.7611532964792498,55.723270793806115,1.0,1.0,1.0,55.71,0.00023818369099856107,0.0,0.00023818369099856107,False,False,True,0,0,3161.0,0.0,0.0,0.0,-0.0,0.0,1795.0,0.0,0.0,0.0,-0.0,0.0,-0.0,-0.0,0.0,0.1700000000000017,0.00538743182313758,0.0,0.28000000000000114,0.0050387006010108575,0.0,0.0,0.0,0.0,0.0,0.0,0.0,0.0,0.0,0.0,0.0,0.0,0.0,0.0,0.0,-109.33707055554973,-109.33707055554973
69,2026-04-14,2026-04-15,1,31.64,31.51,55.71,55.49,1.7610282450015868,1.7611532964792498,1.7611492407179832,55.49394037206116,1.0,1.0,1.0,55.49,7.100796835309346e-05,0.0,7.100796835309346e-05,False,False,True,0,0,3174.0,0.0,0.0,0.0,-0.0,0.0,1802.0,0.0,0.0,0.0,-0.0,0.0,-0.0,-0.0,0.0,-0.129999999999999,-0.004117187130269853,-0.0,-0.21999999999999886,-0.003956839694914201,-0.0,0.0,0.0,0.0,0.0,0.0,0.0,0.0,0.0,0.0,0.0,0.0,0.0,0.0,0.0,-109.33707055554973,-109.33707055554973
70,2026-04-15,2026-04-16,1,31.51,31.34,55.49,55.19,1.761008296107211,1.7611492407179832,1.7611368780978527,55.19441720410159,1.0,1.0,1.0,55.19,8.003311003185973e-05,0.0,8.003311003185973e-05,False,False,True,0,0,3191.0,0.0,0.0,0.0,-0.0,0.0,1812.0,0.0,0.0,0.0,-0.0,0.0,-0.0,-0.0,0.0,-0.1700000000000017,-0.005409718841308496,-0.0,-0.30000000000000426,-0.005421046886400058,-0.0,0.0,0.0,0.0,0.0,0.0,0.0,0.0,0.0,0.0,0.0,0.0,0.0,0.0,0.0,-109.33707055554973,-109.33707055554973
71,2026-04-16,2026-04-17,1,31.34,31.6,55.19,55.65,1.7610759493670884,1.7611368780978527,1.7611465115283522,55.651925347892146,1.0,1.0,1.0,55.65,3.459684792193071e-05,0.0,3.459684792193071e-05,False,False,True,0,0,3165.0,0.0,0.0,0.0,-0.0,0.0,1797.0,0.0,0.0,0.0,-0.0,0.0,-0.0,-0.0,0.0,0.26000000000000156,0.008261883664991757,0.0,0.46000000000000085,0.00830030027014386,0.0,0.0,0.0,0.0,0.0,0.0,0.0,0.0,0.0,0.0,0.0,0.0,0.0,0.0,0.0,-109.33707055554973,-109.33707055554973
72,2026-04-17,2026-04-20,3,31.6,31.58,55.65,55.64,1.7618746041798607,1.7611465115283522,1.7611978116505562,55.61700683406536,1.0,1.0,1.0,55.64,-0.00041333425941059826,0.0,-0.00041333425941059826,False,False,False,0,0,3165.0,0.0,0.0,0.0,-0.0,0.0,1797.0,0.0,0.0,0.0,-0.0,0.0,-0.0,-0.0,0.0,-0.020000000000003126,-0.0006331117653705114,-0.0,-0.00999999999999801,-0.00017971066631161355,-0.0,0.0,0.0,0.0,0.0,0.0,0.0,0.0,0.0,0.0,0.0,0.0,0.0,0.0,0.0,-109.33707055554973,-109.33707055554973
73,2026-04-20,2026-04-21,1,31.58,31.4,55.64,55.32,1.761783439490446,1.7611978116505562,1.7612077250760212,55.30161128582746,1.0,1.0,1.0,55.32,-0.0003324615168441532,0.0,-0.0003324615168441532,False,False,False,0,0,3184.0,0.0,0.0,0.0,-0.0,0.0,1808.0,0.0,0.0,0.0,-0.0,0.0,-0.0,-0.0,0.0,-0.17999999999999972,-0.0057161159132883554,-0.0,-0.3200000000000003,-0.005767860258684726,-0.0,0.0,0.0,0.0,0.0,0.0,0.0,0.0,0.0,0.0,0.0,0.0,0.0,0.0,0.0,-109.33707055554973,-109.33707055554973
74,2026-04-21,2026-04-22,1,31.4,31.47,55.32,55.44,1.761677788369876,1.7612077250760212,1.7612544111590438,55.42520710814239,1.0,1.0,1.0,55.44,-0.00026686265838069196,0.0,-0.00026686265838069196,False,False,False,0,0,3177.0,0.0,0.0,0.0,-0.0,0.0,1804.0,0.0,0.0,0.0,-0.0,0.0,-0.0,-0.0,0.0,0.07000000000000028,0.0022268181621077597,0.0,0.11999999999999744,0.002166848085090293,0.0,0.0,0.0,0.0,0.0,0.0,0.0,0.0,0.0,0.0,0.0,0.0,0.0,0.0,0.0,-109.33707055554973,-109.33707055554973
75,2026-04-22,2026-04-23,1,31.47,31.42,55.44,55.32,1.7606619987269254,1.7612544111590438,1.7612270977408588,55.33861359861716,1.0,1.0,1.0,55.32,0.0003364148200920618,0.0,0.0003364148200920618,False,False,True,0,0,3184.0,0.0,0.0,0.0,-0.0,0.0,1808.0,0.0,0.0,0.0,-0.0,0.0,-0.0,-0.0,0.0,-0.04999999999999716,-0.0015900782488402687,-0.0,-0.11999999999999744,-0.002166848085090314,-0.0,0.0,0.0,0.0,0.0,0.0,0.0,0.0,0.0,0.0,0.0,0.0,0.0,0.0,0.0,-109.33707055554973,-109.33707055554973
76,2026-04-23,2026-04-24,1,31.42,31.49,55.32,55.43,1.7602413464591935,1.7612270977408588,1.761194293268947,55.461041307859645,1.0,1.0,1.0,55.43,0.0005598524155663419,0.0,0.0005598524155663419,False,False,True,0,0,3177.0,0.0,0.0,0.0,-0.0,0.0,1804.0,0.0,0.0,0.0,-0.0,0.0,-0.0,-0.0,0.0,0.06999999999999673,0.002225402285458005,0.0,0.10999999999999943,0.0019864566351558964,0.0,0.0,0.0,0.0,0.0,0.0,0.0,0.0,0.0,0.0,0.0,0.0,0.0,0.0,0.0,-109.33707055554973,-109.33707055554973
77,2026-04-24,2026-04-27,3,31.49,31.32,55.43,55.18,1.7618135376756066,1.761194293268947,1.7611728567506653,55.16060526518342,1.0,1.0,1.0,55.18,-0.000351543023888745,0.0,-0.000351543023888745,False,False,False,0,0,3191.0,0.0,0.0,0.0,-0.0,0.0,1812.0,0.0,0.0,0.0,-0.0,0.0,-0.0,-0.0,0.0,-0.16999999999999815,-0.005413163990330821,-0.0,-0.25,-0.00452039464257333,-0.0,0.0,0.0,0.0,0.0,0.0,0.0,0.0,0.0,0.0,0.0,0.0,0.0,0.0,0.0,-109.33707055554973,-109.33707055554973
78,2026-04-27,2026-04-28,1,31.32,31.34,55.18,55.22,1.7619655392469686,1.7611728567506653,1.7612145179369325,55.19515733056585,1.0,1.0,1.0,55.22,-0.0004499865861526503,0.0,-0.0004499865861526503,False,False,False,0,0,3189.0,0.0,0.0,0.0,-0.0,0.0,1811.0,0.0,0.0,0.0,-0.0,0.0,-0.0,-0.0,0.0,0.019999999999999574,0.0006383658052724966,0.0,0.03999999999999915,0.0007246377128682905,0.0,0.0,0.0,0.0,0.0,0.0,0.0,0.0,0.0,0.0,0.0,0.0,0.0,0.0,0.0,-109.33707055554973,-109.33707055554973
79,2026-04-28,2026-04-29,1,31.34,31.1,55.22,54.79,1.7617363344051447,1.7612145179369325,1.7612326105082872,54.7737715078386,1.0,1.0,1.0,54.79,-0.00029623829221537873,0.0,-0.00029623829221537873,False,False,False,0,0,3214.0,0.0,0.0,0.0,-0.0,0.0,1825.0,0.0,0.0,0.0,-0.0,0.0,-0.0,-0.0,0.0,-0.23999999999999844,-0.007687417742686282,-0.0,-0.4299999999999997,-0.007817510951684006,-0.0,0.0,0.0,0.0,0.0,0.0,0.0,0.0,0.0,0.0,0.0,0.0,0.0,0.0,0.0,-109.33707055554973,-109.33707055554973
80,2026-04-29,2026-04-30,1,31.1,31.09,54.79,54.77,1.7616596976519783,1.7612326105082872,1.7612682959341908,54.75672186070265,1.0,1.0,1.0,54.77,-0.0002424639236312261,0.0,-0.0002424639236312261,True,False,False,0,0,3216.0,0.0,0.0,0.0,-0.0,0.0,1826.0,0.0,0.0,0.0,-0.0,0.0,-0.0,-0.0,0.0,-0.010000000000001563,-0.0003215951145260924,-0.0,-0.01999999999999602,-0.00036509675469437164,-0.0,0.0,0.0,0.0,0.0,0.0,0.0,0.0,0.0,0.0,0.0,0.0,0.0,0.0,0.0,-109.33707055554973,-109.33707055554973
81,2026-04-30,2026-05-01,1,31.09,31.08,54.77,54.73,1.760939510939511,1.7612682959341908,1.7612866546290202,54.74021863763465,1.0,1.0,1.0,54.73,0.00018669255970250588,0.0,0.00018669255970250588,False,False,True,0,0,3218.0,0.0,0.0,0.0,-0.0,0.0,1827.0,0.0,0.0,0.0,-0.0,0.0,-0.0,-0.0,0.0,-0.010000000000001563,-0.00032169857121575496,-0.0,-0.04000000000000625,-0.0007305936398032841,-0.0,0.0,0.0,0.0,0.0,0.0,0.0,0.0,0.0,0.0,0.0,0.0,0.0,0.0,0.0,-109.33707055554973,-109.33707055554973
82,2026-05-01,2026-05-04,3,31.08,30.87,54.73,54.36,1.760932944606414,1.7612866546290202,1.7613040118243197,54.37091902839786,1.0,1.0,1.0,54.36,0.0002008449580327866,0.0,0.0002008449580327866,False,False,True,0,0,3241.0,0.0,0.0,0.0,-0.0,0.0,1840.0,0.0,0.0,0.0,-0.0,0.0,-0.0,-0.0,0.0,-0.2099999999999973,-0.006779686985378692,-0.0,-0.36999999999999744,-0.006783415872883769,-0.0,0.0,0.0,0.0,0.0,0.0,0.0,0.0,0.0,0.0,0.0,0.0,0.0,0.0,0.0,-109.33707055554973,-109.33707055554973
83,2026-05-04,2026-05-05,1,30.87,31.01,54.36,54.61,1.7610448242502417,1.7613040118243197,1.7612708755280715,54.61803740667216,1.0,1.0,1.0,54.61,0.00014716746501162458,0.0,0.00014716746501162458,False,False,True,0,0,3225.0,0.0,0.0,0.0,-0.0,0.0,1831.0,0.0,0.0,0.0,-0.0,0.0,-0.0,-0.0,0.0,0.14000000000000057,0.004524894598289724,0.0,0.25,0.0045884268811192605,0.0,0.0,0.0,0.0,0.0,0.0,0.0,0.0,0.0,0.0,0.0,0.0,0.0,0.0,0.0,-109.33707055554973,-109.33707055554973
84,2026-05-05,2026-05-06,1,31.01,31.25,54.61,55.03,1.76096,1.7612708755280715,1.7612515952995724,55.03971486025223,1.0,1.0,1.0,55.03,0.00017652194865396404,0.0,0.00017652194865396404,False,False,True,0,0,3200.0,0.0,0.0,0.0,-0.0,0.0,1817.0,0.0,0.0,0.0,-0.0,0.0,-0.0,-0.0,0.0,0.23999999999999844,0.00770964307005291,0.0,0.4200000000000017,0.0076614749076051305,0.0,0.0,0.0,0.0,0.0,0.0,0.0,0.0,0.0,0.0,0.0,0.0,0.0,0.0,0.0,-109.33707055554973,-109.33707055554973
85,2026-05-06,2026-05-07,1,31.25,31.11,55.03,54.79,1.7611700417872067,1.7612515952995724,1.7612617820678902,54.7925371297697,1.0,1.0,1.0,54.79,4.63053664682508e-05,0.0,4.63053664682508e-05,False,False,True,0,0,3214.0,0.0,0.0,0.0,-0.0,0.0,1825.0,0.0,0.0,0.0,-0.0,0.0,-0.0,-0.0,0.0,-0.14000000000000057,-0.004490065272864893,-0.0,-0.240000000000002,-0.004370795521343071,-0.0,0.0,0.0,0.0,0.0,0.0,0.0,0.0,0.0,0.0,0.0,0.0,0.0,0.0,0.0,-109.33707055554973,-109.33707055554973
86,2026-05-07,2026-05-08,1,31.11,31.24,54.79,55.02,1.7612035851472474,1.7612617820678902,1.7612441800055205,55.02181807180089,1.0,1.0,1.0,55.02,3.30432890496582e-05,0.0,3.30432890496582e-05,False,False,True,0,0,3202.0,0.0,0.0,0.0,-0.0,0.0,1818.0,0.0,0.0,0.0,-0.0,0.0,-0.0,-0.0,0.0,0.129999999999999,0.0041700140619395165,0.0,0.23000000000000398,0.004189059946104095,0.0,0.0,0.0,0.0,0.0,0.0,0.0,0.0,0.0,0.0,0.0,0.0,0.0,0.0,0.0,-109.33707055554973,-109.33707055554973
87,2026-05-08,2026-05-11,3,31.24,31.06,55.02,54.72,1.7617514488087573,1.7612441800055205,1.7612637511749067,54.70424423097146,1.0,1.0,1.0,54.72,-0.00028797583658275234,0.0,-0.00028797583658275234,False,False,False,0,0,3218.0,0.0,0.0,0.0,-0.0,0.0,1827.0,0.0,0.0,0.0,-0.0,0.0,-0.0,-0.0,0.0,-0.17999999999999972,-0.005778507250944167,-0.0,-0.30000000000000426,-0.005467482182133501,-0.0,0.0,0.0,0.0,0.0,0.0,0.0,0.0,0.0,0.0,0.0,0.0,0.0,0.0,0.0,-109.33707055554973,-109.33707055554973
88,2026-05-11,2026-05-12,1,31.06,30.88,54.72,54.38,1.7610103626943006,1.7612637511749067,1.7612769747457784,54.38782463628112,1.0,1.0,1.0,54.38,0.0001438777748985458,0.0,0.0001438777748985458,False,False,True,0,0,3239.0,0.0,0.0,0.0,-0.0,0.0,1839.0,0.0,0.0,0.0,-0.0,0.0,-0.0,-0.0,0.0,-0.17999999999999972,-0.005812092563965579,-0.0,-0.3399999999999963,-0.0062328341099703215,-0.0,0.0,0.0,0.0,0.0,0.0,0.0,0.0,0.0,0.0,0.0,0.0,0.0,0.0,0.0,-109.33707055554973,-109.33707055554973
89,2026-05-12,2026-05-13,1,30.88,30.81,54.38,54.28,1.7617656604998377,1.7612769747457784,1.7613138455206907,54.26494359191743,1.0,1.0,1.0,54.28,-0.0002774225621368779,0.0,-0.0002774225621368779,False,False,False,0,0,3244.0,0.0,0.0,0.0,-0.0,0.0,1842.0,0.0,0.0,0.0,-0.0,0.0,-0.0,-0.0,0.0,-0.07000000000000028,-0.002269412547998876,-0.0,-0.10000000000000142,-0.0018406042376562588,-0.0,0.0,0.0,0.0,0.0,0.0,0.0,0.0,0.0,0.0,0.0,0.0,0.0,0.0,0.0,-109.33707055554973,-109.33707055554973
90,2026-05-13,2026-05-14,1,30.81,30.85,54.28,54.34,1.7614262560777958,1.7613138455206907,1.76133474351922,54.33653213431331,1.0,1.0,1.0,54.34,-6.381995486547359e-05,0.0,-6.381995486547359e-05,False,False,False,0,0,3241.0,0.0,0.0,0.0,-0.0,0.0,1840.0,0.0,0.0,0.0,-0.0,0.0,-0.0,-0.0,0.0,0.0400000000000027,0.001297437742820251,0.0,0.060000000000002274,0.0011047690315333732,0.0,0.0,0.0,0.0,0.0,0.0,0.0,0.0,0.0,0.0,0.0,0.0,0.0,0.0,0.0,-109.33707055554973,-109.33707055554973
91,2026-05-14,2026-05-15,1,30.85,30.42,54.34,53.58,1.7613412228796843,1.76133474351922,1.7613480071948497,53.57980289785467,1.0,1.0,1.0,53.58,-3.6786582281462742e-06,0.0,-3.6786582281462742e-06,False,False,False,0,0,3287.0,0.0,0.0,0.0,-0.0,0.0,1866.0,0.0,0.0,0.0,-0.0,0.0,-0.0,-0.0,0.0,-0.4299999999999997,-0.014036463520250049,-0.0,-0.7600000000000051,-0.014084739881739085,-0.0,0.0,0.0,0.0,0.0,0.0,0.0,0.0,0.0,0.0,0.0,0.0,0.0,0.0,0.0,-109.33707055554973,-109.33707055554973
92,2026-05-15,2026-05-18,3,30.42,30.38,53.58,53.52,1.761685319289006,1.7613480071948497,1.7613385429503072,53.509752458579534,1.0,1.0,1.0,53.52,-0.00019148958521135418,0.0,-0.00019148958521135418,False,False,False,0,0,3290.0,0.0,0.0,0.0,-0.0,0.0,1868.0,0.0,0.0,0.0,-0.0,0.0,-0.0,-0.0,0.0,-0.0400000000000027,-0.0013157896635200795,-0.0,-0.05999999999999517,-0.0011204482964896065,-0.0,0.0,0.0,0.0,0.0,0.0,0.0,0.0,0.0,0.0,0.0,0.0,0.0,0.0,0.0,-109.33707055554973,-109.33707055554973
93,2026-05-18,2026-05-19,1,30.38,30.2,53.52,53.19,1.7612582781456954,1.7613385429503072,1.7613122848830696,53.192423997099276,1.0,1.0,1.0,53.19,4.557138310302511e-05,0.0,4.557138310302511e-05,False,False,True,0,0,3311.0,0.0,0.0,0.0,-0.0,0.0,1880.0,0.0,0.0,0.0,-0.0,0.0,-0.0,-0.0,0.0,-0.17999999999999972,-0.0059425727868028175,-0.0,-0.3300000000000054,-0.006185007065746899,-0.0,0.0,0.0,0.0,0.0,0.0,0.0,0.0,0.0,0.0,0.0,0.0,0.0,0.0,0.0,-109.33707055554973,-109.33707055554973
94,2026-05-19,2026-05-20,1,30.2,30.5,53.19,53.73,1.761639344262295,1.7613122848830696,1.7613103626776905,53.72002468893362,1.0,1.0,1.0,53.73,-0.00018567350028845283,0.0,-0.00018567350028845283,False,False,False,0,0,3278.0,0.0,0.0,0.0,-0.0,0.0,1861.0,0.0,0.0,0.0,-0.0,0.0,-0.0,-0.0,0.0,0.3000000000000007,0.009884759232541925,0.0,0.5399999999999991,0.01010109598650392,0.0,0.0,0.0,0.0,0.0,0.0,0.0,0.0,0.0,0.0,0.0,0.0,0.0,0.0,0.0,-109.33707055554973,-109.33707055554973
95,2026-05-20,2026-05-21,1,30.5,30.61,53.73,53.91,1.7611891538712838,1.7613103626776905,1.7613367204349086,53.91371020156411,1.0,1.0,1.0,53.91,6.881977180415313e-05,0.0,6.881977180415313e-05,False,False,True,0,0,3267.0,0.0,0.0,0.0,-0.0,0.0,1855.0,0.0,0.0,0.0,-0.0,0.0,-0.0,-0.0,0.0,0.10999999999999943,0.0036000693439551977,0.0,0.17999999999999972,0.00334448472284735,0.0,0.0,0.0,0.0,0.0,0.0,0.0,0.0,0.0,0.0,0.0,0.0,0.0,0.0,0.0,-109.33707055554973,-109.33707055554973
96,2026-05-21,2026-05-22,1,30.61,30.72,53.91,54.13,1.7620442708333335,1.7613367204349086,1.7614268666536153,54.10826405176039,1.0,1.0,1.0,54.13,-0.0004016315066065152,0.0,-0.0004016315066065152,False,False,False,0,0,3253.0,0.0,0.0,0.0,-0.0,0.0,1847.0,0.0,0.0,0.0,-0.0,0.0,-0.0,-0.0,0.0,0.10999999999999943,0.003587155322150192,0.0,0.22000000000000597,0.004072571345309317,0.0,0.0,0.0,0.0,0.0,0.0,0.0,0.0,0.0,0.0,0.0,0.0,0.0,0.0,0.0,-109.33707055554973,-109.33707055554973
97,2026-05-22,2026-05-26,4,30.72,30.9,54.13,54.44,1.7618122977346278,1.7614268666536153,1.7614268046565666,54.42809017959671,1.0,1.0,1.0,54.44,-0.00021879359564689325,0.0,-0.00021879359564689325,False,False,False,0,0,3236.0,0.0,0.0,0.0,-0.0,0.0,1837.0,0.0,0.0,0.0,-0.0,0.0,-0.0,-0.0,0.0,0.17999999999999972,0.005842275624228361,0.0,0.30999999999999517,0.005710616974378791,0.0,0.0,0.0,0.0,0.0,0.0,0.0,0.0,0.0,0.0,0.0,0.0,0.0,0.0,0.0,-109.33707055554973,-109.33707055554973
98,2026-05-26,2026-05-27,1,30.9,30.98,54.44,54.55,1.760813428018076,1.7614268046565666,1.7613691990951217,54.56900240826044,1.0,1.0,1.0,54.55,0.0003482877965000428,0.0,0.0003482877965000428,False,False,True,0,0,3229.0,0.0,0.0,0.0,-0.0,0.0,1833.0,0.0,0.0,0.0,-0.0,0.0,-0.0,-0.0,0.0,0.08000000000000185,0.0025856510850227636,0.0,0.10999999999999943,0.002018534495814424,0.0,0.0,0.0,0.0,0.0,0.0,0.0,0.0,0.0,0.0,0.0,0.0,0.0,0.0,0.0,-109.33707055554973,-109.33707055554973
99,2026-05-27,2026-05-28,1,30.98,31.11,54.55,54.81,1.7618129218900676,1.7613691990951217,1.761373028469368,54.796195783849235,1.0,1.0,1.0,54.81,-0.0002518875164863036,0.0,-0.0002518875164863036,False,False,False,0,0,3213.0,0.0,0.0,0.0,-0.0,0.0,1824.0,0.0,0.0,0.0,-0.0,0.0,-0.0,-0.0,0.0,0.129999999999999,0.004187475920822946,0.0,0.2600000000000051,0.004754946778945336,0.0,0.0,0.0,0.0,0.0,0.0,0.0,0.0,0.0,0.0,0.0,0.0,0.0,0.0,0.0,-109.33707055554973,-109.33707055554973
100,2026-05-28,2026-05-29,1,31.11,31.12,54.81,54.84,1.7622107969151672,1.761373028469368,1.7614005834325277,54.81392864596673,1.0,1.0,1.0,54.84,-0.0004755206648129918,0.0,-0.0004755206648129918,True,False,False,0,0,3211.0,0.0,0.0,0.0,-0.0,0.0,1823.0,0.0,0.0,0.0,-0.0,0.0,-0.0,-0.0,0.0,0.010000000000001563,0.00032138840064521414,0.0,0.030000000000001137,0.0005471956360886392,0.0,0.0,0.0,0.0,0.0,0.0,0.0,0.0,0.0,0.0,0.0,0.0,0.0,0.0,0.0,-109.33707055554973,-109.33707055554973
101,2026-05-29,2026-06-01,3,31.12,30.99,54.84,54.62,1.7625040335592126,1.7614005834325277,1.7614788095635123,54.58580408057403,1.0,1.0,1.0,54.62,-0.0006262656244607167,0.0,-0.0006262656244607167,False,True,False,0,1,3225.0,0.0,3225.0,3225.0,-0.0,3225.0,1831.0,0.0,-1831.0,0.0,1831.0,-1831.0,-16.125,-9.155,-25.28,-0.13000000000000256,-0.0041861275105340105,-0.0,-0.22000000000000597,-0.004019738648554817,-0.0,0.0,0.0,0.0,0.0,0.0,0.0,0.0,0.0,0.0,0.0,0.0,0.0,0.0,-25.28,-134.61707055554973,-134.61707055554973
102,2026-06-01,2026-06-02,1,30.99,31.06,54.62,54.75,1.7627173213135867,1.7614788095635123,1.7615680283988713,54.71153182504269,1.0,1.0,1.0,54.75,-0.0007028620173605677,0.0,-0.0007028620173605677,False,True,False,1,1,3216.0,3225.0,3216.0,0.0,9.0,-9.0,1826.0,-1831.0,-1826.0,5.0,-0.0,5.0,-0.045,-0.025,-0.07,0.07000000000000028,0.002256245920884182,225.7500000000009,0.13000000000000256,0.002377252651051362,-238.0300000000047,-12.280000000003781,0.0,99942.75,99942.75,0.0,-100009.22,0.0,-100009.22,-2.778033888888889,-66.47000000000116,199951.97,-100009.22,-2.778033888888889,-15.12803388889267,-149.7451044444424,-149.7451044444424
103,2026-06-02,2026-06-03,1,31.06,30.92,54.75,54.53,1.7635834411384217,1.7615680283988713,1.7616949592432802,54.467683438093104,1.0,1.0,1.0,54.53,-0.0011434475803709355,0.0,-0.0011434475803709355,False,True,False,1,1,3231.0,3216.0,3231.0,15.0,-0.0,15.0,1834.0,-1826.0,-1834.0,0.0,8.0,-8.0,-0.075,-0.04,-0.11499999999999999,-0.13999999999999702,-0.004517594001319654,-450.2399999999904,-0.21999999999999886,-0.004026359758639991,401.7199999999979,-48.51999999999248,0.0,99888.95999999999,99888.95999999999,0.0,-99973.5,0.0,-99973.5,-2.777041666666667,-84.54000000000815,199862.46,-99973.5,-2.777041666666667,-51.41204166665915,-201.15714611110155,-201.15714611110155
104,2026-06-03,2026-06-04,1,30.92,31.0,54.53,54.66,1.7632258064516129,1.7616949592432802,1.7618082495658605,54.61254373654169,1.0,1.0,1.0,54.66,-0.0008685853704715414,0.0,-0.0008685853704715414,False,True,False,1,1,3222.0,3231.0,3222.0,0.0,9.0,-9.0,1829.0,-1834.0,-1829.0,5.0,-0.0,5.0,-0.045,-0.025,-0.07,0.0799999999999983,0.0025839807659250678,258.4799999999945,0.12999999999999545,0.0023811715619517218,-238.41999999999166,20.060000000002844,0.0,99902.52,99902.52,0.0,-100008.02,0.0,-100008.02,-2.778000555555556,-105.5,199910.54,-100008.02,-2.778000555555556,17.211999444447287,-183.94514666665427,-183.94514666665427
105,2026-06-04,2026-06-05,1,31.0,30.82,54.66,54.34,1.763140817650876,1.7618082495658605,1.7619067883590442,54.29893025161982,1.0,1.0,1.0,54.34,-0.0007560779591907829,0.0,-0.0007560779591907829,False,True,False,1,1,3242.0,3222.0,3242.0,20.0,-0.0,20.0,1840.0,-1829.0,-1840.0,0.0,11.0,-11.0,-0.1,-0.055,-0.155,-0.17999999999999972,-0.005823374593176491,-579.9599999999991,-0.3199999999999932,-0.005871576501720148,585.2799999999875,5.31999999998834,0.0,99882.0,99882.0,0.0,-99973.14,0.0,-99973.14,-2.777031666666667,-91.13999999999942,199855.14,-99973.14,-2.777031666666667,2.3879683333216732,-181.5571783333326,-181.5571783333326
106,2026-06-05,2026-06-08,3,30.82,30.7,54.34,54.12,1.7628664495114006,1.7619067883590442,1.7619899315772518,54.090538402622656,1.0,1.0,1.0,54.12,-0.0005445236395680054,0.0,-0.0005445236395680054,False,True,False,1,1,3256.0,3242.0,3256.0,14.0,-0.0,14.0,1848.0,-1840.0,-1848.0,0.0,8.0,-8.0,-0.07,-0.04,-0.11000000000000001,-0.120000000000001,-0.003901175298818253,-389.0400000000032,-0.22000000000000597,-0.004056800695614541,404.800000000011,15.760000000007778,0.0,99918.44,99918.44,0.0,-99985.6,0.0,-99985.6,-8.332133333333333,-67.16000000000349,199904.04,-99985.6,-8.332133333333333,7.317866666674446,-174.23931166665815,-174.23931166665815
107,2026-06-08,2026-06-09,1,30.7,30.87,54.12,54.39,1.7619047619047619,1.7619899315772518,1.761997597232052,54.392629187789765,1.0,1.0,1.0,54.39,4.8338375527655444e-05,0.0,4.8338375527655444e-05,False,False,True,1,0,3240.0,3256.0,0.0,0.0,3256.0,-3256.0,1839.0,-1848.0,0.0,1848.0,-0.0,1848.0,-16.28,-9.24,-25.520000000000003,0.1700000000000017,0.005522183920916507,553.5200000000056,0.2700000000000031,0.004976510132282213,-498.9600000000058,54.559999999999775,0.0,99959.2,99959.2,0.0,-100013.76,0.0,-100013.76,-2.77816,-54.55999999999767,199972.96,-100013.76,-2.77816,26.261839999999772,-147.97747166665837,-147.97747166665837
108,2026-06-09,2026-06-10,1,30.87,30.78,54.39,54.25,1.762508122157245,1.761997597232052,1.7620724852051992,54.234286042802566,1.0,1.0,1.0,54.25,-0.0002897001562260508,0.0,-0.0002897001562260508,False,False,False,0,0,3247.0,0.0,0.0,0.0,-0.0,0.0,1843.0,0.0,0.0,0.0,-0.0,0.0,-0.0,-0.0,0.0,-0.08999999999999986,-0.0029197101033347503,-0.0,-0.14000000000000057,-0.0025773210143004033,-0.0,0.0,0.0,0.0,0.0,0.0,0.0,0.0,0.0,0.0,0.0,0.0,0.0,0.0,0.0,-147.97747166665837,-147.97747166665837
109,2026-06-10,2026-06-11,1,30.78,31.14,54.25,54.92,1.7636480411046884,1.7620724852051992,1.762166604235442,54.870937189289904,1.0,1.0,1.0,54.92,-0.0008937497981534059,0.0,-0.0008937497981534059,False,True,False,0,1,3209.0,0.0,3209.0,3209.0,-0.0,3209.0,1821.0,0.0,-1821.0,0.0,1821.0,-1821.0,-16.045,-9.105,-25.150000000000002,0.35999999999999943,0.011628037995118993,0.0,0.6700000000000017,0.012274588479201301,0.0,0.0,0.0,0.0,0.0,0.0,0.0,0.0,0.0,0.0,0.0,0.0,0.0,0.0,-25.150000000000002,-173.12747166665838,-173.12747166665838
110,2026-06-11,2026-06-12,1,31.14,31.06,54.92,54.77,1.7633612363168063,1.762166604235442,1.7622633532473924,54.732894727552825,1.0,1.0,1.0,54.77,-0.0006777039814271519,0.0,-0.0006777039814271519,False,True,False,1,1,3218.0,3209.0,3218.0,9.0,-0.0,9.0,1826.0,-1821.0,-1826.0,0.0,5.0,-5.0,-0.045,-0.025,-0.07,-0.08000000000000185,-0.002572348685311358,-256.72000000000594,-0.14999999999999858,-0.002734982104140338,273.1499999999974,16.42999999999148,0.0,99928.26,99928.26,0.0,-100009.32,0.0,-100009.32,-2.778036666666667,-81.06000000001222,199937.58000000002,-100009.32,-2.778036666666667,13.581963333324813,-159.54550833333357,-159.54550833333357
111,2026-06-12,2026-06-15,3,31.06,31.07,54.77,54.78,1.7631155455423237,1.7622633532473924,1.7623520693805244,54.75352238539648,1.0,1.0,1.0,54.78,-0.0004834614014527179,0.0,-0.0004834614014527179,False,False,False,1,1,3216.0,3218.0,3216.0,0.0,2.0,-2.0,1825.0,-1826.0,-1825.0,1.0,-0.0,1.0,-0.01,-0.005,-0.015,0.010000000000001563,0.0003219056844150297,32.18000000000503,0.00999999999999801,0.00018256503930217361,-18.259999999996367,13.920000000008663,0.0,99951.08,99951.08,0.0,-100010.02,0.0,-100010.02,-8.334168333333334,-58.94000000000233,199961.1,-100010.02,-8.334168333333334,5.570831666675328,-153.97467666665824,-153.97467666665824
112,2026-06-15,2026-06-16,1,31.07,31.24,54.78,55.05,1.7621638924455827,1.7623520693805244,1.7623759980383533,55.05587864744758,1.0,1.0,1.0,55.05,0.00010678171820399082,0.0,0.00010678171820399082,False,False,True,1,0,3202.0,3216.0,0.0,0.0,3216.0,-3216.0,1817.0,-1825.0,0.0,1825.0,-0.0,1825.0,-16.080000000000002,-9.125,-25.205000000000002,0.16999999999999815,0.005456601566529072,546.7199999999941,0.269999999999996,0.004916699333756689,-492.7499999999927,53.97000000000139,0.0,99921.12,99921.12,0.0,-99973.5,0.0,-99973.5,-2.777041666666667,-52.38000000000466,199894.62,-99973.5,-2.777041666666667,25.987958333334724,-127.98671833332352,-127.98671833332352
113,2026-06-16,2026-06-17,1,31.24,31.22,55.05,55.04,1.7629724535554132,1.7623759980383533,1.7624617068088395,55.02137865875739,1.0,1.0,1.0,55.04,-0.00033838103151555016,0.0,-0.00033838103151555016,False,False,False,0,0,3202.0,0.0,0.0,0.0,-0.0,0.0,1817.0,0.0,0.0,0.0,-0.0,0.0,-0.0,-0.0,0.0,-0.019999999999999574,-0.0006404098841991698,-0.0,-0.00999999999999801,-0.0001816695436007509,-0.0,0.0,0.0,0.0,0.0,0.0,0.0,0.0,0.0,0.0,0.0,0.0,0.0,0.0,0.0,-127.98671833332352,-127.98671833332352
114,2026-06-17,2026-06-18,1,31.22,31.38,55.04,55.31,1.762587635436584,1.7624617068088395,1.7625091213675534,55.30604835966138,1.0,1.0,1.0,55.31,-7.144786672278666e-05,0.0,-7.144786672278666e-05,False,False,False,0,0,3187.0,0.0,0.0,0.0,-0.0,0.0,1808.0,0.0,0.0,0.0,-0.0,0.0,-0.0,-0.0,0.0,0.16000000000000014,0.005111832217600575,0.0,0.2700000000000031,0.004893530381498424,0.0,0.0,0.0,0.0,0.0,0.0,0.0,0.0,0.0,0.0,0.0,0.0,0.0,0.0,0.0,-127.98671833332352,-127.98671833332352
115,2026-06-18,2026-06-22,4,31.38,31.17,55.31,54.94,1.7625922361244786,1.7625091213675534,1.762579275480213,54.93740931302664,1.0,1.0,1.0,54.94,-4.7155952984942816e-05,0.0,-4.7155952984942816e-05,False,False,False,0,0,3208.0,0.0,0.0,0.0,-0.0,0.0,1820.0,0.0,0.0,0.0,-0.0,0.0,-0.0,-0.0,0.0,-0.2099999999999973,-0.006714653525640758,-0.0,-0.37000000000000455,-0.006712043339458963,-0.0,0.0,0.0,0.0,0.0,0.0,0.0,0.0,0.0,0.0,0.0,0.0,0.0,0.0,0.0,-127.98671833332352,-127.98671833332352
116,2026-06-22,2026-06-23,1,31.17,31.23,54.94,55.02,1.7617675312199808,1.762579275480213,1.7625654384995457,55.04535077324705,1.0,1.0,1.0,55.02,0.00046064948718613186,0.0,0.00046064948718613186,False,False,True,0,0,3204.0,0.0,0.0,0.0,-0.0,0.0,1818.0,0.0,0.0,0.0,-0.0,0.0,-0.0,-0.0,0.0,0.05999999999999872,0.0019230775157414838,0.0,0.0800000000000054,0.0014550748293008272,0.0,0.0,0.0,0.0,0.0,0.0,0.0,0.0,0.0,0.0,0.0,0.0,0.0,0.0,0.0,-127.98671833332352,-127.98671833332352
117,2026-06-23,2026-06-24,1,31.23,31.6,55.02,55.71,1.7629746835443036,1.7625654384995457,1.7626235577900295,55.69706785658565,1.0,1.0,1.0,55.71,-0.00023216019811396723,0.0,-0.00023216019811396723,False,False,False,0,0,3164.0,0.0,0.0,0.0,-0.0,0.0,1795.0,0.0,0.0,0.0,-0.0,0.0,-0.0,-0.0,0.0,0.370000000000001,0.011777949297879184,0.0,0.6899999999999977,0.012462908536295695,0.0,0.0,0.0,0.0,0.0,0.0,0.0,0.0,0.0,0.0,0.0,0.0,0.0,0.0,0.0,-127.98671833332352,-127.98671833332352
118,2026-06-24,2026-06-25,1,31.6,31.58,55.71,55.68,1.7631412286257127,1.7626235577900295,1.7627399478204115,55.66365195500913,1.0,1.0,1.0,55.68,-0.00029365024087684187,0.0,-0.00029365024087684187,False,False,False,0,0,3166.0,0.0,0.0,0.0,-0.0,0.0,1796.0,0.0,0.0,0.0,-0.0,0.0,-0.0,-0.0,0.0,-0.020000000000003126,-0.0006331117653705114,-0.0,-0.030000000000001137,-0.0005386480065598942,-0.0,0.0,0.0,0.0,0.0,0.0,0.0,0.0,0.0,0.0,0.0,0.0,0.0,0.0,0.0,-127.98671833332352,-127.98671833332352
119,2026-06-25,2026-06-26,1,31.58,31.61,55.68,55.72,1.7627333122429611,1.7627399478204115,1.762785967338056,55.72020975060321,1.0,1.0,1.0,55.72,3.7643612422801537e-06,0.0,3.7643612422801537e-06,False,False,True,0,0,3164.0,0.0,0.0,0.0,-0.0,0.0,1795.0,0.0,0.0,0.0,-0.0,0.0,-0.0,-0.0,0.0,0.030000000000001137,0.000949517400030458,0.0,0.03999999999999915,0.0007181328854408335,0.0,0.0,0.0,0.0,0.0,0.0,0.0,0.0,0.0,0.0,0.0,0.0,0.0,0.0,0.0,-127.98671833332352,-127.98671833332352
120,2026-06-26,2026-06-29,3,31.61,31.64,55.72,55.78,1.7629582806573958,1.762785967338056,1.7628233415251675,55.77454800657609,1.0,1.0,1.0,55.78,-9.774578492182074e-05,0.0,-9.774578492182074e-05,False,False,False,0,0,3161.0,0.0,0.0,0.0,-0.0,0.0,1793.0,0.0,0.0,0.0,-0.0,0.0,-0.0,-0.0,0.0,0.030000000000001137,0.0009486166719267364,0.0,0.060000000000002274,0.0010762332877380508,0.0,0.0,0.0,0.0,0.0,0.0,0.0,0.0,0.0,0.0,0.0,0.0,0.0,0.0,0.0,-127.98671833332352,-127.98671833332352
121,2026-06-29,2026-06-30,1,31.64,31.3,55.78,55.18,1.7629392971246005,1.7628233415251675,1.7628451047034368,55.17637058973774,1.0,1.0,1.0,55.18,-6.577618028159804e-05,0.0,-6.577618028159804e-05,True,False,False,0,0,3194.0,0.0,0.0,0.0,-0.0,0.0,1812.0,0.0,0.0,0.0,-0.0,0.0,-0.0,-0.0,0.0,-0.33999999999999986,-0.010804045353345625,-0.0,-0.6000000000000014,-0.010814813410202899,-0.0,0.0,0.0,0.0,0.0,0.0,0.0,0.0,0.0,0.0,0.0,0.0,0.0,0.0,0.0,-127.98671833332352,-127.98671833332352
122,2026-06-30,2026-07-01,1,31.3,31.02,55.18,54.66,1.7620889748549322,1.7628451047034368,1.762813687380504,54.68345514790061,1.0,1.0,1.0,54.66,0.00042901787269569345,0.0,0.00042901787269569345,False,False,True,0,0,3224.0,0.0,0.0,0.0,-0.0,0.0,1829.0,0.0,0.0,0.0,-0.0,0.0,-0.0,-0.0,0.0,-0.28000000000000114,-0.008985939797714842,-0.0,-0.5200000000000031,-0.009468388289218128,-0.0,0.0,0.0,0.0,0.0,0.0,0.0,0.0,0.0,0.0,0.0,0.0,0.0,0.0,0.0,-127.98671833332352,-127.98671833332352
123,2026-07-01,2026-07-02,1,31.02,31.03,54.66,54.69,1.762487914921044,1.762813687380504,1.7627589110696351,54.700108719417045,1.0,1.0,1.0,54.69,0.00018481962517756184,0.0,0.00018481962517756184,False,False,True,0,0,3222.0,0.0,0.0,0.0,-0.0,0.0,1828.0,0.0,0.0,0.0,-0.0,0.0,-0.0,-0.0,0.0,0.010000000000001563,0.00032232071189620547,0.0,0.030000000000001137,0.0005486968587594479,0.0,0.0,0.0,0.0,0.0,0.0,0.0,0.0,0.0,0.0,0.0,0.0,0.0,0.0,0.0,-127.98671833332352,-127.98671833332352
124,2026-07-02,2026-07-06,4,31.03,31.01,54.69,54.63,1.761689777491132,1.7627589110696351,1.7626821096216112,54.66315383226939,1.0,1.0,1.0,54.63,0.0006066955179498235,0.0,0.0006066955179498235,False,False,True,0,0,3226.0,0.0,0.0,0.0,-0.0,0.0,1830.0,0.0,0.0,0.0,-0.0,0.0,-0.0,-0.0,0.0,-0.019999999999999574,-0.0006447453479312305,-0.0,-0.05999999999999517,-0.0010976949510550147,-0.0,0.0,0.0,0.0,0.0,0.0,0.0,0.0,0.0,0.0,0.0,0.0,0.0,0.0,0.0,-127.98671833332352,-127.98671833332352
125,2026-07-06,2026-07-07,1,31.01,30.7,54.63,54.1,1.7622149837133552,1.7626821096216112,1.762635817924735,54.11434076538346,1.0,1.0,1.0,54.1,0.0002650437153888809,0.0,0.0002650437153888809,False,False,True,0,0,3257.0,0.0,0.0,0.0,-0.0,0.0,1848.0,0.0,0.0,0.0,-0.0,0.0,-0.0,-0.0,0.0,-0.3100000000000023,-0.010047078519206163,-0.0,-0.5300000000000011,-0.00974899655519051,-0.0,0.0,0.0,0.0,0.0,0.0,0.0,0.0,0.0,0.0,0.0,0.0,0.0,0.0,0.0,-127.98671833332352,-127.98671833332352
126,2026-07-07,2026-07-08,1,30.7,30.63,54.1,53.96,1.761671563826314,1.762635817924735,1.762576073640481,53.98953510303463,1.0,1.0,1.0,53.96,0.0005472020559128412,0.0,0.0005472020559128412,False,False,True,0,0,3266.0,0.0,0.0,0.0,-0.0,0.0,1853.0,0.0,0.0,0.0,-0.0,0.0,-0.0,-0.0,0.0,-0.07000000000000028,-0.002282733748467636,-0.0,-0.14000000000000057,-0.0025911545128806937,-0.0,0.0,0.0,0.0,0.0,0.0,0.0,0.0,0.0,0.0,0.0,0.0,0.0,0.0,0.0,-127.98671833332352,-127.98671833332352
127,2026-07-08,2026-07-09,1,30.63,30.67,53.96,54.05,1.7623084447342678,1.762576073640481,1.762596257781956,54.058208178553556,1.0,1.0,1.0,54.05,0.00015185116297141866,0.0,0.00015185116297141866,False,False,True,0,0,3261.0,0.0,0.0,0.0,-0.0,0.0,1850.0,0.0,0.0,0.0,-0.0,0.0,-0.0,-0.0,0.0,0.0400000000000027,0.001305057281476375,0.0,0.0899999999999963,0.0016665127456621557,0.0,0.0,0.0,0.0,0.0,0.0,0.0,0.0,0.0,0.0,0.0,0.0,0.0,0.0,0.0,-127.98671833332352,-127.98671833332352
128,2026-07-09,2026-07-10,1,30.67,30.67,54.05,54.05,1.7623084447342678,1.762596257781956,1.7625862739108071,54.058827226172596,1.0,1.0,1.0,54.05,0.00016330259829283356,0.0,0.00016330259829283356,False,False,True,0,0,3261.0,0.0,0.0,0.0,-0.0,0.0,1850.0,0.0,0.0,0.0,-0.0,0.0,-0.0,-0.0,0.0,0.0,0.0,0.0,0.0,0.0,0.0,0.0,0.0,0.0,0.0,0.0,0.0,0.0,0.0,0.0,0.0,0.0,0.0,0.0,0.0,-127.98671833332352,-127.98671833332352
129,2026-07-10,2026-07-13,3,30.67,30.49,54.05,53.74,1.7625450967530338,1.7625862739108071,1.7625311266932246,53.74125549154051,1.0,1.0,1.0,53.74,2.3362055733812907e-05,0.0,2.3362055733812907e-05,False,False,True,0,0,3280.0,0.0,0.0,0.0,-0.0,0.0,1861.0,0.0,0.0,0.0,-0.0,0.0,-0.0,-0.0,0.0,-0.18000000000000327,-0.00588621712599688,-0.0,-0.30999999999999517,-0.005751940897872067,-0.0,0.0,0.0,0.0,0.0,0.0,0.0,0.0,0.0,0.0,0.0,0.0,0.0,0.0,0.0,-127.98671833332352,-127.98671833332352
130,2026-07-13,2026-07-14,1,30.49,30.54,53.74,53.84,1.7629338572364115,1.7625311266932246,1.7625097577392048,53.82770060921108,1.0,1.0,1.0,53.84,-0.00022846946248193293,0.0,-0.00022846946248193293,False,False,False,0,0,3273.0,0.0,0.0,0.0,-0.0,0.0,1857.0,0.0,0.0,0.0,-0.0,0.0,-0.0,-0.0,0.0,0.05000000000000071,0.001638538790322878,0.0,0.10000000000000142,0.0018590821491272457,0.0,0.0,0.0,0.0,0.0,0.0,0.0,0.0,0.0,0.0,0.0,0.0,0.0,0.0,0.0,-127.98671833332352,-127.98671833332352
131,2026-07-14,2026-07-15,1,30.54,30.62,53.84,53.97,1.7625734813847158,1.7625097577392048,1.7624826545313244,53.96804878197445,1.0,1.0,1.0,53.97,-3.615440612049715e-05,0.0,-3.615440612049715e-05,False,False,False,0,0,3266.0,0.0,0.0,0.0,-0.0,0.0,1853.0,0.0,0.0,0.0,-0.0,0.0,-0.0,-0.0,0.0,0.08000000000000185,0.002616090439051288,0.0,0.12999999999999545,0.0024116512940790535,0.0,0.0,0.0,0.0,0.0,0.0,0.0,0.0,0.0,0.0,0.0,0.0,0.0,0.0,0.0,-127.98671833332352,-127.98671833332352
132,2026-07-15,2026-07-16,1,30.62,30.6,53.97,53.95,1.7630718954248366,1.7624826545313244,1.762528054680287,53.93196922865853,1.0,1.0,1.0,53.95,-0.0003342684906157407,0.0,-0.0003342684906157407,False,False,False,0,0,3268.0,0.0,0.0,0.0,-0.0,0.0,1854.0,0.0,0.0,0.0,-0.0,0.0,-0.0,-0.0,0.0,-0.019999999999999574,-0.0006533812712025694,-0.0,-0.01999999999999602,-0.00037064492640764835,-0.0,0.0,0.0,0.0,0.0,0.0,0.0,0.0,0.0,0.0,0.0,0.0,0.0,0.0,0.0,-127.98671833332352,-127.98671833332352
133,2026-07-16,2026-07-17,1,30.6,30.7,53.95,54.1,1.7622149837133552,1.762528054680287,1.7624901811881841,54.10961127868481,1.0,1.0,1.0,54.1,0.00017764186741834793,0.0,0.00017764186741834793,False,False,True,0,0,3257.0,0.0,0.0,0.0,-0.0,0.0,1848.0,0.0,0.0,0.0,-0.0,0.0,-0.0,-0.0,0.0,0.09999999999999787,0.0032626456348163694,0.0,0.14999999999999858,0.002776494148292223,0.0,0.0,0.0,0.0,0.0,0.0,0.0,0.0,0.0,0.0,0.0,0.0,0.0,0.0,0.0,-127.98671833332352,-127.98671833332352
134,2026-07-17,2026-07-20,3,30.7,30.5,54.1,53.75,1.7622950819672132,1.7624901811881841,1.7624755535147156,53.755950526239616,1.0,1.0,1.0,53.75,0.00011070133730399297,0.0,0.00011070133730399297,False,False,True,0,0,3278.0,0.0,0.0,0.0,-0.0,0.0,1860.0,0.0,0.0,0.0,-0.0,0.0,-0.0,-0.0,0.0,-0.1999999999999993,-0.006535970979785533,-0.0,-0.3500000000000014,-0.006490518844663629,-0.0,0.0,0.0,0.0,0.0,0.0,0.0,0.0,0.0,0.0,0.0,0.0,0.0,0.0,0.0,-127.98671833332352,-127.98671833332352
135,2026-07-20,2026-07-21,1,30.5,30.4,53.75,53.59,1.7628289473684213,1.7624755535147156,1.7624873890769126,53.579256826847356,1.0,1.0,1.0,53.59,-0.00020048983275105622,0.0,-0.00020048983275105622,False,False,False,0,0,3289.0,0.0,0.0,0.0,-0.0,0.0,1866.0,0.0,0.0,0.0,-0.0,0.0,-0.0,-0.0,0.0,-0.10000000000000142,-0.003284075201189996,-0.0,-0.1599999999999966,-0.002981183501013211,-0.0,0.0,0.0,0.0,0.0,0.0,0.0,0.0,0.0,0.0,0.0,0.0,0.0,0.0,0.0,-127.98671833332352,-127.98671833332352
136,2026-07-21,2026-07-22,1,30.4,30.32,53.59,53.42,1.761873350923483,1.7624873890769126,1.762492680062088,53.43861763681199,1.0,1.0,1.0,53.42,0.0003484536373780138,0.0,0.0003484536373780138,False,False,True,0,0,3299.0,0.0,0.0,0.0,-0.0,0.0,1872.0,0.0,0.0,0.0,-0.0,0.0,-0.0,-0.0,0.0,-0.0799999999999983,-0.0026350476380050023,-0.0,-0.1700000000000017,-0.00317727582494407,-0.0,0.0,0.0,0.0,0.0,0.0,0.0,0.0,0.0,0.0,0.0,0.0,0.0,0.0,0.0,-127.98671833332352,-127.98671833332352
137,2026-07-22,2026-07-23,1,30.32,30.21,53.42,53.25,1.7626613704071499,1.762492680062088,1.7624770144052302,53.24490386467568,1.0,1.0,1.0,53.25,-9.570665155377531e-05,0.0,-9.570665155377531e-05,False,False,False,0,0,3310.0,0.0,0.0,0.0,-0.0,0.0,1878.0,0.0,0.0,0.0,-0.0,0.0,-0.0,-0.0,0.0,-0.10999999999999943,-0.0036345653755902444,-0.0,-0.1700000000000017,-0.003187403092280342,-0.0,0.0,0.0,0.0,0.0,0.0,0.0,0.0,0.0,0.0,0.0,0.0,0.0,0.0,0.0,-127.98671833332352,-127.98671833332352
138,2026-07-23,2026-07-24,1,30.21,30.27,53.25,53.34,1.7621407333994055,1.7624770144052302,1.7624269896439149,53.350179226046315,1.0,1.0,1.0,53.34,0.0001908184267949883,0.0,0.0001908184267949883,False,False,True,0,0,3305.0,0.0,0.0,0.0,-0.0,0.0,1875.0,0.0,0.0,0.0,-0.0,0.0,-0.0,-0.0,0.0,0.05999999999999872,0.0019841276350466854,0.0,0.09000000000000341,0.001688714164333759,0.0,0.0,0.0,0.0,0.0,0.0,0.0,0.0,0.0,0.0,0.0,0.0,0.0,0.0,0.0,-127.98671833332352,-127.98671833332352
139,2026-07-24,2026-07-27,3,30.27,30.43,53.34,53.62,1.7620768977982253,1.7624269896439149,1.7623941689216782,53.63065329486433,1.0,1.0,1.0,53.62,0.00019866163183335025,0.0,0.00019866163183335025,False,False,True,0,0,3287.0,0.0,0.0,0.0,-0.0,0.0,1865.0,0.0,0.0,0.0,-0.0,0.0,-0.0,-0.0,0.0,0.16000000000000014,0.005271840875252465,0.0,0.27999999999999403,0.005235614053944943,0.0,0.0,0.0,0.0,0.0,0.0,0.0,0.0,0.0,0.0,0.0,0.0,0.0,0.0,0.0,-127.98671833332352,-127.98671833332352
140,2026-07-27,2026-07-28,1,30.43,30.59,53.62,53.91,1.762340634194181,1.7623941689216782,1.7623632865985173,53.911637627314136,1.0,1.0,1.0,53.91,3.0376598803284767e-05,0.0,3.0376598803284767e-05,False,False,True,0,0,3269.0,0.0,0.0,0.0,-0.0,0.0,1855.0,0.0,0.0,0.0,-0.0,0.0,-0.0,-0.0,0.0,0.16000000000000014,0.005244194253932335,0.0,0.28999999999999915,0.005393856655764099,0.0,0.0,0.0,0.0,0.0,0.0,0.0,0.0,0.0,0.0,0.0,0.0,0.0,0.0,0.0,-127.98671833332352,-127.98671833332352
141,2026-07-28,2026-07-29,1,30.59,30.16,53.91,53.13,1.761604774535809,1.7623632865985173,1.7622965604690777,53.15287672381128,1.0,1.0,1.0,53.13,0.0004304874852798888,0.0,0.0004304874852798888,False,False,True,0,0,3317.0,0.0,0.0,0.0,-0.0,0.0,1882.0,0.0,0.0,0.0,-0.0,0.0,-0.0,-0.0,0.0,-0.4299999999999997,-0.014156615023056703,-0.0,-0.779999999999994,-0.014574249000725367,-0.0,0.0,0.0,0.0,0.0,0.0,0.0,0.0,0.0,0.0,0.0,0.0,0.0,0.0,0.0,-127.98671833332352,-127.98671833332352
142,2026-07-29,2026-07-30,1,30.16,30.13,53.13,53.1,1.7623630932625292,1.7622965604690777,1.7623102663894574,53.09799536693331,1.0,1.0,1.0,53.1,-3.775274778022947e-05,0.0,-3.775274778022947e-05,False,False,False,0,0,3318.0,0.0,0.0,0.0,-0.0,0.0,1883.0,0.0,0.0,0.0,-0.0,0.0,-0.0,-0.0,0.0,-0.030000000000001137,-0.0009951899975454606,-0.0,-0.030000000000001137,-0.0005648122149586948,-0.0,0.0,0.0,0.0,0.0,0.0,0.0,0.0,0.0,0.0,0.0,0.0,0.0,0.0,0.0,-127.98671833332352,-127.98671833332352
143,2026-07-30,2026-07-31,1,30.13,29.94,53.1,52.77,1.7625250501002003,1.7623102663894574,1.7623121231484151,52.76356937570036,1.0,1.0,1.0,52.77,-0.00012186879199945516,0.0,-0.00012186879199945516,True,False,False,0,0,3340.0,0.0,0.0,0.0,-0.0,0.0,1895.0,0.0,0.0,0.0,-0.0,0.0,-0.0,-0.0,0.0,-0.18999999999999773,-0.0063259741507275214,-0.0,-0.3299999999999983,-0.006234080830316633,-0.0,0.0,0.0,0.0,0.0,0.0,0.0,0.0,0.0,0.0,0.0,0.0,0.0,0.0,0.0,-127.98671833332352,-127.98671833332352
144,2026-07-31,2026-08-03,3,29.94,29.92,52.77,52.75,1.7630347593582887,1.7623121231484151,1.7623793722417733,52.72837872460058,1.0,1.0,1.0,52.75,-0.0004099660226802953,0.0,-0.0004099660226802953,False,False,False,0,0,3341.0,0.0,0.0,0.0,-0.0,0.0,1896.0,0.0,0.0,0.0,-0.0,0.0,-0.0,-0.0,0.0,-0.019999999999999574,-0.0006682258852058418,-0.0,-0.020000000000003126,-0.00037907506140062947,-0.0,0.0,0.0,0.0,0.0,0.0,0.0,0.0,0.0,0.0,0.0,0.0,0.0,0.0,0.0,-127.98671833332352,-127.98671833332352
145,2026-08-03,2026-08-04,1,29.92,30.15,52.75,53.16,1.76318407960199,1.7623793722417733,1.762427827036205,53.13573807308946,1.0,1.0,1.0,53.16,-0.00045649859103813315,0.0,-0.00045649859103813315,False,False,False,0,0,3315.0,0.0,0.0,0.0,-0.0,0.0,1881.0,0.0,0.0,0.0,-0.0,0.0,-0.0,-0.0,0.0,0.22999999999999687,0.0076577700669178475,0.0,0.4099999999999966,0.007742461488868629,0.0,0.0,0.0,0.0,0.0,0.0,0.0,0.0,0.0,0.0,0.0,0.0,0.0,0.0,0.0,-127.98671833332352,-127.98671833332352
146,2026-08-04,2026-08-05,1,30.15,30.2,53.16,53.25,1.7632450331125828,1.762427827036205,1.7625065005005183,53.22532037649339,1.0,1.0,1.0,53.25,-0.00046357454218150154,0.0,-0.00046357454218150154,False,False,False,0,0,3310.0,0.0,0.0,0.0,-0.0,0.0,1878.0,0.0,0.0,0.0,-0.0,0.0,-0.0,-0.0,0.0,0.05000000000000071,0.0016570012076296086,0.0,0.09000000000000341,0.0016915707444900548,0.0,0.0,0.0,0.0,0.0,0.0,0.0,0.0,0.0,0.0,0.0,0.0,0.0,0.0,0.0,-127.98671833332352,-127.98671833332352
147,2026-08-05,2026-08-06,1,30.2,30.04,53.25,52.94,1.7623169107856191,1.7625065005005183,1.7625069238030857,52.94569527503557,1.0,1.0,1.0,52.94,0.0001075740217084674,0.0,0.0001075740217084674,False,False,True,0,0,3329.0,0.0,0.0,0.0,-0.0,0.0,1889.0,0.0,0.0,0.0,-0.0,0.0,-0.0,-0.0,0.0,-0.16000000000000014,-0.0053120974848899416,-0.0,-0.3100000000000023,-0.005838607790579306,-0.0,0.0,0.0,0.0,0.0,0.0,0.0,0.0,0.0,0.0,0.0,0.0,0.0,0.0,0.0,-127.98671833332352,-127.98671833332352
148,2026-08-06,2026-08-07,1,30.04,30.11,52.94,53.08,1.7628694785785453,1.7625069238030857,1.7625349754953,53.06908347571091,1.0,1.0,1.0,53.08,-0.0002056828748798084,0.0,-0.0002056828748798084,False,False,False,0,0,3321.0,0.0,0.0,0.0,-0.0,0.0,1884.0,0.0,0.0,0.0,-0.0,0.0,-0.0,-0.0,0.0,0.07000000000000028,0.0023275155977084067,0.0,0.14000000000000057,0.0026410126650516707,0.0,0.0,0.0,0.0,0.0,0.0,0.0,0.0,0.0,0.0,0.0,0.0,0.0,0.0,0.0,-127.98671833332352,-127.98671833332352
149,2026-08-07,2026-08-10,3,30.11,29.87,53.08,52.68,1.7636424506193504,1.7625349754953,1.7625898431886156,52.64691971804461,1.0,1.0,1.0,52.68,-0.0006281448870174091,0.0,-0.0006281448870174091,False,True,False,0,1,3345.0,0.0,3345.0,3345.0,-0.0,3345.0,1898.0,0.0,-1898.0,0.0,1898.0,-1898.0,-16.725,-9.49,-26.215000000000003,-0.23999999999999844,-0.008002710265624003,-0.0,-0.3999999999999986,-0.007564332588926432,-0.0,0.0,0.0,0.0,0.0,0.0,0.0,0.0,0.0,0.0,0.0,0.0,0.0,0.0,-26.215000000000003,-154.20171833332353,-154.20171833332353
150,2026-08-10,2026-08-11,1,29.87,29.93,52.68,52.76,1.7627798195790176,1.7625898431886156,1.7625821413057463,52.75431400663526,1.0,1.0,1.0,52.76,-0.0001077767206045881,0.0,-0.0001077767206045881,False,False,False,1,1,3340.0,3345.0,3340.0,0.0,5.0,-5.0,1895.0,-1898.0,-1895.0,3.0,-0.0,3.0,-0.025,-0.015,-0.04,0.05999999999999872,0.002006689636589027,200.69999999999573,0.0799999999999983,0.0015174509740336296,-151.83999999999676,48.85999999999896,0.0,99915.15000000001,99915.15000000001,0.0,-99986.64,0.0,-99986.64,-2.777406666666667,-71.48999999999069,199901.79,-99986.64,-2.777406666666667,46.0425933333323,-108.15912499999123,-108.15912499999123
151,2026-08-11,2026-08-12,1,29.93,29.93,52.76,52.74,1.762111593718677,1.7625821413057463,1.7625590469224441,52.75408348928099,1.0,1.0,1.0,52.74,0.00026700055394266516,0.0,0.00026700055394266516,False,False,True,1,0,3342.0,3340.0,0.0,0.0,3340.0,-3340.0,1896.0,-1895.0,0.0,1895.0,-0.0,1895.0,-16.7,-9.475,-26.174999999999997,0.0,0.0,0.0,-0.01999999999999602,-0.00037914692397314964,37.89999999999246,37.89999999999246,0.0,99966.2,99966.2,0.0,-99980.2,0.0,-99980.2,-2.7772277777777776,-14.0,199946.4,-99980.2,-2.7772277777777776,8.947772222214684,-99.21135277777655,-99.21135277777655
152,2026-08-12,2026-08-13,1,29.93,30.1,52.74,53.05,1.7624584717607972,1.7625590469224441,1.762528375739242,53.05302731236557,1.0,1.0,1.0,53.05,5.706363792015799e-05,0.0,5.706363792015799e-05,False,False,True,0,0,3322.0,0.0,0.0,0.0,-0.0,0.0,1885.0,0.0,0.0,0.0,-0.0,0.0,-0.0,-0.0,0.0,0.1700000000000017,0.005663849890222448,0.0,0.30999999999999517,0.0058606841348515125,0.0,0.0,0.0,0.0,0.0,0.0,0.0,0.0,0.0,0.0,0.0,0.0,0.0,0.0,0.0,-99.21135277777655,-99.21135277777655
153,2026-08-13,2026-08-14,1,30.1,29.92,53.05,52.72,1.7620320855614973,1.762528375739242,1.7625192308316489,52.734849002118125,1.0,1.0,1.0,52.72,0.00028161819692081974,0.0,0.00028161819692081974,False,False,True,0,0,3344.0,0.0,0.0,0.0,-0.0,0.0,1897.0,0.0,0.0,0.0,-0.0,0.0,-0.0,-0.0,0.0,-0.17999999999999972,-0.005998018648553501,-0.0,-0.3299999999999983,-0.006239974865740335,-0.0,0.0,0.0,0.0,0.0,0.0,0.0,0.0,0.0,0.0,0.0,0.0,0.0,0.0,0.0,-99.21135277777655,-99.21135277777655
