,bop date,eop date,day count,bop SPMB price,eop SPMB price,bop VMBS price,eop VMBS price,eop VMBS / eop SPMB,bop VMBS / SPMB moving avg,eop VMBS / SPMB moving avg,eop SPMB unit price,eop VMBS / eop VMBS,bop VMBS / VMBS moving avg,eop VMBS / VMBS moving avg,eop VMBS unit price,SPMB unit price pct diff,VMBS unit price pct diff,unit price pct diff,month end liquidation,go short,exit short,current_position,new_position,SPMB shares per unit,bop SPMB shares,eop SPMB shares,eop SPMB shares bought,eop SPMB shares sold,eop SPMB shares traded,VMBS shares per unit,bop VMBS shares,eop VMBS shares,eop VMBS shares bought,eop VMBS shares sold,eop VMBS shares traded,SPMB daily commission,VMBS daily commission,daily total commissions,SPMB cop,SPMB pct cop,SPMB daily position pnl,VMBS cop,VMBS pct cop,VMBS daily position pnl,daily position pnl,short SPMB investment amount,long SPMB investment amount,SPMB investment amount,daily SPMB borrow cost,short VMBS investment amount,long VMBS investment amount,VMBS investment amount,daily VMBS borrow cost,net investment amount,gross investment amount,short investment amount,daily borrow cost,daily net profit,cumulative net profit,drawdown
0,2026-01-02,2026-01-05,3,,22.44,,47.12,2.09982174688057,,,,1.0,,,,,,,False,False,False,0,0,,,,,,,,,,,,,,,0.0,,,,,,,0.0,,,,,,,,,0.0,0.0,0.0,0.0,0.0,0.0,0.0
1,2026-01-05,2026-01-06,1,22.44,22.43,47.12,47.12,2.100757913508694,,,,1.0,,,,,,,False,False,False,0,0,,,,,,,,,,,,,,,0.0,-0.010000000000001563,-0.0004457321223786557,,0.0,0.0,,0.0,,,,,,,,,0.0,0.0,0.0,0.0,0.0,0.0,0.0
2,2026-01-06,2026-01-07,1,22.43,22.46,47.12,47.13,2.0983971504897596,,,,1.0,,,,,,,False,False,False,0,0,,,,,,,,,,,,,,,0.0,0.030000000000001137,0.00133660077818013,,0.010000000000005116,0.00021220159230831337,,0.0,,,,,,,,,0.0,0.0,0.0,0.0,0.0,0.0,0.0
3,2026-01-07,2026-01-08,1,22.46,22.42,47.13,47.06,2.0990187332738626,,,,1.0,,,,,,,False,False,False,0,0,,,,,,,,,,,,,,,0.0,-0.03999999999999915,-0.0017825316662831905,,-0.07000000000000028,-0.001486357636423013,,0.0,,,,,,,,,0.0,0.0,0.0,0.0,0.0,0.0,0.0
4,2026-01-08,2026-01-09,1,22.42,22.54,47.06,47.32,2.099378881987578,,,,1.0,,,,,,,False,False,False,0,0,,,,,,,,,,,,,,,0.0,0.11999999999999744,0.005338090967616178,,0.259999999999998,0.0055096558109694795,,0.0,,,,,,,,,0.0,0.0,0.0,0.0,0.0,0.0,0.0
5,2026-01-09,2026-01-12,3,22.54,22.54,47.32,47.27,2.097160603371784,,,,1.0,,,,,,,False,False,False,0,0,,,,,,,,,,,,,,,0.0,0.0,0.0,,-0.04999999999999716,-0.001057194305040937,,0.0,,,,,,,,,0.0,0.0,0.0,0.0,0.0,0.0,0.0
6,2026-01-12,2026-01-13,1,22.54,22.55,47.27,47.26,2.0957871396895786,,,,1.0,,,,,,,False,False,False,0,0,,,,,,,,,,,,,,,0.0,0.010000000000001563,0.0004435573370571367,,-0.010000000000005116,-0.00021157304638328976,,0.0,,,,,,,,,0.0,0.0,0.0,0.0,0.0,0.0,0.0
7,2026-01-13,2026-01-14,1,22.55,22.59,47.26,47.31,2.094289508632138,,,,1.0,,,,,,,False,False,False,0,0,,,,,,,,,,,,,,,0.0,0.03999999999999915,0.0017722645312244875,,0.05000000000000426,0.0010574178842950518,,0.0,,,,,,,,,0.0,0.0,0.0,0.0,0.0,0.0,0.0
8,2026-01-14,2026-01-15,1,22.59,22.54,47.31,47.24,2.095829636202307,,,,1.0,,,,,,,False,False,False,0,0,,,,,,,,,,,,,,,0.0,-0.05000000000000071,-0.0022158218682816937,,-0.07000000000000028,-0.0014806983138951168,,0.0,,,,,,,,,0.0,0.0,0.0,0.0,0.0,0.0,0.0
9,2026-01-15,2026-01-16,1,22.54,22.52,47.24,47.18,2.0950266429840143,,,,1.0,,,,,,,False,False,False,0,0,,,,,,,,,,,,,,,0.0,-0.019999999999999574,-0.0008877053401405478,,-0.060000000000002274,-0.001270917349632679,,0.0,,,,,,,,,0.0,0.0,0.0,0.0,0.0,0.0,0.0
10,2026-01-16,2026-01-20,4,22.52,22.42,47.18,47.02,2.097234611953613,,,,1.0,,,,,,,False,False,False,0,0,,,,,,,,,,,,,,,0.0,-0.09999999999999787,-0.0044503856274756915,,-0.1599999999999966,-0.003397030867605414,,0.0,,,,,,,,,0.0,0.0,0.0,0.0,0.0,0.0,0.0
11,2026-01-20,2026-01-21,1,22.42,22.48,47.02,47.17,2.098309608540925,,,,1.0,,,,,,,False,False,False,0,0,,,,,,,,,,,,,,,0.0,0.05999999999999872,0.002672607381476478,,0.14999999999999858,0.0031850541842468297,,0.0,,,,,,,,,0.0,0.0,0.0,0.0,0.0,0.0,0.0
12,2026-01-21,2026-01-22,1,22.48,22.48,47.17,47.16,2.097864768683274,,,,1.0,,,,,,,False,False,False,0,0,,,,,,,,,,,,,,,0.0,0.0,0.0,,-0.010000000000005116,-0.00021202162700027387,,0.0,,,,,,,,,0.0,0.0,0.0,0.0,0.0,0.0,0.0
13,2026-01-22,2026-01-23,1,22.48,22.5,47.16,47.18,2.096888888888889,,,,1.0,,,,,,,False,False,False,0,0,,,,,,,,,,,,,,,0.0,0.019999999999999574,0.0008892841848840366,,0.020000000000003126,0.00042399831035893574,,0.0,,,,,,,,,0.0,0.0,0.0,0.0,0.0,0.0,0.0
14,2026-01-23,2026-01-26,3,22.5,22.54,47.18,47.28,2.0976042590949424,,,,1.0,,,,,,,False,False,False,0,0,,,,,,,,,,,,,,,0.0,0.03999999999999915,0.0017761994012556728,,0.10000000000000142,0.0021172991183137494,,0.0,,,,,,,,,0.0,0.0,0.0,0.0,0.0,0.0,0.0
15,2026-01-26,2026-01-27,1,22.54,22.55,47.28,47.27,2.096230598669623,,,,1.0,,,,,,,False,False,False,0,0,,,,,,,,,,,,,,,0.0,0.010000000000001563,0.0004435573370571367,,-0.00999999999999801,-0.00021152829269773343,,0.0,,,,,,,,,0.0,0.0,0.0,0.0,0.0,0.0,0.0
16,2026-01-27,2026-01-28,1,22.55,22.56,47.27,47.28,2.095744680851064,,,,1.0,,,,,,,False,False,False,0,0,,,,,,,,,,,,,,,0.0,0.00999999999999801,0.00044336068117061217,,0.00999999999999801,0.0002115282926976185,,0.0,,,,,,,,,0.0,0.0,0.0,0.0,0.0,0.0,0.0
17,2026-01-28,2026-01-29,1,22.56,22.57,47.28,47.29,2.0952591936198495,,,,1.0,,,,,,,False,False,False,0,0,,,,,,,,,,,,,,,0.0,0.010000000000001563,0.00044316419958617096,,0.00999999999999801,0.00021148355794151061,,0.0,,,,,,,,,0.0,0.0,0.0,0.0,0.0,0.0,0.0
18,2026-01-29,2026-01-30,1,22.57,22.5,47.29,47.24,2.099555555555556,,,,1.0,,,,,,,True,False,False,0,0,,,,,,,,,,,,,,,0.0,-0.07000000000000028,-0.0031062816190698746,,-0.04999999999999716,-0.001057865326622815,,0.0,,,,,,,,,0.0,0.0,0.0,0.0,0.0,0.0,0.0
19,2026-01-30,2026-02-02,3,22.5,22.42,47.24,47.03,2.097680642283675,,2.097392038258085,,1.0,,1.0,,,,,False,False,False,0,0,,,,,,,,,,,,,,,0.0,-0.0799999999999983,-0.0035618915663605745,,-0.21000000000000085,-0.004455295372204939,,0.0,,,,,,,,,0.0,0.0,0.0,0.0,0.0,0.0,0.0
20,2026-02-02,2026-02-03,1,22.42,22.43,47.03,47.03,2.096745430227374,2.097392038258085,2.097238222425425,47.04450341812884,1.0,1.0,1.0,47.03,0.0003083389806329705,0.0,0.0003083389806329705,False,False,True,0,0,4459.0,0.0,0.0,0.0,-0.0,0.0,2126.0,0.0,0.0,0.0,-0.0,0.0,-0.0,-0.0,0.0,0.00999999999999801,0.00044593088810306134,0.0,0.0,0.0,0.0,0.0,0.0,0.0,0.0,0.0,0.0,0.0,0.0,0.0,0.0,0.0,0.0,0.0,0.0,0.0,0.0
21,2026-02-03,2026-02-04,1,22.43,22.41,47.03,47.04,2.0990629183400267,2.097238222425425,2.0971534726669914,46.99910856455378,1.0,1.0,1.0,47.04,-0.000869668771804984,0.0,-0.000869668771804984,False,False,True,0,0,4459.0,0.0,0.0,0.0,-0.0,0.0,2126.0,0.0,0.0,0.0,-0.0,0.0,-0.0,-0.0,0.0,-0.019999999999999574,-0.0008920607192812547,-0.0,0.00999999999999801,0.00021260763341477969,0.0,0.0,0.0,0.0,0.0,0.0,0.0,0.0,0.0,0.0,0.0,0.0,0.0,0.0,0.0,0.0,0.0
22,2026-02-04,2026-02-05,1,22.41,22.51,47.04,47.2,2.0968458462905377,2.0971534726669914,2.09707590745703,47.20692466973398,1.0,1.0,1.0,47.2,0.00014669834380506873,0.0,0.00014669834380506873,False,False,True,0,0,4444.0,0.0,0.0,0.0,-0.0,0.0,2119.0,0.0,0.0,0.0,-0.0,0.0,-0.0,-0.0,0.0,0.10000000000000142,0.004452367105805374,0.0,0.1600000000000037,0.0033955890011383287,0.0,0.0,0.0,0.0,0.0,0.0,0.0,0.0,0.0,0.0,0.0,0.0,0.0,0.0,0.0,0.0,0.0
23,2026-02-05,2026-02-06,1,22.51,22.52,47.2,47.22,2.096802841918295,2.09707590745703,2.096965112889252,47.22614943593232,1.0,1.0,1.0,47.22,0.00013022099847883535,0.0,0.00013022099847883535,False,False,True,0,0,4442.0,0.0,0.0,0.0,-0.0,0.0,2118.0,0.0,0.0,0.0,-0.0,0.0,-0.0,-0.0,0.0,0.00999999999999801,0.000444148352848627,0.0,0.01999999999999602,0.00042363906585718615,0.0,0.0,0.0,0.0,0.0,0.0,0.0,0.0,0.0,0.0,0.0,0.0,0.0,0.0,0.0,0.0,0.0
24,2026-02-06,2026-02-09,3,22.52,22.53,47.22,47.25,2.097203728362184,2.096965112889252,2.0968563552079824,47.24462399339485,1.0,1.0,1.0,47.25,-0.00011378439076755244,0.0,-0.00011378439076755244,False,False,True,0,0,4437.0,0.0,0.0,0.0,-0.0,0.0,2116.0,0.0,0.0,0.0,-0.0,0.0,-0.0,-0.0,0.0,0.010000000000001563,0.00044395117266353694,0.0,0.030000000000001137,0.0006351222823850308,0.0,0.0,0.0,0.0,0.0,0.0,0.0,0.0,0.0,0.0,0.0,0.0,0.0,0.0,0.0,0.0,0.0
25,2026-02-09,2026-02-10,1,22.53,22.59,47.25,47.39,2.0978308986277114,2.0968563552079824,2.0968898699707785,47.36798506414832,1.0,1.0,1.0,47.39,-0.0004646560652987355,0.0,-0.0004646560652987355,False,False,True,0,0,4424.0,0.0,0.0,0.0,-0.0,0.0,2110.0,0.0,0.0,0.0,-0.0,0.0,-0.0,-0.0,0.0,0.05999999999999872,0.002659576035758796,0.0,0.14000000000000057,0.0029585820397452626,0.0,0.0,0.0,0.0,0.0,0.0,0.0,0.0,0.0,0.0,0.0,0.0,0.0,0.0,0.0,0.0,0.0
26,2026-02-10,2026-02-11,1,22.59,22.55,47.39,47.27,2.096230598669623,2.0968898699707785,2.096912042919781,47.28486656784106,1.0,1.0,1.0,47.27,0.000314453787587752,0.0,0.000314453787587752,False,False,True,0,0,4437.0,0.0,0.0,0.0,-0.0,0.0,2116.0,0.0,0.0,0.0,-0.0,0.0,-0.0,-0.0,0.0,-0.03999999999999915,-0.001772264531224508,-0.0,-0.11999999999999744,-0.0025353911743518282,-0.0,0.0,0.0,0.0,0.0,0.0,0.0,0.0,0.0,0.0,0.0,0.0,0.0,0.0,0.0,0.0,0.0
27,2026-02-11,2026-02-12,1,22.55,22.67,47.27,47.56,2.097926775474195,2.096912042919781,2.097093906261884,47.536996012991445,1.0,1.0,1.0,47.56,-0.0004838005073075958,0.0,-0.0004838005073075958,False,False,True,0,0,4410.0,0.0,0.0,0.0,-0.0,0.0,2103.0,0.0,0.0,0.0,-0.0,0.0,-0.0,-0.0,0.0,0.120000000000001,0.005307398570750316,0.0,0.28999999999999915,0.006116227017436054,0.0,0.0,0.0,0.0,0.0,0.0,0.0,0.0,0.0,0.0,0.0,0.0,0.0,0.0,0.0,0.0,0.0
28,2026-02-12,2026-02-13,1,22.67,22.75,47.56,47.7,2.096703296703297,2.097093906261884,2.0971375892869335,47.70888636745786,1.0,1.0,1.0,47.7,0.00018627966056169526,0.0,0.00018627966056169526,False,False,True,0,0,4396.0,0.0,0.0,0.0,-0.0,0.0,2096.0,0.0,0.0,0.0,-0.0,0.0,-0.0,-0.0,0.0,0.0799999999999983,0.0035226808775217864,0.0,0.14000000000000057,0.0029393260717144004,0.0,0.0,0.0,0.0,0.0,0.0,0.0,0.0,0.0,0.0,0.0,0.0,0.0,0.0,0.0,0.0,0.0
29,2026-02-13,2026-02-17,4,22.75,22.72,47.7,47.57,2.09375,2.0971375892869335,2.097073757137733,47.646966028599124,1.0,1.0,1.0,47.57,0.0016166456162621681,0.0,0.0016166456162621681,False,True,False,0,-1,4408.0,0.0,-4408.0,0.0,4408.0,-4408.0,2102.0,0.0,2102.0,2102.0,-0.0,2102.0,-22.04,-10.51,-32.55,-0.030000000000001137,-0.0013195515440089063,-0.0,-0.13000000000000256,-0.0027290874501054566,-0.0,0.0,0.0,0.0,0.0,0.0,0.0,0.0,0.0,0.0,0.0,0.0,0.0,0.0,-32.55,-32.55,-32.55
30,2026-02-17,2026-02-18,1,22.72,22.69,47.57,47.54,2.0951961216394888,2.097073757137733,2.096971832622027,47.582603549455165,1.0,1.0,1.0,47.54,0.0008957608541850128,0.0,0.0008957608541850128,False,False,False,-1,-1,4410.0,-4408.0,-4410.0,0.0,2.0,-2.0,2103.0,2102.0,2103.0,1.0,-0.0,1.0,-0.01,-0.005,-0.015,-0.029999999999997584,-0.001321295061200114,132.23999999998935,-0.030000000000001137,-0.0006308485121422389,-63.06000000000239,69.17999999998696,-100149.76,0.0,-100149.76,-2.7819377777777774,0.0,99992.14,99992.14,0.0,-157.61999999999534,200141.9,-100149.76,-2.7819377777777774,66.38306222220919,33.83306222220919,0.0
31,2026-02-18,2026-02-19,1,22.69,22.7,47.54,47.56,2.0951541850220265,2.096971832622027,2.0968140614460813,47.60126060052001,1.0,1.0,1.0,47.56,0.0008671722683211151,0.0,0.0008671722683211151,False,False,False,-1,-1,4410.0,-4410.0,-4410.0,0.0,-0.0,0.0,2103.0,2103.0,2103.0,0.0,-0.0,0.0,-0.0,-0.0,0.0,0.00999999999999801,0.00044062569560662535,-44.099999999991226,0.020000000000003126,0.00042060989053331263,42.060000000006575,-2.0399999999846514,-100062.90000000001,0.0,-100062.90000000001,-2.7795250000000005,0.0,99976.62,99976.62,0.0,-86.28000000001339,200039.52000000002,-100062.90000000001,-2.7795250000000005,-4.819524999984652,29.013537222224542,-4.819524999984651
32,2026-02-19,2026-02-20,1,22.7,22.72,47.56,47.6,2.0950704225352115,2.0968140614460813,2.096674344138678,47.63961547605496,1.0,1.0,1.0,47.6,0.0008319117657435708,0.0,0.0008319117657435708,False,False,False,-1,-1,4405.0,-4410.0,-4405.0,5.0,-0.0,5.0,2101.0,2103.0,2101.0,0.0,2.0,-2.0,-0.025,-0.01,-0.035,0.019999999999999574,0.0008806693655934832,-88.19999999999811,0.03999999999999915,0.0008406894147932238,84.11999999999821,-4.079999999999899,-100107.0,0.0,-100107.0,-2.7807500000000003,0.0,100018.68000000001,100018.68000000001,0.0,-88.31999999999243,200125.68,-100107.0,-2.7807500000000003,-6.895749999999899,22.117787222224642,-11.715274999984551
33,2026-02-20,2026-02-23,3,22.72,22.77,47.6,47.69,2.0944224857268336,2.096674344138678,2.0965510239805756,47.7412748160377,1.0,1.0,1.0,47.69,0.001074591554407469,0.0,0.001074591554407469,False,True,False,-1,-1,4397.0,-4405.0,-4397.0,8.0,-0.0,8.0,2097.0,2101.0,2097.0,0.0,4.0,-4.0,-0.04,-0.02,-0.06,0.05000000000000071,0.002198286222697771,-220.25000000000313,0.0899999999999963,0.0018889710727586512,189.08999999999224,-31.160000000010882,-100081.59999999999,0.0,-100081.59999999999,-8.340133333333332,0.0,100007.6,100007.6,0.0,-73.99999999998545,200089.2,-100081.59999999999,-8.340133333333332,-39.56013333334421,-17.44234611111957,-51.27540833332876
34,2026-02-23,2026-02-24,1,22.77,22.76,47.69,47.7,2.0957820738137083,2.0965510239805756,2.096459914716514,47.7175013057979,1.0,1.0,1.0,47.7,0.00036683639279277,0.0,0.00036683639279277,False,False,True,-1,0,4394.0,-4397.0,0.0,4397.0,-0.0,4397.0,2096.0,2097.0,0.0,0.0,2097.0,-2097.0,-21.985,-10.485,-32.47,-0.00999999999999801,-0.0004392708175179889,43.96999999999125,0.010000000000005116,0.0002096655841627181,20.970000000010728,64.94000000000199,-100119.69,0.0,-100119.69,-2.7811025000000003,0.0,100005.93,100005.93,0.0,-113.76000000000931,200125.62,-100119.69,-2.7811025000000003,29.68889750000199,12.24655138888242,-21.586510833326773
35,2026-02-24,2026-02-25,1,22.76,22.76,47.7,47.64,2.093145869947276,2.096459914716514,2.0963056782803964,47.71542765894786,1.0,1.0,1.0,47.64,0.0015820321198599344,0.0,0.0015820321198599344,False,True,False,0,-1,4400.0,0.0,-4400.0,0.0,4400.0,-4400.0,2099.0,0.0,2099.0,2099.0,-0.0,2099.0,-22.0,-10.495000000000001,-32.495000000000005,0.0,0.0,0.0,-0.060000000000002274,-0.0012586534071961774,-0.0,0.0,0.0,0.0,0.0,0.0,0.0,0.0,0.0,0.0,0.0,0.0,0.0,0.0,-32.495000000000005,-20.248448611117585,-54.081510833326774
36,2026-02-25,2026-02-26,1,22.76,22.79,47.64,47.77,2.0960947784115844,2.0963056782803964,2.0963231831584226,47.77480640801023,1.0,1.0,1.0,47.77,0.00010061055529815936,0.0,0.00010061055529815936,False,False,True,-1,0,4388.0,-4400.0,0.0,4400.0,-0.0,4400.0,2093.0,2099.0,0.0,0.0,2099.0,-2099.0,-22.0,-10.495000000000001,-32.495000000000005,0.029999999999997584,0.0013172339994625697,-131.99999999998937,0.13000000000000256,0.0027250829147711887,272.87000000000535,140.87000000001598,-100144.0,0.0,-100144.0,-2.781777777777778,0.0,99996.36,99996.36,0.0,-147.63999999999942,200140.36,-100144.0,-2.781777777777778,105.5932222222382,85.34477361112062,0.0
37,2026-02-26,2026-02-27,1,22.79,22.82,47.77,47.86,2.0972830850131463,2.0963231831584226,2.0964243777280878,47.8380950396752,1.0,1.0,1.0,47.86,-0.0004577930354470862,0.0,-0.0004577930354470862,True,False,True,0,0,4379.0,0.0,0.0,0.0,-0.0,0.0,2089.0,0.0,0.0,0.0,-0.0,0.0,-0.0,-0.0,0.0,0.030000000000001137,0.0013155011763367269,0.0,0.0899999999999963,0.0018822550783567616,0.0,0.0,0.0,0.0,0.0,0.0,0.0,0.0,0.0,0.0,0.0,0.0,0.0,0.0,0.0,85.34477361112062,0.0
38,2026-02-27,2026-03-02,3,22.82,22.67,47.86,47.44,2.0926334362593733,2.0964243777280878,2.096078271763278,47.52594064309575,1.0,1.0,1.0,47.44,0.0018099260845387195,0.0,0.0018099260845387195,False,True,False,0,-1,4419.0,0.0,-4419.0,0.0,4419.0,-4419.0,2108.0,0.0,2108.0,2108.0,-0.0,2108.0,-22.095,-10.540000000000001,-32.635,-0.14999999999999858,-0.006594879914491884,-0.0,-0.4200000000000017,-0.008814327790757241,-0.0,0.0,0.0,0.0,0.0,0.0,0.0,0.0,0.0,0.0,0.0,0.0,0.0,0.0,-32.635,52.70977361112062,-32.635
39,2026-03-02,2026-03-03,1,22.67,22.64,47.44,47.39,2.093197879858657,2.096078271763278,2.0958541336420273,47.45521207272061,1.0,1.0,1.0,47.39,0.0013751265155440811,0.0,0.0013751265155440811,False,True,False,-1,-1,4423.0,-4419.0,-4423.0,0.0,4.0,-4.0,2110.0,2108.0,2110.0,2.0,-0.0,2.0,-0.02,-0.01,-0.03,-0.030000000000001137,-0.0013242111844554935,132.57000000000502,-0.04999999999999716,-0.0010545187099730363,-105.39999999999401,27.170000000011015,-100178.73000000001,0.0,-100178.73000000001,-2.7827425000000003,0.0,100003.51999999999,100003.51999999999,0.0,-175.21000000002095,200182.25,-100178.73000000001,-2.7827425000000003,24.357257500011013,77.06703111113163,-8.277742499988989
40,2026-03-03,2026-03-04,1,22.64,22.62,47.39,47.36,2.0937223695844382,2.0958541336420273,2.0957029806098806,47.40822050298266,1.0,1.0,1.0,47.36,0.0010176514212932287,0.0,0.0010176514212932287,False,True,False,-1,-1,4424.0,-4423.0,-4424.0,0.0,1.0,-1.0,2111.0,2110.0,2111.0,1.0,-0.0,1.0,-0.005,-0.005,-0.01,-0.019999999999999574,-0.0008837826470077952,88.45999999999812,-0.030000000000001137,-0.0006332454037467165,-63.3000000000024,25.15999999999572,-100136.72,0.0,-100136.72,-2.7815755555555555,0.0,99992.9,99992.9,0.0,-143.82000000000698,200129.62,-100136.72,-2.7815755555555555,22.368424444440162,99.43545555557179,0.0
41,2026-03-04,2026-03-05,1,22.62,22.55,47.36,47.24,2.09490022172949,2.0957029806098806,2.0954948457793536,47.25810221275281,1.0,1.0,1.0,47.24,0.0003831233125397154,0.0,0.0003831233125397154,False,False,True,-1,0,4437.0,-4424.0,0.0,4424.0,-0.0,4424.0,2117.0,2111.0,0.0,0.0,2111.0,-2111.0,-22.12,-10.555,-32.675,-0.07000000000000028,-0.0030994047392870422,309.68000000000126,-0.11999999999999744,-0.0025369992465886742,-253.3199999999946,56.360000000006664,-100070.88,0.0,-100070.88,-2.779746666666667,0.0,99976.95999999999,99976.95999999999,0.0,-93.9200000000128,200047.84,-100070.88,-2.779746666666667,20.90525333334,120.34070888891179,0.0
42,2026-03-05,2026-03-06,1,22.55,22.53,47.24,47.22,2.095872170439414,2.0954948457793536,2.0954461619867977,47.21149887540884,1.0,1.0,1.0,47.22,-0.00018004849473664573,0.0,-0.00018004849473664573,False,False,True,0,0,4438.0,0.0,0.0,0.0,-0.0,0.0,2118.0,0.0,0.0,0.0,-0.0,0.0,-0.0,-0.0,0.0,-0.019999999999999574,-0.0008873115045342574,-0.0,-0.020000000000003126,-0.0004234596717947643,-0.0,0.0,0.0,0.0,0.0,0.0,0.0,0.0,0.0,0.0,0.0,0.0,0.0,0.0,0.0,120.34070888891179,0.0
43,2026-03-06,2026-03-09,3,22.53,22.59,47.22,47.35,2.096060203629925,2.0954461619867977,2.0954090300723793,47.33612879928176,1.0,1.0,1.0,47.35,-0.00029299330310309586,0.0,-0.00029299330310309586,False,False,True,0,0,4426.0,0.0,0.0,0.0,-0.0,0.0,2112.0,0.0,0.0,0.0,-0.0,0.0,-0.0,-0.0,0.0,0.05999999999999872,0.002659576035758796,0.0,0.13000000000000256,0.0027492879747203634,0.0,0.0,0.0,0.0,0.0,0.0,0.0,0.0,0.0,0.0,0.0,0.0,0.0,0.0,0.0,120.34070888891179,0.0
44,2026-03-09,2026-03-10,1,22.59,22.57,47.35,47.27,2.0943730615861766,2.0954090300723793,2.095267496733579,47.2933818087336,1.0,1.0,1.0,47.27,0.0004945214260080299,0.0,0.0004945214260080299,False,False,True,0,0,4434.0,0.0,0.0,0.0,-0.0,0.0,2116.0,0.0,0.0,0.0,-0.0,0.0,-0.0,-0.0,0.0,-0.019999999999999574,-0.0008857396504676121,-0.0,-0.0799999999999983,-0.0016909748269422413,-0.0,0.0,0.0,0.0,0.0,0.0,0.0,0.0,0.0,0.0,0.0,0.0,0.0,0.0,0.0,120.34070888891179,0.0
45,2026-03-10,2026-03-11,1,22.57,22.44,47.27,47.04,2.0962566844919786,2.095267496733579,2.0951887860267924,47.01780262670152,1.0,1.0,1.0,47.04,-0.00047199430755726437,0.0,-0.00047199430755726437,False,False,True,0,0,4455.0,0.0,0.0,0.0,-0.0,0.0,2126.0,0.0,0.0,0.0,-0.0,0.0,-0.0,-0.0,0.0,-0.129999999999999,-0.005776510174948738,-0.0,-0.23000000000000398,-0.004877541214773581,-0.0,0.0,0.0,0.0,0.0,0.0,0.0,0.0,0.0,0.0,0.0,0.0,0.0,0.0,0.0,120.34070888891179,0.0
46,2026-03-11,2026-03-12,1,22.44,22.37,47.04,46.92,2.097451944568619,2.0951887860267924,2.095249853321742,46.869373143419345,1.0,1.0,1.0,46.92,-0.0010795863070840383,0.0,-0.0010795863070840383,False,False,True,0,0,4465.0,0.0,0.0,0.0,-0.0,0.0,2131.0,0.0,0.0,0.0,-0.0,0.0,-0.0,-0.0,0.0,-0.07000000000000028,-0.003124305152457376,-0.0,-0.11999999999999744,-0.0025542798050967423,-0.0,0.0,0.0,0.0,0.0,0.0,0.0,0.0,0.0,0.0,0.0,0.0,0.0,0.0,0.0,120.34070888891179,0.0
47,2026-03-12,2026-03-13,1,22.37,22.35,46.92,46.94,2.1002237136465323,2.095249853321742,2.0953647002303586,46.82883422174094,1.0,1.0,1.0,46.94,-0.002371061371557859,0.0,-0.002371061371557859,False,False,True,0,0,4463.0,0.0,0.0,0.0,-0.0,0.0,2130.0,0.0,0.0,0.0,-0.0,0.0,-0.0,-0.0,0.0,-0.019999999999999574,-0.0008944544424603401,-0.0,0.01999999999999602,0.0004261666376027306,0.0,0.0,0.0,0.0,0.0,0.0,0.0,0.0,0.0,0.0,0.0,0.0,0.0,0.0,0.0,120.34070888891179,0.0
48,2026-03-13,2026-03-16,3,22.35,22.46,46.94,47.15,2.099287622439893,2.0953647002303586,2.0954939165171886,47.061891167173854,1.0,1.0,1.0,47.15,-0.0018704402899107026,0.0,-0.0018704402899107026,False,False,True,0,0,4444.0,0.0,0.0,0.0,-0.0,0.0,2121.0,0.0,0.0,0.0,-0.0,0.0,-0.0,-0.0,0.0,0.10999999999999943,0.004909628250719268,0.0,0.21000000000000085,0.004463818656589021,0.0,0.0,0.0,0.0,0.0,0.0,0.0,0.0,0.0,0.0,0.0,0.0,0.0,0.0,0.0,120.34070888891179,0.0
49,2026-03-16,2026-03-17,1,22.46,22.5,47.15,47.19,2.0973333333333333,2.0954939165171886,2.095673083183855,47.14861312163674,1.0,1.0,1.0,47.19,-0.0008774112666895832,0.0,-0.0008774112666895832,False,False,True,0,0,4440.0,0.0,0.0,0.0,-0.0,0.0,2119.0,0.0,0.0,0.0,-0.0,0.0,-0.0,-0.0,0.0,0.03999999999999915,0.0017793599000773578,0.0,0.03999999999999915,0.0008479966588295602,0.0,0.0,0.0,0.0,0.0,0.0,0.0,0.0,0.0,0.0,0.0,0.0,0.0,0.0,0.0,120.34070888891179,0.0
50,2026-03-17,2026-03-18,1,22.5,22.39,47.19,46.95,2.0969182670835194,2.095673083183855,2.0957591904560564,46.922120332486514,1.0,1.0,1.0,46.95,-0.0005939925131011778,0.0,-0.0005939925131011778,False,False,True,0,0,4464.0,0.0,0.0,0.0,-0.0,0.0,2130.0,0.0,0.0,0.0,-0.0,0.0,-0.0,-0.0,0.0,-0.10999999999999943,-0.004900878599710931,-0.0,-0.23999999999999488,-0.00509880008402407,-0.0,0.0,0.0,0.0,0.0,0.0,0.0,0.0,0.0,0.0,0.0,0.0,0.0,0.0,0.0,120.34070888891179,0.0
51,2026-03-18,2026-03-19,1,22.39,22.39,46.95,46.98,2.09825815096025,2.0957591904560564,2.095914388752968,46.924048274311104,1.0,1.0,1.0,46.98,-0.0011916788112661294,0.0,-0.0011916788112661294,False,False,True,0,0,4462.0,0.0,0.0,0.0,-0.0,0.0,2129.0,0.0,0.0,0.0,-0.0,0.0,-0.0,-0.0,0.0,0.0,0.0,0.0,0.02999999999999403,0.0006387735764947612,0.0,0.0,0.0,0.0,0.0,0.0,0.0,0.0,0.0,0.0,0.0,0.0,0.0,0.0,0.0,120.34070888891179,0.0
52,2026-03-19,2026-03-20,1,22.39,22.22,46.98,46.58,2.096309630963096,2.095914388752968,2.095976349174362,46.57121771809095,1.0,1.0,1.0,46.58,-0.00018855968070434175,0.0,-0.00018855968070434175,False,False,True,0,0,4500.0,0.0,0.0,0.0,-0.0,0.0,2147.0,0.0,0.0,0.0,-0.0,0.0,-0.0,-0.0,0.0,-0.1700000000000017,-0.0076216463991795455,-0.0,-0.3999999999999986,-0.008550714774571819,-0.0,0.0,0.0,0.0,0.0,0.0,0.0,0.0,0.0,0.0,0.0,0.0,0.0,0.0,0.0,120.34070888891179,0.0
53,2026-03-20,2026-03-23,3,22.22,22.3,46.58,46.77,2.097309417040359,2.095976349174362,2.0961206957400385,46.740272586588276,1.0,1.0,1.0,46.77,-0.00063581066744635,0.0,-0.00063581066744635,False,False,True,0,0,4481.0,0.0,0.0,0.0,-0.0,0.0,2138.0,0.0,0.0,0.0,-0.0,0.0,-0.0,-0.0,0.0,0.08000000000000185,0.0035938942545892623,0.0,0.19000000000000483,0.00407070728159993,0.0,0.0,0.0,0.0,0.0,0.0,0.0,0.0,0.0,0.0,0.0,0.0,0.0,0.0,0.0,120.34070888891179,0.0
54,2026-03-23,2026-03-24,1,22.3,22.22,46.77,46.61,2.097659765976598,2.0961206957400385,2.0962145803481826,46.57580185934365,1.0,1.0,1.0,46.61,-0.0007339775268178206,0.0,-0.0007339775268178206,False,False,True,0,0,4496.0,0.0,0.0,0.0,-0.0,0.0,2145.0,0.0,0.0,0.0,-0.0,0.0,-0.0,-0.0,0.0,-0.08000000000000185,-0.003593894254589171,-0.0,-0.1600000000000037,-0.0034268613531453465,-0.0,0.0,0.0,0.0,0.0,0.0,0.0,0.0,0.0,0.0,0.0,0.0,0.0,0.0,0.0,120.34070888891179,0.0
55,2026-03-24,2026-03-25,1,22.22,22.32,46.61,46.89,2.100806451612903,2.0962145803481826,2.0965976094314644,46.78750943337144,1.0,1.0,1.0,46.89,-0.0021881582493501264,0.0,-0.0021881582493501264,False,False,True,0,0,4471.0,0.0,0.0,0.0,-0.0,0.0,2133.0,0.0,0.0,0.0,-0.0,0.0,-0.0,-0.0,0.0,0.10000000000000142,0.004490353301626297,0.0,0.28000000000000114,0.005989322716845331,0.0,0.0,0.0,0.0,0.0,0.0,0.0,0.0,0.0,0.0,0.0,0.0,0.0,0.0,0.0,120.34070888891179,0.0
56,2026-03-25,2026-03-26,1,22.32,22.16,46.89,46.5,2.098375451263538,2.0965976094314644,2.0967116430740615,46.460603025001255,1.0,1.0,1.0,46.5,-0.000847605890569226,0.0,-0.000847605890569226,False,False,True,0,0,4510.0,0.0,0.0,0.0,-0.0,0.0,2151.0,0.0,0.0,0.0,-0.0,0.0,-0.0,-0.0,0.0,-0.16000000000000014,-0.007194275634027085,-0.0,-0.39000000000000057,-0.008352120508184313,-0.0,0.0,0.0,0.0,0.0,0.0,0.0,0.0,0.0,0.0,0.0,0.0,0.0,0.0,0.0,120.34070888891179,0.0
57,2026-03-26,2026-03-27,1,22.16,22.18,46.5,46.56,2.099188458070334,2.0967116430740615,2.0968069117269215,46.505064243382684,1.0,1.0,1.0,46.56,-0.0011805883001249462,0.0,-0.0011805883001249462,False,False,True,0,0,4504.0,0.0,0.0,0.0,-0.0,0.0,2148.0,0.0,0.0,0.0,-0.0,0.0,-0.0,-0.0,0.0,0.019999999999999574,0.000902120043137929,0.0,0.060000000000002274,0.0012894908298719137,0.0,0.0,0.0,0.0,0.0,0.0,0.0,0.0,0.0,0.0,0.0,0.0,0.0,0.0,0.0,120.34070888891179,0.0
58,2026-03-27,2026-03-30,3,22.18,22.32,46.56,46.85,2.0990143369175627,2.0968069117269215,2.097125956759831,46.80073026974489,1.0,1.0,1.0,46.85,-0.0010522018281941313,0.0,-0.0010522018281941313,False,False,True,0,0,4475.0,0.0,0.0,0.0,-0.0,0.0,2134.0,0.0,0.0,0.0,-0.0,0.0,-0.0,-0.0,0.0,0.14000000000000057,0.006292155590889272,0.0,0.28999999999999915,0.006209205261248789,0.0,0.0,0.0,0.0,0.0,0.0,0.0,0.0,0.0,0.0,0.0,0.0,0.0,0.0,0.0,120.34070888891179,0.0
59,2026-03-30,2026-03-31,1,22.32,22.39,46.85,46.95,2.0969182670835194,2.097125956759831,2.097311976121074,46.95465017185262,1.0,1.0,1.0,46.95,9.904028922756957e-05,0.0,9.904028922756957e-05,True,False,True,0,0,4467.0,0.0,0.0,0.0,-0.0,0.0,2130.0,0.0,0.0,0.0,-0.0,0.0,-0.0,-0.0,0.0,0.07000000000000028,0.0031312930975532305,0.0,0.10000000000000142,0.0021321969698406404,0.0,0.0,0.0,0.0,0.0,0.0,0.0,0.0,0.0,0.0,0.0,0.0,0.0,0.0,0.0,120.34070888891179,0.0
60,2026-03-31,2026-04-01,1,22.39,22.33,46.95,46.83,2.09717868338558,2.097311976121074,2.097484791811131,46.83297642678358,1.0,1.0,1.0,46.83,6.355610078041318e-05,0.0,6.355610078041318e-05,False,False,True,0,0,4478.0,0.0,0.0,0.0,-0.0,0.0,2135.0,0.0,0.0,0.0,-0.0,0.0,-0.0,-0.0,0.0,-0.060000000000002274,-0.002683364758597044,-0.0,-0.12000000000000455,-0.0025591824588216275,-0.0,0.0,0.0,0.0,0.0,0.0,0.0,0.0,0.0,0.0,0.0,0.0,0.0,0.0,0.0,120.34070888891179,0.0
61,2026-04-01,2026-04-02,1,22.33,22.38,46.83,46.93,2.0969615728328868,2.097484791811131,2.0975878593663007,46.94170964073311,1.0,1.0,1.0,46.93,0.00024948178399357976,0.0,0.00024948178399357976,False,False,True,0,0,4470.0,0.0,0.0,0.0,-0.0,0.0,2131.0,0.0,0.0,0.0,-0.0,0.0,-0.0,-0.0,0.0,0.05000000000000071,0.0022366370317126933,0.0,0.10000000000000142,0.0021331066108760126,0.0,0.0,0.0,0.0,0.0,0.0,0.0,0.0,0.0,0.0,0.0,0.0,0.0,0.0,0.0,120.34070888891179,0.0
62,2026-04-02,2026-04-06,4,22.38,22.33,46.93,46.8,2.095835199283475,2.0975878593663007,2.097586010808504,46.83913689964949,1.0,1.0,1.0,46.8,0.000835909070164088,0.0,0.000835909070164088,False,False,False,0,0,4483.0,0.0,0.0,0.0,-0.0,0.0,2137.0,0.0,0.0,0.0,-0.0,0.0,-0.0,-0.0,0.0,-0.05000000000000071,-0.002236637031712704,-0.0,-0.13000000000000256,-0.0027739268827253194,-0.0,0.0,0.0,0.0,0.0,0.0,0.0,0.0,0.0,0.0,0.0,0.0,0.0,0.0,0.0,120.34070888891179,0.0
63,2026-04-06,2026-04-07,1,22.33,22.37,46.8,46.87,2.0952168082253015,2.097586010808504,2.0975438410382727,46.922999061786236,1.0,1.0,1.0,46.87,0.0011301284308468367,0.0,0.0011301284308468367,False,True,False,0,-1,4476.0,0.0,-4476.0,0.0,4476.0,-4476.0,2134.0,0.0,2134.0,2134.0,-0.0,2134.0,-22.38,-10.67,-33.05,0.0400000000000027,0.0017897096499719309,0.0,0.07000000000000028,0.001494609011013697,0.0,0.0,0.0,0.0,0.0,0.0,0.0,0.0,0.0,0.0,0.0,0.0,0.0,0.0,-33.05,87.2907088889118,-33.05
64,2026-04-07,2026-04-08,1,22.37,22.43,46.87,47.05,2.0976370931787782,2.0975438410382727,2.0977070426179028,47.047908354488456,1.0,1.0,1.0,47.05,-4.445679077175533e-05,0.0,-4.445679077175533e-05,False,False,True,-1,0,4457.0,-4476.0,0.0,4476.0,-0.0,4476.0,2125.0,2134.0,0.0,0.0,2134.0,-2134.0,-22.38,-10.67,-33.05,0.05999999999999872,0.0026785730300786384,-268.55999999999426,0.17999999999999972,0.003833054096773811,384.1199999999994,115.56000000000512,-100128.12000000001,0.0,-100128.12000000001,-2.7813366666666672,0.0,100020.58,100020.58,0.0,-107.54000000000815,200148.7,-100128.12000000001,-2.7813366666666672,79.72866333333846,167.01937222225024,0.0
65,2026-04-08,2026-04-09,1,22.43,22.43,47.05,47.02,2.096299598751672,2.0977070426179028,2.0977091883308874,47.05156896591956,1.0,1.0,1.0,47.02,0.0006711691417853027,0.0,0.0006711691417853027,False,False,False,0,0,4462.0,0.0,0.0,0.0,-0.0,0.0,2127.0,0.0,0.0,0.0,-0.0,0.0,-0.0,-0.0,0.0,0.0,0.0,0.0,-0.02999999999999403,-0.0006378229194650236,-0.0,0.0,0.0,0.0,0.0,0.0,0.0,0.0,0.0,0.0,0.0,0.0,0.0,0.0,0.0,167.01937222225024,0.0
66,2026-04-09,2026-04-10,1,22.43,22.42,47.02,46.99,2.0958965209634255,2.0977091883308874,2.0976314171506276,47.0306400023785,1.0,1.0,1.0,46.99,0.0008644911353182364,0.0,0.0008644911353182364,False,False,False,0,0,4464.0,0.0,0.0,0.0,-0.0,0.0,2128.0,0.0,0.0,0.0,-0.0,0.0,-0.0,-0.0,0.0,-0.00999999999999801,-0.00044593088810300946,-0.0,-0.030000000000001137,-0.0006382299971990981,-0.0,0.0,0.0,0.0,0.0,0.0,0.0,0.0,0.0,0.0,0.0,0.0,0.0,0.0,0.0,167.01937222225024,0.0
67,2026-04-10,2026-04-13,3,22.42,22.46,46.99,47.07,2.095725734639359,2.0976314171506276,2.0974065182002692,47.1128016292031,1.0,1.0,1.0,47.07,0.0009089054776301516,0.0,0.0009089054776301516,False,False,False,0,0,4455.0,0.0,0.0,0.0,-0.0,0.0,2124.0,0.0,0.0,0.0,-0.0,0.0,-0.0,-0.0,0.0,0.03999999999999915,0.0017825316662831252,0.0,0.0799999999999983,0.0017010422983264493,0.0,0.0,0.0,0.0,0.0,0.0,0.0,0.0,0.0,0.0,0.0,0.0,0.0,0.0,0.0,167.01937222225024,0.0
68,2026-04-13,2026-04-14,1,22.46,22.5,47.07,47.22,2.0986666666666665,2.0974065182002692,2.097375470411608,47.191646659506056,1.0,1.0,1.0,47.22,-0.0006006322810699592,0.0,-0.0006006322810699592,False,False,True,0,0,4442.0,0.0,0.0,0.0,-0.0,0.0,2118.0,0.0,0.0,0.0,-0.0,0.0,-0.0,-0.0,0.0,0.03999999999999915,0.0017793599000773578,0.0,0.14999999999999858,0.003181676244315916,0.0,0.0,0.0,0.0,0.0,0.0,0.0,0.0,0.0,0.0,0.0,0.0,0.0,0.0,0.0,167.01937222225024,0.0
69,2026-04-14,2026-04-15,1,22.5,22.48,47.22,47.12,2.096085409252669,2.097375470411608,2.0973130742075745,47.14900057485295,1.0,1.0,1.0,47.12,0.0006152727957437156,0.0,0.0006152727957437156,False,False,False,0,0,4451.0,0.0,0.0,0.0,-0.0,0.0,2122.0,0.0,0.0,0.0,-0.0,0.0,-0.0,-0.0,0.0,-0.019999999999999574,-0.0008892841848840617,-0.0,-0.10000000000000142,-0.0021199923140356584,-0.0,0.0,0.0,0.0,0.0,0.0,0.0,0.0,0.0,0.0,0.0,0.0,0.0,0.0,0.0,167.01937222225024,0.0
70,2026-04-15,2026-04-16,1,22.48,22.45,47.12,47.09,2.097550111358575,2.0973130742075745,2.0973446664213276,47.08467851596004,1.0,1.0,1.0,47.09,-0.0001130130546656958,0.0,-0.0001130130546656958,False,False,True,0,0,4455.0,0.0,0.0,0.0,-0.0,0.0,2124.0,0.0,0.0,0.0,-0.0,0.0,-0.0,-0.0,0.0,-0.030000000000001137,-0.0013354108372271186,-0.0,-0.02999999999999403,-0.0006368750878679074,-0.0,0.0,0.0,0.0,0.0,0.0,0.0,0.0,0.0,0.0,0.0,0.0,0.0,0.0,0.0,167.01937222225024,0.0
71,2026-04-16,2026-04-17,1,22.45,22.54,47.09,47.26,2.0967169476486247,2.0973446664213276,2.097267606255746,47.274148781136724,1.0,1.0,1.0,47.26,0.0002993369364361296,0.0,0.0002993369364361296,False,False,True,0,0,4438.0,0.0,0.0,0.0,-0.0,0.0,2116.0,0.0,0.0,0.0,-0.0,0.0,-0.0,-0.0,0.0,0.08999999999999986,0.004000894423366827,0.0,0.1699999999999946,0.0036036075032983964,0.0,0.0,0.0,0.0,0.0,0.0,0.0,0.0,0.0,0.0,0.0,0.0,0.0,0.0,0.0,167.01937222225024,0.0
72,2026-04-17,2026-04-20,3,22.54,22.5,47.26,47.21,2.098222222222222,2.097267606255746,2.0973632358187024,47.18852114075428,1.0,1.0,1.0,47.21,-0.00045506771412995756,0.0,-0.00045506771412995756,False,False,True,0,0,4442.0,0.0,0.0,0.0,-0.0,0.0,2118.0,0.0,0.0,0.0,-0.0,0.0,-0.0,-0.0,0.0,-0.03999999999999915,-0.0017761994012557819,-0.0,-0.04999999999999716,-0.001058537200566306,-0.0,0.0,0.0,0.0,0.0,0.0,0.0,0.0,0.0,0.0,0.0,0.0,0.0,0.0,0.0,167.01937222225024,0.0
73,2026-04-20,2026-04-21,1,22.5,22.41,47.21,46.99,2.096831771530567,2.0973632358187024,2.0973393535432128,47.001910114697125,1.0,1.0,1.0,46.99,0.0002534285077584153,0.0,0.0002534285077584153,False,False,True,0,0,4463.0,0.0,0.0,0.0,-0.0,0.0,2128.0,0.0,0.0,0.0,-0.0,0.0,-0.0,-0.0,0.0,-0.08999999999999986,-0.004008021397538822,-0.0,-0.21999999999999886,-0.004670921443470969,-0.0,0.0,0.0,0.0,0.0,0.0,0.0,0.0,0.0,0.0,0.0,0.0,0.0,0.0,0.0,167.01937222225024,0.0
74,2026-04-21,2026-04-22,1,22.41,22.45,46.99,47.07,2.096659242761693,2.0973393535432128,2.0972893273824678,47.08526848704513,1.0,1.0,1.0,47.07,0.00032432571059076487,0.0,0.00032432571059076487,False,False,True,0,0,4455.0,0.0,0.0,0.0,-0.0,0.0,2124.0,0.0,0.0,0.0,-0.0,0.0,-0.0,-0.0,0.0,0.03999999999999915,0.0017833263754275445,0.0,0.0799999999999983,0.0017010422983264493,0.0,0.0,0.0,0.0,0.0,0.0,0.0,0.0,0.0,0.0,0.0,0.0,0.0,0.0,0.0,167.01937222225024,0.0
75,2026-04-22,2026-04-23,1,22.45,22.41,47.07,46.99,2.096831771530567,2.0972893273824678,2.097090593378351,47.0002538266411,1.0,1.0,1.0,46.99,0.00021818914758316133,0.0,0.00021818914758316133,False,False,True,0,0,4463.0,0.0,0.0,0.0,-0.0,0.0,2128.0,0.0,0.0,0.0,-0.0,0.0,-0.0,-0.0,0.0,-0.03999999999999915,-0.001783326375427594,-0.0,-0.0799999999999983,-0.001701042298326514,-0.0,0.0,0.0,0.0,0.0,0.0,0.0,0.0,0.0,0.0,0.0,0.0,0.0,0.0,0.0,167.01937222225024,0.0
76,2026-04-23,2026-04-24,1,22.41,22.44,46.99,47.12,2.09982174688057,2.097090593378351,2.0971629081592025,47.0587129154102,1.0,1.0,1.0,47.12,-0.0013015062819158206,0.0,-0.0013015062819158206,False,False,True,0,0,4450.0,0.0,0.0,0.0,-0.0,0.0,2122.0,0.0,0.0,0.0,-0.0,0.0,-0.0,-0.0,0.0,0.030000000000001137,0.0013377928416599535,0.0,0.12999999999999545,0.00276272622860681,0.0,0.0,0.0,0.0,0.0,0.0,0.0,0.0,0.0,0.0,0.0,0.0,0.0,0.0,0.0,167.01937222225024,0.0
77,2026-04-24,2026-04-27,3,22.44,22.41,47.12,47.02,2.098170459616243,2.0971629081592025,2.097112008236498,46.99742077184773,1.0,1.0,1.0,47.02,-0.0004803201024024046,0.0,-0.0004803201024024046,False,False,True,0,0,4461.0,0.0,0.0,0.0,-0.0,0.0,2127.0,0.0,0.0,0.0,-0.0,0.0,-0.0,-0.0,0.0,-0.030000000000001137,-0.0013377928416599422,-0.0,-0.09999999999999432,-0.002124496231407695,-0.0,0.0,0.0,0.0,0.0,0.0,0.0,0.0,0.0,0.0,0.0,0.0,0.0,0.0,0.0,167.01937222225024,0.0
78,2026-04-27,2026-04-28,1,22.41,22.41,47.02,47.0,2.0972780008924587,2.097112008236498,2.0970251914352427,46.99628010457992,1.0,1.0,1.0,47.0,-7.914984333177942e-05,0.0,-7.914984333177942e-05,False,False,True,0,0,4463.0,0.0,0.0,0.0,-0.0,0.0,2128.0,0.0,0.0,0.0,-0.0,0.0,-0.0,-0.0,0.0,0.0,0.0,0.0,-0.020000000000003126,-0.0004254414018649732,-0.0,0.0,0.0,0.0,0.0,0.0,0.0,0.0,0.0,0.0,0.0,0.0,0.0,0.0,0.0,167.01937222225024,0.0
79,2026-04-28,2026-04-29,1,22.41,22.29,47.0,46.81,2.10004486316734,2.0970251914352427,2.097181521239434,46.74269151709156,1.0,1.0,1.0,46.81,-0.001438942983483976,0.0,-0.001438942983483976,False,False,True,0,0,4479.0,0.0,0.0,0.0,-0.0,0.0,2136.0,0.0,0.0,0.0,-0.0,0.0,-0.0,-0.0,0.0,-0.120000000000001,-0.005369140415058208,-0.0,-0.18999999999999773,-0.004050746398079291,-0.0,0.0,0.0,0.0,0.0,0.0,0.0,0.0,0.0,0.0,0.0,0.0,0.0,0.0,0.0,167.01937222225024,0.0
80,2026-04-29,2026-04-30,1,22.29,22.33,46.81,46.91,2.1007613076578595,2.097181521239434,2.0973606524530477,46.83006336927655,1.0,1.0,1.0,46.91,-0.001705495968882076,0.0,-0.001705495968882076,True,False,True,0,0,4471.0,0.0,0.0,0.0,-0.0,0.0,2132.0,0.0,0.0,0.0,-0.0,0.0,-0.0,-0.0,0.0,0.03999999999999915,0.00179291845428905,0.0,0.09999999999999432,0.0021340170283873933,0.0,0.0,0.0,0.0,0.0,0.0,0.0,0.0,0.0,0.0,0.0,0.0,0.0,0.0,0.0,167.01937222225024,0.0
81,2026-04-30,2026-05-01,1,22.33,22.28,46.91,46.79,2.100089766606822,2.0973606524530477,2.0975170621417445,46.7291953366539,1.0,1.0,1.0,46.79,-0.0013003677308252692,0.0,-0.0013003677308252692,False,False,True,0,0,4482.0,0.0,0.0,0.0,-0.0,0.0,2137.0,0.0,0.0,0.0,-0.0,0.0,-0.0,-0.0,0.0,-0.04999999999999716,-0.0022416507929831518,-0.0,-0.11999999999999744,-0.002561367462241633,-0.0,0.0,0.0,0.0,0.0,0.0,0.0,0.0,0.0,0.0,0.0,0.0,0.0,0.0,0.0,167.01937222225024,0.0
82,2026-05-01,2026-05-04,3,22.28,22.19,46.79,46.59,2.099594411897251,2.0975170621417445,2.097705022772433,46.54390360892531,1.0,1.0,1.0,46.59,-0.0009898950447170874,0.0,-0.0009898950447170874,False,False,True,0,0,4501.0,0.0,0.0,0.0,-0.0,0.0,2146.0,0.0,0.0,0.0,-0.0,0.0,-0.0,-0.0,0.0,-0.08999999999999986,-0.004047678114580742,-0.0,-0.19999999999999574,-0.004283579049419404,-0.0,0.0,0.0,0.0,0.0,0.0,0.0,0.0,0.0,0.0,0.0,0.0,0.0,0.0,0.0,167.01937222225024,0.0
83,2026-05-04,2026-05-05,1,22.19,22.23,46.59,46.68,2.099865047233468,2.097705022772433,2.0979374347228417,46.631982656231195,1.0,1.0,1.0,46.68,-0.0010291786036541438,0.0,-0.0010291786036541438,False,False,True,0,0,4493.0,0.0,0.0,0.0,-0.0,0.0,2142.0,0.0,0.0,0.0,-0.0,0.0,-0.0,-0.0,0.0,0.03999999999999915,0.0018009910316025216,0.0,0.0899999999999963,0.001929881589649654,0.0,0.0,0.0,0.0,0.0,0.0,0.0,0.0,0.0,0.0,0.0,0.0,0.0,0.0,0.0,167.01937222225024,0.0
84,2026-05-05,2026-05-06,1,22.23,22.35,46.68,46.92,2.0993288590604027,2.0979374347228417,2.098022023016923,46.88890166605552,1.0,1.0,1.0,46.92,-0.0006630145867051057,0.0,-0.0006630145867051057,False,False,True,0,0,4471.0,0.0,0.0,0.0,-0.0,0.0,2131.0,0.0,0.0,0.0,-0.0,0.0,-0.0,-0.0,0.0,0.120000000000001,0.005383593083472679,0.0,0.240000000000002,0.005128216366919529,0.0,0.0,0.0,0.0,0.0,0.0,0.0,0.0,0.0,0.0,0.0,0.0,0.0,0.0,0.0,167.01937222225024,0.0
85,2026-05-06,2026-05-07,1,22.35,22.3,46.92,46.76,2.096860986547085,2.098022023016923,2.0980500924066936,46.78589111327738,1.0,1.0,1.0,46.76,0.0005535489294159412,0.0,0.0005535489294159412,False,False,False,0,0,4488.0,0.0,0.0,0.0,-0.0,0.0,2139.0,0.0,0.0,0.0,-0.0,0.0,-0.0,-0.0,0.0,-0.05000000000000071,-0.0022396425935047983,-0.0,-0.1600000000000037,-0.0034158871814071834,-0.0,0.0,0.0,0.0,0.0,0.0,0.0,0.0,0.0,0.0,0.0,0.0,0.0,0.0,0.0,167.01937222225024,0.0
86,2026-05-07,2026-05-08,1,22.3,22.38,46.76,46.95,2.0978552278820377,2.0980500924066936,2.098148027752624,46.9543610680618,1.0,1.0,1.0,46.95,9.288318487730736e-05,0.0,9.288318487730736e-05,False,False,True,0,0,4469.0,0.0,0.0,0.0,-0.0,0.0,2130.0,0.0,0.0,0.0,-0.0,0.0,-0.0,-0.0,0.0,0.0799999999999983,0.003581024417706021,0.0,0.19000000000000483,0.004055069050404272,0.0,0.0,0.0,0.0,0.0,0.0,0.0,0.0,0.0,0.0,0.0,0.0,0.0,0.0,0.0,167.01937222225024,0.0
87,2026-05-08,2026-05-11,3,22.38,22.31,46.95,46.82,2.098610488570148,2.098148027752624,2.0982922654491634,46.809682499161035,1.0,1.0,1.0,46.82,-0.00022038953044229903,0.0,-0.00022038953044229903,False,False,True,0,0,4482.0,0.0,0.0,0.0,-0.0,0.0,2136.0,0.0,0.0,0.0,-0.0,0.0,-0.0,-0.0,0.0,-0.07000000000000028,-0.003132694439337994,-0.0,-0.13000000000000256,-0.002772743591507251,-0.0,0.0,0.0,0.0,0.0,0.0,0.0,0.0,0.0,0.0,0.0,0.0,0.0,0.0,0.0,167.01937222225024,0.0
88,2026-05-11,2026-05-12,1,22.31,22.22,46.82,46.64,2.099009900990099,2.0982922654491634,2.098309427165335,46.62405413828041,1.0,1.0,1.0,46.64,-0.00034195086246911673,0.0,-0.00034195086246911673,False,False,True,0,0,4499.0,0.0,0.0,0.0,-0.0,0.0,2144.0,0.0,0.0,0.0,-0.0,0.0,-0.0,-0.0,0.0,-0.08999999999999986,-0.0040422242329572425,-0.0,-0.17999999999999972,-0.0038519200205277227,-0.0,0.0,0.0,0.0,0.0,0.0,0.0,0.0,0.0,0.0,0.0,0.0,0.0,0.0,0.0,167.01937222225024,0.0
89,2026-05-12,2026-05-13,1,22.22,22.22,46.64,46.69,2.101260126012601,2.098309427165335,2.098568163003332,46.624435471613744,1.0,1.0,1.0,46.69,-0.0014052389395929302,0.0,-0.0014052389395929302,False,False,True,0,0,4495.0,0.0,0.0,0.0,-0.0,0.0,2142.0,0.0,0.0,0.0,-0.0,0.0,-0.0,-0.0,0.0,0.0,0.0,0.0,0.04999999999999716,0.0010714669406086382,0.0,0.0,0.0,0.0,0.0,0.0,0.0,0.0,0.0,0.0,0.0,0.0,0.0,0.0,0.0,167.01937222225024,0.0
90,2026-05-13,2026-05-14,1,22.22,22.22,46.69,46.68,2.1008100810081007,2.098568163003332,2.0987311614858077,46.63018458193403,1.0,1.0,1.0,46.68,-0.0010677381686016831,0.0,-0.0010677381686016831,False,False,True,0,0,4495.0,0.0,0.0,0.0,-0.0,0.0,2142.0,0.0,0.0,0.0,-0.0,0.0,-0.0,-0.0,0.0,0.0,0.0,0.0,-0.00999999999999801,-0.00021420156449038596,-0.0,0.0,0.0,0.0,0.0,0.0,0.0,0.0,0.0,0.0,0.0,0.0,0.0,0.0,0.0,167.01937222225024,0.0
91,2026-05-14,2026-05-15,1,22.22,22.06,46.68,46.34,2.1006346328195833,2.0987311614858077,2.098927045744356,46.298009422376914,1.0,1.0,1.0,46.34,-0.0009065518734846512,0.0,-0.0009065518734846512,False,False,True,0,0,4529.0,0.0,0.0,0.0,-0.0,0.0,2158.0,0.0,0.0,0.0,-0.0,0.0,-0.0,-0.0,0.0,-0.16000000000000014,-0.007226770386127551,-0.0,-0.3399999999999963,-0.00731028841412503,-0.0,0.0,0.0,0.0,0.0,0.0,0.0,0.0,0.0,0.0,0.0,0.0,0.0,0.0,0.0,167.01937222225024,0.0
92,2026-05-15,2026-05-18,3,22.06,22.04,46.34,46.32,2.101633393829401,2.098927045744356,2.099097604324715,46.26035208820561,1.0,1.0,1.0,46.32,-0.0012885654180889727,0.0,-0.0012885654180889727,False,False,True,0,0,4532.0,0.0,0.0,0.0,-0.0,0.0,2159.0,0.0,0.0,0.0,-0.0,0.0,-0.0,-0.0,0.0,-0.019999999999999574,-0.0009070295406426149,-0.0,-0.020000000000003126,-0.00043168573949040366,-0.0,0.0,0.0,0.0,0.0,0.0,0.0,0.0,0.0,0.0,0.0,0.0,0.0,0.0,0.0,167.01937222225024,0.0
93,2026-05-18,2026-05-19,1,22.04,21.96,46.32,46.1,2.099271402550091,2.099097604324715,2.0992195858756912,46.096183390970744,1.0,1.0,1.0,46.1,-8.279321097820499e-05,0.0,-8.279321097820499e-05,False,False,True,0,0,4553.0,0.0,0.0,0.0,-0.0,0.0,2169.0,0.0,0.0,0.0,-0.0,0.0,-0.0,-0.0,0.0,-0.0799999999999983,-0.003636367643383763,-0.0,-0.21999999999999886,-0.004760883262136912,-0.0,0.0,0.0,0.0,0.0,0.0,0.0,0.0,0.0,0.0,0.0,0.0,0.0,0.0,0.0,167.01937222225024,0.0
94,2026-05-19,2026-05-20,1,21.96,22.12,46.1,46.47,2.1008137432188065,2.0992195858756912,2.099427310898547,46.43473723957029,1.0,1.0,1.0,46.47,-0.0007591165568263666,0.0,-0.0007591165568263666,False,False,True,0,0,4518.0,0.0,0.0,0.0,-0.0,0.0,2152.0,0.0,0.0,0.0,-0.0,0.0,-0.0,-0.0,0.0,0.16000000000000014,0.007259560012804102,0.0,0.36999999999999744,0.007993993094284155,0.0,0.0,0.0,0.0,0.0,0.0,0.0,0.0,0.0,0.0,0.0,0.0,0.0,0.0,0.0,167.01937222225024,0.0
95,2026-05-20,2026-05-21,1,22.12,22.11,46.47,46.5,2.1031207598371777,2.099427310898547,2.099741760313877,46.41833784396687,1.0,1.0,1.0,46.5,-0.0017577192823958962,0.0,-0.0017577192823958962,False,False,True,0,0,4516.0,0.0,0.0,0.0,-0.0,0.0,2151.0,0.0,0.0,0.0,-0.0,0.0,-0.0,-0.0,0.0,-0.010000000000001563,-0.00045218178477918886,-0.0,0.030000000000001137,0.0006453694964236529,0.0,0.0,0.0,0.0,0.0,0.0,0.0,0.0,0.0,0.0,0.0,0.0,0.0,0.0,0.0,167.01937222225024,0.0
96,2026-05-21,2026-05-22,1,22.11,22.16,46.5,46.57,2.101534296028881,2.099741760313877,2.0998273877712927,46.53027740855551,1.0,1.0,1.0,46.57,-0.0008533292265193139,0.0,-0.0008533292265193139,False,False,True,0,0,4508.0,0.0,0.0,0.0,-0.0,0.0,2147.0,0.0,0.0,0.0,-0.0,0.0,-0.0,-0.0,0.0,0.05000000000000071,0.0022588670097282333,0.0,0.07000000000000028,0.0015042444009751776,0.0,0.0,0.0,0.0,0.0,0.0,0.0,0.0,0.0,0.0,0.0,0.0,0.0,0.0,0.0,167.01937222225024,0.0
97,2026-05-22,2026-05-26,4,22.16,22.24,46.57,46.73,2.1011690647482015,2.0998273877712927,2.0999773180278907,46.70016110403355,1.0,1.0,1.0,46.73,-0.000638742278261185,0.0,-0.000638742278261185,False,False,True,0,0,4494.0,0.0,0.0,0.0,-0.0,0.0,2140.0,0.0,0.0,0.0,-0.0,0.0,-0.0,-0.0,0.0,0.0799999999999983,0.0036036075032983964,0.0,0.1599999999999966,0.003429799718048832,0.0,0.0,0.0,0.0,0.0,0.0,0.0,0.0,0.0,0.0,0.0,0.0,0.0,0.0,0.0,167.01937222225024,0.0
98,2026-05-26,2026-05-27,1,22.24,22.24,46.73,46.72,2.100719424460432,2.0999773180278907,2.1001493892062895,46.70349555294028,1.0,1.0,1.0,46.72,-0.0003533254056430749,0.0,-0.0003533254056430749,False,False,True,0,0,4494.0,0.0,0.0,0.0,-0.0,0.0,2140.0,0.0,0.0,0.0,-0.0,0.0,-0.0,-0.0,0.0,0.0,0.0,0.0,-0.00999999999999801,-0.00021401819236314176,-0.0,0.0,0.0,0.0,0.0,0.0,0.0,0.0,0.0,0.0,0.0,0.0,0.0,0.0,0.0,167.01937222225024,0.0
99,2026-05-27,2026-05-28,1,22.24,22.32,46.72,46.84,2.098566308243728,2.1001493892062895,2.1000754614601087,46.875334367084385,1.0,1.0,1.0,46.84,0.0007540787000840987,0.0,0.0007540787000840987,False,False,False,0,0,4484.0,0.0,0.0,0.0,-0.0,0.0,2135.0,0.0,0.0,0.0,-0.0,0.0,-0.0,-0.0,0.0,0.08000000000000185,0.00359066813072854,0.0,0.12000000000000455,0.0025652002095451236,0.0,0.0,0.0,0.0,0.0,0.0,0.0,0.0,0.0,0.0,0.0,0.0,0.0,0.0,0.0,167.01937222225024,0.0
100,2026-05-28,2026-05-29,1,22.32,22.33,46.84,46.91,2.1007613076578595,2.1000754614601087,2.1000754614601087,46.89468505440422,1.0,1.0,1.0,46.91,-0.0003265283759114885,0.0,-0.0003265283759114885,True,False,True,0,0,4477.0,0.0,0.0,0.0,-0.0,0.0,2132.0,0.0,0.0,0.0,-0.0,0.0,-0.0,-0.0,0.0,0.00999999999999801,0.000447928338956282,0.0,0.06999999999999318,0.0014933336108499166,0.0,0.0,0.0,0.0,0.0,0.0,0.0,0.0,0.0,0.0,0.0,0.0,0.0,0.0,0.0,167.01937222225024,0.0
101,2026-05-29,2026-06-01,3,22.33,22.23,46.91,46.72,2.101664417453891,2.1000754614601087,2.1001541940024624,46.68467750825822,1.0,1.0,1.0,46.72,-0.0007563324314775331,0.0,-0.0007563324314775331,False,False,True,0,0,4494.0,0.0,0.0,0.0,-0.0,0.0,2140.0,0.0,0.0,0.0,-0.0,0.0,-0.0,-0.0,0.0,-0.09999999999999787,-0.004488337875961241,-0.0,-0.18999999999999773,-0.004058533820394946,-0.0,0.0,0.0,0.0,0.0,0.0,0.0,0.0,0.0,0.0,0.0,0.0,0.0,0.0,0.0,167.01937222225024,0.0
102,2026-06-01,2026-06-02,1,22.23,22.23,46.72,46.65,2.098515519568151,2.1001541940024624,2.1001002493860073,46.68642773267474,1.0,1.0,1.0,46.65,0.0007805684320520041,0.0,0.0007805684320520041,False,False,False,0,0,4503.0,0.0,0.0,0.0,-0.0,0.0,2144.0,0.0,0.0,0.0,-0.0,0.0,-0.0,-0.0,0.0,0.0,0.0,0.0,-0.07000000000000028,-0.0014994112266187428,-0.0,0.0,0.0,0.0,0.0,0.0,0.0,0.0,0.0,0.0,0.0,0.0,0.0,0.0,0.0,167.01937222225024,0.0
103,2026-06-02,2026-06-03,1,22.23,22.18,46.65,46.58,2.1000901713255185,2.1001002493860073,2.10011150559061,46.58022353138164,1.0,1.0,1.0,46.58,4.798858851432483e-06,0.0,4.798858851432483e-06,False,False,True,0,0,4509.0,0.0,0.0,0.0,-0.0,0.0,2147.0,0.0,0.0,0.0,-0.0,0.0,-0.0,-0.0,0.0,-0.05000000000000071,-0.0022517460538842558,-0.0,-0.07000000000000028,-0.0015016628371578506,-0.0,0.0,0.0,0.0,0.0,0.0,0.0,0.0,0.0,0.0,0.0,0.0,0.0,0.0,0.0,167.01937222225024,0.0
104,2026-06-03,2026-06-04,1,22.18,22.21,46.58,46.6,2.09815398469158,2.10011150559061,2.1000527618721687,46.643476539167445,1.0,1.0,1.0,46.6,0.000932537994760065,0.0,0.000932537994760065,False,False,False,0,0,4507.0,0.0,0.0,0.0,-0.0,0.0,2146.0,0.0,0.0,0.0,-0.0,0.0,-0.0,-0.0,0.0,0.030000000000001137,0.0013516559841152537,0.0,0.020000000000003126,0.0004292766754053381,0.0,0.0,0.0,0.0,0.0,0.0,0.0,0.0,0.0,0.0,0.0,0.0,0.0,0.0,0.0,167.01937222225024,0.0
105,2026-06-04,2026-06-05,1,22.21,22.11,46.6,46.38,2.0976933514246947,2.1000527618721687,2.100094380116049,46.43216656499365,1.0,1.0,1.0,46.38,0.0011241321567592236,0.0,0.0011241321567592236,False,True,False,0,-1,4528.0,0.0,-4528.0,0.0,4528.0,-4528.0,2156.0,0.0,2156.0,2156.0,-0.0,2156.0,-22.64,-10.78,-33.42,-0.10000000000000142,-0.004512643036981234,-0.0,-0.21999999999999886,-0.0047322093042146025,-0.0,0.0,0.0,0.0,0.0,0.0,0.0,0.0,0.0,0.0,0.0,0.0,0.0,0.0,-33.42,133.59937222225022,-33.420000000000016
106,2026-06-05,2026-06-08,3,22.11,22.09,46.38,46.4,2.100497962879131,2.100094380116049,2.100226516865904,46.39108485676353,1.0,1.0,1.0,46.4,-0.0001921551683044881,0.0,-0.0001921551683044881,False,False,True,-1,0,4526.0,-4528.0,0.0,4528.0,-0.0,4528.0,2155.0,2156.0,0.0,0.0,2156.0,-2156.0,-22.64,-10.78,-33.42,-0.019999999999999574,-0.0009049774373291173,90.55999999999807,0.01999999999999602,0.0004311274048238442,43.11999999999142,133.6799999999895,-100114.08,0.0,-100114.08,-8.342839999999999,0.0,99995.28,99995.28,0.0,-118.80000000000291,200109.36,-100114.08,-8.342839999999999,91.9171599999895,225.51653222223973,0.0
107,2026-06-08,2026-06-09,1,22.09,22.15,46.4,46.51,2.0997742663656886,2.100226516865904,2.100284705755681,46.52001734857977,1.0,1.0,1.0,46.51,0.00021535734172672825,0.0,0.00021535734172672825,False,False,True,0,0,4515.0,0.0,0.0,0.0,-0.0,0.0,2150.0,0.0,0.0,0.0,-0.0,0.0,-0.0,-0.0,0.0,0.05999999999999872,0.002712479059118692,0.0,0.10999999999999943,0.00236788400379616,0.0,0.0,0.0,0.0,0.0,0.0,0.0,0.0,0.0,0.0,0.0,0.0,0.0,0.0,0.0,225.51653222223973,0.0
108,2026-06-09,2026-06-10,1,22.15,22.15,46.51,46.5,2.0993227990970658,2.100284705755681,2.100300350661029,46.52130623248833,1.0,1.0,1.0,46.5,0.00045809360723586654,0.0,0.00045809360723586654,False,False,True,0,0,4518.0,0.0,0.0,0.0,-0.0,0.0,2151.0,0.0,0.0,0.0,-0.0,0.0,-0.0,-0.0,0.0,0.0,0.0,0.0,-0.00999999999999801,-0.00021503064269501145,-0.0,0.0,0.0,0.0,0.0,0.0,0.0,0.0,0.0,0.0,0.0,0.0,0.0,0.0,0.0,225.51653222223973,0.0
109,2026-06-10,2026-06-11,1,22.15,22.3,46.5,46.77,2.097309417040359,2.100300350661029,2.1001028152124173,46.83669781974095,1.0,1.0,1.0,46.77,0.0014250653549801526,0.0,0.0014250653549801526,False,True,False,0,-1,4490.0,0.0,-4490.0,0.0,4490.0,-4490.0,2138.0,0.0,2138.0,2138.0,-0.0,2138.0,-22.45,-10.69,-33.14,0.15000000000000213,0.00674918197492855,0.0,0.2700000000000031,0.005789659144484263,0.0,0.0,0.0,0.0,0.0,0.0,0.0,0.0,0.0,0.0,0.0,0.0,0.0,0.0,-33.14,192.37653222223975,-33.139999999999986
110,2026-06-11,2026-06-12,1,22.3,22.27,46.77,46.68,2.0960933991917376,2.1001028152124173,2.099866981121599,46.76928969478053,1.0,1.0,1.0,46.68,0.0019109770067755228,0.0,0.0019109770067755228,False,True,False,-1,-1,4498.0,-4490.0,-4498.0,0.0,8.0,-8.0,2142.0,2138.0,2142.0,4.0,-0.0,4.0,-0.04,-0.02,-0.06,-0.030000000000001137,-0.0013461971967968444,134.7000000000051,-0.09000000000000341,-0.0019261643194396529,-192.4200000000073,-57.72000000000219,-100127.0,0.0,-100127.0,-2.7813055555555555,0.0,99994.26000000001,99994.26000000001,0.0,-132.7399999999907,200121.26,-100127.0,-2.7813055555555555,-60.561305555557745,131.815226666682,-93.70130555555772
111,2026-06-12,2026-06-15,3,22.27,22.29,46.68,46.77,2.0982503364737553,2.099866981121599,2.0997477663043074,46.80603500920044,1.0,1.0,1.0,46.77,0.0007701760601021318,0.0,0.0007701760601021318,False,False,False,-1,-1,4490.0,-4498.0,-4490.0,8.0,-0.0,8.0,2138.0,2142.0,2138.0,0.0,4.0,-4.0,-0.04,-0.02,-0.06,0.019999999999999574,0.0008976661285013117,-89.95999999999808,0.09000000000000341,0.0019261643194396544,192.7800000000073,102.82000000000923,-100170.45999999999,0.0,-100170.45999999999,-8.347538333333333,0.0,99988.56,99988.56,0.0,-181.89999999999418,200159.02,-100170.45999999999,-8.347538333333333,94.4124616666759,226.2276883333579,0.0
112,2026-06-15,2026-06-16,1,22.29,22.33,46.77,46.85,2.09807433945365,2.0997477663043074,2.09956981358552,46.88736762157518,1.0,1.0,1.0,46.85,0.000797283399411433,0.0,0.000797283399411433,False,False,False,-1,-1,4481.0,-4490.0,-4481.0,9.0,-0.0,9.0,2134.0,2138.0,2134.0,0.0,4.0,-4.0,-0.045,-0.02,-0.065,0.03999999999999915,0.00179291845428905,-179.59999999999616,0.0799999999999983,0.0017090369466363916,171.03999999999635,-8.559999999999803,-100082.09999999999,0.0,-100082.09999999999,-2.7800583333333333,0.0,99994.26000000001,99994.26000000001,0.0,-87.83999999998196,200076.36,-100082.09999999999,-2.7800583333333333,-11.405058333333136,214.82263000002476,-11.40505833333313
113,2026-06-16,2026-06-17,1,22.33,22.24,46.85,46.61,2.095773381294964,2.09956981358552,2.099394912522764,46.69443265414196,1.0,1.0,1.0,46.61,0.0018098320687823328,0.0,0.0018098320687823328,False,True,False,-1,-1,4504.0,-4481.0,-4504.0,0.0,23.0,-23.0,2145.0,2134.0,2145.0,11.0,-0.0,11.0,-0.115,-0.055,-0.17,-0.08999999999999986,-0.004038596469684887,403.28999999999934,-0.240000000000002,-0.005135898299781692,-512.1600000000043,-108.87000000000495,-100060.73,0.0,-100060.73,-2.7794647222222224,0.0,99977.90000000001,99977.90000000001,0.0,-82.8299999999872,200038.63,-100060.73,-2.7794647222222224,-111.81946472222717,103.00316527779759,-123.2245230555603
114,2026-06-17,2026-06-18,1,22.24,22.29,46.61,46.74,2.096904441453567,2.099394912522764,2.0991994474345015,46.795512600132405,1.0,1.0,1.0,46.74,0.0011869846031103512,0.0,0.0011869846031103512,False,True,False,-1,-1,4491.0,-4504.0,-4491.0,13.0,-0.0,13.0,2139.0,2145.0,2139.0,0.0,6.0,-6.0,-0.065,-0.03,-0.095,0.05000000000000071,0.002245678015395903,-225.2000000000032,0.13000000000000256,0.00278521872606238,278.8500000000055,53.65000000000228,-100168.95999999999,0.0,-100168.95999999999,-2.782471111111111,0.0,99978.45,99978.45,0.0,-190.50999999999476,200147.40999999997,-100168.95999999999,-2.782471111111111,50.772528888891166,153.77569416668877,-72.45199416666912
115,2026-06-18,2026-06-22,4,22.29,22.23,46.74,46.66,2.0989653621232565,2.0991994474345015,2.0989916775488053,46.665203716468966,1.0,1.0,1.0,46.66,0.00011151792371491347,0.0,0.00011151792371491347,False,False,True,-1,0,4499.0,-4491.0,0.0,4491.0,-0.0,4491.0,2143.0,2139.0,0.0,0.0,2139.0,-2139.0,-22.455000000000002,-10.695,-33.150000000000006,-0.05999999999999872,-0.002695419421672211,269.45999999999424,-0.0800000000000054,-0.0017130625174280895,-171.12000000001154,98.3399999999827,-100104.39,0.0,-100104.39,-11.12271,0.0,99976.86,99976.86,0.0,-127.52999999999884,200081.25,-100104.39,-11.12271,54.06728999998269,207.84298416667144,-18.384704166686447
116,2026-06-22,2026-06-23,1,22.23,22.26,46.66,46.7,2.0979335130278525,2.0989916775488053,2.0988116383987543,46.72355474223641,1.0,1.0,1.0,46.7,0.0005042570431089812,0.0,0.0005042570431089812,False,False,False,0,0,4494.0,0.0,0.0,0.0,-0.0,0.0,2141.0,0.0,0.0,0.0,-0.0,0.0,-0.0,-0.0,0.0,0.030000000000001137,0.0013486178712936849,0.0,0.04000000000000625,0.0008568980815679082,0.0,0.0,0.0,0.0,0.0,0.0,0.0,0.0,0.0,0.0,0.0,0.0,0.0,0.0,0.0,207.84298416667144,-18.384704166686447
117,2026-06-23,2026-06-24,1,22.26,22.36,46.7,46.92,2.0983899821109127,2.0988116383987543,2.09867268426689,46.929428234596145,1.0,1.0,1.0,46.92,0.00020092258003523786,0.0,0.00020092258003523786,False,False,True,0,0,4473.0,0.0,0.0,0.0,-0.0,0.0,2131.0,0.0,0.0,0.0,-0.0,0.0,-0.0,-0.0,0.0,0.09999999999999787,0.004482302439499606,0.0,0.21999999999999886,0.004699859110423121,0.0,0.0,0.0,0.0,0.0,0.0,0.0,0.0,0.0,0.0,0.0,0.0,0.0,0.0,0.0,207.84298416667144,-18.384704166686447
118,2026-06-24,2026-06-25,1,22.36,22.38,46.92,46.96,2.098302055406613,2.09867268426689,2.098551815814199,46.96829467389299,1.0,1.0,1.0,46.96,0.00017661715127160481,0.0,0.00017661715127160481,False,False,True,0,0,4468.0,0.0,0.0,0.0,-0.0,0.0,2129.0,0.0,0.0,0.0,-0.0,0.0,-0.0,-0.0,0.0,0.019999999999999574,0.0008940545968807142,0.0,0.03999999999999915,0.0008521517345662729,0.0,0.0,0.0,0.0,0.0,0.0,0.0,0.0,0.0,0.0,0.0,0.0,0.0,0.0,0.0,207.84298416667144,-18.384704166686447
119,2026-06-25,2026-06-26,1,22.38,22.41,46.96,46.98,2.0963855421686746,2.098551815814199,2.098442777510446,47.0285461923962,1.0,1.0,1.0,46.98,0.0010328039030012288,0.0,0.0010328039030012288,False,True,False,0,-1,4468.0,0.0,-4468.0,0.0,4468.0,-4468.0,2129.0,0.0,2129.0,2129.0,-0.0,2129.0,-22.34,-10.645,-32.985,0.030000000000001137,0.0013395849290565674,0.0,0.01999999999999602,0.00042580371092558727,0.0,0.0,0.0,0.0,0.0,0.0,0.0,0.0,0.0,0.0,0.0,0.0,0.0,0.0,-32.985,174.85798416667143,-51.36970416668646
120,2026-06-26,2026-06-29,3,22.41,22.41,46.98,47.01,2.0977242302543506,2.098442777510446,2.0982909236402705,47.0261026440091,1.0,1.0,1.0,47.01,0.0003424779146251444,0.0,0.0003424779146251444,False,False,True,-1,0,4463.0,-4468.0,0.0,4468.0,-0.0,4468.0,2127.0,2129.0,0.0,0.0,2129.0,-2129.0,-22.34,-10.645,-32.985,0.0,0.0,-0.0,0.030000000000001137,0.0006383658052724966,63.87000000000242,63.87000000000242,-100127.88,0.0,-100127.88,-8.34399,0.0,100020.42,100020.42,0.0,-107.4600000000064,200148.3,-100127.88,-8.34399,22.541010000002423,197.39899416667384,-28.828694166684045
121,2026-06-29,2026-06-30,1,22.41,22.31,47.01,46.81,2.0981622590766476,2.0982909236402705,2.0981158157214086,46.812870506414434,1.0,1.0,1.0,46.81,6.1320623899002e-05,0.0,6.1320623899002e-05,True,False,True,0,0,4482.0,0.0,0.0,0.0,-0.0,0.0,2136.0,0.0,0.0,0.0,-0.0,0.0,-0.0,-0.0,0.0,-0.10000000000000142,-0.004472279368394503,-0.0,-0.19999999999999574,-0.00426348972405985,-0.0,0.0,0.0,0.0,0.0,0.0,0.0,0.0,0.0,0.0,0.0,0.0,0.0,0.0,0.0,197.39899416667384,-28.828694166684045
122,2026-06-30,2026-07-01,1,22.31,22.18,46.81,46.57,2.099639314697926,2.0981158157214086,2.098172005477897,46.53620879270084,1.0,1.0,1.0,46.57,-0.0007258637038492132,0.0,-0.0007258637038492132,False,False,True,0,0,4505.0,0.0,0.0,0.0,-0.0,0.0,2147.0,0.0,0.0,0.0,-0.0,0.0,-0.0,-0.0,0.0,-0.129999999999999,-0.005844026522220118,-0.0,-0.240000000000002,-0.005140298317693441,-0.0,0.0,0.0,0.0,0.0,0.0,0.0,0.0,0.0,0.0,0.0,0.0,0.0,0.0,0.0,197.39899416667384,-28.828694166684045
123,2026-07-01,2026-07-02,1,22.18,22.2,46.57,46.61,2.0995495495495495,2.098172005477897,2.0981449743890987,46.57941852160931,1.0,1.0,1.0,46.61,-0.0006563294411240109,0.0,-0.0006563294411240109,False,False,True,0,0,4501.0,0.0,0.0,0.0,-0.0,0.0,2145.0,0.0,0.0,0.0,-0.0,0.0,-0.0,-0.0,0.0,0.019999999999999574,0.0009013069560126666,0.0,0.03999999999999915,0.0008585533903637022,0.0,0.0,0.0,0.0,0.0,0.0,0.0,0.0,0.0,0.0,0.0,0.0,0.0,0.0,0.0,197.39899416667384,-28.828694166684045
124,2026-07-02,2026-07-06,4,22.2,22.23,46.61,46.62,2.097165991902834,2.0981449743890987,2.0980955747496615,46.641762780669666,1.0,1.0,1.0,46.62,0.00046670318929879686,0.0,0.00046670318929879686,False,False,True,0,0,4501.0,0.0,0.0,0.0,-0.0,0.0,2145.0,0.0,0.0,0.0,-0.0,0.0,-0.0,-0.0,0.0,0.030000000000001137,0.0013504390978715467,0.0,0.00999999999999801,0.00021452322296153567,0.0,0.0,0.0,0.0,0.0,0.0,0.0,0.0,0.0,0.0,0.0,0.0,0.0,0.0,0.0,197.39899416667384,-28.828694166684045
125,2026-07-06,2026-07-07,1,22.23,22.13,46.62,46.46,2.0994125621328514,2.0980955747496615,2.0981815352850695,46.430855069210004,1.0,1.0,1.0,46.46,-0.0006275091713741413,0.0,-0.0006275091713741413,False,False,True,0,0,4515.0,0.0,0.0,0.0,-0.0,0.0,2152.0,0.0,0.0,0.0,-0.0,0.0,-0.0,-0.0,0.0,-0.10000000000000142,-0.0045085739131469635,-0.0,-0.1599999999999966,-0.003437906265347897,-0.0,0.0,0.0,0.0,0.0,0.0,0.0,0.0,0.0,0.0,0.0,0.0,0.0,0.0,0.0,197.39899416667384,-28.828694166684045
126,2026-07-07,2026-07-08,1,22.13,22.11,46.46,46.37,2.0972410673903212,2.0981815352850695,2.098018690510629,46.390793745152884,1.0,1.0,1.0,46.37,0.00044833047803162723,0.0,0.00044833047803162723,False,False,True,0,0,4526.0,0.0,0.0,0.0,-0.0,0.0,2157.0,0.0,0.0,0.0,-0.0,0.0,-0.0,-0.0,0.0,-0.019999999999999574,-0.0009041591936033014,-0.0,-0.09000000000000341,-0.0019390289388937004,-0.0,0.0,0.0,0.0,0.0,0.0,0.0,0.0,0.0,0.0,0.0,0.0,0.0,0.0,0.0,197.39899416667384,-28.828694166684045
127,2026-07-08,2026-07-09,1,22.11,22.13,46.37,46.47,2.0998644374152735,2.098018690510629,2.098023199063108,46.42915362100021,1.0,1.0,1.0,46.47,-0.0008793703718467031,0.0,-0.0008793703718467031,False,False,True,0,0,4515.0,0.0,0.0,0.0,-0.0,0.0,2152.0,0.0,0.0,0.0,-0.0,0.0,-0.0,-0.0,0.0,0.019999999999999574,0.0009041591936033591,0.0,0.10000000000000142,0.0021542446935175407,0.0,0.0,0.0,0.0,0.0,0.0,0.0,0.0,0.0,0.0,0.0,0.0,0.0,0.0,0.0,197.39899416667384,-28.828694166684045
128,2026-07-09,2026-07-10,1,22.13,22.12,46.47,46.44,2.0994575045207955,2.098023199063108,2.0980299343342947,46.40827316327596,1.0,1.0,1.0,46.44,-0.000683412558531694,0.0,-0.000683412558531694,False,False,True,0,0,4517.0,0.0,0.0,0.0,-0.0,0.0,2153.0,0.0,0.0,0.0,-0.0,0.0,-0.0,-0.0,0.0,-0.00999999999999801,-0.00045197740882415384,-0.0,-0.030000000000001137,-0.0006457862671961854,-0.0,0.0,0.0,0.0,0.0,0.0,0.0,0.0,0.0,0.0,0.0,0.0,0.0,0.0,0.0,197.39899416667384,-28.828694166684045
129,2026-07-10,2026-07-13,3,22.12,22.02,46.44,46.24,2.0999091734786557,2.0980299343342947,2.098159922156209,46.19861915404117,1.0,1.0,1.0,46.24,-0.0008953151637646379,0.0,-0.0008953151637646379,False,False,True,0,0,4538.0,0.0,0.0,0.0,-0.0,0.0,2163.0,0.0,0.0,0.0,-0.0,0.0,-0.0,-0.0,0.0,-0.10000000000000142,-0.00453104535960025,-0.0,-0.19999999999999574,-0.0043159324655685895,-0.0,0.0,0.0,0.0,0.0,0.0,0.0,0.0,0.0,0.0,0.0,0.0,0.0,0.0,0.0,197.39899416667384,-28.828694166684045
130,2026-07-13,2026-07-14,1,22.02,22.12,46.24,46.46,2.100361663652803,2.098159922156209,2.0983733353792626,46.41129747809535,1.0,1.0,1.0,46.46,-0.0010488176151648967,0.0,-0.0010488176151648967,False,False,True,0,0,4515.0,0.0,0.0,0.0,-0.0,0.0,2152.0,0.0,0.0,0.0,-0.0,0.0,-0.0,-0.0,0.0,0.10000000000000142,0.004531045359600102,0.0,0.21999999999999886,0.0047465029781409325,0.0,0.0,0.0,0.0,0.0,0.0,0.0,0.0,0.0,0.0,0.0,0.0,0.0,0.0,0.0,197.39899416667384,-28.828694166684045
131,2026-07-14,2026-07-15,1,22.12,22.14,46.46,46.5,2.100271002710027,2.0983733353792626,2.0984743686910763,46.45798564529687,1.0,1.0,1.0,46.5,-0.0009039429430907728,0.0,-0.0009039429430907728,False,False,True,0,0,4514.0,0.0,0.0,0.0,-0.0,0.0,2151.0,0.0,0.0,0.0,-0.0,0.0,-0.0,-0.0,0.0,0.019999999999999574,0.0009037506263566791,0.0,0.03999999999999915,0.0008605852510475552,0.0,0.0,0.0,0.0,0.0,0.0,0.0,0.0,0.0,0.0,0.0,0.0,0.0,0.0,0.0,197.39899416667384,-28.828694166684045
132,2026-07-15,2026-07-16,1,22.14,22.13,46.5,46.45,2.0989606868504294,2.0984743686910763,2.0985186860609155,46.439237779133514,1.0,1.0,1.0,46.45,-0.0002317215895394499,0.0,-0.0002317215895394499,False,False,True,0,0,4518.0,0.0,0.0,0.0,-0.0,0.0,2153.0,0.0,0.0,0.0,-0.0,0.0,-0.0,-0.0,0.0,-0.010000000000001563,-0.0004517732175325501,-0.0,-0.04999999999999716,-0.0010758473334630141,-0.0,0.0,0.0,0.0,0.0,0.0,0.0,0.0,0.0,0.0,0.0,0.0,0.0,0.0,0.0,197.39899416667384,-28.828694166684045
133,2026-07-16,2026-07-17,1,22.13,22.14,46.45,46.5,2.100271002710027,2.0985186860609155,2.098743567131668,46.46120370938867,1.0,1.0,1.0,46.5,-0.000834677076364349,0.0,-0.000834677076364349,False,False,True,0,0,4514.0,0.0,0.0,0.0,-0.0,0.0,2151.0,0.0,0.0,0.0,-0.0,0.0,-0.0,-0.0,0.0,0.010000000000001563,0.0004517732175325538,0.0,0.04999999999999716,0.00107584733346311,0.0,0.0,0.0,0.0,0.0,0.0,0.0,0.0,0.0,0.0,0.0,0.0,0.0,0.0,0.0,197.39899416667384,-28.828694166684045
134,2026-07-17,2026-07-20,3,22.14,22.08,46.5,46.39,2.1009963768115942,2.098743567131668,2.0989481638995695,46.34025796226723,1.0,1.0,1.0,46.39,-0.001072833044937268,0.0,-0.001072833044937268,False,False,True,0,0,4525.0,0.0,0.0,0.0,-0.0,0.0,2156.0,0.0,0.0,0.0,-0.0,0.0,-0.0,-0.0,0.0,-0.060000000000002274,-0.0027137058715963843,-0.0,-0.10999999999999943,-0.0023683938296582795,-0.0,0.0,0.0,0.0,0.0,0.0,0.0,0.0,0.0,0.0,0.0,0.0,0.0,0.0,0.0,197.39899416667384,-28.828694166684045
135,2026-07-20,2026-07-21,1,22.08,22.04,46.39,46.28,2.0998185117967334,2.0989481638995695,2.0989908213832438,46.26081753234651,1.0,1.0,1.0,46.28,-0.00041457312437361476,0.0,-0.00041457312437361476,False,False,True,0,0,4536.0,0.0,0.0,0.0,-0.0,0.0,2161.0,0.0,0.0,0.0,-0.0,0.0,-0.0,-0.0,0.0,-0.03999999999999915,-0.0018132371241808313,-0.0,-0.10999999999999943,-0.0023740164381764314,-0.0,0.0,0.0,0.0,0.0,0.0,0.0,0.0,0.0,0.0,0.0,0.0,0.0,0.0,0.0,197.39899416667384,-28.828694166684045
136,2026-07-21,2026-07-22,1,22.04,21.99,46.28,46.14,2.098226466575716,2.0989908213832438,2.0990054690606366,46.15680816221753,1.0,1.0,1.0,46.14,0.0003642197978026658,0.0,0.0003642197978026658,False,False,True,0,0,4549.0,0.0,0.0,0.0,-0.0,0.0,2167.0,0.0,0.0,0.0,-0.0,0.0,-0.0,-0.0,0.0,-0.05000000000000071,-0.0022711797180439064,-0.0,-0.14000000000000057,-0.0030296495798681996,-0.0,0.0,0.0,0.0,0.0,0.0,0.0,0.0,0.0,0.0,0.0,0.0,0.0,0.0,0.0,197.39899416667384,-28.828694166684045
137,2026-07-22,2026-07-23,1,21.99,21.94,46.14,46.07,2.099817684594348,2.0990054690606366,2.0990768541848084,46.05217999119037,1.0,1.0,1.0,46.07,-0.00038687771031039106,0.0,-0.00038687771031039106,False,False,True,0,0,4557.0,0.0,0.0,0.0,-0.0,0.0,2171.0,0.0,0.0,0.0,-0.0,0.0,-0.0,-0.0,0.0,-0.04999999999999716,-0.002276349719585504,-0.0,-0.07000000000000028,-0.0015182737977819877,-0.0,0.0,0.0,0.0,0.0,0.0,0.0,0.0,0.0,0.0,0.0,0.0,0.0,0.0,0.0,197.39899416667384,-28.828694166684045
138,2026-07-23,2026-07-24,1,21.94,21.97,46.07,46.19,2.1024123805188895,2.0990768541848084,2.0992823704404224,46.116718486440234,1.0,1.0,1.0,46.19,-0.0015877832113833277,0.0,-0.0015877832113833277,False,False,True,0,0,4545.0,0.0,0.0,0.0,-0.0,0.0,2165.0,0.0,0.0,0.0,-0.0,0.0,-0.0,-0.0,0.0,0.029999999999997584,0.0013664315494345757,0.0,0.11999999999999744,0.0026013454946884236,0.0,0.0,0.0,0.0,0.0,0.0,0.0,0.0,0.0,0.0,0.0,0.0,0.0,0.0,0.0,197.39899416667384,-28.828694166684045
139,2026-07-24,2026-07-27,3,21.97,22.03,46.19,46.28,2.1007716749886516,2.0992823704404224,2.099501677081421,46.247190620802506,1.0,1.0,1.0,46.28,-0.0007091835459925045,0.0,-0.0007091835459925045,False,False,True,0,0,4537.0,0.0,0.0,0.0,-0.0,0.0,2161.0,0.0,0.0,0.0,-0.0,0.0,-0.0,-0.0,0.0,0.060000000000002274,0.0027272744177330144,0.0,0.09000000000000341,0.0019465778829619428,0.0,0.0,0.0,0.0,0.0,0.0,0.0,0.0,0.0,0.0,0.0,0.0,0.0,0.0,0.0,197.39899416667384,-28.828694166684045
140,2026-07-27,2026-07-28,1,22.03,22.1,46.28,46.37,2.0981900452488684,2.099501677081421,2.0995249678311474,46.39898706349941,1.0,1.0,1.0,46.37,0.0006249300625207826,0.0,0.0006249300625207826,False,False,False,0,0,4529.0,0.0,0.0,0.0,-0.0,0.0,2157.0,0.0,0.0,0.0,-0.0,0.0,-0.0,-0.0,0.0,0.07000000000000028,0.0031724477094554862,0.0,0.0899999999999963,0.0019427960778935775,0.0,0.0,0.0,0.0,0.0,0.0,0.0,0.0,0.0,0.0,0.0,0.0,0.0,0.0,0.0,197.39899416667384,-28.828694166684045
141,2026-07-28,2026-07-29,1,22.1,22.01,46.37,46.19,2.0985915492957745,2.0995249678311474,2.0995464323421036,46.21054454196356,1.0,1.0,1.0,46.19,0.0004446844421522415,0.0,0.0004446844421522415,False,False,True,0,0,4545.0,0.0,0.0,0.0,-0.0,0.0,2165.0,0.0,0.0,0.0,-0.0,0.0,-0.0,-0.0,0.0,-0.08999999999999986,-0.0040807129853368184,-0.0,-0.17999999999999972,-0.003889373960855441,-0.0,0.0,0.0,0.0,0.0,0.0,0.0,0.0,0.0,0.0,0.0,0.0,0.0,0.0,0.0,197.39899416667384,-28.828694166684045
142,2026-07-29,2026-07-30,1,22.01,22.02,46.19,46.25,2.100363306085377,2.0995464323421036,2.0995826319114763,46.23201244017312,1.0,1.0,1.0,46.25,-0.0003889958615538292,0.0,-0.0003889958615538292,False,False,True,0,0,4539.0,0.0,0.0,0.0,-0.0,0.0,2162.0,0.0,0.0,0.0,-0.0,0.0,-0.0,-0.0,0.0,0.00999999999999801,0.00045423575616348284,0.0,0.060000000000002274,0.0012981395159202725,0.0,0.0,0.0,0.0,0.0,0.0,0.0,0.0,0.0,0.0,0.0,0.0,0.0,0.0,0.0,197.39899416667384,-28.828694166684045
143,2026-07-30,2026-07-31,1,22.02,21.92,46.25,46.06,2.1012773722627736,2.0995826319114763,2.099669023047137,46.02285129149956,1.0,1.0,1.0,46.06,-0.0008068540449122542,0.0,-0.0008068540449122542,True,False,True,0,0,4558.0,0.0,0.0,0.0,-0.0,0.0,2171.0,0.0,0.0,0.0,-0.0,0.0,-0.0,-0.0,0.0,-0.09999999999999787,-0.004551669214719075,-0.0,-0.18999999999999773,-0.004116569565894975,-0.0,0.0,0.0,0.0,0.0,0.0,0.0,0.0,0.0,0.0,0.0,0.0,0.0,0.0,0.0,197.39899416667384,-28.828694166684045
144,2026-07-31,2026-08-03,3,21.92,21.9,46.06,46.02,2.1013698630136988,2.099669023047137,2.0998792166026803,45.9827516047323,1.0,1.0,1.0,46.02,-0.0008097235496368416,0.0,-0.0008097235496368416,False,False,True,0,0,4563.0,0.0,0.0,0.0,-0.0,0.0,2173.0,0.0,0.0,0.0,-0.0,0.0,-0.0,-0.0,0.0,-0.020000000000003126,-0.0009128252573598002,-0.0,-0.03999999999999915,-0.000868809785319327,-0.0,0.0,0.0,0.0,0.0,0.0,0.0,0.0,0.0,0.0,0.0,0.0,0.0,0.0,0.0,197.39899416667384,-28.828694166684045
145,2026-08-03,2026-08-04,1,21.9,22.02,46.02,46.25,2.100363306085377,2.0998792166026803,2.0999267538003066,46.23934034959102,1.0,1.0,1.0,46.25,-0.00023050549211156614,0.0,-0.00023050549211156614,False,False,True,0,0,4540.0,0.0,0.0,0.0,-0.0,0.0,2162.0,0.0,0.0,0.0,-0.0,0.0,-0.0,-0.0,0.0,0.120000000000001,0.005464494472078745,0.0,0.22999999999999687,0.004985379351214288,0.0,0.0,0.0,0.0,0.0,0.0,0.0,0.0,0.0,0.0,0.0,0.0,0.0,0.0,0.0,197.39899416667384,-28.828694166684045
146,2026-08-04,2026-08-05,1,22.02,22.03,46.25,46.21,2.0975941897412618,2.0999267538003066,2.0999444099178537,46.26138638622076,1.0,1.0,1.0,46.21,0.001111400910451445,0.0,0.001111400910451445,False,True,False,0,-1,4544.0,0.0,-4544.0,0.0,4544.0,-4544.0,2164.0,0.0,2164.0,2164.0,-0.0,2164.0,-22.72,-10.82,-33.54,0.010000000000001563,0.00045402951971802426,0.0,-0.03999999999999915,-0.0008652390762591326,-0.0,0.0,0.0,0.0,0.0,0.0,0.0,0.0,0.0,0.0,0.0,0.0,0.0,0.0,-33.54,163.85899416667385,-62.36869416668404
147,2026-08-05,2026-08-06,1,22.03,21.96,46.21,46.1,2.099271402550091,2.0999444099178537,2.0999147581745943,46.11477924179607,1.0,1.0,1.0,46.1,0.0003205395500402399,0.0,0.0003205395500402399,False,False,True,-1,0,4555.0,-4544.0,0.0,4544.0,-0.0,4544.0,2169.0,2164.0,0.0,0.0,2164.0,-2164.0,-22.72,-10.82,-33.54,-0.07000000000000028,-0.003182544172921872,318.0800000000013,-0.10999999999999943,-0.0023832748795721563,-238.03999999999877,80.04000000000252,-100104.32,0.0,-100104.32,-2.780675555555556,0.0,99998.44,99998.44,0.0,-105.88000000000466,200102.76,-100104.32,-2.780675555555556,43.71932444444697,207.57831861112084,-18.649369722237054
148,2026-08-06,2026-08-07,1,21.96,22.03,46.1,46.24,2.0989559691330006,2.0999147581745943,2.099889681405205,46.261122122586315,1.0,1.0,1.0,46.24,0.00045668901022482574,0.0,0.00045668901022482574,False,False,True,0,0,4542.0,0.0,0.0,0.0,-0.0,0.0,2163.0,0.0,0.0,0.0,-0.0,0.0,-0.0,-0.0,0.0,0.07000000000000028,0.003182544172921858,0.0,0.14000000000000057,0.0030322743615192748,0.0,0.0,0.0,0.0,0.0,0.0,0.0,0.0,0.0,0.0,0.0,0.0,0.0,0.0,0.0,207.57831861112084,-18.649369722237054
149,2026-08-07,2026-08-10,3,22.03,21.94,46.24,46.03,2.0979945305378305,2.099889681405205,2.0997939492581637,46.0715796100302,1.0,1.0,1.0,46.03,0.0009029077032346853,0.0,0.0009029077032346853,False,False,False,0,0,4561.0,0.0,0.0,0.0,-0.0,0.0,2172.0,0.0,0.0,0.0,-0.0,0.0,-0.0,-0.0,0.0,-0.08999999999999986,-0.004093705967167567,-0.0,-0.21000000000000085,-0.004551866534972018,-0.0,0.0,0.0,0.0,0.0,0.0,0.0,0.0,0.0,0.0,0.0,0.0,0.0,0.0,0.0,207.57831861112084,-18.649369722237054
150,2026-08-10,2026-08-11,1,21.94,21.96,46.03,46.12,2.100182149362477,2.0997939492581637,2.099784973543647,46.111475125709276,1.0,1.0,1.0,46.12,-0.00018485824504878997,0.0,-0.00018485824504878997,False,False,True,0,0,4552.0,0.0,0.0,0.0,-0.0,0.0,2168.0,0.0,0.0,0.0,-0.0,0.0,-0.0,-0.0,0.0,0.019999999999999574,0.0009111617942456437,0.0,0.0899999999999963,0.00195333757170808,0.0,0.0,0.0,0.0,0.0,0.0,0.0,0.0,0.0,0.0,0.0,0.0,0.0,0.0,0.0,207.57831861112084,-18.649369722237054
151,2026-08-11,2026-08-12,1,21.96,22.0,46.12,46.18,2.099090909090909,2.099784973543647,2.0997259688626917,46.19526941796023,1.0,1.0,1.0,46.18,0.00033059536812216897,0.0,0.00033059536812216897,False,False,True,0,0,4546.0,0.0,0.0,0.0,-0.0,0.0,2165.0,0.0,0.0,0.0,-0.0,0.0,-0.0,-0.0,0.0,0.03999999999999915,0.0018198367169858993,0.0,0.060000000000002274,0.0013001085254911214,0.0,0.0,0.0,0.0,0.0,0.0,0.0,0.0,0.0,0.0,0.0,0.0,0.0,0.0,0.0,207.57831861112084,-18.649369722237054
152,2026-08-12,2026-08-13,1,22.0,22.07,46.18,46.32,2.0987766198459448,2.0997259688626917,2.099716765512467,46.34095213279961,1.0,1.0,1.0,46.32,0.0004522322008231318,0.0,0.0004522322008231318,False,False,True,0,0,4533.0,0.0,0.0,0.0,-0.0,0.0,2159.0,0.0,0.0,0.0,-0.0,0.0,-0.0,-0.0,0.0,0.07000000000000028,0.003176766910329171,0.0,0.14000000000000057,0.0030270293383906207,0.0,0.0,0.0,0.0,0.0,0.0,0.0,0.0,0.0,0.0,0.0,0.0,0.0,0.0,0.0,207.57831861112084,-18.649369722237054
153,2026-08-13,2026-08-14,1,22.07,22.0,46.32,46.17,2.0986363636363636,2.099716765512467,2.0996350335587843,46.19376884127428,1.0,1.0,1.0,46.17,0.0005146789070464386,0.0,0.0005146789070464386,False,False,False,0,0,4548.0,0.0,0.0,0.0,-0.0,0.0,2166.0,0.0,0.0,0.0,-0.0,0.0,-0.0,-0.0,0.0,-0.07000000000000028,-0.0031767669103291503,-0.0,-0.14999999999999858,-0.003243596745842266,-0.0,0.0,0.0,0.0,0.0,0.0,0.0,0.0,0.0,0.0,0.0,0.0,0.0,0.0,0.0,207.57831861112084,-18.649369722237054
