,bop date,eop date,day count,bop SPMB price,eop SPMB price,bop MBB price,eop MBB price,eop MBB / eop SPMB,bop MBB / SPMB moving avg,eop MBB / SPMB moving avg,eop SPMB unit price,eop MBB / eop MBB,bop MBB / MBB moving avg,eop MBB / MBB moving avg,eop MBB unit price,SPMB unit price pct diff,MBB unit price pct diff,unit price pct diff,month end liquidation,go long,exit long,current_position,new_position,SPMB shares per unit,bop SPMB shares,eop SPMB shares,eop SPMB shares bought,eop SPMB shares sold,eop SPMB shares traded,MBB shares per unit,bop MBB shares,eop MBB shares,eop MBB shares bought,eop MBB shares sold,eop MBB shares traded,SPMB daily commission,MBB daily commission,daily total commissions,SPMB cop,SPMB pct cop,SPMB daily position pnl,MBB cop,MBB pct cop,MBB daily position pnl,daily position pnl,short SPMB investment amount,long SPMB investment amount,SPMB investment amount,daily SPMB borrow cost,short MBB investment amount,long MBB investment amount,MBB investment amount,daily MBB borrow cost,net investment amount,gross investment amount,short investment amount,daily borrow cost,daily net profit,cumulative net profit,drawdown
0,2026-01-02,2026-01-05,3,,22.44,,95.35,4.249108734402852,,,,1.0,,,,,,,False,False,False,0,0,,,,,,,,,,,,,,,0.0,,,,,,,0.0,,,,,,,,,0.0,0.0,0.0,0.0,0.0,0.0,0.0
1,2026-01-05,2026-01-06,1,22.44,22.43,95.35,95.3,4.248773963441819,,,,1.0,,,,,,,False,False,False,0,0,,,,,,,,,,,,,,,0.0,-0.010000000000001563,-0.0004457321223786557,,-0.04999999999999716,-0.0005245213862716541,,0.0,,,,,,,,,0.0,0.0,0.0,0.0,0.0,0.0,0.0
2,2026-01-06,2026-01-07,1,22.43,22.46,95.3,95.33,4.244434550311665,,,,1.0,,,,,,,False,False,False,0,0,,,,,,,,,,,,,,,0.0,0.030000000000001137,0.00133660077818013,,0.030000000000001137,0.0003147458453304664,,0.0,,,,,,,,,0.0,0.0,0.0,0.0,0.0,0.0,0.0
3,2026-01-07,2026-01-08,1,22.46,22.42,95.33,95.23,4.247546833184656,,,,1.0,,,,,,,False,False,False,0,0,,,,,,,,,,,,,,,0.0,-0.03999999999999915,-0.0017825316662831905,,-0.09999999999999432,-0.001049538299532126,,0.0,,,,,,,,,0.0,0.0,0.0,0.0,0.0,0.0,0.0
4,2026-01-08,2026-01-09,1,22.42,22.54,95.23,95.8,4.250221827861579,,,,1.0,,,,,,,False,False,False,0,0,,,,,,,,,,,,,,,0.0,0.11999999999999744,0.005338090967616178,,0.5699999999999932,0.005967666770860134,,0.0,,,,,,,,,0.0,0.0,0.0,0.0,0.0,0.0,0.0
5,2026-01-09,2026-01-12,3,22.54,22.54,95.8,95.65,4.243566992014197,,,,1.0,,,,,,,False,False,False,0,0,,,,,,,,,,,,,,,0.0,0.0,0.0,,-0.14999999999999147,-0.0015669890905528547,,0.0,,,,,,,,,0.0,0.0,0.0,0.0,0.0,0.0,0.0
6,2026-01-12,2026-01-13,1,22.54,22.55,95.65,95.69,4.243458980044346,,,,1.0,,,,,,,False,False,False,0,0,,,,,,,,,,,,,,,0.0,0.010000000000001563,0.0004435573370571367,,0.03999999999999204,0.0004181039049096284,,0.0,,,,,,,,,0.0,0.0,0.0,0.0,0.0,0.0,0.0
7,2026-01-13,2026-01-14,1,22.55,22.59,95.69,95.83,4.242142540947322,,,,1.0,,,,,,,False,False,False,0,0,,,,,,,,,,,,,,,0.0,0.03999999999999915,0.0017722645312244875,,0.14000000000000057,0.0014619885644994101,,0.0,,,,,,,,,0.0,0.0,0.0,0.0,0.0,0.0,0.0
8,2026-01-14,2026-01-15,1,22.59,22.54,95.83,95.66,4.244010647737356,,,,1.0,,,,,,,False,False,False,0,0,,,,,,,,,,,,,,,0.0,-0.05000000000000071,-0.0022158218682816937,,-0.1700000000000017,-0.0017755501035200106,,0.0,,,,,,,,,0.0,0.0,0.0,0.0,0.0,0.0,0.0
9,2026-01-15,2026-01-16,1,22.54,22.52,95.66,95.57,4.243783303730018,,,,1.0,,,,,,,False,False,False,0,0,,,,,,,,,,,,,,,0.0,-0.019999999999999574,-0.0008877053401405478,,-0.09000000000000341,-0.0009412749740625753,,0.0,,,,,,,,,0.0,0.0,0.0,0.0,0.0,0.0,0.0
10,2026-01-16,2026-01-20,4,22.52,22.42,95.57,95.16,4.244424620874219,,,,1.0,,,,,,,False,False,False,0,0,,,,,,,,,,,,,,,0.0,-0.09999999999999787,-0.0044503856274756915,,-0.4099999999999966,-0.004299277843331368,,0.0,,,,,,,,,0.0,0.0,0.0,0.0,0.0,0.0,0.0
11,2026-01-20,2026-01-21,1,22.42,22.48,95.16,95.45,4.245996441281139,,,,1.0,,,,,,,False,False,False,0,0,,,,,,,,,,,,,,,0.0,0.05999999999999872,0.002672607381476478,,0.29000000000000625,0.0030428647369996503,,0.0,,,,,,,,,0.0,0.0,0.0,0.0,0.0,0.0,0.0
12,2026-01-21,2026-01-22,1,22.48,22.48,95.45,95.36,4.241992882562277,,,,1.0,,,,,,,False,False,False,0,0,,,,,,,,,,,,,,,0.0,0.0,0.0,,-0.09000000000000341,-0.000943346854717006,,0.0,,,,,,,,,0.0,0.0,0.0,0.0,0.0,0.0,0.0
13,2026-01-22,2026-01-23,1,22.48,22.5,95.36,95.55,4.246666666666666,,,,1.0,,,,,,,False,False,False,0,0,,,,,,,,,,,,,,,0.0,0.019999999999999574,0.0008892841848840366,,0.18999999999999773,0.0019904673692423477,,0.0,,,,,,,,,0.0,0.0,0.0,0.0,0.0,0.0,0.0
14,2026-01-23,2026-01-26,3,22.5,22.54,95.55,95.75,4.2480035492457855,,,,1.0,,,,,,,False,False,False,0,0,,,,,,,,,,,,,,,0.0,0.03999999999999915,0.0017761994012556728,,0.20000000000000284,0.0020909573744734146,,0.0,,,,,,,,,0.0,0.0,0.0,0.0,0.0,0.0,0.0
15,2026-01-26,2026-01-27,1,22.54,22.55,95.75,95.74,4.245676274944567,,,,1.0,,,,,,,False,False,False,0,0,,,,,,,,,,,,,,,0.0,0.010000000000001563,0.0004435573370571367,,-0.010000000000005116,-0.0001044440963924508,,0.0,,,,,,,,,0.0,0.0,0.0,0.0,0.0,0.0,0.0
16,2026-01-27,2026-01-28,1,22.55,22.56,95.74,95.69,4.241578014184397,,,,1.0,,,,,,,False,False,False,0,0,,,,,,,,,,,,,,,0.0,0.00999999999999801,0.00044336068117061217,,-0.04999999999999716,-0.0005223841731914419,,0.0,,,,,,,,,0.0,0.0,0.0,0.0,0.0,0.0,0.0
17,2026-01-28,2026-01-29,1,22.56,22.57,95.69,95.79,4.244129375276916,,,,1.0,,,,,,,False,False,False,0,0,,,,,,,,,,,,,,,0.0,0.010000000000001563,0.00044316419958617096,,0.10000000000000853,0.0010444956036288378,,0.0,,,,,,,,,0.0,0.0,0.0,0.0,0.0,0.0,0.0
18,2026-01-29,2026-01-30,1,22.57,22.5,95.79,95.69,4.252888888888889,,,,1.0,,,,,,,True,False,False,0,0,,,,,,,,,,,,,,,0.0,-0.07000000000000028,-0.0031062816190698746,,-0.10000000000000853,-0.0010444956036289484,,0.0,,,,,,,,,0.0,0.0,0.0,0.0,0.0,0.0,0.0
19,2026-01-30,2026-02-02,3,22.5,22.42,95.69,95.23,4.247546833184656,,4.2457975960392655,,1.0,,1.0,,,,,False,False,False,0,0,,,,,,,,,,,,,,,0.0,-0.0799999999999983,-0.0035618915663605745,,-0.45999999999999375,-0.0048187815852167425,,0.0,,,,,,,,,0.0,0.0,0.0,0.0,0.0,0.0,0.0
20,2026-02-02,2026-02-03,1,22.42,22.43,95.23,95.25,4.246544806063308,4.2457975960392655,4.2456693996222885,95.23324007916072,1.0,1.0,1.0,95.25,-0.000175972656445373,0.0,-0.000175972656445373,False,False,True,0,0,4458.0,0.0,0.0,0.0,-0.0,0.0,1050.0,0.0,0.0,0.0,-0.0,0.0,-0.0,-0.0,0.0,0.00999999999999801,0.00044593088810306134,0.0,0.01999999999999602,0.00020999580085574195,0.0,0.0,0.0,0.0,0.0,0.0,0.0,0.0,0.0,0.0,0.0,0.0,0.0,0.0,0.0,0.0,0.0
21,2026-02-03,2026-02-04,1,22.43,22.41,95.25,95.2,4.248103525211959,4.2456693996222885,4.245635877710796,95.14545124553548,1.0,1.0,1.0,95.2,-0.0005731553404704847,0.0,-0.0005731553404704847,False,False,True,0,0,4458.0,0.0,0.0,0.0,-0.0,0.0,1050.0,0.0,0.0,0.0,-0.0,0.0,-0.0,-0.0,0.0,-0.019999999999999574,-0.0008920607192812547,-0.0,-0.04999999999999716,-0.0005250722094907299,-0.0,0.0,0.0,0.0,0.0,0.0,0.0,0.0,0.0,0.0,0.0,0.0,0.0,0.0,0.0,0.0,0.0
22,2026-02-04,2026-02-05,1,22.41,22.51,95.2,95.49,4.242114615726344,4.245635877710796,4.245519880981529,95.56926360727002,1.0,1.0,1.0,95.49,0.0008297280154954225,0.0,0.0008297280154954225,False,False,True,0,0,4445.0,0.0,0.0,0.0,-0.0,0.0,1047.0,0.0,0.0,0.0,-0.0,0.0,-0.0,-0.0,0.0,0.10000000000000142,0.004452367105805374,0.0,0.28999999999999204,0.0030415881647915094,0.0,0.0,0.0,0.0,0.0,0.0,0.0,0.0,0.0,0.0,0.0,0.0,0.0,0.0,0.0,0.0,0.0
23,2026-02-05,2026-02-06,1,22.51,22.52,95.49,95.53,4.2420071047957375,4.245519880981529,4.245242894562084,95.60910771970404,1.0,1.0,1.0,95.53,0.0008277502721934615,0.0,0.0008277502721934615,False,False,True,0,0,4445.0,0.0,0.0,0.0,-0.0,0.0,1047.0,0.0,0.0,0.0,-0.0,0.0,-0.0,-0.0,0.0,0.00999999999999801,0.000444148352848627,0.0,0.04000000000000625,0.0004188043198059429,0.0,0.0,0.0,0.0,0.0,0.0,0.0,0.0,0.0,0.0,0.0,0.0,0.0,0.0,0.0,0.0,0.0
24,2026-02-06,2026-02-09,3,22.52,22.53,95.53,95.55,4.241011984021305,4.245242894562084,4.2447824023700695,95.64532241448376,1.0,1.0,1.0,95.55,0.000997120862350162,0.0,0.000997120862350162,False,False,True,0,0,4445.0,0.0,0.0,0.0,-0.0,0.0,1047.0,0.0,0.0,0.0,-0.0,0.0,-0.0,-0.0,0.0,0.010000000000001563,0.00044395117266353694,0.0,0.01999999999999602,0.00020933640436496612,0.0,0.0,0.0,0.0,0.0,0.0,0.0,0.0,0.0,0.0,0.0,0.0,0.0,0.0,0.0,0.0,0.0
25,2026-02-09,2026-02-10,1,22.53,22.59,95.55,95.84,4.242585214696769,4.2447824023700695,4.244733313504199,95.88963446953987,1.0,1.0,1.0,95.84,0.000517754814335072,0.0,0.000517754814335072,False,False,True,0,0,4427.0,0.0,0.0,0.0,-0.0,0.0,1043.0,0.0,0.0,0.0,-0.0,0.0,-0.0,-0.0,0.0,0.05999999999999872,0.002659576035758796,0.0,0.29000000000000625,0.00303046368085729,0.0,0.0,0.0,0.0,0.0,0.0,0.0,0.0,0.0,0.0,0.0,0.0,0.0,0.0,0.0,0.0,0.0
26,2026-02-10,2026-02-11,1,22.59,22.55,95.84,95.69,4.243458980044346,4.244733313504199,4.244733313504199,95.71873621951968,1.0,1.0,1.0,95.69,0.00030026027341423987,0.0,0.00030026027341423987,False,False,True,0,0,4436.0,0.0,0.0,0.0,-0.0,0.0,1045.0,0.0,0.0,0.0,-0.0,0.0,-0.0,-0.0,0.0,-0.03999999999999915,-0.001772264531224508,-0.0,-0.15000000000000568,-0.0015663345759677424,-0.0,0.0,0.0,0.0,0.0,0.0,0.0,0.0,0.0,0.0,0.0,0.0,0.0,0.0,0.0,0.0,0.0
27,2026-02-11,2026-02-12,1,22.55,22.67,95.69,96.14,4.240846934274371,4.244733313504199,4.244668533170551,96.22810421714019,1.0,1.0,1.0,96.14,0.0009159961695212928,0.0,0.0009159961695212928,False,False,True,0,0,4415.0,0.0,0.0,0.0,-0.0,0.0,1040.0,0.0,0.0,0.0,-0.0,0.0,-0.0,-0.0,0.0,0.120000000000001,0.005307398570750316,0.0,0.45000000000000284,0.004691662674643228,0.0,0.0,0.0,0.0,0.0,0.0,0.0,0.0,0.0,0.0,0.0,0.0,0.0,0.0,0.0,0.0,0.0
28,2026-02-12,2026-02-13,1,22.67,22.75,96.14,96.55,4.243956043956044,4.244668533170551,4.244665802981485,96.56620912963004,1.0,1.0,1.0,96.55,0.00016786917826493557,0.0,0.00016786917826493557,False,False,True,0,0,4397.0,0.0,0.0,0.0,-0.0,0.0,1036.0,0.0,0.0,0.0,-0.0,0.0,-0.0,-0.0,0.0,0.0799999999999983,0.0035226808775217864,0.0,0.4099999999999966,0.004255546408708683,0.0,0.0,0.0,0.0,0.0,0.0,0.0,0.0,0.0,0.0,0.0,0.0,0.0,0.0,0.0,0.0,0.0
29,2026-02-13,2026-02-17,4,22.75,22.72,96.55,96.34,4.240316901408451,4.244665802981485,4.244492482865407,96.43880704373935,1.0,1.0,1.0,96.34,0.0010250821021945947,0.0,0.0010250821021945947,False,False,True,0,0,4406.0,0.0,0.0,0.0,-0.0,0.0,1038.0,0.0,0.0,0.0,-0.0,0.0,-0.0,-0.0,0.0,-0.030000000000001137,-0.0013195515440089063,-0.0,-0.20999999999999375,-0.002177407672448702,-0.0,0.0,0.0,0.0,0.0,0.0,0.0,0.0,0.0,0.0,0.0,0.0,0.0,0.0,0.0,0.0,0.0
30,2026-02-17,2026-02-18,1,22.72,22.69,96.34,96.26,4.242397531952402,4.244492482865407,4.244391128419316,96.3075344362161,1.0,1.0,1.0,96.26,0.000493691081632546,0.0,0.000493691081632546,False,False,True,0,0,4410.0,0.0,0.0,0.0,-0.0,0.0,1039.0,0.0,0.0,0.0,-0.0,0.0,-0.0,-0.0,0.0,-0.029999999999997584,-0.001321295061200114,-0.0,-0.0799999999999983,-0.0008307373271114244,-0.0,0.0,0.0,0.0,0.0,0.0,0.0,0.0,0.0,0.0,0.0,0.0,0.0,0.0,0.0,0.0,0.0
31,2026-02-18,2026-02-19,1,22.69,22.7,96.26,96.3,4.242290748898679,4.244391128419316,4.244205843800193,96.34767861511848,1.0,1.0,1.0,96.3,0.0004949825135159514,0.0,0.0004949825135159514,False,False,True,0,0,4406.0,0.0,0.0,0.0,-0.0,0.0,1038.0,0.0,0.0,0.0,-0.0,0.0,-0.0,-0.0,0.0,0.00999999999999801,0.00044062569560662535,0.0,0.03999999999999204,0.0004154549291164792,0.0,0.0,0.0,0.0,0.0,0.0,0.0,0.0,0.0,0.0,0.0,0.0,0.0,0.0,0.0,0.0,0.0
32,2026-02-19,2026-02-20,1,22.7,22.72,96.3,96.35,4.240757042253521,4.244205843800193,4.244144051784756,96.42835677114039,1.0,1.0,1.0,96.35,0.0008129208773007499,0.0,0.0008129208773007499,False,False,True,0,0,4405.0,0.0,0.0,0.0,-0.0,0.0,1038.0,0.0,0.0,0.0,-0.0,0.0,-0.0,-0.0,0.0,0.019999999999999574,0.0008806693655934832,0.0,0.04999999999999716,0.0005190760562955067,0.0,0.0,0.0,0.0,0.0,0.0,0.0,0.0,0.0,0.0,0.0,0.0,0.0,0.0,0.0,0.0,0.0
33,2026-02-20,2026-02-23,3,22.72,22.77,96.35,96.56,4.240667545015372,4.244144051784756,4.243844095702191,96.6391600591389,1.0,1.0,1.0,96.56,0.0008194659184284356,0.0,0.0008194659184284356,False,False,True,0,0,4397.0,0.0,0.0,0.0,-0.0,0.0,1036.0,0.0,0.0,0.0,-0.0,0.0,-0.0,-0.0,0.0,0.05000000000000071,0.002198286222697771,0.0,0.21000000000000796,0.0021771819289007135,0.0,0.0,0.0,0.0,0.0,0.0,0.0,0.0,0.0,0.0,0.0,0.0,0.0,0.0,0.0,0.0,0.0
34,2026-02-23,2026-02-24,1,22.77,22.76,96.56,96.55,4.242091388400703,4.243844095702191,4.243548487659936,96.58989161818188,1.0,1.0,1.0,96.55,0.0004130852349031809,0.0,0.0004130852349031809,False,False,True,0,0,4397.0,0.0,0.0,0.0,-0.0,0.0,1036.0,0.0,0.0,0.0,-0.0,0.0,-0.0,-0.0,0.0,-0.00999999999999801,-0.0004392708175179889,-0.0,-0.010000000000005116,-0.00010356791475268192,-0.0,0.0,0.0,0.0,0.0,0.0,0.0,0.0,0.0,0.0,0.0,0.0,0.0,0.0,0.0,0.0,0.0
35,2026-02-24,2026-02-25,1,22.76,22.76,96.55,96.52,4.240773286467486,4.243548487659936,4.243303338236083,96.58316357914015,1.0,1.0,1.0,96.52,0.0006541952003489236,0.0,0.0006541952003489236,False,False,True,0,0,4396.0,0.0,0.0,0.0,-0.0,0.0,1036.0,0.0,0.0,0.0,-0.0,0.0,-0.0,-0.0,0.0,0.0,0.0,0.0,-0.030000000000001137,-0.00031076811769247827,-0.0,0.0,0.0,0.0,0.0,0.0,0.0,0.0,0.0,0.0,0.0,0.0,0.0,0.0,0.0,0.0,0.0
36,2026-02-25,2026-02-26,1,22.76,22.79,96.52,96.75,4.245283018867925,4.243303338236083,4.243488588470259,96.70488307840033,1.0,1.0,1.0,96.75,-0.00046643353426603195,0.0,-0.00046643353426603195,False,False,True,0,0,4388.0,0.0,0.0,0.0,-0.0,0.0,1034.0,0.0,0.0,0.0,-0.0,0.0,-0.0,-0.0,0.0,0.029999999999997584,0.0013172339994625697,0.0,0.23000000000000398,0.0023800911530603044,0.0,0.0,0.0,0.0,0.0,0.0,0.0,0.0,0.0,0.0,0.0,0.0,0.0,0.0,0.0,0.0,0.0
37,2026-02-26,2026-02-27,1,22.79,22.82,96.75,96.91,4.246713409290096,4.243488588470259,4.2436177901709184,96.83640958889131,1.0,1.0,1.0,96.91,-0.0007596570672333386,0.0,-0.0007596570672333386,True,False,True,0,0,4379.0,0.0,0.0,0.0,-0.0,0.0,1032.0,0.0,0.0,0.0,-0.0,0.0,-0.0,-0.0,0.0,0.030000000000001137,0.0013155011763367269,0.0,0.1599999999999966,0.0016523808365673787,0.0,0.0,0.0,0.0,0.0,0.0,0.0,0.0,0.0,0.0,0.0,0.0,0.0,0.0,0.0,0.0,0.0
38,2026-02-27,2026-03-02,3,22.82,22.67,96.91,96.05,4.236876929863255,4.2436177901709184,4.242817192219636,96.20281530317473,1.0,1.0,1.0,96.05,0.001589733134646804,0.0,0.001589733134646804,False,False,True,0,0,4418.0,0.0,0.0,0.0,-0.0,0.0,1041.0,0.0,0.0,0.0,-0.0,0.0,-0.0,-0.0,0.0,-0.14999999999999858,-0.006594879914491884,-0.0,-0.8599999999999994,-0.008913823531893074,-0.0,0.0,0.0,0.0,0.0,0.0,0.0,0.0,0.0,0.0,0.0,0.0,0.0,0.0,0.0,0.0,0.0
39,2026-03-02,2026-03-03,1,22.67,22.64,96.05,95.98,4.239399293286219,4.242817192219636,4.242409815224715,96.05738123185257,1.0,1.0,1.0,95.98,0.0008058976387229491,0.0,0.0008058976387229491,False,False,True,0,0,4421.0,0.0,0.0,0.0,-0.0,0.0,1042.0,0.0,0.0,0.0,-0.0,0.0,-0.0,-0.0,0.0,-0.030000000000001137,-0.0013242111844554935,-0.0,-0.06999999999999318,-0.0007290527844661225,-0.0,0.0,0.0,0.0,0.0,0.0,0.0,0.0,0.0,0.0,0.0,0.0,0.0,0.0,0.0,0.0,0.0
40,2026-03-03,2026-03-04,1,22.64,22.62,95.98,95.95,4.241821396993811,4.242409815224715,4.24217364477124,95.96331002038305,1.0,1.0,1.0,95.95,0.00013870867427555526,0.0,0.00013870867427555526,False,False,True,0,0,4421.0,0.0,0.0,0.0,-0.0,0.0,1042.0,0.0,0.0,0.0,-0.0,0.0,-0.0,-0.0,0.0,-0.019999999999999574,-0.0008837826470077952,-0.0,-0.030000000000001137,-0.0003126139763906064,-0.0,0.0,0.0,0.0,0.0,0.0,0.0,0.0,0.0,0.0,0.0,0.0,0.0,0.0,0.0,0.0,0.0
41,2026-03-04,2026-03-05,1,22.62,22.55,95.95,95.62,4.240354767184035,4.24217364477124,4.241786206869843,95.66101568959147,1.0,1.0,1.0,95.62,0.0004288527021065293,0.0,0.0004288527021065293,False,False,True,0,0,4437.0,0.0,0.0,0.0,-0.0,0.0,1046.0,0.0,0.0,0.0,-0.0,0.0,-0.0,-0.0,0.0,-0.07000000000000028,-0.0030994047392870422,-0.0,-0.3299999999999983,-0.0034452192557516284,-0.0,0.0,0.0,0.0,0.0,0.0,0.0,0.0,0.0,0.0,0.0,0.0,0.0,0.0,0.0,0.0,0.0
42,2026-03-05,2026-03-06,1,22.55,22.53,95.62,95.54,4.240568131380382,4.241786206869843,4.241708882652546,95.56744324077758,1.0,1.0,1.0,95.54,0.0002872022198699463,0.0,0.0002872022198699463,False,False,True,0,0,4441.0,0.0,0.0,0.0,-0.0,0.0,1047.0,0.0,0.0,0.0,-0.0,0.0,-0.0,-0.0,0.0,-0.019999999999999574,-0.0008873115045342574,-0.0,-0.0799999999999983,-0.000836995236141539,-0.0,0.0,0.0,0.0,0.0,0.0,0.0,0.0,0.0,0.0,0.0,0.0,0.0,0.0,0.0,0.0,0.0
43,2026-03-06,2026-03-09,3,22.53,22.59,95.54,95.9,4.245241257193449,4.241708882652546,4.2418705902724305,95.820203659121,1.0,1.0,1.0,95.9,-0.0008324250023087165,0.0,-0.0008324250023087165,False,False,True,0,0,4424.0,0.0,0.0,0.0,-0.0,0.0,1043.0,0.0,0.0,0.0,-0.0,0.0,-0.0,-0.0,0.0,0.05999999999999872,0.002659576035758796,0.0,0.35999999999999943,0.0037609739275766985,0.0,0.0,0.0,0.0,0.0,0.0,0.0,0.0,0.0,0.0,0.0,0.0,0.0,0.0,0.0,0.0,0.0
44,2026-03-09,2026-03-10,1,22.59,22.57,95.9,95.66,4.238369517058041,4.2418705902724305,4.241738466924268,95.73901922244876,1.0,1.0,1.0,95.66,0.0008257014822674126,0.0,0.0008257014822674126,False,False,True,0,0,4433.0,0.0,0.0,0.0,-0.0,0.0,1045.0,0.0,0.0,0.0,-0.0,0.0,-0.0,-0.0,0.0,-0.019999999999999574,-0.0008857396504676121,-0.0,-0.2400000000000091,-0.002505743637241745,-0.0,0.0,0.0,0.0,0.0,0.0,0.0,0.0,0.0,0.0,0.0,0.0,0.0,0.0,0.0,0.0,0.0
45,2026-03-10,2026-03-11,1,22.57,22.44,95.66,95.16,4.240641711229946,4.241738466924268,4.241641291750926,95.18461119778058,1.0,1.0,1.0,95.16,0.0002585962141282913,0.0,0.0002585962141282913,False,False,True,0,0,4458.0,0.0,0.0,0.0,-0.0,0.0,1051.0,0.0,0.0,0.0,-0.0,0.0,-0.0,-0.0,0.0,-0.129999999999999,-0.005776510174948738,-0.0,-0.5,-0.0052405528173939606,-0.0,0.0,0.0,0.0,0.0,0.0,0.0,0.0,0.0,0.0,0.0,0.0,0.0,0.0,0.0,0.0,0.0
46,2026-03-11,2026-03-12,1,22.44,22.37,95.16,94.89,4.241841752346893,4.241641291750926,4.241560430366055,94.88551569646822,1.0,1.0,1.0,94.89,-4.7259031452557765e-05,0.0,-4.7259031452557765e-05,False,False,True,0,0,4471.0,0.0,0.0,0.0,-0.0,0.0,1054.0,0.0,0.0,0.0,-0.0,0.0,-0.0,-0.0,0.0,-0.07000000000000028,-0.003124305152457376,-0.0,-0.269999999999996,-0.0028413594490896764,-0.0,0.0,0.0,0.0,0.0,0.0,0.0,0.0,0.0,0.0,0.0,0.0,0.0,0.0,0.0,0.0,0.0
47,2026-03-12,2026-03-13,1,22.37,22.35,94.89,94.9,4.2460850111856825,4.241560430366055,4.24182233421162,94.79887561868132,1.0,1.0,1.0,94.9,-0.0010661569876764547,0.0,-0.0010661569876764547,False,False,False,0,0,4471.0,0.0,0.0,0.0,-0.0,0.0,1054.0,0.0,0.0,0.0,-0.0,0.0,-0.0,-0.0,0.0,-0.019999999999999574,-0.0008944544424603401,-0.0,0.010000000000005116,0.0001053796302151454,0.0,0.0,0.0,0.0,0.0,0.0,0.0,0.0,0.0,0.0,0.0,0.0,0.0,0.0,0.0,0.0,0.0
48,2026-03-13,2026-03-16,3,22.35,22.46,94.9,95.32,4.243989314336598,4.24182233421162,4.241823997730647,95.271329626393,1.0,1.0,1.0,95.32,-0.0005107302075110476,0.0,-0.0005107302075110476,False,False,True,0,0,4450.0,0.0,0.0,0.0,-0.0,0.0,1049.0,0.0,0.0,0.0,-0.0,0.0,-0.0,-0.0,0.0,0.10999999999999943,0.004909628250719268,0.0,0.4199999999999875,0.004415946614658962,0.0,0.0,0.0,0.0,0.0,0.0,0.0,0.0,0.0,0.0,0.0,0.0,0.0,0.0,0.0,0.0,0.0
49,2026-03-16,2026-03-17,1,22.46,22.5,95.32,95.51,4.244888888888889,4.241823997730647,4.242052597104669,95.44103994893955,1.0,1.0,1.0,95.51,-0.0007222799527760599,0.0,-0.0007222799527760599,False,False,True,0,0,4441.0,0.0,0.0,0.0,-0.0,0.0,1047.0,0.0,0.0,0.0,-0.0,0.0,-0.0,-0.0,0.0,0.03999999999999915,0.0017793599000773578,0.0,0.19000000000001194,0.001991301816104857,0.0,0.0,0.0,0.0,0.0,0.0,0.0,0.0,0.0,0.0,0.0,0.0,0.0,0.0,0.0,0.0,0.0
50,2026-03-17,2026-03-18,1,22.5,22.39,95.51,94.98,4.242072353729344,4.242052597104669,4.242036338193516,94.97955764917354,1.0,1.0,1.0,94.98,-4.657315819621065e-06,0.0,-4.657315819621065e-06,False,False,True,0,0,4467.0,0.0,0.0,0.0,-0.0,0.0,1053.0,0.0,0.0,0.0,-0.0,0.0,-0.0,-0.0,0.0,-0.10999999999999943,-0.004900878599710931,-0.0,-0.5300000000000011,-0.005564610925670473,-0.0,0.0,0.0,0.0,0.0,0.0,0.0,0.0,0.0,0.0,0.0,0.0,0.0,0.0,0.0,0.0,0.0
51,2026-03-18,2026-03-19,1,22.39,22.39,94.98,95.09,4.246985261277356,4.242036338193516,4.24227106381245,94.97919361215284,1.0,1.0,1.0,95.09,-0.001165958546931463,0.0,-0.001165958546931463,False,False,False,0,0,4463.0,0.0,0.0,0.0,-0.0,0.0,1052.0,0.0,0.0,0.0,-0.0,0.0,-0.0,-0.0,0.0,0.0,0.0,0.0,0.10999999999999943,0.001157468430377028,0.0,0.0,0.0,0.0,0.0,0.0,0.0,0.0,0.0,0.0,0.0,0.0,0.0,0.0,0.0,0.0,0.0
52,2026-03-19,2026-03-20,1,22.39,22.22,95.09,94.15,4.237173717371737,4.24227106381245,4.24209189756836,94.26326303791264,1.0,1.0,1.0,94.15,0.0012022832122299363,0.0,0.0012022832122299363,False,False,True,0,0,4505.0,0.0,0.0,0.0,-0.0,0.0,1062.0,0.0,0.0,0.0,-0.0,0.0,-0.0,-0.0,0.0,-0.1700000000000017,-0.0076216463991795455,-0.0,-0.9399999999999977,-0.009934556448191446,-0.0,0.0,0.0,0.0,0.0,0.0,0.0,0.0,0.0,0.0,0.0,0.0,0.0,0.0,0.0,0.0,0.0
53,2026-03-20,2026-03-23,3,22.22,22.3,94.15,94.54,4.2394618834080715,4.24209189756836,4.242031614487996,94.59864931577444,1.0,1.0,1.0,94.54,0.0006201727448765525,0.0,0.0006201727448765525,False,False,True,0,0,4488.0,0.0,0.0,0.0,-0.0,0.0,1058.0,0.0,0.0,0.0,-0.0,0.0,-0.0,-0.0,0.0,0.08000000000000185,0.0035938942545892623,0.0,0.39000000000000057,0.004133770261928958,0.0,0.0,0.0,0.0,0.0,0.0,0.0,0.0,0.0,0.0,0.0,0.0,0.0,0.0,0.0,0.0,0.0
54,2026-03-23,2026-03-24,1,22.3,22.22,94.54,94.23,4.240774077407742,4.242031614487996,4.241965748938348,94.25794247392328,1.0,1.0,1.0,94.23,0.0002964908392678296,0.0,0.0002964908392678296,False,False,True,0,0,4501.0,0.0,0.0,0.0,-0.0,0.0,1061.0,0.0,0.0,0.0,-0.0,0.0,-0.0,-0.0,0.0,-0.08000000000000185,-0.003593894254589171,-0.0,-0.3100000000000023,-0.003284423146425491,-0.0,0.0,0.0,0.0,0.0,0.0,0.0,0.0,0.0,0.0,0.0,0.0,0.0,0.0,0.0,0.0,0.0
55,2026-03-24,2026-03-25,1,22.22,22.32,94.23,94.73,4.244175627240144,4.241965748938348,4.242135865976981,94.68067551630394,1.0,1.0,1.0,94.73,-0.0005208205363987511,0.0,-0.0005208205363987511,False,False,True,0,0,4480.0,0.0,0.0,0.0,-0.0,0.0,1056.0,0.0,0.0,0.0,-0.0,0.0,-0.0,-0.0,0.0,0.10000000000000142,0.004490353301626297,0.0,0.5,0.005292137668778261,0.0,0.0,0.0,0.0,0.0,0.0,0.0,0.0,0.0,0.0,0.0,0.0,0.0,0.0,0.0,0.0,0.0
56,2026-03-25,2026-03-26,1,22.32,22.16,94.73,94.04,4.243682310469314,4.242135865976981,4.242055830557051,94.0057307900499,1.0,1.0,1.0,94.04,-0.0003644774086123461,0.0,-0.0003644774086123461,False,False,True,0,0,4509.0,0.0,0.0,0.0,-0.0,0.0,1063.0,0.0,0.0,0.0,-0.0,0.0,-0.0,-0.0,0.0,-0.16000000000000014,-0.007194275634027085,-0.0,-0.6899999999999977,-0.007310516215574296,-0.0,0.0,0.0,0.0,0.0,0.0,0.0,0.0,0.0,0.0,0.0,0.0,0.0,0.0,0.0,0.0,0.0
57,2026-03-26,2026-03-27,1,22.16,22.18,94.04,94.12,4.24346257889991,4.242055830557051,4.241893289037541,94.08879832175539,1.0,1.0,1.0,94.12,-0.00033156450504630156,0.0,-0.00033156450504630156,False,False,True,0,0,4505.0,0.0,0.0,0.0,-0.0,0.0,1062.0,0.0,0.0,0.0,-0.0,0.0,-0.0,-0.0,0.0,0.019999999999999574,0.000902120043137929,0.0,0.0799999999999983,0.0008503401872929663,0.0,0.0,0.0,0.0,0.0,0.0,0.0,0.0,0.0,0.0,0.0,0.0,0.0,0.0,0.0,0.0,0.0
58,2026-03-27,2026-03-30,3,22.18,22.32,94.12,94.72,4.243727598566308,4.241893289037541,4.242235822472694,94.67905821131791,1.0,1.0,1.0,94.72,-0.0004323336103827764,0.0,-0.0004323336103827764,False,False,True,0,0,4479.0,0.0,0.0,0.0,-0.0,0.0,1056.0,0.0,0.0,0.0,-0.0,0.0,-0.0,-0.0,0.0,0.14000000000000057,0.006292155590889272,0.0,0.5999999999999943,0.006354607276533844,0.0,0.0,0.0,0.0,0.0,0.0,0.0,0.0,0.0,0.0,0.0,0.0,0.0,0.0,0.0,0.0,0.0
59,2026-03-30,2026-03-31,1,22.32,22.39,94.72,94.95,4.240732469852613,4.242235822472694,4.242302481301013,94.98366006516363,1.0,1.0,1.0,94.95,0.00035444023460053537,0.0,0.00035444023460053537,True,False,True,0,0,4467.0,0.0,0.0,0.0,-0.0,0.0,1053.0,0.0,0.0,0.0,-0.0,0.0,-0.0,-0.0,0.0,0.07000000000000028,0.0031312930975532305,0.0,0.23000000000000398,0.0024252661225993037,0.0,0.0,0.0,0.0,0.0,0.0,0.0,0.0,0.0,0.0,0.0,0.0,0.0,0.0,0.0,0.0,0.0
60,2026-03-31,2026-04-01,1,22.39,22.33,94.95,94.67,4.239587998208688,4.242302481301013,4.242190811361757,94.73061440745161,1.0,1.0,1.0,94.67,0.0006400656060238866,0.0,0.0006400656060238866,False,False,True,0,0,4480.0,0.0,0.0,0.0,-0.0,0.0,1056.0,0.0,0.0,0.0,-0.0,0.0,-0.0,-0.0,0.0,-0.060000000000002274,-0.002683364758597044,-0.0,-0.28000000000000114,-0.0029532771174950153,-0.0,0.0,0.0,0.0,0.0,0.0,0.0,0.0,0.0,0.0,0.0,0.0,0.0,0.0,0.0,0.0,0.0
61,2026-04-01,2026-04-02,1,22.33,22.38,94.67,94.86,4.238605898123325,4.242190811361757,4.2421033679087214,94.94023035827612,1.0,1.0,1.0,94.86,0.0008454190271875923,0.0,0.0008454190271875923,False,False,True,0,0,4471.0,0.0,0.0,0.0,-0.0,0.0,1054.0,0.0,0.0,0.0,-0.0,0.0,-0.0,-0.0,0.0,0.05000000000000071,0.0022366370317126933,0.0,0.18999999999999773,0.0020049603086358023,0.0,0.0,0.0,0.0,0.0,0.0,0.0,0.0,0.0,0.0,0.0,0.0,0.0,0.0,0.0,0.0,0.0
62,2026-04-02,2026-04-06,4,22.38,22.33,94.86,94.66,4.239140170174653,4.2421033679087214,4.242031969848435,94.72616820540175,1.0,1.0,1.0,94.66,0.0006987649491100593,0.0,0.0006987649491100593,False,False,True,0,0,4480.0,0.0,0.0,0.0,-0.0,0.0,1056.0,0.0,0.0,0.0,-0.0,0.0,-0.0,-0.0,0.0,-0.05000000000000071,-0.002236637031712704,-0.0,-0.20000000000000284,-0.002110595971333731,-0.0,0.0,0.0,0.0,0.0,0.0,0.0,0.0,0.0,0.0,0.0,0.0,0.0,0.0,0.0,0.0,0.0
63,2026-04-06,2026-04-07,1,22.33,22.37,94.66,94.86,4.240500670540903,4.242031969848435,4.241794940515808,94.8942551655095,1.0,1.0,1.0,94.86,0.0003610476703328806,0.0,0.0003610476703328806,False,False,True,0,0,4471.0,0.0,0.0,0.0,-0.0,0.0,1054.0,0.0,0.0,0.0,-0.0,0.0,-0.0,-0.0,0.0,0.0400000000000027,0.0017897096499719309,0.0,0.20000000000000284,0.002110595971333819,0.0,0.0,0.0,0.0,0.0,0.0,0.0,0.0,0.0,0.0,0.0,0.0,0.0,0.0,0.0,0.0,0.0
64,2026-04-07,2026-04-08,1,22.37,22.43,94.86,95.06,4.238074008024967,4.241794940515808,4.241780165064155,95.14346051576958,1.0,1.0,1.0,95.06,0.0008775920364415265,0.0,0.0008775920364415265,False,False,True,0,0,4462.0,0.0,0.0,0.0,-0.0,0.0,1052.0,0.0,0.0,0.0,-0.0,0.0,-0.0,-0.0,0.0,0.05999999999999872,0.0026785730300786384,0.0,0.20000000000000284,0.00210615073642773,0.0,0.0,0.0,0.0,0.0,0.0,0.0,0.0,0.0,0.0,0.0,0.0,0.0,0.0,0.0,0.0,0.0
65,2026-04-08,2026-04-09,1,22.43,22.43,95.06,95.16,4.242532322781988,4.241780165064155,4.241874695641757,95.14312910238898,1.0,1.0,1.0,95.16,-0.00017730552024851197,0.0,-0.00017730552024851197,False,False,True,0,0,4458.0,0.0,0.0,0.0,-0.0,0.0,1051.0,0.0,0.0,0.0,-0.0,0.0,-0.0,-0.0,0.0,0.0,0.0,0.0,0.09999999999999432,0.0010514142488935179,0.0,0.0,0.0,0.0,0.0,0.0,0.0,0.0,0.0,0.0,0.0,0.0,0.0,0.0,0.0,0.0,0.0
66,2026-04-09,2026-04-10,1,22.43,22.42,95.16,94.97,4.235950044603032,4.241874695641757,4.241580110254563,95.10283067628819,1.0,1.0,1.0,94.97,0.001397682114160908,0.0,0.001397682114160908,False,False,True,0,0,4467.0,0.0,0.0,0.0,-0.0,0.0,1053.0,0.0,0.0,0.0,-0.0,0.0,-0.0,-0.0,0.0,-0.00999999999999801,-0.00044593088810300946,-0.0,-0.18999999999999773,-0.0019986331798957555,-0.0,0.0,0.0,0.0,0.0,0.0,0.0,0.0,0.0,0.0,0.0,0.0,0.0,0.0,0.0,0.0,0.0
67,2026-04-10,2026-04-13,3,22.42,22.46,94.97,95.2,4.238646482635797,4.241580110254563,4.2412081838270685,95.26588927631748,1.0,1.0,1.0,95.2,0.00069187484642229,0.0,0.00069187484642229,False,False,True,0,0,4454.0,0.0,0.0,0.0,-0.0,0.0,1050.0,0.0,0.0,0.0,-0.0,0.0,-0.0,-0.0,0.0,0.03999999999999915,0.0017825316662831252,0.0,0.23000000000000398,0.0024188895424585868,0.0,0.0,0.0,0.0,0.0,0.0,0.0,0.0,0.0,0.0,0.0,0.0,0.0,0.0,0.0,0.0,0.0
68,2026-04-13,2026-04-14,1,22.46,22.5,95.2,95.46,4.242666666666667,4.2412081838270685,4.241142051443573,95.42718413610905,1.0,1.0,1.0,95.46,-0.00034382469795169135,0.0,-0.00034382469795169135,False,False,True,0,0,4445.0,0.0,0.0,0.0,-0.0,0.0,1048.0,0.0,0.0,0.0,-0.0,0.0,-0.0,-0.0,0.0,0.03999999999999915,0.0017793599000773578,0.0,0.2599999999999909,0.0027273697804308613,0.0,0.0,0.0,0.0,0.0,0.0,0.0,0.0,0.0,0.0,0.0,0.0,0.0,0.0,0.0,0.0,0.0
69,2026-04-14,2026-04-15,1,22.5,22.48,95.46,95.27,4.237989323843416,4.241142051443573,4.240797073191299,95.34087331645152,1.0,1.0,1.0,95.27,0.00074364403755689,0.0,0.00074364403755689,False,False,True,0,0,4453.0,0.0,0.0,0.0,-0.0,0.0,1050.0,0.0,0.0,0.0,-0.0,0.0,-0.0,-0.0,0.0,-0.019999999999999574,-0.0008892841848840617,-0.0,-0.18999999999999773,-0.0019923458590624353,-0.0,0.0,0.0,0.0,0.0,0.0,0.0,0.0,0.0,0.0,0.0,0.0,0.0,0.0,0.0,0.0,0.0
70,2026-04-15,2026-04-16,1,22.48,22.45,95.27,95.25,4.242761692650334,4.240797073191299,4.240831540137348,95.20589429314465,1.0,1.0,1.0,95.25,-0.00046315928217917373,0.0,-0.00046315928217917373,False,False,True,0,0,4453.0,0.0,0.0,0.0,-0.0,0.0,1050.0,0.0,0.0,0.0,-0.0,0.0,-0.0,-0.0,0.0,-0.030000000000001137,-0.0013354108372271186,-0.0,-0.01999999999999602,-0.00020995171187756714,-0.0,0.0,0.0,0.0,0.0,0.0,0.0,0.0,0.0,0.0,0.0,0.0,0.0,0.0,0.0,0.0,0.0
71,2026-04-16,2026-04-17,1,22.45,22.54,95.25,95.55,4.239130434782608,4.240831540137348,4.240438798812611,95.58834291469583,1.0,1.0,1.0,95.55,0.0004012058975238758,0.0,0.0004012058975238758,False,False,True,0,0,4440.0,0.0,0.0,0.0,-0.0,0.0,1047.0,0.0,0.0,0.0,-0.0,0.0,-0.0,-0.0,0.0,0.08999999999999986,0.004000894423366827,0.0,0.29999999999999716,0.00314465667947156,0.0,0.0,0.0,0.0,0.0,0.0,0.0,0.0,0.0,0.0,0.0,0.0,0.0,0.0,0.0,0.0,0.0
72,2026-04-17,2026-04-20,3,22.54,22.5,95.55,95.46,4.242666666666667,4.240438798812611,4.240713446277358,95.40987297328374,1.0,1.0,1.0,95.46,-0.0005252481922667656,0.0,-0.0005252481922667656,False,False,True,0,0,4444.0,0.0,0.0,0.0,-0.0,0.0,1048.0,0.0,0.0,0.0,-0.0,0.0,-0.0,-0.0,0.0,-0.03999999999999915,-0.0017761994012557819,-0.0,-0.09000000000000341,-0.000942359108531572,-0.0,0.0,0.0,0.0,0.0,0.0,0.0,0.0,0.0,0.0,0.0,0.0,0.0,0.0,0.0,0.0,0.0
73,2026-04-20,2026-04-21,1,22.5,22.41,95.46,95.07,4.242302543507362,4.240713446277358,4.240855479282322,95.03438833107559,1.0,1.0,1.0,95.07,-0.0003746538378581824,0.0,-0.0003746538378581824,False,False,True,0,0,4461.0,0.0,0.0,0.0,-0.0,0.0,1052.0,0.0,0.0,0.0,-0.0,0.0,-0.0,-0.0,0.0,-0.08999999999999986,-0.004008021397538822,-0.0,-0.39000000000000057,-0.0040938492068114205,-0.0,0.0,0.0,0.0,0.0,0.0,0.0,0.0,0.0,0.0,0.0,0.0,0.0,0.0,0.0,0.0,0.0
74,2026-04-21,2026-04-22,1,22.41,22.45,95.07,95.29,4.244543429844098,4.240855479282322,4.24104394690414,95.20720550988813,1.0,1.0,1.0,95.29,-0.0008692462979022771,0.0,-0.0008692462979022771,False,False,True,0,0,4449.0,0.0,0.0,0.0,-0.0,0.0,1049.0,0.0,0.0,0.0,-0.0,0.0,-0.0,-0.0,0.0,0.03999999999999915,0.0017833263754275445,0.0,0.22000000000001307,0.0023114109891579195,0.0,0.0,0.0,0.0,0.0,0.0,0.0,0.0,0.0,0.0,0.0,0.0,0.0,0.0,0.0,0.0,0.0
75,2026-04-22,2026-04-23,1,22.45,22.41,95.29,95.08,4.242748772869255,4.24104394690414,4.240972604185595,95.04179485012179,1.0,1.0,1.0,95.08,-0.0004019018484712559,0.0,-0.0004019018484712559,False,False,True,0,0,4462.0,0.0,0.0,0.0,-0.0,0.0,1052.0,0.0,0.0,0.0,-0.0,0.0,-0.0,-0.0,0.0,-0.03999999999999915,-0.001783326375427594,-0.0,-0.21000000000000796,-0.002206230868103754,-0.0,0.0,0.0,0.0,0.0,0.0,0.0,0.0,0.0,0.0,0.0,0.0,0.0,0.0,0.0,0.0,0.0
76,2026-04-23,2026-04-24,1,22.41,22.44,95.08,95.23,4.243761140819965,4.240972604185595,4.240976545703128,95.16742523792476,1.0,1.0,1.0,95.23,-0.0006573068333252359,0.0,-0.0006573068333252359,False,False,True,0,0,4453.0,0.0,0.0,0.0,-0.0,0.0,1050.0,0.0,0.0,0.0,-0.0,0.0,-0.0,-0.0,0.0,0.030000000000001137,0.0013377928416599535,0.0,0.15000000000000568,0.0015763757139614398,0.0,0.0,0.0,0.0,0.0,0.0,0.0,0.0,0.0,0.0,0.0,0.0,0.0,0.0,0.0,0.0,0.0
77,2026-04-24,2026-04-27,3,22.44,22.41,95.23,95.06,4.241856314145471,4.240976545703128,4.240896232465405,95.0402843892071,1.0,1.0,1.0,95.06,-0.00020742326532473867,0.0,-0.00020742326532473867,False,False,True,0,0,4462.0,0.0,0.0,0.0,-0.0,0.0,1052.0,0.0,0.0,0.0,-0.0,0.0,-0.0,-0.0,0.0,-0.030000000000001137,-0.0013377928416599422,-0.0,-0.1700000000000017,-0.0017867470200912763,-0.0,0.0,0.0,0.0,0.0,0.0,0.0,0.0,0.0,0.0,0.0,0.0,0.0,0.0,0.0,0.0,0.0
78,2026-04-27,2026-04-28,1,22.41,22.41,95.06,95.08,4.242748772869255,4.240896232465405,4.240847291180553,95.03848456954974,1.0,1.0,1.0,95.08,-0.00043673219049827395,0.0,-0.00043673219049827395,False,False,True,0,0,4461.0,0.0,0.0,0.0,-0.0,0.0,1052.0,0.0,0.0,0.0,-0.0,0.0,-0.0,-0.0,0.0,0.0,0.0,0.0,0.01999999999999602,0.00021037130612970472,0.0,0.0,0.0,0.0,0.0,0.0,0.0,0.0,0.0,0.0,0.0,0.0,0.0,0.0,0.0,0.0,0.0
79,2026-04-28,2026-04-29,1,22.41,22.29,95.08,94.61,4.2445042620008975,4.240847291180553,4.241035880787967,94.52848612041453,1.0,1.0,1.0,94.61,-0.0008619492130263219,0.0,-0.0008619492130263219,False,False,True,0,0,4483.0,0.0,0.0,0.0,-0.0,0.0,1057.0,0.0,0.0,0.0,-0.0,0.0,-0.0,-0.0,0.0,-0.120000000000001,-0.005369140415058208,-0.0,-0.46999999999999886,-0.004955463775640262,-0.0,0.0,0.0,0.0,0.0,0.0,0.0,0.0,0.0,0.0,0.0,0.0,0.0,0.0,0.0,0.0,0.0
80,2026-04-29,2026-04-30,1,22.29,22.33,94.61,94.78,4.244514106583073,4.241035880787967,4.241282186206687,94.7023312179953,1.0,1.0,1.0,94.78,-0.0008197997761096609,0.0,-0.0008197997761096609,True,False,True,0,0,4474.0,0.0,0.0,0.0,-0.0,0.0,1055.0,0.0,0.0,0.0,-0.0,0.0,-0.0,-0.0,0.0,0.03999999999999915,0.00179291845428905,0.0,0.1700000000000017,0.0017952378230894001,0.0,0.0,0.0,0.0,0.0,0.0,0.0,0.0,0.0,0.0,0.0,0.0,0.0,0.0,0.0,0.0,0.0
81,2026-04-30,2026-05-01,1,22.33,22.28,94.78,94.5,4.241472172351885,4.241282186206687,4.2414254999181145,94.495767108685,1.0,1.0,1.0,94.5,-4.479350390180142e-05,0.0,-4.479350390180142e-05,False,False,True,0,0,4487.0,0.0,0.0,0.0,-0.0,0.0,1058.0,0.0,0.0,0.0,-0.0,0.0,-0.0,-0.0,0.0,-0.04999999999999716,-0.0022416507929831518,-0.0,-0.28000000000000114,-0.002958582039745154,-0.0,0.0,0.0,0.0,0.0,0.0,0.0,0.0,0.0,0.0,0.0,0.0,0.0,0.0,0.0,0.0,0.0
82,2026-05-01,2026-05-04,3,22.28,22.19,94.5,94.15,4.242902208201893,4.2414254999181145,4.241613601819477,94.11723184318296,1.0,1.0,1.0,94.15,-0.00034810260741734004,0.0,-0.00034810260741734004,False,False,True,0,0,4504.0,0.0,0.0,0.0,-0.0,0.0,1062.0,0.0,0.0,0.0,-0.0,0.0,-0.0,-0.0,0.0,-0.08999999999999986,-0.004047678114580742,-0.0,-0.3499999999999943,-0.0037105793965356015,-0.0,0.0,0.0,0.0,0.0,0.0,0.0,0.0,0.0,0.0,0.0,0.0,0.0,0.0,0.0,0.0,0.0
83,2026-05-04,2026-05-05,1,22.19,22.23,94.15,94.31,4.24246513720198,4.241613601819477,4.24171182515253,94.29107036844698,1.0,1.0,1.0,94.31,-0.00020073726601445708,0.0,-0.00020073726601445708,False,False,True,0,0,4496.0,0.0,0.0,0.0,-0.0,0.0,1060.0,0.0,0.0,0.0,-0.0,0.0,-0.0,-0.0,0.0,0.03999999999999915,0.0018009910316025216,0.0,0.1599999999999966,0.0016979734526320536,0.0,0.0,0.0,0.0,0.0,0.0,0.0,0.0,0.0,0.0,0.0,0.0,0.0,0.0,0.0,0.0,0.0
84,2026-05-05,2026-05-06,1,22.23,22.35,94.31,94.8,4.241610738255033,4.24171182515253,4.241888661664033,94.80225929215905,1.0,1.0,1.0,94.8,2.383191178835766e-05,0.0,2.383191178835766e-05,False,False,True,0,0,4475.0,0.0,0.0,0.0,-0.0,0.0,1055.0,0.0,0.0,0.0,-0.0,0.0,-0.0,-0.0,0.0,0.120000000000001,0.005383593083472679,0.0,0.4899999999999949,0.005182180705182597,0.0,0.0,0.0,0.0,0.0,0.0,0.0,0.0,0.0,0.0,0.0,0.0,0.0,0.0,0.0,0.0,0.0
85,2026-05-06,2026-05-07,1,22.35,22.3,94.8,94.58,4.241255605381165,4.241888661664033,4.241824825793993,94.59411715510794,1.0,1.0,1.0,94.58,0.0001492503873833484,0.0,0.0001492503873833484,False,False,True,0,0,4484.0,0.0,0.0,0.0,-0.0,0.0,1057.0,0.0,0.0,0.0,-0.0,0.0,-0.0,-0.0,0.0,-0.05000000000000071,-0.0022396425935047983,-0.0,-0.21999999999999886,-0.0023233720452463373,-0.0,0.0,0.0,0.0,0.0,0.0,0.0,0.0,0.0,0.0,0.0,0.0,0.0,0.0,0.0,0.0,0.0
86,2026-05-07,2026-05-08,1,22.3,22.38,94.58,94.91,4.240840035746202,4.241824825793993,4.242069325351151,94.93203960126955,1.0,1.0,1.0,94.91,0.00023218883883519313,0.0,0.00023218883883519313,False,False,True,0,0,4471.0,0.0,0.0,0.0,-0.0,0.0,1054.0,0.0,0.0,0.0,-0.0,0.0,-0.0,-0.0,0.0,0.0799999999999983,0.003581024417706021,0.0,0.3299999999999983,0.0034830369266710716,0.0,0.0,0.0,0.0,0.0,0.0,0.0,0.0,0.0,0.0,0.0,0.0,0.0,0.0,0.0,0.0,0.0
87,2026-05-08,2026-05-11,3,22.38,22.31,94.91,94.67,4.243388614970866,4.242069325351151,4.242306431967904,94.64056664858418,1.0,1.0,1.0,94.67,-0.0003109530775174833,0.0,-0.0003109530775174833,False,False,True,0,0,4480.0,0.0,0.0,0.0,-0.0,0.0,1056.0,0.0,0.0,0.0,-0.0,0.0,-0.0,-0.0,0.0,-0.07000000000000028,-0.003132694439337994,-0.0,-0.23999999999999488,-0.002531914001600971,-0.0,0.0,0.0,0.0,0.0,0.0,0.0,0.0,0.0,0.0,0.0,0.0,0.0,0.0,0.0,0.0,0.0
88,2026-05-11,2026-05-12,1,22.31,22.22,94.67,94.22,4.24032403240324,4.242306431967904,4.242189300254734,94.26404891832682,1.0,1.0,1.0,94.22,0.0004674020892646558,0.0,0.0004674020892646558,False,False,True,0,0,4501.0,0.0,0.0,0.0,-0.0,0.0,1061.0,0.0,0.0,0.0,-0.0,0.0,-0.0,-0.0,0.0,-0.08999999999999986,-0.0040422242329572425,-0.0,-0.45000000000000284,-0.004764686868904848,-0.0,0.0,0.0,0.0,0.0,0.0,0.0,0.0,0.0,0.0,0.0,0.0,0.0,0.0,0.0,0.0,0.0
89,2026-05-12,2026-05-13,1,22.22,22.22,94.22,94.35,4.2461746174617465,4.242189300254734,4.2425985649356495,94.26144625166017,1.0,1.0,1.0,94.35,-0.0009390072194070842,0.0,-0.0009390072194070842,False,False,True,0,0,4497.0,0.0,0.0,0.0,-0.0,0.0,1060.0,0.0,0.0,0.0,-0.0,0.0,-0.0,-0.0,0.0,0.0,0.0,0.0,0.12999999999999545,0.0013787985426641665,0.0,0.0,0.0,0.0,0.0,0.0,0.0,0.0,0.0,0.0,0.0,0.0,0.0,0.0,0.0,0.0,0.0
90,2026-05-13,2026-05-14,1,22.22,22.22,94.35,94.27,4.242574257425742,4.2425985649356495,4.24258919317442,94.27054011287012,1.0,1.0,1.0,94.27,5.729408325773836e-06,0.0,5.729408325773836e-06,False,False,True,0,0,4501.0,0.0,0.0,0.0,-0.0,0.0,1061.0,0.0,0.0,0.0,-0.0,0.0,-0.0,-0.0,0.0,0.0,0.0,0.0,-0.0799999999999983,-0.0008482664065002812,-0.0,0.0,0.0,0.0,0.0,0.0,0.0,0.0,0.0,0.0,0.0,0.0,0.0,0.0,0.0,0.0,0.0
91,2026-05-14,2026-05-15,1,22.22,22.06,94.27,93.57,4.241613780598368,4.24258919317442,4.242713360465208,93.59151760142771,1.0,1.0,1.0,93.57,0.00022993617275895935,0.0,0.00022993617275895935,False,False,True,0,0,4535.0,0.0,0.0,0.0,-0.0,0.0,1069.0,0.0,0.0,0.0,-0.0,0.0,-0.0,-0.0,0.0,-0.16000000000000014,-0.007226770386127551,-0.0,-0.7000000000000028,-0.007453186120237396,-0.0,0.0,0.0,0.0,0.0,0.0,0.0,0.0,0.0,0.0,0.0,0.0,0.0,0.0,0.0,0.0,0.0
92,2026-05-15,2026-05-18,3,22.06,22.04,93.57,93.49,4.241833030852995,4.242713360465208,4.242671678674524,93.50940246465318,1.0,1.0,1.0,93.49,0.00020751365477208436,0.0,0.00020751365477208436,False,False,True,0,0,4540.0,0.0,0.0,0.0,-0.0,0.0,1070.0,0.0,0.0,0.0,-0.0,0.0,-0.0,-0.0,0.0,-0.019999999999999574,-0.0009070295406426149,-0.0,-0.0799999999999983,-0.000855340584597297,-0.0,0.0,0.0,0.0,0.0,0.0,0.0,0.0,0.0,0.0,0.0,0.0,0.0,0.0,0.0,0.0,0.0
93,2026-05-18,2026-05-19,1,22.04,21.96,93.49,93.08,4.238615664845173,4.242671678674524,4.242487334741415,93.16907006369256,1.0,1.0,1.0,93.08,0.0009564619082646414,0.0,0.0009564619082646414,False,False,True,0,0,4557.0,0.0,0.0,0.0,-0.0,0.0,1074.0,0.0,0.0,0.0,-0.0,0.0,-0.0,-0.0,0.0,-0.0799999999999983,-0.003636367643383763,-0.0,-0.4099999999999966,-0.004395140269133307,-0.0,0.0,0.0,0.0,0.0,0.0,0.0,0.0,0.0,0.0,0.0,0.0,0.0,0.0,0.0,0.0,0.0
94,2026-05-19,2026-05-20,1,21.96,22.12,93.08,93.76,4.23869801084991,4.242487334741415,4.242195063791706,93.8438198444801,1.0,1.0,1.0,93.76,0.0008935836181484619,0.0,0.0008935836181484619,False,False,True,0,0,4527.0,0.0,0.0,0.0,-0.0,0.0,1067.0,0.0,0.0,0.0,-0.0,0.0,-0.0,-0.0,0.0,0.16000000000000014,0.007259560012804102,0.0,0.6800000000000068,0.007278987394611584,0.0,0.0,0.0,0.0,0.0,0.0,0.0,0.0,0.0,0.0,0.0,0.0,0.0,0.0,0.0,0.0,0.0
95,2026-05-20,2026-05-21,1,22.12,22.11,93.76,93.9,4.246947082767979,4.242195063791706,4.242404979286642,93.79493286043461,1.0,1.0,1.0,93.9,-0.001119552338877073,0.0,-0.001119552338877073,False,False,False,0,0,4518.0,0.0,0.0,0.0,-0.0,0.0,1065.0,0.0,0.0,0.0,-0.0,0.0,-0.0,-0.0,0.0,-0.010000000000001563,-0.00045218178477918886,-0.0,0.14000000000000057,0.0014920603855147474,0.0,0.0,0.0,0.0,0.0,0.0,0.0,0.0,0.0,0.0,0.0,0.0,0.0,0.0,0.0,0.0,0.0
96,2026-05-21,2026-05-22,1,22.11,22.16,93.9,94.08,4.245487364620939,4.242404979286642,4.242491290476691,94.01169434099198,1.0,1.0,1.0,94.08,-0.0007263017354383751,0.0,-0.0007263017354383751,False,False,True,0,0,4510.0,0.0,0.0,0.0,-0.0,0.0,1063.0,0.0,0.0,0.0,-0.0,0.0,-0.0,-0.0,0.0,0.05000000000000071,0.0022588670097282333,0.0,0.1799999999999926,0.0019150979360993915,0.0,0.0,0.0,0.0,0.0,0.0,0.0,0.0,0.0,0.0,0.0,0.0,0.0,0.0,0.0,0.0,0.0
97,2026-05-22,2026-05-26,4,22.16,22.24,94.08,94.33,4.241456834532374,4.242491290476691,4.242471316496036,94.3530063002016,1.0,1.0,1.0,94.33,0.00024386192235035882,0.0,0.00024386192235035882,False,False,True,0,0,4497.0,0.0,0.0,0.0,-0.0,0.0,1060.0,0.0,0.0,0.0,-0.0,0.0,-0.0,-0.0,0.0,0.0799999999999983,0.0036036075032983964,0.0,0.25,0.0026537885114451014,0.0,0.0,0.0,0.0,0.0,0.0,0.0,0.0,0.0,0.0,0.0,0.0,0.0,0.0,0.0,0.0,0.0
98,2026-05-26,2026-05-27,1,22.24,22.24,94.33,94.38,4.243705035971223,4.242471316496036,4.242519129651134,94.35256207887183,1.0,1.0,1.0,94.38,-0.00029075980338789985,0.0,-0.00029075980338789985,False,False,True,0,0,4497.0,0.0,0.0,0.0,-0.0,0.0,1060.0,0.0,0.0,0.0,-0.0,0.0,-0.0,-0.0,0.0,0.0,0.0,0.0,0.04999999999999716,0.0005299136364795963,0.0,0.0,0.0,0.0,0.0,0.0,0.0,0.0,0.0,0.0,0.0,0.0,0.0,0.0,0.0,0.0,0.0
99,2026-05-27,2026-05-28,1,22.24,22.32,94.38,94.71,4.243279569892473,4.242519129651134,4.242457895045713,94.69302697381332,1.0,1.0,1.0,94.71,-0.00017922655728678589,0.0,-0.00017922655728678589,False,False,True,0,0,4480.0,0.0,0.0,0.0,-0.0,0.0,1056.0,0.0,0.0,0.0,-0.0,0.0,-0.0,-0.0,0.0,0.08000000000000185,0.00359066813072854,0.0,0.3299999999999983,0.0034904049397685676,0.0,0.0,0.0,0.0,0.0,0.0,0.0,0.0,0.0,0.0,0.0,0.0,0.0,0.0,0.0,0.0,0.0
100,2026-05-28,2026-05-29,1,22.32,22.33,94.71,94.79,4.244961934617107,4.242457895045713,4.242480286447415,94.73408479637077,1.0,1.0,1.0,94.79,-0.0005900590978887544,0.0,-0.0005900590978887544,True,False,True,0,0,4476.0,0.0,0.0,0.0,-0.0,0.0,1055.0,0.0,0.0,0.0,-0.0,0.0,-0.0,-0.0,0.0,0.00999999999999801,0.000447928338956282,0.0,0.0800000000000125,0.0008443272269404758,0.0,0.0,0.0,0.0,0.0,0.0,0.0,0.0,0.0,0.0,0.0,0.0,0.0,0.0,0.0,0.0,0.0
101,2026-05-29,2026-06-01,3,22.33,22.23,94.79,94.32,4.242914979757084,4.242480286447415,4.242552426817674,94.31033676772603,1.0,1.0,1.0,94.32,-0.0001024568205518254,0.0,-0.0001024568205518254,False,False,True,0,0,4497.0,0.0,0.0,0.0,-0.0,0.0,1060.0,0.0,0.0,0.0,-0.0,0.0,-0.0,-0.0,0.0,-0.09999999999999787,-0.004488337875961241,-0.0,-0.4700000000000131,-0.004970662235834901,-0.0,0.0,0.0,0.0,0.0,0.0,0.0,0.0,0.0,0.0,0.0,0.0,0.0,0.0,0.0,0.0,0.0
102,2026-06-01,2026-06-02,1,22.23,22.23,94.32,94.33,4.2433648223121905,4.242552426817674,4.24257555752319,94.3119404481569,1.0,1.0,1.0,94.33,-0.0001914691065556935,0.0,-0.0001914691065556935,False,False,True,0,0,4497.0,0.0,0.0,0.0,-0.0,0.0,1060.0,0.0,0.0,0.0,-0.0,0.0,-0.0,-0.0,0.0,0.0,0.0,0.0,0.010000000000005116,0.00010601643264643343,0.0,0.0,0.0,0.0,0.0,0.0,0.0,0.0,0.0,0.0,0.0,0.0,0.0,0.0,0.0,0.0,0.0
103,2026-06-02,2026-06-03,1,22.23,22.18,94.33,94.11,4.243011722272318,4.24257555752319,4.242602886776707,94.10032586586435,1.0,1.0,1.0,94.11,-0.00010280131124224441,0.0,-0.00010280131124224441,False,False,True,0,0,4510.0,0.0,0.0,0.0,-0.0,0.0,1063.0,0.0,0.0,0.0,-0.0,0.0,-0.0,-0.0,0.0,-0.05000000000000071,-0.0022517460538842558,-0.0,-0.21999999999999886,-0.0023349617910653976,-0.0,0.0,0.0,0.0,0.0,0.0,0.0,0.0,0.0,0.0,0.0,0.0,0.0,0.0,0.0,0.0,0.0
104,2026-06-03,2026-06-04,1,22.18,22.21,94.11,94.21,4.241782980639351,4.242602886776707,4.242611498895922,94.22821011531066,1.0,1.0,1.0,94.21,0.0001932741279616742,0.0,0.0001932741279616742,False,False,True,0,0,4501.0,0.0,0.0,0.0,-0.0,0.0,1061.0,0.0,0.0,0.0,-0.0,0.0,-0.0,-0.0,0.0,0.030000000000001137,0.0013516559841152537,0.0,0.09999999999999432,0.001062022189879853,0.0,0.0,0.0,0.0,0.0,0.0,0.0,0.0,0.0,0.0,0.0,0.0,0.0,0.0,0.0,0.0,0.0
105,2026-06-04,2026-06-05,1,22.21,22.11,94.21,93.74,4.2397105382180005,4.242611498895922,4.2425342455377635,93.80414024058884,1.0,1.0,1.0,93.74,0.0006840015689882471,0.0,0.0006840015689882471,False,False,True,0,0,4527.0,0.0,0.0,0.0,-0.0,0.0,1067.0,0.0,0.0,0.0,-0.0,0.0,-0.0,-0.0,0.0,-0.10000000000000142,-0.004512643036981234,-0.0,-0.46999999999999886,-0.005001340566016318,-0.0,0.0,0.0,0.0,0.0,0.0,0.0,0.0,0.0,0.0,0.0,0.0,0.0,0.0,0.0,0.0,0.0
106,2026-06-05,2026-06-08,3,22.11,22.09,93.74,93.7,4.2417383431416935,4.2425342455377635,4.242579160907538,93.7175814839292,1.0,1.0,1.0,93.7,0.0001876182996446899,0.0,0.0001876182996446899,False,False,True,0,0,4527.0,0.0,0.0,0.0,-0.0,0.0,1067.0,0.0,0.0,0.0,-0.0,0.0,-0.0,-0.0,0.0,-0.019999999999999574,-0.0009049774373291173,-0.0,-0.03999999999999204,-0.00042680325018342976,-0.0,0.0,0.0,0.0,0.0,0.0,0.0,0.0,0.0,0.0,0.0,0.0,0.0,0.0,0.0,0.0,0.0
107,2026-06-08,2026-06-09,1,22.09,22.15,93.7,93.89,4.238826185101581,4.242579160907538,4.242351039414074,93.97312841410196,1.0,1.0,1.0,93.89,0.0008849891964354837,0.0,0.0008849891964354837,False,False,True,0,0,4518.0,0.0,0.0,0.0,-0.0,0.0,1065.0,0.0,0.0,0.0,-0.0,0.0,-0.0,-0.0,0.0,0.05999999999999872,0.002712479059118692,0.0,0.18999999999999773,0.0020256950260795267,0.0,0.0,0.0,0.0,0.0,0.0,0.0,0.0,0.0,0.0,0.0,0.0,0.0,0.0,0.0,0.0,0.0
108,2026-06-09,2026-06-10,1,22.15,22.15,93.89,93.91,4.2397291196388265,4.242351039414074,4.242321293775854,93.96807552302174,1.0,1.0,1.0,93.91,0.0006182256733233234,0.0,0.0006182256733233234,False,False,True,0,0,4518.0,0.0,0.0,0.0,-0.0,0.0,1065.0,0.0,0.0,0.0,-0.0,0.0,-0.0,-0.0,0.0,0.0,0.0,0.0,0.01999999999999602,0.00021299254606617487,0.0,0.0,0.0,0.0,0.0,0.0,0.0,0.0,0.0,0.0,0.0,0.0,0.0,0.0,0.0,0.0,0.0
109,2026-06-10,2026-06-11,1,22.15,22.3,93.91,94.52,4.2385650224215246,4.242321293775854,4.241940814023843,94.60376485120155,1.0,1.0,1.0,94.52,0.000885820528634431,0.0,0.000885820528634431,False,False,True,0,0,4488.0,0.0,0.0,0.0,-0.0,0.0,1058.0,0.0,0.0,0.0,-0.0,0.0,-0.0,-0.0,0.0,0.15000000000000213,0.00674918197492855,0.0,0.6099999999999994,0.006474575502184945,0.0,0.0,0.0,0.0,0.0,0.0,0.0,0.0,0.0,0.0,0.0,0.0,0.0,0.0,0.0,0.0,0.0
110,2026-06-11,2026-06-12,1,22.3,22.27,94.52,94.38,4.237988325101033,4.241940814023843,4.241711517407607,94.46802192831097,1.0,1.0,1.0,94.38,0.0009321986408584517,0.0,0.0009321986408584517,False,False,True,0,0,4496.0,0.0,0.0,0.0,-0.0,0.0,1060.0,0.0,0.0,0.0,-0.0,0.0,-0.0,-0.0,0.0,-0.030000000000001137,-0.0013461971967968444,-0.0,-0.14000000000000057,-0.0014822660204655829,-0.0,0.0,0.0,0.0,0.0,0.0,0.0,0.0,0.0,0.0,0.0,0.0,0.0,0.0,0.0,0.0,0.0
111,2026-06-12,2026-06-15,3,22.27,22.29,94.38,94.52,4.240466576940332,4.241711517407607,4.241654157224706,94.54774972301556,1.0,1.0,1.0,94.52,0.00029354264019608076,0.0,0.00029354264019608076,False,False,True,0,0,4488.0,0.0,0.0,0.0,-0.0,0.0,1058.0,0.0,0.0,0.0,-0.0,0.0,-0.0,-0.0,0.0,0.019999999999999574,0.0008976661285013117,0.0,0.14000000000000057,0.0014822660204656718,0.0,0.0,0.0,0.0,0.0,0.0,0.0,0.0,0.0,0.0,0.0,0.0,0.0,0.0,0.0,0.0,0.0
112,2026-06-15,2026-06-16,1,22.29,22.33,94.52,94.7,4.240931482310793,4.241654157224706,4.241609079797596,94.71613733082768,1.0,1.0,1.0,94.7,0.00017039024334590468,0.0,0.00017039024334590468,False,False,True,0,0,4479.0,0.0,0.0,0.0,-0.0,0.0,1056.0,0.0,0.0,0.0,-0.0,0.0,-0.0,-0.0,0.0,0.03999999999999915,0.00179291845428905,0.0,0.18000000000000682,0.001902547873325473,0.0,0.0,0.0,0.0,0.0,0.0,0.0,0.0,0.0,0.0,0.0,0.0,0.0,0.0,0.0,0.0,0.0
113,2026-06-16,2026-06-17,1,22.33,22.24,94.7,94.19,4.235161870503597,4.241609079797596,4.2414363900805165,94.33338593469853,1.0,1.0,1.0,94.19,0.0015211477518918663,0.0,0.0015211477518918663,False,False,True,0,0,4505.0,0.0,0.0,0.0,-0.0,0.0,1062.0,0.0,0.0,0.0,-0.0,0.0,-0.0,-0.0,0.0,-0.08999999999999986,-0.004038596469684887,-0.0,-0.5100000000000051,-0.005399981357306902,-0.0,0.0,0.0,0.0,0.0,0.0,0.0,0.0,0.0,0.0,0.0,0.0,0.0,0.0,0.0,0.0,0.0
114,2026-06-17,2026-06-18,1,22.24,22.29,94.19,94.48,4.238672050246747,4.2414363900805165,4.241435092050358,94.54161713489471,1.0,1.0,1.0,94.48,0.0006519586279199984,0.0,0.0006519586279199984,False,False,True,0,0,4487.0,0.0,0.0,0.0,-0.0,0.0,1058.0,0.0,0.0,0.0,-0.0,0.0,-0.0,-0.0,0.0,0.05000000000000071,0.002245678015395903,0.0,0.29000000000000625,0.0030741530543812244,0.0,0.0,0.0,0.0,0.0,0.0,0.0,0.0,0.0,0.0,0.0,0.0,0.0,0.0,0.0,0.0,0.0
115,2026-06-18,2026-06-22,4,22.29,22.23,94.48,94.25,4.239766081871345,4.241435092050358,4.241076042005527,94.28710209627945,1.0,1.0,1.0,94.25,0.0003935787316751979,0.0,0.0003935787316751979,False,False,True,0,0,4500.0,0.0,0.0,0.0,-0.0,0.0,1061.0,0.0,0.0,0.0,-0.0,0.0,-0.0,-0.0,0.0,-0.05999999999999872,-0.002695419421672211,-0.0,-0.23000000000000398,-0.002437345560986753,-0.0,0.0,0.0,0.0,0.0,0.0,0.0,0.0,0.0,0.0,0.0,0.0,0.0,0.0,0.0,0.0,0.0
116,2026-06-22,2026-06-23,1,22.23,22.26,94.25,94.34,4.238095238095238,4.241076042005527,4.240706435679241,94.40635269504303,1.0,1.0,1.0,94.34,0.0007030885294360814,0.0,0.0007030885294360814,False,False,True,0,0,4496.0,0.0,0.0,0.0,-0.0,0.0,1060.0,0.0,0.0,0.0,-0.0,0.0,-0.0,-0.0,0.0,0.030000000000001137,0.0013486178712936849,0.0,0.09000000000000341,0.0009544515279955532,0.0,0.0,0.0,0.0,0.0,0.0,0.0,0.0,0.0,0.0,0.0,0.0,0.0,0.0,0.0,0.0,0.0
117,2026-06-23,2026-06-24,1,22.26,22.36,94.34,94.75,4.23747763864043,4.240706435679241,4.240507475884644,94.82219590178784,1.0,1.0,1.0,94.75,0.000761671878460322,0.0,0.000761671878460322,False,False,True,0,0,4474.0,0.0,0.0,0.0,-0.0,0.0,1055.0,0.0,0.0,0.0,-0.0,0.0,-0.0,-0.0,0.0,0.09999999999999787,0.004482302439499606,0.0,0.4099999999999966,0.004336566106420024,0.0,0.0,0.0,0.0,0.0,0.0,0.0,0.0,0.0,0.0,0.0,0.0,0.0,0.0,0.0,0.0,0.0
118,2026-06-24,2026-06-25,1,22.36,22.38,94.75,94.92,4.241286863270778,4.240507475884644,4.240386567249622,94.90255731029832,1.0,1.0,1.0,94.92,-0.00018377889327724243,0.0,-0.00018377889327724243,False,False,True,0,0,4469.0,0.0,0.0,0.0,-0.0,0.0,1054.0,0.0,0.0,0.0,-0.0,0.0,-0.0,-0.0,0.0,0.019999999999999574,0.0008940545968807142,0.0,0.1700000000000017,0.0017925876050271699,0.0,0.0,0.0,0.0,0.0,0.0,0.0,0.0,0.0,0.0,0.0,0.0,0.0,0.0,0.0,0.0,0.0
119,2026-06-25,2026-06-26,1,22.38,22.41,94.92,94.93,4.236055332440875,4.240386567249622,4.240025355377042,95.02706297206404,1.0,1.0,1.0,94.93,0.001021946528261674,0.0,0.001021946528261674,False,False,True,0,0,4465.0,0.0,0.0,0.0,-0.0,0.0,1053.0,0.0,0.0,0.0,-0.0,0.0,-0.0,-0.0,0.0,0.030000000000001137,0.0013395849290565674,0.0,0.010000000000005116,0.00010534632614431895,0.0,0.0,0.0,0.0,0.0,0.0,0.0,0.0,0.0,0.0,0.0,0.0,0.0,0.0,0.0,0.0,0.0
120,2026-06-26,2026-06-29,3,22.41,22.41,94.93,94.97,4.237840249888443,4.240025355377042,4.239669271140609,95.0189682139995,1.0,1.0,1.0,94.97,0.0005154848257155212,0.0,0.0005154848257155212,False,False,True,0,0,4465.0,0.0,0.0,0.0,-0.0,0.0,1053.0,0.0,0.0,0.0,-0.0,0.0,-0.0,-0.0,0.0,0.0,0.0,0.0,0.03999999999999204,0.0004212743611539428,0.0,0.0,0.0,0.0,0.0,0.0,0.0,0.0,0.0,0.0,0.0,0.0,0.0,0.0,0.0,0.0,0.0
121,2026-06-29,2026-06-30,1,22.41,22.31,94.97,94.52,4.236665172568355,4.239669271140609,4.239356780781173,94.58702143914698,1.0,1.0,1.0,94.52,0.0007088202378002294,0.0,0.0007088202378002294,True,False,True,0,0,4486.0,0.0,0.0,0.0,-0.0,0.0,1058.0,0.0,0.0,0.0,-0.0,0.0,-0.0,-0.0,0.0,-0.10000000000000142,-0.004472279368394503,-0.0,-0.45000000000000284,-0.004749599936154064,-0.0,0.0,0.0,0.0,0.0,0.0,0.0,0.0,0.0,0.0,0.0,0.0,0.0,0.0,0.0,0.0,0.0
122,2026-06-30,2026-07-01,1,22.31,22.18,94.52,94.02,4.238954012623985,4.239356780781173,4.239136240296761,94.02893339772642,1.0,1.0,1.0,94.02,9.501141614294052e-05,0.0,9.501141614294052e-05,False,False,True,0,0,4511.0,0.0,0.0,0.0,-0.0,0.0,1064.0,0.0,0.0,0.0,-0.0,0.0,-0.0,-0.0,0.0,-0.129999999999999,-0.005844026522220118,-0.0,-0.5,-0.005303926722722581,-0.0,0.0,0.0,0.0,0.0,0.0,0.0,0.0,0.0,0.0,0.0,0.0,0.0,0.0,0.0,0.0,0.0
123,2026-07-01,2026-07-02,1,22.18,22.2,94.02,94.13,4.24009009009009,4.239136240296761,4.238990158687651,94.1088245345881,1.0,1.0,1.0,94.13,-0.00022498510127842364,0.0,-0.00022498510127842364,False,False,True,0,0,4502.0,0.0,0.0,0.0,-0.0,0.0,1062.0,0.0,0.0,0.0,-0.0,0.0,-0.0,-0.0,0.0,0.019999999999999574,0.0009013069560126666,0.0,0.10999999999999943,0.0011692799631443738,0.0,0.0,0.0,0.0,0.0,0.0,0.0,0.0,0.0,0.0,0.0,0.0,0.0,0.0,0.0,0.0,0.0
124,2026-07-02,2026-07-06,4,22.2,22.23,94.13,94.28,4.241115609536662,4.238990158687651,4.238956790132517,94.23275122762648,1.0,1.0,1.0,94.28,-0.0005012793358032118,0.0,-0.0005012793358032118,False,False,True,0,0,4498.0,0.0,0.0,0.0,-0.0,0.0,1061.0,0.0,0.0,0.0,-0.0,0.0,-0.0,-0.0,0.0,0.030000000000001137,0.0013504390978715467,0.0,0.15000000000000568,0.0015922725088016337,0.0,0.0,0.0,0.0,0.0,0.0,0.0,0.0,0.0,0.0,0.0,0.0,0.0,0.0,0.0,0.0,0.0
125,2026-07-06,2026-07-07,1,22.23,22.13,94.28,93.84,4.240397650248532,4.238956790132517,4.238991145734043,93.80811376563258,1.0,1.0,1.0,93.84,-0.00033985137430316454,0.0,-0.00033985137430316454,False,False,True,0,0,4519.0,0.0,0.0,0.0,-0.0,0.0,1066.0,0.0,0.0,0.0,-0.0,0.0,-0.0,-0.0,0.0,-0.10000000000000142,-0.0045085739131469635,-0.0,-0.4399999999999977,-0.004677873722710267,-0.0,0.0,0.0,0.0,0.0,0.0,0.0,0.0,0.0,0.0,0.0,0.0,0.0,0.0,0.0,0.0,0.0
126,2026-07-07,2026-07-08,1,22.13,22.11,93.84,93.69,4.237449118046133,4.238991145734043,4.238776684479265,93.7240942321797,1.0,1.0,1.0,93.69,0.0003638385116711365,0.0,0.0003638385116711365,False,False,True,0,0,4523.0,0.0,0.0,0.0,-0.0,0.0,1067.0,0.0,0.0,0.0,-0.0,0.0,-0.0,-0.0,0.0,-0.019999999999999574,-0.0009041591936033014,-0.0,-0.15000000000000568,-0.0015997443821231378,-0.0,0.0,0.0,0.0,0.0,0.0,0.0,0.0,0.0,0.0,0.0,0.0,0.0,0.0,0.0,0.0,0.0
127,2026-07-08,2026-07-09,1,22.11,22.13,93.69,93.82,4.239493899683687,4.238776684479265,4.23881007020837,93.80412802752613,1.0,1.0,1.0,93.82,-0.00016918903425244158,0.0,-0.00016918903425244158,False,False,True,0,0,4519.0,0.0,0.0,0.0,-0.0,0.0,1066.0,0.0,0.0,0.0,-0.0,0.0,-0.0,-0.0,0.0,0.019999999999999574,0.0009041591936033591,0.0,0.12999999999999545,0.0013865929372150632,0.0,0.0,0.0,0.0,0.0,0.0,0.0,0.0,0.0,0.0,0.0,0.0,0.0,0.0,0.0,0.0,0.0
128,2026-07-09,2026-07-10,1,22.13,22.12,93.82,93.72,4.236889692585895,4.23881007020837,4.238668098855724,93.76247875300915,1.0,1.0,1.0,93.72,0.0004531490517788601,0.0,0.0004531490517788601,False,False,True,0,0,4523.0,0.0,0.0,0.0,-0.0,0.0,1067.0,0.0,0.0,0.0,-0.0,0.0,-0.0,-0.0,0.0,-0.00999999999999801,-0.00045197740882415384,-0.0,-0.09999999999999432,-0.0010664392607170547,-0.0,0.0,0.0,0.0,0.0,0.0,0.0,0.0,0.0,0.0,0.0,0.0,0.0,0.0,0.0,0.0,0.0
129,2026-07-10,2026-07-13,3,22.12,22.02,93.72,93.26,4.235240690281563,4.238668098855724,4.238501882248725,93.33547153680304,1.0,1.0,1.0,93.26,0.0008089321814402517,0.0,0.0008089321814402517,False,False,True,0,0,4544.0,0.0,0.0,0.0,-0.0,0.0,1072.0,0.0,0.0,0.0,-0.0,0.0,-0.0,-0.0,0.0,-0.10000000000000142,-0.00453104535960025,-0.0,-0.45999999999999375,-0.0049203222594200865,-0.0,0.0,0.0,0.0,0.0,0.0,0.0,0.0,0.0,0.0,0.0,0.0,0.0,0.0,0.0,0.0,0.0
130,2026-07-13,2026-07-14,1,22.02,22.12,93.26,93.67,4.234629294755877,4.238501882248725,4.238333930731468,93.7556616353418,1.0,1.0,1.0,93.67,0.0009140865830106682,0.0,0.0009140865830106682,False,False,True,0,0,4527.0,0.0,0.0,0.0,-0.0,0.0,1068.0,0.0,0.0,0.0,-0.0,0.0,-0.0,-0.0,0.0,0.10000000000000142,0.004531045359600102,0.0,0.4099999999999966,0.0043866758408643595,0.0,0.0,0.0,0.0,0.0,0.0,0.0,0.0,0.0,0.0,0.0,0.0,0.0,0.0,0.0,0.0,0.0
131,2026-07-14,2026-07-15,1,22.12,22.14,93.67,93.83,4.23803071364047,4.238333930731468,4.2382121375664745,93.83671322639469,1.0,1.0,1.0,93.83,7.154413568757839e-05,0.0,7.154413568757839e-05,False,False,True,0,0,4518.0,0.0,0.0,0.0,-0.0,0.0,1066.0,0.0,0.0,0.0,-0.0,0.0,-0.0,-0.0,0.0,0.019999999999999574,0.0009037506263566791,0.0,0.1599999999999966,0.0017066670809191295,0.0,0.0,0.0,0.0,0.0,0.0,0.0,0.0,0.0,0.0,0.0,0.0,0.0,0.0,0.0,0.0,0.0
132,2026-07-15,2026-07-16,1,22.14,22.13,93.83,93.76,4.2367826479891555,4.2382121375664745,4.238004695850393,93.79163460434607,1.0,1.0,1.0,93.76,0.00033734288387091696,0.0,0.00033734288387091696,False,False,True,0,0,4522.0,0.0,0.0,0.0,-0.0,0.0,1067.0,0.0,0.0,0.0,-0.0,0.0,-0.0,-0.0,0.0,-0.010000000000001563,-0.0004517732175325501,-0.0,-0.06999999999999318,-0.0007463084732557766,-0.0,0.0,0.0,0.0,0.0,0.0,0.0,0.0,0.0,0.0,0.0,0.0,0.0,0.0,0.0,0.0,0.0
133,2026-07-16,2026-07-17,1,22.13,22.14,93.76,93.78,4.235772357723577,4.238004695850393,4.238035220211392,93.8294239661277,1.0,1.0,1.0,93.78,0.0005268814990870995,0.0,0.0005268814990870995,False,False,True,0,0,4518.0,0.0,0.0,0.0,-0.0,0.0,1066.0,0.0,0.0,0.0,-0.0,0.0,-0.0,-0.0,0.0,0.010000000000001563,0.0004517732175325538,0.0,0.01999999999999602,0.00021328783273766332,0.0,0.0,0.0,0.0,0.0,0.0,0.0,0.0,0.0,0.0,0.0,0.0,0.0,0.0,0.0,0.0,0.0
134,2026-07-17,2026-07-20,3,22.14,22.08,93.78,93.57,4.237771739130435,4.238035220211392,4.237990204655576,93.57581766226754,1.0,1.0,1.0,93.57,6.217250635994612e-05,0.0,6.217250635994612e-05,False,False,True,0,0,4530.0,0.0,0.0,0.0,-0.0,0.0,1069.0,0.0,0.0,0.0,-0.0,0.0,-0.0,-0.0,0.0,-0.060000000000002274,-0.0027137058715963843,-0.0,-0.21000000000000796,-0.002241794373618721,-0.0,0.0,0.0,0.0,0.0,0.0,0.0,0.0,0.0,0.0,0.0,0.0,0.0,0.0,0.0,0.0,0.0
135,2026-07-20,2026-07-21,1,22.08,22.04,93.57,93.41,4.238203266787659,4.237990204655576,4.237912063901392,93.4053041106089,1.0,1.0,1.0,93.41,-5.027306959079605e-05,0.0,-5.027306959079605e-05,False,False,True,0,0,4539.0,0.0,0.0,0.0,-0.0,0.0,1071.0,0.0,0.0,0.0,-0.0,0.0,-0.0,-0.0,0.0,-0.03999999999999915,-0.0018132371241808313,-0.0,-0.1599999999999966,-0.0017114134030641688,-0.0,0.0,0.0,0.0,0.0,0.0,0.0,0.0,0.0,0.0,0.0,0.0,0.0,0.0,0.0,0.0,0.0
136,2026-07-21,2026-07-22,1,22.04,21.99,93.41,93.15,4.236016371077763,4.237912063901392,4.237808120550518,93.19168628519161,1.0,1.0,1.0,93.15,0.0004474177165405516,0.0,0.0004474177165405516,False,False,True,0,0,4552.0,0.0,0.0,0.0,-0.0,0.0,1074.0,0.0,0.0,0.0,-0.0,0.0,-0.0,-0.0,0.0,-0.05000000000000071,-0.0022711797180439064,-0.0,-0.2599999999999909,-0.002787308837159768,-0.0,0.0,0.0,0.0,0.0,0.0,0.0,0.0,0.0,0.0,0.0,0.0,0.0,0.0,0.0,0.0,0.0
137,2026-07-22,2026-07-23,1,21.99,21.94,93.15,92.88,4.233363719234275,4.237808120550518,4.237602424580211,92.97751016487838,1.0,1.0,1.0,92.88,0.0010493003348500528,0.0,0.0010493003348500528,False,False,True,0,0,4564.0,0.0,0.0,0.0,-0.0,0.0,1077.0,0.0,0.0,0.0,-0.0,0.0,-0.0,-0.0,0.0,-0.04999999999999716,-0.002276349719585504,-0.0,-0.27000000000001023,-0.0029027596579614626,-0.0,0.0,0.0,0.0,0.0,0.0,0.0,0.0,0.0,0.0,0.0,0.0,0.0,0.0,0.0,0.0,0.0
138,2026-07-23,2026-07-24,1,21.94,21.97,92.88,93.11,4.238051888939463,4.237602424580211,4.2374406758636445,93.10012526802723,1.0,1.0,1.0,93.11,-0.00010606009708460488,0.0,-0.00010606009708460488,False,False,True,0,0,4551.0,0.0,0.0,0.0,-0.0,0.0,1074.0,0.0,0.0,0.0,-0.0,0.0,-0.0,-0.0,0.0,0.029999999999997584,0.0013664315494345757,0.0,0.23000000000000398,0.002473252510802395,0.0,0.0,0.0,0.0,0.0,0.0,0.0,0.0,0.0,0.0,0.0,0.0,0.0,0.0,0.0,0.0,0.0
139,2026-07-24,2026-07-27,3,21.97,22.03,93.11,93.37,4.238311393554244,4.2374406758636445,4.237553478919313,93.35081808927609,1.0,1.0,1.0,93.37,-0.00020546086920236514,0.0,-0.00020546086920236514,False,False,True,0,0,4538.0,0.0,0.0,0.0,-0.0,0.0,1071.0,0.0,0.0,0.0,-0.0,0.0,-0.0,-0.0,0.0,0.060000000000002274,0.0027272744177330144,0.0,0.2600000000000051,0.0027885045953961463,0.0,0.0,0.0,0.0,0.0,0.0,0.0,0.0,0.0,0.0,0.0,0.0,0.0,0.0,0.0,0.0,0.0
140,2026-07-27,2026-07-28,1,22.03,22.1,93.37,93.67,4.2384615384615385,4.237553478919313,4.2375845433479675,93.64993188411682,1.0,1.0,1.0,93.67,-0.00021426567646168316,0.0,-0.00021426567646168316,False,False,True,0,0,4526.0,0.0,0.0,0.0,-0.0,0.0,1068.0,0.0,0.0,0.0,-0.0,0.0,-0.0,-0.0,0.0,0.07000000000000028,0.0031724477094554862,0.0,0.29999999999999716,0.0032078727252045844,0.0,0.0,0.0,0.0,0.0,0.0,0.0,0.0,0.0,0.0,0.0,0.0,0.0,0.0,0.0,0.0,0.0
141,2026-07-28,2026-07-29,1,22.1,22.01,93.67,93.23,4.235801908223535,4.2375845433479675,4.237541380130727,93.26923579908878,1.0,1.0,1.0,93.23,0.0004207609698723646,0.0,0.0004207609698723646,False,False,True,0,0,4547.0,0.0,0.0,0.0,-0.0,0.0,1073.0,0.0,0.0,0.0,-0.0,0.0,-0.0,-0.0,0.0,-0.08999999999999986,-0.0040807129853368184,-0.0,-0.4399999999999977,-0.004708408912436912,-0.0,0.0,0.0,0.0,0.0,0.0,0.0,0.0,0.0,0.0,0.0,0.0,0.0,0.0,0.0,0.0,0.0
142,2026-07-29,2026-07-30,1,22.01,22.02,93.23,93.29,4.2366030881017265,4.237541380130727,4.237423833904614,93.31066119047861,1.0,1.0,1.0,93.29,0.000221448203143881,0.0,0.000221448203143881,False,False,True,0,0,4543.0,0.0,0.0,0.0,-0.0,0.0,1072.0,0.0,0.0,0.0,-0.0,0.0,-0.0,-0.0,0.0,0.00999999999999801,0.00045423575616348284,0.0,0.060000000000002274,0.0006433626642674414,0.0,0.0,0.0,0.0,0.0,0.0,0.0,0.0,0.0,0.0,0.0,0.0,0.0,0.0,0.0,0.0,0.0
143,2026-07-30,2026-07-31,1,22.02,21.92,93.29,92.92,4.2390510948905105,4.237423833904614,4.237371884144635,92.88433043918916,1.0,1.0,1.0,92.92,-0.00038394757716055274,0.0,-0.00038394757716055274,True,False,True,0,0,4559.0,0.0,0.0,0.0,-0.0,0.0,1076.0,0.0,0.0,0.0,-0.0,0.0,-0.0,-0.0,0.0,-0.09999999999999787,-0.004551669214719075,-0.0,-0.37000000000000455,-0.003974013070661376,-0.0,0.0,0.0,0.0,0.0,0.0,0.0,0.0,0.0,0.0,0.0,0.0,0.0,0.0,0.0,0.0,0.0
144,2026-07-31,2026-08-03,3,21.92,21.9,92.92,92.72,4.2337899543379,4.237371884144635,4.237005601384697,92.7984442627675,1.0,1.0,1.0,92.72,0.0008456762103013972,0.0,0.0008456762103013972,False,False,True,0,0,4572.0,0.0,0.0,0.0,-0.0,0.0,1079.0,0.0,0.0,0.0,-0.0,0.0,-0.0,-0.0,0.0,-0.020000000000003126,-0.0009128252573598002,-0.0,-0.20000000000000284,-0.0021547088707121495,-0.0,0.0,0.0,0.0,0.0,0.0,0.0,0.0,0.0,0.0,0.0,0.0,0.0,0.0,0.0,0.0,0.0
145,2026-08-03,2026-08-04,1,21.9,22.02,92.72,93.3,4.237057220708447,4.237005601384697,4.236838579907692,93.29886334249102,1.0,1.0,1.0,93.3,-1.2182898530347126e-05,0.0,-1.2182898530347126e-05,False,False,True,0,0,4542.0,0.0,0.0,0.0,-0.0,0.0,1072.0,0.0,0.0,0.0,-0.0,0.0,-0.0,-0.0,0.0,0.120000000000001,0.005464494472078745,0.0,0.5799999999999983,0.006235908821801807,0.0,0.0,0.0,0.0,0.0,0.0,0.0,0.0,0.0,0.0,0.0,0.0,0.0,0.0,0.0,0.0,0.0
146,2026-08-04,2026-08-05,1,22.02,22.03,93.3,93.34,4.236949614162506,4.236838579907692,4.236813604713511,93.33755391536647,1.0,1.0,1.0,93.34,-2.6206521163032607e-05,0.0,-2.6206521163032607e-05,False,False,True,0,0,4538.0,0.0,0.0,0.0,-0.0,0.0,1071.0,0.0,0.0,0.0,-0.0,0.0,-0.0,-0.0,0.0,0.010000000000001563,0.00045402951971802426,0.0,0.04000000000000625,0.000428632668371523,0.0,0.0,0.0,0.0,0.0,0.0,0.0,0.0,0.0,0.0,0.0,0.0,0.0,0.0,0.0,0.0,0.0
147,2026-08-05,2026-08-06,1,22.03,21.96,93.34,93.01,4.235428051001821,4.236813604713511,4.236610312279419,93.0404267595087,1.0,1.0,1.0,93.01,0.000327080784601303,0.0,0.000327080784601303,False,False,True,0,0,4555.0,0.0,0.0,0.0,-0.0,0.0,1075.0,0.0,0.0,0.0,-0.0,0.0,-0.0,-0.0,0.0,-0.07000000000000028,-0.003182544172921872,-0.0,-0.3299999999999983,-0.0035417262672938995,-0.0,0.0,0.0,0.0,0.0,0.0,0.0,0.0,0.0,0.0,0.0,0.0,0.0,0.0,0.0,0.0,0.0
148,2026-08-06,2026-08-07,1,21.96,22.03,93.01,93.27,4.233772128915115,4.236610312279419,4.2364544340958785,93.3325251795156,1.0,1.0,1.0,93.27,0.0006701429339759192,0.0,0.0006701429339759192,False,False,True,0,0,4542.0,0.0,0.0,0.0,-0.0,0.0,1072.0,0.0,0.0,0.0,-0.0,0.0,-0.0,-0.0,0.0,0.07000000000000028,0.003182544172921858,0.0,0.2599999999999909,0.0027914984843963797,0.0,0.0,0.0,0.0,0.0,0.0,0.0,0.0,0.0,0.0,0.0,0.0,0.0,0.0,0.0,0.0,0.0
149,2026-08-07,2026-08-10,3,22.03,21.94,93.27,92.92,4.235186873290793,4.2364544340958785,4.236451743246341,92.94781028406358,1.0,1.0,1.0,92.92,0.00029924798951050895,0.0,0.00029924798951050895,False,False,True,0,0,4558.0,0.0,0.0,0.0,-0.0,0.0,1076.0,0.0,0.0,0.0,-0.0,0.0,-0.0,-0.0,0.0,-0.08999999999999986,-0.004093705967167567,-0.0,-0.3499999999999943,-0.0037596048365636688,-0.0,0.0,0.0,0.0,0.0,0.0,0.0,0.0,0.0,0.0,0.0,0.0,0.0,0.0,0.0,0.0,0.0
150,2026-08-10,2026-08-11,1,21.94,21.96,92.92,93.03,4.2363387978142075,4.236451743246341,4.236537218399257,93.03248028168964,1.0,1.0,1.0,93.03,2.6660739833510158e-05,0.0,2.6660739833510158e-05,False,False,True,0,0,4554.0,0.0,0.0,0.0,-0.0,0.0,1075.0,0.0,0.0,0.0,-0.0,0.0,-0.0,-0.0,0.0,0.019999999999999574,0.0009111617942456437,0.0,0.10999999999999943,0.0011831138782589716,0.0,0.0,0.0,0.0,0.0,0.0,0.0,0.0,0.0,0.0,0.0,0.0,0.0,0.0,0.0,0.0,0.0
151,2026-08-11,2026-08-12,1,21.96,22.0,93.03,93.19,4.23590909090909,4.236537218399257,4.236431137262688,93.20381880478365,1.0,1.0,1.0,93.19,0.00014827535481146999,0.0,0.00014827535481146999,False,False,True,0,0,4546.0,0.0,0.0,0.0,-0.0,0.0,1073.0,0.0,0.0,0.0,-0.0,0.0,-0.0,-0.0,0.0,0.03999999999999915,0.0018198367169858993,0.0,0.1599999999999966,0.0017183980170969227,0.0,0.0,0.0,0.0,0.0,0.0,0.0,0.0,0.0,0.0,0.0,0.0,0.0,0.0,0.0,0.0,0.0
152,2026-08-12,2026-08-13,1,22.0,22.07,93.19,93.49,4.236067059356593,4.236431137262688,4.23639535783106,93.49803519938753,1.0,1.0,1.0,93.49,8.594346032802906e-05,0.0,8.594346032802906e-05,False,False,True,0,0,4533.0,0.0,0.0,0.0,-0.0,0.0,1070.0,0.0,0.0,0.0,-0.0,0.0,-0.0,-0.0,0.0,0.07000000000000028,0.003176766910329171,0.0,0.29999999999999716,0.0032140589056601915,0.0,0.0,0.0,0.0,0.0,0.0,0.0,0.0,0.0,0.0,0.0,0.0,0.0,0.0,0.0,0.0,0.0
153,2026-08-13,2026-08-14,1,22.07,22.0,93.49,93.2,4.236363636363636,4.23639535783106,4.236424921763063,93.20069787228331,1.0,1.0,1.0,93.2,7.487872001390787e-06,0.0,7.487872001390787e-06,False,False,True,0,0,4546.0,0.0,0.0,0.0,-0.0,0.0,1073.0,0.0,0.0,0.0,-0.0,0.0,-0.0,-0.0,0.0,-0.07000000000000028,-0.0031767669103291503,-0.0,-0.28999999999999204,-0.003106757011678689,-0.0,0.0,0.0,0.0,0.0,0.0,0.0,0.0,0.0,0.0,0.0,0.0,0.0,0.0,0.0,0.0,0.0
