date,VGT,XLK,IYW,FTEC,,,,,,,,,,,,,,,FTEC scalar,IYW scalar,VGT scalar,XLK scalar,FTEC unit price div,FTEC unit price no div,IYW unit price div,IYW unit price no div,VGT unit price div,VGT unit price no div,XLK unit price div,XLK unit price no div,max_unit_price,min_unit_price,pct_diff,max_sym,min_sym,max_unit_price_no,min_unit_price_no,pct_diff_no,max_sym_no,min_sym_no
6/25/2026,115.47,184.57,243.99,275.85,,,,,,,,,,,,,,,1,1.11921773,2.397008024,1.40424577,275.85,275.85,277.5775339,277.3688339,275.7275165,275.7702165,281.2798417,281.3109417,281.2798417,275.7275165,1.99%,XLK unit price div,VGT unit price div,281.3109417,275.7702165,1.99%,XLK unit price no div,VGT unit price no div
6/26/2026,113.86,181.11,239.66,272.48,,,,,,,,,,,,,,,1,1.11921773,2.397008024,1.40424577,272.48,272.48,272.7313211,272.5226211,271.8683336,271.9110336,276.4211513,276.4522513,276.4211513,271.8683336,1.66%,XLK unit price div,VGT unit price div,276.4522513,271.9110336,1.66%,XLK unit price no div,VGT unit price no div
6/29/2026,116.5,185.41,246.21,278.34,,,,,,,,,,,,,,,1,1.11921773,2.397008024,1.40424577,278.34,278.34,280.0621973,279.8534973,278.1964348,278.2391348,282.4594081,282.4905081,282.4594081,278.1964348,1.52%,XLK unit price div,VGT unit price div,282.4905081,278.2391348,1.52%,XLK unit price no div,VGT unit price no div
6/30/2026,119.52,190.52,252.23,285.58,,,,,,,,,,,,,,,1,1.11921773,2.397008024,1.40424577,285.58,285.58,286.799888,286.591188,285.435399,285.478099,289.635104,289.666204,289.635104,285.435399,1.46%,XLK unit price div,VGT unit price div,289.666204,285.478099,1.46%,XLK unit price no div,VGT unit price no div
7/1/2026,117.22,185.62,248.75,279.98,,,,,,,,,,,,,,,1,1.11921773,2.397008024,1.40424577,279.98,279.98,282.9050103,282.6963103,279.9222806,279.9649806,282.7542998,282.7853998,282.9050103,279.9222806,1.06%,IYW unit price div,VGT unit price div,282.7853998,279.9649806,1.00%,XLK unit price no div,VGT unit price no div
7/2/2026,114.64,180.59,243.48,273.89,,,,,,,,,,,,,,,1,1.11921773,2.397008024,1.40424577,273.89,273.89,277.0067329,276.7980329,273.7379999,273.7806999,275.6909435,275.7220435,277.0067329,273.7379999,1.19%,IYW unit price div,VGT unit price div,276.7980329,273.7806999,1.10%,IYW unit price no div,VGT unit price no div
7/6/2026,116.37,183.57,247.39,278.01,,,,,,,,,,,,,,,1,1.11921773,2.397008024,1.40424577,278.01,278.01,281.3828742,281.1741742,277.8848238,277.9275238,279.8755959,279.9066959,281.3828742,277.8848238,1.25%,IYW unit price div,VGT unit price div,281.1741742,277.9275238,1.16%,IYW unit price no div,VGT unit price no div
7/7/2026,114.06,179.18,243.28,272.34,,,,,,,,,,,,,,,1,1.11921773,2.397008024,1.40424577,272.34,272.34,276.7828893,276.5741893,272.3477352,272.3904352,273.710957,273.742057,276.7828893,272.34,1.62%,IYW unit price div,FTEC unit price div,276.5741893,272.34,1.54%,IYW unit price no div,FTEC unit price no div
7/8/2026,115.47,181.4,245.1,275.81,,,,,,,,,,,,,,,1,1.11921773,2.397008024,1.40424577,275.81,275.81,278.8198656,278.6111656,275.7275165,275.7702165,276.8283826,276.8594826,278.8198656,275.7275165,1.12%,IYW unit price div,VGT unit price div,278.6111656,275.7702165,1.02%,IYW unit price no div,VGT unit price no div
7/9/2026,117.71,185.35,249.28,281.24,2.368450014,1.189948167,1.103080385,1,,2.371191859,1.388966442,1.164589868,1,,,,,,1,1.11921773,2.397008024,1.40424577,281.24,281.24,283.4981957,283.2894957,281.0968145,281.1395145,282.3751534,282.4062534,283.4981957,281.0968145,0.85%,IYW unit price div,VGT unit price div,283.2894957,281.1395145,0.76%,IYW unit price no div,VGT unit price no div
7/10/2026,118.08,185.78,250.08,282.07,2.366163953,1.25057584,1.120121252,1,,,,,,,,,,,1,1.11921773,2.397008024,1.40424577,282.07,282.07,284.3935699,284.1848699,281.9837075,282.0264075,282.9789791,283.0100791,284.3935699,281.9837075,0.85%,IYW unit price div,VGT unit price div,284.1848699,282.0264075,0.76%,IYW unit price no div,VGT unit price no div
7/13/2026,115.58,181.28,244.77,276.08,2.410075217,1.16036999,1.320938742,1,,,,,,,,,,,1,1.11921773,2.397008024,1.40424577,276.08,276.08,278.4505237,278.2418237,275.9911874,276.0338874,276.6598731,276.6909731,278.4505237,275.9911874,0.89%,IYW unit price div,VGT unit price div,278.2418237,276.0338874,0.80%,IYW unit price no div,VGT unit price no div
7/14/2026,117.11,183.62,248.19,279.7,2.408764154,1.190251554,1.333970062,1,,,,,,,,,,,1,1.11921773,2.397008024,1.40424577,279.7,279.7,282.2782484,282.0695484,279.6586097,279.7013097,279.9458082,279.9769082,282.2782484,279.6586097,0.93%,IYW unit price div,VGT unit price div,282.0695484,279.7,0.84%,IYW unit price no div,FTEC unit price no div
7/15/2026,116.5,181.58,248.45,278.17,2.403227782,1.297206016,1.235642558,1,,,,,,,,,,,1,1.11921773,2.397008024,1.40424577,278.17,278.17,282.569245,282.360545,278.1964348,278.2391348,277.0811469,277.1122469,282.569245,277.0811469,1.96%,IYW unit price div,XLK unit price div,282.360545,277.1122469,1.88%,IYW unit price no div,XLK unit price no div
7/16/2026,114.24,177.52,242.7,272.8,2.408708152,1.241514811,1.225505053,1,,,,,,,,,,,1,1.11921773,2.397008024,1.40424577,272.8,272.8,276.133743,275.925043,272.7791967,272.8218967,271.379909,271.411009,276.133743,271.379909,1.74%,IYW unit price div,XLK unit price div,275.925043,271.411009,1.65%,IYW unit price no div,XLK unit price no div
7/17/2026,113.1,175.59,239.24,270.13,2.408225142,1.16508555,1.124156133,1,,,,,,,,,,,1,1.11921773,2.397008024,1.40424577,270.13,270.13,272.2612497,272.0525497,270.0466075,270.0893075,268.6697147,268.7008147,272.2612497,268.6697147,1.33%,IYW unit price div,XLK unit price div,272.0525497,268.7008147,1.24%,IYW unit price no div,XLK unit price no div
7/20/2026,113.23,175.71,239.97,270.28,2.415275149,1.174530124,1.120546649,1,,,,,,,,,,,1,1.11921773,2.397008024,1.40424577,270.28,270.28,273.0782786,272.8695786,270.3582186,270.4009186,268.8382242,268.8693242,273.0782786,268.8382242,1.56%,IYW unit price div,XLK unit price div,272.8695786,268.8693242,1.48%,IYW unit price no div,XLK unit price no div
7/21/2026,116.01,180.78,244.45,277.01,2.413079913,1.149173645,1.087249839,1,,,,,,,,,,,1,1.11921773,2.397008024,1.40424577,277.01,277.01,278.0923741,277.8836741,277.0219009,277.0646009,275.9577502,275.9888502,278.0923741,275.9577502,0.77%,IYW unit price div,XLK unit price div,277.8836741,275.9888502,0.68%,IYW unit price no div,XLK unit price no div
7/22/2026,115.62,180.27,243.28,276.23,2.413109047,1.153101717,1.060813893,1,,,,,,,,,,,1,1.11921773,2.397008024,1.40424577,276.23,276.23,276.7828893,276.5741893,276.0870677,276.1297677,275.2415849,275.2726849,276.7828893,275.2415849,0.56%,IYW unit price div,XLK unit price div,276.5741893,275.2726849,0.47%,IYW unit price no div,XLK unit price no div
7/23/2026,114.39,178.45,238.54,273.3,2.401615446,1.183735045,0.905105877,1,,,,,,,,,,,1,1.11921773,2.397008024,1.40424577,273.3,273.3,271.4777973,271.2690973,273.1387479,273.1814479,272.6858576,272.7169576,273.3,271.4777973,0.67%,FTEC unit price div,IYW unit price div,273.3,271.2690973,0.75%,FTEC unit price no div,IYW unit price no div
7/24/2026,113.3,175.88,236.08,270.52,2.401765275,1.214536198,0.768151393,1,,,,,,,,,,,1,1.11921773,2.397008024,1.40424577,270.52,270.52,268.7245217,268.5158217,270.5260091,270.5687091,269.076946,269.108046,270.5260091,268.7245217,0.67%,VGT unit price div,IYW unit price div,270.5687091,268.5158217,0.76%,VGT unit price no div,IYW unit price no div
7/27/2026,112.42,174.3,235.05,268.44,2.400516702,1.258596958,0.775743307,1,,,,,,,,,,,1,1.11921773,2.397008024,1.40424577,268.44,268.44,267.5717274,267.3630274,268.4166421,268.4593421,266.8582376,266.8893376,268.44,266.8582376,0.59%,FTEC unit price div,XLK unit price div,268.4593421,266.8893376,0.59%,VGT unit price no div,XLK unit price no div
7/28/2026,110.87,171.09,232.2,264.63,2.41138953,1.288676867,0.80384652,1,,,,,,,,,,,1,1.11921773,2.397008024,1.40424577,264.63,264.63,264.3819569,264.1732569,264.7012796,264.7439796,262.3506087,262.3817087,264.7012796,262.3506087,0.89%,VGT unit price div,XLK unit price div,264.7439796,262.3817087,0.90%,VGT unit price no div,XLK unit price no div
7/29/2026,108.2,166.57,227.34,258.14,2.428217836,1.302064527,0.993372032,1,,,,,,,,,,,1,1.11921773,2.397008024,1.40424577,258.14,258.14,258.9425587,258.7338587,258.3012682,258.3439682,256.0034178,256.0345178,258.9425587,256.0034178,1.14%,IYW unit price div,XLK unit price div,258.7338587,256.0345178,1.05%,IYW unit price no div,XLK unit price no div
7/30/2026,113.58,175.73,236.96,271.06,2.427048851,1.301213205,1.040267635,1,,,,,,,,,,,1,1.11921773,2.397008024,1.40424577,271.06,271.06,269.7094333,269.5007333,271.1971714,271.2398714,268.8663091,268.8974091,271.1971714,268.8663091,0.86%,VGT unit price div,XLK unit price div,271.2398714,268.8974091,0.87%,VGT unit price no div,XLK unit price no div
7/31/2026,113.15,175.35,238.04,270.1,2.426905024,1.301166726,1.054553684,1,,,,,,,,,,,1,1.11921773,2.397008024,1.40424577,270.1,270.1,270.9181884,270.7094884,270.1664579,270.2091579,268.3326957,268.3637957,270.9181884,268.3326957,0.96%,IYW unit price div,XLK unit price div,270.7094884,268.3637957,0.87%,IYW unit price no div,XLK unit price no div
8/3/2026,115.14,178.04,243.68,274.73,2.417598506,1.320484225,1.029877696,1,,,,,,,,,,,1,1.11921773,2.397008024,1.40424577,274.73,274.73,277.2305764,277.0218764,274.9365039,274.9792039,272.1101168,272.1412168,277.2305764,272.1101168,1.86%,IYW unit price div,XLK unit price div,277.0218764,272.1412168,1.78%,IYW unit price no div,XLK unit price no div
8/4/2026,120.15,186.9,253.55,286.77,2.397705646,1.38410116,1.032707421,1,,,,,,,,,,,1,1.11921773,2.397008024,1.40424577,286.77,286.77,288.2772554,288.0685554,286.9455141,286.9882141,284.5517343,284.5828343,288.2772554,284.5517343,1.30%,IYW unit price div,XLK unit price div,288.0685554,284.5828343,1.22%,IYW unit price no div,XLK unit price no div
8/5/2026,119.72,185.91,251.27,285.71,2.387733104,1.417283167,1.055774671,1,,,,,,,,,,,1,1.11921773,2.397008024,1.40424577,285.71,285.71,285.725439,285.516739,285.9148006,285.9575006,283.161531,283.192631,285.9148006,283.161531,0.97%,VGT unit price div,XLK unit price div,285.9575006,283.192631,0.97%,VGT unit price no div,XLK unit price no div
8/6/2026,119.6,185.33,250.59,285.45,2.386695916,1.440901368,1.077073373,1,,,,,,,,,,,1,1.11921773,2.397008024,1.40424577,285.45,285.45,284.9643709,284.7556709,285.6271597,285.6698597,282.3470685,282.3781685,285.6271597,282.3470685,1.16%,VGT unit price div,XLK unit price div,285.6698597,282.3781685,1.16%,VGT unit price no div,XLK unit price no div
8/7/2026,121.45,187.97,254.05,289.84,2.386762561,1.459675842,1.112914673,1,,,,,,,,,,,1,1.11921773,2.397008024,1.40424577,289.84,289.84,288.8368643,288.6281643,290.0616245,290.1043245,286.0542773,286.0853773,290.0616245,286.0542773,1.39%,VGT unit price div,XLK unit price div,290.1043245,286.0853773,1.40%,VGT unit price no div,XLK unit price no div
8/10/2026,120.25,186.32,252.38,286.99,2.389235182,1.45824055,1.125711446,1,,,,,,,,,,,1,1.11921773,2.397008024,1.40424577,286.99,286.99,286.9677707,286.7590707,287.1852149,287.2279149,283.7372718,283.7683718,287.1852149,283.7372718,1.21%,VGT unit price div,XLK unit price div,287.2279149,283.7683718,1.21%,VGT unit price no div,XLK unit price no div
8/11/2026,120.17,186.09,251.02,286.79,2.390827472,1.466635955,1.147314216,1,,,,,,,,,,,1,1.11921773,2.397008024,1.40424577,286.79,286.79,285.4456345,285.2369345,286.9934543,287.0361543,283.4142953,283.4453953,286.9934543,283.4142953,1.25%,VGT unit price div,XLK unit price div,287.0361543,283.4453953,1.26%,VGT unit price no div,XLK unit price no div
8/12/2026,121.6,188.86,253.08,290.2,2.385639269,1.486606645,1.168913332,1,,,,,,,,,,,1,1.11921773,2.397008024,1.40424577,290.2,290.2,287.7512231,287.5425231,290.4211757,290.4638757,287.3040561,287.3351561,290.4211757,287.3040561,1.08%,VGT unit price div,XLK unit price div,290.4638757,287.3351561,1.08%,VGT unit price no div,XLK unit price no div
8/13/2026,122.99,190.77,256.59,293.44,2.381222325,1.49230125,1.281823265,1,,,,,,,,,,,1,1.11921773,2.397008024,1.40424577,293.44,293.44,291.6796773,291.4709773,293.7530169,293.7957169,289.9861655,290.0172655,293.7530169,289.9861655,1.29%,VGT unit price div,XLK unit price div,293.7957169,290.0172655,1.29%,VGT unit price no div,XLK unit price no div
8/14/2026,122.56,190.01,255.5,292.5,2.388107005,1.472555341,1.431936862,1,,,,,,,,,,,1,1.11921773,2.397008024,1.40424577,292.5,292.5,290.45973,290.25103,292.7223034,292.7650034,288.9189387,288.9500387,292.7223034,288.9189387,1.31%,VGT unit price div,XLK unit price div,292.7650034,288.9500387,1.31%,VGT unit price no div,XLK unit price no div
8/17/2026,122.54,190.32,254.79,292.36,2.364561738,1.483017947,1.395030412,1,,,,,,,,,,,1,1.11921773,2.397008024,1.40424577,292.36,292.36,289.6650854,289.4563854,292.6743633,292.7170633,289.3542549,289.3853549,292.6743633,289.3542549,1.14%,VGT unit price div,XLK unit price div,292.7170633,289.3853549,1.14%,VGT unit price no div,XLK unit price no div
8/18/2026,119.79,185.62,249.58,285.82,2.372222269,1.460156131,1.295135912,1,,,,,,,,,,,1,1.11921773,2.397008024,1.40424577,285.82,285.82,283.833961,283.625261,286.0825912,286.1252912,282.7542998,282.7853998,286.0825912,282.7542998,1.17%,VGT unit price div,XLK unit price div,286.1252912,282.7853998,1.17%,VGT unit price no div,XLK unit price no div
8/19/2026,118.8,183.64,247.8,283.53,2.372165493,1.402127541,1.193686226,1,,,,,,,,,,,1,1.11921773,2.397008024,1.40424577,283.53,283.53,281.8417534,281.6330534,283.7095533,283.7522533,279.9738931,280.0049931,283.7095533,279.9738931,1.33%,VGT unit price div,XLK unit price div,283.7522533,280.0049931,1.33%,VGT unit price no div,XLK unit price no div
8/20/2026,118.36,183.1,246.8,282.35,2.387839815,1.407374071,1.151203833,1,,,,,,,,,,,1,1.11921773,2.397008024,1.40424577,282.35,282.35,280.7225357,280.5138357,282.6548697,282.6975697,279.2156004,279.2467004,282.6548697,279.2156004,1.22%,VGT unit price div,XLK unit price div,282.6975697,279.2467004,1.23%,VGT unit price no div,XLK unit price no div
8/21/2026,118.42,183.31,247.25,282.62,2.383730969,1.4087168,1.171568847,1,,,,,,,,,,,1,1.11921773,2.397008024,1.40424577,282.62,282.62,281.2261837,281.0174837,282.7986902,282.8413902,279.510492,279.541592,282.7986902,279.510492,1.17%,VGT unit price div,XLK unit price div,282.8413902,279.541592,1.17%,VGT unit price no div,XLK unit price no div
8/24/2026,116.42,180.05,244.11,277.79,2.386217112,1.426538623,1.240594665,1,,,,,,,,,,,1,1.11921773,2.397008024,1.40424577,277.79,277.79,277.71184,277.50314,278.0046742,278.0473742,274.9326508,274.9637508,278.0046742,274.9326508,1.11%,VGT unit price div,XLK unit price div,278.0473742,274.9637508,1.12%,VGT unit price no div,XLK unit price no div
8/25/2026,117.51,181.74,246.04,280.41,2.385753293,1.426118407,1.256538275,1,,,,,,,,,,,1,1.11921773,2.397008024,1.40424577,280.41,280.41,279.8719302,279.6632302,280.6174129,280.6601129,277.3058262,277.3369262,280.6174129,277.3058262,1.19%,VGT unit price div,XLK unit price div,280.6601129,277.3369262,1.19%,VGT unit price no div,XLK unit price no div
