date,FUTY,IDU,VPU,XLU,FUTY scalar,IDU scalar,VPU scalar,XLU scalar,FUTY unit price div,FUTY unit price no div,IDU unit price div,IDU unit price no div,VPU unit price div,VPU unit price no div,XLU unit price div,XLU unit price no div,max_unit_price,min_unit_price,pct_diff,max_sym,min_sym,max_unit_price_no,min_unit_price_no,pct_diff_no,max_sym_no,min_sym_no,,,0.187%,0.178%
6/25/2026,59.1,115.94,198.16,45.85,3.345559265,1.645446445,1,4.075728111,198.0565525,198.0972525,198.3875609,198.1257609,198.16,198.16,198.3458339,198.2041339,198.3875609,198.0565525,0.167%,IDU unit price div,FUTY unit price div,198.2041339,198.0972525,0.054%,XLU unit price no div,FUTY unit price no div,,,,
6/26/2026,59.51,116.82,199.66,46.2,3.345559265,1.645446445,1,4.075728111,199.4282318,199.4689318,199.8355537,199.5737537,199.66,199.66,199.7723387,199.6306387,199.8355537,199.4282318,0.204%,IDU unit price div,FUTY unit price div,199.66,199.4689318,0.096%,VPU unit price no div,FUTY unit price no div,,,,
6/29/2026,59.27,116.25,198.78,46.02,3.345559265,1.645446445,1,4.075728111,198.6252976,198.6659976,198.8976493,198.6358493,198.78,198.78,199.0387077,198.8970077,199.0387077,198.6252976,0.208%,XLU unit price div,FUTY unit price div,198.8970077,198.6358493,0.131%,XLU unit price no div,IDU unit price no div,,,,
6/30/2026,58.42,114.61,195.73,45.34,3.345559265,1.645446445,1,4.075728111,195.7815722,195.8222722,196.1991171,195.9373171,195.73,195.73,196.2672126,196.1255126,196.2672126,195.73,0.274%,XLU unit price div,VPU unit price div,196.1255126,195.73,0.202%,XLU unit price no div,VPU unit price no div,,,,
7/1/2026,57.73,113.31,193.38,44.77,3.345559265,1.645446445,1,4.075728111,193.4731364,193.5138364,194.0600367,193.7982367,193.38,193.38,193.9440475,193.8023475,194.0600367,193.38,0.351%,IDU unit price div,VPU unit price div,193.8023475,193.38,0.218%,XLU unit price no div,VPU unit price no div,,,,
7/2/2026,58.98,115.75,197.54,45.76,3.345559265,1.645446445,1,4.075728111,197.6550854,197.6957854,198.074926,197.813126,197.54,197.54,197.9790184,197.8373184,198.074926,197.54,0.270%,IDU unit price div,VPU unit price div,197.8373184,197.54,0.150%,XLU unit price no div,VPU unit price no div,,,,
7/6/2026,58.35,114.75,195.62,45.3,3.345559265,1.645446445,1,4.075728111,195.5473831,195.5880831,196.4294796,196.1676796,195.62,195.62,196.1041834,195.9624834,196.4294796,195.5473831,0.450%,IDU unit price div,FUTY unit price div,196.1676796,195.5880831,0.296%,IDU unit price no div,FUTY unit price no div,,,,
7/7/2026,58.87,115.97,197.25,45.7,3.345559265,1.645446445,1,4.075728111,197.2870739,197.3277739,198.4369242,198.1751242,197.25,197.25,197.7344747,197.5927747,198.4369242,197.25,0.600%,IDU unit price div,VPU unit price div,198.1751242,197.25,0.468%,IDU unit price no div,VPU unit price no div,,,,
7/8/2026,58.43,115.08,195.85,45.36,3.345559265,1.645446445,1,4.075728111,195.8150278,195.8557278,196.9724769,196.7106769,195.85,195.85,196.3487271,196.2070271,196.9724769,195.8150278,0.589%,IDU unit price div,FUTY unit price div,196.7106769,195.85,0.438%,IDU unit price no div,VPU unit price no div,,,,
7/9/2026,58.18,114.53,194.97,45.13,3.345559265,1.645446445,1,4.075728111,194.978638,195.019338,196.0674814,195.8056814,194.97,194.97,195.4113096,195.2696096,196.0674814,194.97,0.561%,IDU unit price div,VPU unit price div,195.8056814,194.97,0.428%,IDU unit price no div,VPU unit price no div,,,,
7/10/2026,58.53,115.19,196.17,45.41,3.345559265,1.645446445,1,4.075728111,196.1495838,196.1902838,197.153476,196.891676,196.17,196.17,196.5525135,196.4108135,197.153476,196.1495838,0.510%,IDU unit price div,FUTY unit price div,196.891676,196.17,0.367%,IDU unit price no div,VPU unit price no div,,,,
7/13/2026,58.92,116.05,197.48,45.72,3.345559265,1.645446445,1,4.075728111,197.4543519,197.4950519,198.56856,198.30676,197.48,197.48,197.8159892,197.6742892,198.56856,197.4543519,0.563%,IDU unit price div,FUTY unit price div,198.30676,197.48,0.418%,IDU unit price no div,VPU unit price no div,,,,
7/14/2026,58.92,115.94,197.39,45.69,3.345559265,1.645446445,1,4.075728111,197.4543519,197.4950519,198.3875609,198.1257609,197.39,197.39,197.6937174,197.5520174,198.3875609,197.39,0.504%,IDU unit price div,VPU unit price div,198.1257609,197.39,0.372%,IDU unit price no div,VPU unit price no div,,,,
7/15/2026,58.38,114.87,195.62,45.22,3.345559265,1.645446445,1,4.075728111,195.6477499,195.6884499,196.6269332,196.3651332,195.62,195.62,195.7781252,195.6364252,196.6269332,195.62,0.513%,IDU unit price div,VPU unit price div,196.3651332,195.62,0.380%,IDU unit price no div,VPU unit price no div,,,,
7/16/2026,58.66,115.67,196.49,45.47,3.345559265,1.645446445,1,4.075728111,196.5845065,196.6252065,197.9432903,197.6814903,196.49,196.49,196.7970572,196.6553572,197.9432903,196.49,0.737%,IDU unit price div,VPU unit price div,197.6814903,196.49,0.605%,IDU unit price no div,VPU unit price no div,,,,
7/17/2026,58.28,114.84,195.22,45.17,3.345559265,1.645446445,1,4.075728111,195.313194,195.353894,196.5775698,196.3157698,195.22,195.22,195.5743388,195.4326388,196.5775698,195.22,0.693%,IDU unit price div,VPU unit price div,196.3157698,195.22,0.560%,IDU unit price no div,VPU unit price no div,,,,
7/20/2026,57.94,114.24,194.21,44.94,3.345559265,1.645446445,1,4.075728111,194.1757038,194.2164038,195.5903019,195.3285019,194.21,194.21,194.6369213,194.4952213,195.5903019,194.1757038,0.726%,IDU unit price div,FUTY unit price div,195.3285019,194.21,0.574%,IDU unit price no div,VPU unit price no div,,,,
7/21/2026,57.95,114.01,194.22,44.92,3.345559265,1.645446445,1,4.075728111,194.2091594,194.2498594,195.2118492,194.9500492,194.22,194.22,194.5554067,194.4137067,195.2118492,194.2091594,0.515%,IDU unit price div,FUTY unit price div,194.9500492,194.22,0.375%,IDU unit price no div,VPU unit price no div,,,,
7/22/2026,59.23,116.44,198.41,45.93,3.345559265,1.645446445,1,4.075728111,198.4914753,198.5321753,199.2102841,198.9484841,198.41,198.41,198.6718921,198.5301921,199.2102841,198.41,0.403%,IDU unit price div,VPU unit price div,198.9484841,198.41,0.271%,IDU unit price no div,VPU unit price no div,,,,
7/23/2026,59.5,117.03,199.43,46.19,3.345559265,1.645446445,1,4.075728111,199.3947763,199.4354763,200.1810975,199.9192975,199.43,199.43,199.7315814,199.5898814,200.1810975,199.3947763,0.394%,IDU unit price div,FUTY unit price div,199.9192975,199.43,0.245%,IDU unit price no div,VPU unit price no div,,,,
7/24/2026,59.52,117.16,199.46,46.29,3.345559265,1.645446445,1,4.075728111,199.4616874,199.5023874,200.3950055,200.1332055,199.46,199.46,200.1391543,199.9974543,200.3950055,199.46,0.468%,IDU unit price div,VPU unit price div,200.1332055,199.46,0.337%,IDU unit price no div,VPU unit price no div,,,,
7/27/2026,58.78,115.69,197.01,45.68,3.345559265,1.645446445,1,4.075728111,196.9859736,197.0266736,197.9761992,197.7143992,197.01,197.01,197.6529601,197.5112601,197.9761992,196.9859736,0.501%,IDU unit price div,FUTY unit price div,197.7143992,197.01,0.357%,IDU unit price no div,VPU unit price no div,,,,
7/28/2026,58.57,115.37,196.22,45.52,3.345559265,1.645446445,1,4.075728111,196.2834061,196.3241061,197.4496564,197.1878564,196.22,196.22,197.0008436,196.8591436,197.4496564,196.22,0.625%,IDU unit price div,VPU unit price div,197.1878564,196.22,0.492%,IDU unit price no div,VPU unit price no div,,,,
7/29/2026,57.77,113.95,193.47,44.91,3.345559265,1.645446445,1,4.075728111,193.6069587,193.6476587,195.1131224,194.8513224,193.47,193.47,194.5146495,194.3729495,195.1131224,193.47,0.846%,IDU unit price div,VPU unit price div,194.8513224,193.47,0.711%,IDU unit price no div,VPU unit price no div,,,,
7/30/2026,57.49,113.1,192.58,44.66,3.345559265,1.645446445,1,4.075728111,192.6702021,192.7109021,193.714493,193.452693,192.58,192.58,193.4957174,193.3540174,193.714493,192.58,0.587%,IDU unit price div,VPU unit price div,193.452693,192.58,0.452%,IDU unit price no div,VPU unit price no div,,,,
7/31/2026,57.09,112.39,191.22,44.35,3.345559265,1.645446445,1,4.075728111,191.3319784,191.3726784,192.546226,192.284426,191.22,191.22,192.2322417,192.0905417,192.546226,191.22,0.691%,IDU unit price div,VPU unit price div,192.284426,191.22,0.555%,IDU unit price no div,VPU unit price no div,,,,
8/3/2026,57.18,112.52,191.55,44.36,3.345559265,1.645446445,1,4.075728111,191.6330788,191.6737788,192.760134,192.498334,191.55,191.55,192.272999,192.131299,192.760134,191.55,0.630%,IDU unit price div,VPU unit price div,192.498334,191.55,0.494%,IDU unit price no div,VPU unit price no div,,,,
8/4/2026,56.88,111.87,190.54,44.11,3.345559265,1.645446445,1,4.075728111,190.629411,190.670111,191.6905938,191.4287938,190.54,190.54,191.254067,191.112367,191.6905938,190.54,0.602%,IDU unit price div,VPU unit price div,191.4287938,190.54,0.465%,IDU unit price no div,VPU unit price no div,,,,
8/5/2026,56.28,110.74,188.61,43.66,3.345559265,1.645446445,1,4.075728111,188.6220754,188.6627754,189.8312393,189.5694393,188.61,188.61,189.4199893,189.2782893,189.8312393,188.61,0.645%,IDU unit price div,VPU unit price div,189.5694393,188.61,0.507%,IDU unit price no div,VPU unit price no div,,,,
8/6/2026,55.99,110.29,187.64,43.38,3.345559265,1.645446445,1,4.075728111,187.6518632,187.6925632,189.0907884,188.8289884,187.64,187.64,188.2787855,188.1370855,189.0907884,187.64,0.770%,IDU unit price div,VPU unit price div,188.8289884,187.64,0.632%,IDU unit price no div,VPU unit price no div,,,,
8/7/2026,56.36,110.95,188.86,43.61,3.345559265,1.645446445,1,4.075728111,188.8897202,188.9304202,190.1767831,189.9149831,188.86,188.86,189.2162029,189.0745029,190.1767831,188.86,0.695%,IDU unit price div,VPU unit price div,189.9149831,188.86,0.557%,IDU unit price no div,VPU unit price no div,,,,
8/10/2026,55.76,109.8,186.8,43.13,3.345559265,1.645446445,1,4.075728111,186.8823846,186.9230846,188.2845197,188.0227197,186.8,186.8,187.2598534,187.1181534,188.2845197,186.8,0.792%,IDU unit price div,VPU unit price div,188.0227197,186.8,0.652%,IDU unit price no div,VPU unit price no div,,,,
8/11/2026,56.38,110.98,188.87,43.63,3.345559265,1.645446445,1,4.075728111,188.9566313,188.9973313,190.2261465,189.9643465,188.87,188.87,189.2977175,189.1560175,190.2261465,188.87,0.715%,IDU unit price div,VPU unit price div,189.9643465,188.87,0.578%,IDU unit price no div,VPU unit price no div,,,,
8/12/2026,56.64,111.49,189.77,43.84,3.345559265,1.645446445,1,4.075728111,189.8264768,189.8671768,191.0653242,190.8035242,189.77,189.77,190.1536204,190.0119204,191.0653242,189.77,0.680%,IDU unit price div,VPU unit price div,190.8035242,189.77,0.543%,IDU unit price no div,VPU unit price no div,,,,
8/13/2026,56.87,111.86,190.62,44.04,3.345559265,1.645446445,1,4.075728111,190.5959554,190.6366554,191.6741394,191.4123394,190.62,190.62,190.968766,190.827066,191.6741394,190.5959554,0.564%,IDU unit price div,FUTY unit price div,191.4123394,190.62,0.415%,IDU unit price no div,VPU unit price no div,,,,
8/14/2026,57.2,112.53,191.73,44.31,3.345559265,1.645446445,1,4.075728111,191.6999899,191.7406899,192.7765885,192.5147885,191.73,191.73,192.0692126,191.9275126,192.7765885,191.6999899,0.560%,IDU unit price div,FUTY unit price div,192.5147885,191.73,0.408%,IDU unit price no div,VPU unit price no div,,,,
8/17/2026,57.01,112.16,191.01,44.18,3.345559265,1.645446445,1,4.075728111,191.0643337,191.1050337,192.1677733,191.9059733,191.01,191.01,191.5393679,191.3976679,192.1677733,191.01,0.604%,IDU unit price div,VPU unit price div,191.9059733,191.01,0.468%,IDU unit price no div,VPU unit price no div,,,,
8/18/2026,56.79,111.66,190.24,44.02,3.345559265,1.645446445,1,4.075728111,190.3283106,190.3690106,191.3450501,191.0832501,190.24,190.24,190.8872514,190.7455514,191.3450501,190.24,0.579%,IDU unit price div,VPU unit price div,191.0832501,190.24,0.442%,IDU unit price no div,VPU unit price no div,,,,
8/19/2026,56.84,111.86,190.36,44.02,3.345559265,1.645446445,1,4.075728111,190.4955886,190.5362886,191.6741394,191.4123394,190.36,190.36,190.8872514,190.7455514,191.6741394,190.36,0.688%,IDU unit price div,VPU unit price div,191.4123394,190.36,0.551%,IDU unit price no div,VPU unit price no div,,,,
8/20/2026,56.51,111.22,189.31,43.77,3.345559265,1.645446445,1,4.075728111,189.3915541,189.4322541,190.6210536,190.3592536,189.31,189.31,189.8683194,189.7266194,190.6210536,189.31,0.690%,IDU unit price div,VPU unit price div,190.3592536,189.31,0.553%,IDU unit price no div,VPU unit price no div,,,,
8/21/2026,55.25,108.97,185.03,42.77,3.345559265,1.645446445,1,4.075728111,185.1761494,185.2168494,186.9187991,186.6569991,185.03,185.03,185.7925913,185.6508913,186.9187991,185.03,1.016%,IDU unit price div,VPU unit price div,186.6569991,185.03,0.875%,IDU unit price no div,VPU unit price no div,,,,
8/24/2026,55.79,110.03,186.88,43.22,3.345559265,1.645446445,1,4.075728111,186.9827514,187.0234514,188.6629724,188.4011724,186.88,186.88,187.626669,187.484969,188.6629724,186.88,0.950%,IDU unit price div,VPU unit price div,188.4011724,186.88,0.811%,IDU unit price no div,VPU unit price no div,,,,
8/25/2026,55.93,110.05,187.32,43.31,3.345559265,1.645446445,1,4.075728111,187.4511297,187.4918297,188.6958813,188.4340813,187.32,187.32,187.9934845,187.8517845,188.6958813,187.32,0.732%,IDU unit price div,VPU unit price div,188.4340813,187.32,0.593%,IDU unit price no div,VPU unit price no div,,,,
