date,XLF,IYF,IYF/XLF,IYF/XLF avg,IYF/XLF 10 dma,IYF/XLF 20 dma,XLF avg,XLF 10 dma,XLF 20 dma,avg diff,10 dma diff,20 dma diff,XLF div,IYF div,XLF*,IYF*,IYF*/XLF*,IYF*/XLF* avg,IYF*/XLF* 10 dma,IYF*/XLF* 20 dma,XLF* avg,XLF* 10 dma,XLF* 20 dma,avg diff*,10 dma diff*,20 dma diff*
2026-01-02,54.93,129.65,2.360276715820135,2.3831651971309507,,,,,,,,,0.0,0.0,54.93,129.65,2.360276715820135,2.383649936562074,,,,,,,,
2026-01-05,56.13,132.78,2.365579903794762,2.3831651971309507,,,133.76706251496026,,,-0.007406324554026323,,,0.0,0.0,56.13,132.78,2.365579903794762,2.383649936562074,,,133.79427093922922,,,-0.007609705393936903,,
2026-01-06,56.4,133.0,2.3581560283687946,2.3831651971309507,,,134.41051711818562,,,-0.010549549173191116,,,0.0,0.0,56.4,133.0,2.3581560283687946,2.383649936562074,,,134.43785642210096,,,-0.010752930013101476,,
2026-01-07,55.61,130.84,2.352814242042798,2.3831651971309507,,,132.52781661245217,,,-0.012817357420221161,,,0.0,0.0,55.61,130.84,2.352814242042798,2.383649936562074,,,132.5547729722169,,,-0.013020738260131337,,
2026-01-08,55.9,131.79,2.357602862254025,2.3831651971309507,,,133.21893451962015,,,-0.010784152396187343,,,0.0,0.0,55.9,131.79,2.357602862254025,2.383649936562074,,,133.2460314538199,,,-0.010987533236097606,,
2026-01-09,55.73,131.56,2.360667504037323,2.3831651971309507,,,132.81379643610788,,,-0.009485099151520397,,,0.0,0.0,55.73,131.56,2.360667504037323,2.383649936562074,,,132.84081096460437,,,-0.009688479991430854,,
2026-01-12,55.29,131.07,2.370591427021161,2.3831651971309507,,,131.76520374937027,,,-0.0052900476093191645,,,0.0,0.0,55.29,131.07,2.370591427021161,2.383649936562074,,,131.79200499251706,,,-0.005493428449229536,,
2026-01-13,54.23,129.16,2.38170754195095,2.3831651971309507,,,129.23904864041145,,,-0.0006118338538264971,,,0.0,0.0,54.23,129.16,2.38170754195095,2.383649936562074,,,129.26533605976127,,,-0.0008152146937369148,,
2026-01-14,54.15,128.99,2.382086795937212,2.3831651971309507,,,129.04839542464097,,,-0.00045261036088648085,,,0.0,0.0,54.15,128.99,2.382086795937212,2.383649936562074,,,129.0746440648363,,,-0.0006559912007968164,,
2026-01-15,54.37,129.76,2.386610263012691,2.3831651971309507,2.367609328423985,,129.57269176800978,,,0.0014445403183419162,,,0.0,0.0,54.37,129.76,2.386610263012691,2.383649936562074,2.367609328423985,,129.59904705087996,,,0.001241159478431306,,
2026-01-16,54.44,129.84,2.385011021307862,2.3831651971309507,2.370082758972758,,129.73951333180895,128.89265183940174,,0.0007742265321388246,0.007323021562616429,,0.0,0.0,54.44,129.84,2.385011021307862,2.383649936562074,2.370082758972758,,129.7659025464393,128.89265183940174,,0.0005708456922284039,0.007323021562616429,
2026-01-20,53.2,126.95,2.3862781954887216,2.3831651971309507,2.372152588142154,,126.78438848736658,126.08840277735074,,0.001305392912156923,0.006810037867928733,,0.0,0.0,53.2,126.95,2.3862781954887216,2.383649936562074,2.372152588142154,,126.81017662510233,126.08840277735074,,0.001102012072246685,0.006810037867928733,
2026-01-21,53.46,127.82,2.390946502057613,2.3831651971309507,2.3754316355110356,,127.40401143862063,126.81527736207956,,0.0032597946204308953,0.007891505548543495,,0.0,0.0,53.46,127.82,2.390946502057613,2.383649936562074,2.3754316355110356,,127.42992560860847,126.81527736207956,,0.003056413780520565,0.007891505548543495,
2026-01-22,53.81,128.41,2.3863594127485594,2.3831651971309507,2.3787861525816116,,128.23811925761646,127.82197630684884,,0.0013394274509224958,0.004589784100388606,,0.0,0.0,53.81,128.41,2.3863594127485594,2.383649936562074,2.3787861525816116,,128.2642030864052,127.82197630684884,,0.0011360466110122897,0.004589784100388606,
2026-01-23,53.07,126.73,2.387978142076503,2.3831651971309507,2.3818236805638593,,126.47457701173956,126.24218111750614,,0.0020175233632374764,0.0038567045988787472,,0.0,0.0,53.07,126.73,2.387978142076503,2.383649936562074,2.3818236805638593,,126.50030213334925,126.24218111750614,,0.0018141425233272588,0.0038567045988787472,
2026-01-26,53.41,127.49,2.387006178618236,2.3831651971309507,2.3844575480219508,,127.28485317876407,127.21320277891571,,0.0016104169074202734,0.0021734891986549495,,0.0,0.0,53.41,127.49,2.387006178618236,2.383649936562074,2.3844575480219508,,127.31074311178035,127.21320277891571,,0.0014070360675099093,0.0021734891986549495,
2026-01-27,53.0,126.82,2.392830188679245,2.3831651971309507,2.386681424187759,,126.30775544794038,126.37625004516339,,0.004047325828831958,0.0035051894259603565,,0.0,0.0,53.0,126.82,2.392830188679245,2.383649936562074,2.386681424187759,,126.3334466377899,126.37625004516339,,0.003843944988921741,0.0035051894259603565,
2026-01-28,52.99,126.73,2.3915833176070955,2.3831651971309507,2.3876690017533737,,126.28392379596907,126.47024866770936,,0.003526103698370522,0.0020517469850806183,,0.0,0.0,52.99,126.73,2.3915833176070955,2.383649936562074,2.3876690017533737,,126.30961013842429,126.47024866770936,,0.003322722858460062,0.0020517469850806183,
2026-01-29,53.55,127.72,2.385060690943044,2.3831651971309507,2.387966391253957,,127.6184963063624,127.85967504389316,,0.0007950520618917455,-0.0010930059894203009,,0.0,0.0,53.55,127.72,2.385060690943044,2.383649936562074,2.387966391253957,,127.64445410289905,127.85967504389316,,0.0005916712219815113,-0.0010930059894203009,
2026-01-30,53.44,127.7,2.3895958083832336,2.3831651971309507,2.3882649457910112,2.3779371371074984,127.356348134678,127.61292394861145,,0.002694714919171645,0.0006821123930434426,,0.0,0.0,53.44,127.7,2.3895958083832336,2.383649936562074,2.3882649457910112,2.3779371371074984,127.38225260987721,127.61292394861145,,0.0024913340792613935,0.0006821123930434426,
2026-02-02,54.03,128.57,2.3796039237460667,2.3831651971309507,2.387724236034832,2.378903497503795,128.76241560098526,129.03795502108835,128.47994351791814,-0.001495463650748673,-0.0036330829595137945,0.0007006925155005811,0.0,0.0,54.03,128.57,2.3796039237460667,2.383649936562074,2.387724236034832,2.378903497503795,128.78860607244886,129.03795502108835,128.47994351791814,-0.0016988444906591133,-0.0036330829595137945,0.0007006925155005811
2026-02-03,53.53,127.68,2.3852045581916683,2.3831651971309507,2.3876168723051263,2.3798847302236403,127.57083300241979,127.81487835494457,127.34270422137814,0.0008553704052771083,-0.0010558205185381383,0.0026452231092833484,0.0,0.0,53.53,127.68,2.3852045581916683,2.383649936562074,2.3876168723051263,2.3798847302236403,127.59678110416782,127.81487835494457,127.34270422137814,0.0006519895653665837,-0.0010558205185381383,0.0026452231092833484
2026-02-04,53.96,128.71,2.3852853965900667,2.3831651971309507,2.3870507617583714,2.3812411986347035,128.5955940371861,128.8358064295846,128.41858004286763,0.0008892614307996458,-0.0009769636037572724,0.0022667264903908258,0.0,0.0,53.96,128.71,2.3852853965900667,2.383649936562074,2.3870507617583714,2.3812411986347035,128.6217505768895,128.8358064295846,128.41858004286763,0.0006858805908891919,-0.0009769636037572724,0.0022667264903908258
2026-02-05,53.29,126.95,2.382248076562207,2.3831651971309507,2.386639628139737,2.3827128903606742,126.99887335510836,127.20593509410361,126.89634347524334,-0.0003849070489350642,-0.0020140012116513055,0.0004227480673638453,0.0,0.0,53.29,126.95,2.382248076562207,2.383649936562074,2.386639628139737,2.3827128903606742,127.0247051193929,127.20593509410361,126.89634347524334,-0.0005882878888454169,-0.0020140012116513055,0.0004227480673638453
2026-02-06,54.26,129.64,2.389237007003317,2.3831651971309507,2.386765514632418,2.3842945975981387,129.31054359632537,129.49906622286213,129.28600143097017,0.00254455215162929,0.0010877077940201524,0.0027343626181711247,0.0,0.0,54.26,129.64,2.389237007003317,2.383649936562074,2.386765514632418,2.3842945975981387,129.3368455578581,129.49906622286213,129.28600143097017,0.002341171311718915,0.0010877077940201524,0.0027343626181711247
2026-02-09,53.94,129.17,2.3946978123841305,2.3831651971309507,2.3875346780090076,2.385996113015479,128.54793073324348,128.74213185927263,128.6088505944436,0.004827529641408406,0.0033179403401188043,0.004353734145717505,0.0,0.0,53.94,129.17,2.3946978123841305,2.383649936562074,2.3875346780090076,2.385996113015479,128.57407757815827,128.74213185927263,128.6088505944436,0.004624148801498134,0.0033179403401188043,0.004353734145717505
2026-02-10,53.55,127.7,2.38468720821662,2.3831651971309507,2.3867203799627448,2.386700902075252,127.6184963063624,127.85248200738235,127.7700918519789,0.0006384472538042664,-0.0011933519430549452,-0.0005487284498121086,0.0,0.0,53.55,127.7,2.38468720821662,2.383649936562074,2.3867203799627448,2.386700902075252,127.64445410289905,127.85248200738235,127.7700918519789,0.00043506641389391796,-0.0011933519430549452,-0.0005487284498121086
2026-02-11,52.74,125.66,2.3826317785362154,2.3831651971309507,2.385825226055657,2.3867471139045153,125.68813249668634,125.87563283923517,125.8746055754488,-0.00022385284127131853,-0.0017145315725202084,-0.0017063705968417438,0.0,0.0,52.74,125.66,2.3826317785362154,2.383649936562074,2.385825226055657,2.3867471139045153,125.71369765428378,125.87563283923517,125.8746055754488,-0.000427233681181793,-0.0017145315725202084,-0.0017063705968417438
2026-02-12,51.69,123.32,2.3857612691042753,2.3831651971309507,2.38589528387178,2.3869308375628684,123.18580903969884,123.3233059348169,123.37095831772439,0.0010887449190700004,-2.6807415709686905e-05,-0.0004131348696092973,0.0,0.0,51.69,123.32,2.3857612691042753,2.383649936562074,2.38589528387178,2.3869308375628684,123.2108652208936,123.3233059348169,123.37095831772439,0.0008853640791595584,-2.6807415709686905e-05,-0.0004131348696092973
2026-02-13,51.65,123.83,2.3974830590513068,2.3831651971309507,2.3866840089385875,2.3874744773647993,123.0904824318136,123.23149141197743,123.28497776012215,0.0059899427704279565,0.004845026680590875,0.004411089352479347,0.0,0.0,51.65,123.83,2.3974830590513068,2.383649936562074,2.3866840089385875,2.3874744773647993,123.11551922343111,123.23149141197743,123.28497776012215,0.005786561930517718,0.004845026680590875,0.004411089352479347
2026-02-17,52.2,124.84,2.3915708812260537,2.3831651971309507,2.3878807046865864,2.387802470360709,124.40122329023563,124.58490526659428,124.62616771844253,0.0035209036230538665,0.0020454639208899754,0.0017143193073615543,0.0,0.0,52.2,124.84,2.3915708812260537,2.383649936562074,2.3878807046865864,2.387802470360709,124.42652668854026,124.58490526659428,124.62616771844253,0.003317522783143514,0.0020454639208899754,0.0017143193073615543
2026-02-18,52.59,125.8,2.3920897509032133,2.3831651971309507,2.3885692239577403,2.3880930481314335,125.33065771711671,125.57864625946759,125.57453191626968,0.003737837774155634,0.00176111854397824,0.0017938821604146396,0.0,0.0,52.59,125.8,2.3920897509032133,2.383649936562074,2.3885692239577403,2.3880930481314335,125.35615016379947,125.57864625946759,125.57453191626968,0.003534456934245111,0.00176111854397824,0.0017938821604146396
2026-02-19,52.15,124.76,2.3923298178331738,2.3831651971309507,2.3892736660820515,2.3881622139202117,124.28206503037907,124.56388502939615,124.53905246005425,0.0038381914018894682,0.0015731746762046115,0.0017725506424170214,0.0,0.0,52.15,124.76,2.3923298178331738,2.383649936562074,2.3892736660820515,2.3881622139202117,124.30734419171215,124.56388502939615,124.53905246005425,0.003634810561978991,0.0015731746762046115,0.0017725506424170214
2026-02-20,52.49,125.34,2.387883406363117,2.3831651971309507,2.389837199062142,2.3882384136009396,125.0923411974036,125.41297473264689,125.35463460867192,0.0019778506413894734,-0.0005820448174931484,-0.00011675246828777384,0.0,0.0,52.49,125.34,2.387883406363117,2.383649936562074,2.389837199062142,2.3882384136009396,125.11778517014326,125.41297473264689,125.35463460867192,0.0017744698014789922,-0.0005820448174931484,-0.00011675246828777384
2026-02-23,50.73,121.67,2.3983835994480587,2.3831651971309507,2.3907518583066163,2.388758686469517,120.89797045045312,121.23644110842245,121.15533472197566,0.006365491329827445,0.0035697641446663262,0.004238981482555699,0.0,0.0,50.73,121.67,2.3983835994480587,2.383649936562074,2.3907518583066163,2.388758686469517,120.922561281794,121.23644110842245,121.15533472197566,0.006162110489917119,0.0035697641446663262,0.004238981482555699
2026-02-24,50.98,122.35,2.3999607689289917,2.3831651971309507,2.3912781539611023,2.3894064159850545,121.49376174973585,121.88052973647129,121.77891783621597,0.007022872049779738,0.003844489403268962,0.004678537967016153,0.0,0.0,50.98,122.35,2.3999607689289917,2.383649936562074,2.3912781539611023,2.3894064159850545,121.51847376593452,121.88052973647129,121.77891783621597,0.006819491209869128,0.003844489403268962,0.004678537967016153
2026-02-25,51.87,124.17,2.393869288606131,2.3831651971309507,2.3921963620000537,2.3894583709813992,123.6147787751824,124.03559784596237,123.93851079714477,0.0044814871745103724,0.0010829906201984727,0.0018660324813801897,0.0,0.0,51.87,124.17,2.393869288606131,2.383649936562074,2.3921963620000537,2.3894583709813992,123.63992220947476,124.03559784596237,123.93851079714477,0.004278106334599898,0.0010829906201984727,0.0018660324813801897
2026-02-26,52.5,125.66,2.3935238095238094,2.3831651971309507,2.393285565098813,2.389555395577235,125.1161728493749,125.59030900500282,125.44656447652346,0.004337158486291276,0.0005547535209843271,0.001699960137015543,0.0,0.0,52.5,125.66,2.3935238095238094,2.383649936562074,2.393285565098813,2.389555395577235,125.14162166950888,125.59030900500282,125.44656447652346,0.004133777646380705,0.0005547535209843271,0.001699960137015543
2026-02-27,51.43,122.61,2.3840171106358157,2.3831651971309507,2.3931111492519674,2.3895032165618733,122.5661860884448,123.08667661303195,122.8948339945372,0.0003574075665391636,-0.003880208863009122,-0.0023203952256564773,0.0,0.0,51.43,122.61,2.3840171106358157,2.383649936562074,2.3931111492519674,2.3895032165618733,122.59111623738745,123.08667661303195,122.8948339945372,0.00015402672662883496,-0.003880208863009122,-0.0023203952256564773
2026-03-02,51.3,122.54,2.38869395711501,2.3831651971309507,2.3922322390583375,2.389458123998462,122.25637461281777,122.76660195662592,122.58151500962408,0.0023172362298529985,-0.0018475003874556474,-0.00033873003778871614,0.0,0.0,51.3,122.54,2.38869395711501,2.383649936562074,2.3922322390583375,2.389458123998462,122.28124174563438,122.76660195662592,122.58151500962408,0.0021138553899427907,-0.0018475003874556474,-0.00033873003778871614
2026-03-03,51.21,122.04,2.383128295254833,2.3831651971309507,2.3913879804612153,2.3896343425739004,122.04188974507599,122.50621296217747,122.36415052996124,-1.548451692175983e-05,-0.0038128869087870414,-0.002652579502626251,0.0,0.0,51.21,122.04,2.383128295254833,2.383649936562074,2.3913879804612153,2.3896343425739004,122.0667132513438,122.50621296217747,122.36415052996124,-0.0002188653568320809,-0.0038128869087870414,-0.002652579502626251
2026-03-04,51.5,122.77,2.383883495145631,2.3831651971309507,2.3905673548854574,2.389568289421599,122.73300765224396,123.15648099375258,123.06616864255587,0.00030135963212639193,-0.003143063816116698,-0.002409480976518431,0.0,0.0,51.5,122.77,2.383883495145631,2.383649936562074,2.3905673548854574,2.389568289421599,122.7579717329468,123.15648099375258,123.06616864255587,9.797879221610755e-05,-0.003143063816116698,-0.002409480976518431
2026-03-05,51.23,122.0,2.3814171383954714,2.3831651971309507,2.389476086941687,2.389374876511869,122.08955304901859,122.46876559078197,122.4175834670685,-0.000733772108785985,-0.0038349779708053253,-0.0034169708041695552,0.0,0.0,51.23,122.0,2.3814171383954714,2.383649936562074,2.389476086941687,2.389374876511869,122.11438625007503,122.46876559078197,122.4175834670685,-0.0009371529486963125,-0.0038349779708053253,-0.0034169708041695552
2026-03-06,50.57,120.16,2.3761123195570497,2.3831651971309507,2.3882989782610804,2.3890680886616114,120.51666401891218,120.8358057166411,120.83068750520522,-0.0029638459669987637,-0.005608458504706351,-0.005566100862416697,0.0,0.0,50.57,120.16,2.3761123195570497,2.383649936562074,2.3882989782610804,2.3890680886616114,120.54117729194407,120.8358057166411,120.83068750520522,-0.0031672268069091384,-0.005608458504706351,-0.005566100862416697
2026-03-09,50.33,119.61,2.3765150009934435,2.3831651971309507,2.3861121184156184,2.3884319883611176,119.94470437160074,120.20308757588018,120.24179690233889,-0.0027943896178269072,-0.0049462586971847034,-0.005268239569243126,0.0,0.0,50.33,119.61,2.3765150009934435,2.383649936562074,2.3861121184156184,2.3884319883611176,119.96910130716917,120.20308757588018,120.24179690233889,-0.002997770457737263,-0.0049462586971847034,-0.005268239569243126
2026-03-10,50.06,119.0,2.377147423092289,2.3831651971309507,2.3838307838319484,2.387554468896526,119.3012497683754,119.44877264788586,119.56490533735756,-0.0025283117830305706,-0.0037641055793371583,-0.0047358717107953315,0.0,0.0,50.06,119.0,2.377147423092289,2.383649936562074,2.3838307838319484,2.387554468896526,119.32551582429743,119.44877264788586,119.56490533735756,-0.002731692622940927,-0.0037641055793371583,-0.0047358717107953315
2026-03-11,49.64,118.05,2.37812248186946,2.3831651971309507,2.3822561031582814,2.3872262325791676,118.30032038558039,118.33336010941792,118.51820383602355,-0.00211821569581619,-0.0023974635525297874,-0.003958304114890713,0.0,0.0,49.64,118.05,2.37812248186946,2.383649936562074,2.3822561031582814,2.3872262325791676,118.32438285094135,118.33336010941792,118.51820383602355,-0.0023215965357267086,-0.0023974635525297874,-0.003958304114890713
2026-03-12,48.83,116.1,2.3776366987507678,2.3831651971309507,2.3806673920809773,2.386976478589895,116.36995657590431,116.32556551721888,116.56825693684075,-0.0023225082606547613,-0.001940970542828137,-0.0040251091851627625,0.0,0.0,48.83,116.1,2.3776366987507678,2.383649936562074,2.3806673920809773,2.386976478589895,116.39362640232606,116.32556551721888,116.56825693684075,-0.0025258891005652006,-0.001940970542828137,-0.0040251091851627625
2026-03-13,48.89,116.08,2.3743096747801187,2.3831651971309507,2.379696648495407,2.386403898873687,116.51294648773218,116.39082879883898,116.69928003825997,-0.0037227869055534582,-0.0026741332292981685,-0.005320761359586595,0.0,0.0,48.89,116.08,2.3743096747801187,2.383649936562074,2.379696648495407,2.386403898873687,116.5366453985198,116.39082879883898,116.69928003825997,-0.003926167745463963,-0.0026741332292981685,-0.005320761359586595
2026-03-16,49.3,117.05,2.374239350912779,2.3831651971309507,2.3782511878751844,2.385241713466761,117.49004421855587,117.31904477082357,117.64971221447277,-0.0037524060026563394,-0.0022959080561931995,-0.005110475117631455,0.0,0.0,49.3,117.05,2.374239350912779,2.383649936562074,2.3782511878751844,2.385241713466761,117.51394187251023,117.31904477082357,117.64971221447277,-0.003955786842566655,-0.0022959080561931995,-0.005110475117631455
2026-03-17,49.56,117.34,2.367635189669088,2.3831651971309507,2.37670187731661,2.3840449288889127,118.10966716980992,117.86612887109415,118.21257931941268,-0.00653787215415954,-0.00447377584201354,-0.0074088198337534245,0.0,0.5762,49.56,117.9162,2.3792615012106535,2.383649936562074,2.3778645084707666,2.3846262444659905,118.13369085601639,117.86612887109415,118.21257931941268,-0.001842753807450521,0.0004247233446059829,-0.002510320647133993
2026-03-18,48.97,116.34,2.375740249132122,2.3831651971309507,2.375887552715259,2.383227453800358,116.70359970350265,116.3870909321944,116.74668016769006,-0.003120446122542155,-0.00040468802019096094,-0.0034895222675799848,0.0,0.5762,48.97,116.9162,2.387506636716357,2.383649936562074,2.378226822627839,2.384397088756648,116.72733739344476,116.44402497981343,116.77514719149956,0.0016166734145272046,0.004046753593910057,0.0012071720012305942
2026-03-19,48.99,116.32,2.374362114717289,2.3831651971309507,2.375182050347441,2.3823290686445637,116.75126300744527,116.39473120752054,116.75431296167955,-0.003700700756205931,-0.0006422559474565214,-0.0037268239373915127,0.0,0.5762,48.99,116.8962,2.386123698714023,2.383649936562074,2.3786974786596944,2.3840867828006904,116.775010392176,116.50933204053783,116.8116133781882,0.0010372661526123015,0.0033149883840285707,0.0007238664748311363
2026-03-20,49.08,116.24,2.3683781581092096,2.3831651971309507,2.3744086342026565,2.3813538062318687,116.96574787518705,116.5739350310524,116.92471068907518,-0.006224119471614839,-0.002868687907483629,-0.005873210017805829,0.0,0.5762,49.08,116.8162,2.380118174409128,2.383649936562074,2.3790980641449018,2.383698521202991,116.98953888646658,116.74647225261779,117.01097929985788,-0.0014827601670548264,0.0005970795656791744,-0.0016660111582703552
2026-03-23,49.27,117.27,2.3801501928151003,2.3831651971309507,2.3747721533848223,2.3804421359002204,117.41854926264195,116.9871134071649,117.32930203304417,-0.0012659269738303255,0.0024151815603760426,-0.0005055601938569959,0.0,0.0,49.27,117.27,2.3801501928151003,2.383649936562074,2.3794615833270676,2.3827868508713435,117.44243237441339,117.21816162041932,117.44482613967136,-0.0014693078137407486,0.00044214070396508956,-0.0014896900624264014
2026-03-24,49.28,117.32,2.380681818181818,2.3831651971309507,2.375125592893775,2.379478188362862,117.44238091461325,117.02877171880405,117.30818845716286,-0.0010425940069457849,0.0024854274163946893,0.00010068306732267915,0.0,0.0,49.28,117.32,2.380681818181818,2.383649936562074,2.379815022836021,2.3818229033339846,117.466268873779,117.2598668263579,117.4237360109398,-0.0012459748468562483,0.000512688286278074,-0.0008838235213885041
2026-03-25,49.34,117.41,2.379610863396838,2.3831651971309507,2.375274431046513,2.3787652671023976,117.5853708264411,117.18869675337888,117.40345381382362,-0.0014925473500218753,0.0018866542340359796,5.575648304423479e-05,0.0,0.0,49.34,117.41,2.379610863396838,2.383649936562074,2.3799638609887586,2.3811099820735198,117.60928786997273,117.42007322672927,117.51914205049881,-0.001695928189932395,-8.579162453124659e-05,-0.0009291487416011894
2026-03-26,49.05,116.71,2.3794087665647297,2.3831651971309507,2.375451637827909,2.378059514954443,116.89425291927313,116.50721084283144,116.6784363513726,-0.0015774794780415004,0.0017390586873416466,0.00027048168549632966,0.0,0.0,49.05,116.71,2.3794087665647297,2.383649936562074,2.380141067770155,2.3804042299255657,116.91802938836972,116.7372273814986,116.79344462070614,-0.0017808603179518233,-0.00023326369670318236,-0.0007147185720861747
2026-03-27,47.81,113.98,2.3840200794812803,2.3831651971309507,2.3764226782980256,2.3780596633967166,113.93912807483076,113.57034280455234,113.69502540997192,0.0003586528779097632,0.003600589065022955,0.002503346498693169,0.0,0.0,47.81,113.98,2.3840200794812803,2.383649936562074,2.381112108240271,2.3804043783678392,113.96230346703275,113.79454445009111,113.8071262327413,0.0001552720379994885,0.0016284136696499093,0.001517854000863294
2026-03-30,48.36,115.05,2.379032258064516,2.3831651971309507,2.376901969013199,2.377576578444192,115.24986893325277,114.92380072249252,115.00296532186522,-0.0017357281561487586,0.0010975101492306932,0.0004089030430389781,0.0,0.0,48.36,115.05,2.379032258064516,2.383649936562074,2.381591398955444,2.3799212934153147,115.27331093214188,115.1505815544995,115.1163557378687,-0.0019391089960590529,-0.0008738601807250005,-0.0005765893933050237
2026-03-31,49.37,117.66,2.383228681385457,2.3831651971309507,2.378461318184836,2.377581597750723,117.65686578235503,117.34765021018164,117.38095567778976,2.6638274606783152e-05,0.002658211113239941,0.0023744325962958136,0.0,0.0,49.37,117.66,2.383228681385457,2.383649936562074,2.3819881169729245,2.3799263127218455,117.68079736806958,117.57916736643027,117.49671425591409,-0.00017674256530362384,0.0006872379090274357,0.0013887400225446578
2026-04-01,49.44,118.06,2.3879449838187705,2.3831651971309507,2.3796817916535007,2.37778467218438,117.8236873461542,117.59112757105828,117.54763419279573,0.0020036377721763133,0.003979383018530475,0.004349320994152337,0.0,0.0,49.44,118.06,2.3879449838187705,2.383649936562074,2.382031951683166,2.3801293871555025,117.84765286362892,117.76549250314137,117.66355690096803,0.0018002569322660546,0.0024976744187972864,0.003363630500269171
2026-04-02,49.53,118.4,2.390470421966485,2.3831651971309507,2.38129262237842,2.3782373363629308,118.03817221389599,117.86563914059789,117.77167481329234,0.003060656958827364,0.0045233980910733525,0.005320931645580915,0.0,0.0,49.53,118.4,2.390470421966485,2.383649936562074,2.3824666240084125,2.380582051334053,118.06218135791951,117.98204256686722,117.88780854581204,0.0028572761189170188,0.0035362912017593614,0.004335325293011994
2026-04-06,49.88,119.14,2.3885324779470727,2.3831651971309507,2.3833080543622067,2.378858344282432,118.87228003289182,118.7788760042356,118.626478337783,0.00224963249777402,0.003035692494478371,0.004319553069637219,0.0,0.0,49.88,119.14,2.3885324779470727,2.383649936562074,2.3833080543622067,2.3812030592535542,118.89645883571625,118.83743520553962,118.74343272054257,0.002046251657863663,0.002542803751349609,0.0033341342210378884
2026-04-07,49.88,119.27,2.3911387329591016,2.3831651971309507,2.384406908376607,2.3795895308807147,118.87228003289182,118.87940575158687,118.65745421280772,0.003340190887810167,0.0032802483584971195,0.00514902445839431,0.0,0.0,49.88,119.27,2.3911387329591016,2.383649936562074,2.384406908376607,2.3819342458518373,118.89645883571625,118.87940575158687,118.7744085955673,0.0031368100478998888,0.0032802483584971195,0.00416386272959073
2026-04-08,51.2,122.4,2.390625,2.3831651971309507,2.3854012265584252,2.3802634097261004,122.01805809310468,122.0816337088823,121.83498398109259,0.0031253191418318896,0.002604420350474988,0.004626831239860431,0.0,0.0,51.2,122.4,2.390625,2.383649936562074,2.385401226558425,2.382608124697223,122.04287675197818,122.0816337088823,121.95503338761408,0.002921938301921522,0.002604420350474988,0.003641972076875196
2026-04-09,51.33,122.82,2.3927527761542957,2.3831651971309507,2.3867154178341705,2.380994924440342,122.3278695687317,122.44264495924396,122.17892082124072,0.0040149734381095935,0.003077152972717719,0.005233334414329768,0.0,0.0,51.33,122.82,2.3927527761542957,2.383649936562074,2.3867154178341705,2.3833396394114645,122.35275124373125,122.44264495924394,122.29927504070845,0.0038115925981992067,0.0030771529727179406,0.0042487539386270624
2026-04-10,50.77,121.51,2.3933425251132556,2.3831651971309507,2.3881087936890237,2.381780215758466,120.99329705833837,121.17354176344084,120.88311231383616,0.004261416070285828,0.0027728163985590894,0.005172499151186304,0.0,0.0,50.77,121.51,2.3933425251132556,2.383649936562074,2.3881087936890233,2.384124930729589,121.01790727925649,121.17354176344084,121.00215349292006,0.0040580352303752655,0.0027728163985590894,0.004188221020003086
2026-04-13,51.66,123.52,2.391018195896245,2.3831651971309507,2.38880860533052,2.3826156418142728,123.1143140837849,123.36970028197496,123.04276594608235,0.0032897797178399707,0.0012175456199317587,0.0038711007158688687,0.0,0.0,51.66,123.52,2.391018195896245,2.383649936562074,2.38880860533052,2.3849603567853954,123.13935572279672,123.36970028197493,123.16389392149055,0.003086398877929634,0.0012175456199319805,0.0028871469491753847
2026-04-14,51.78,123.84,2.391657010428737,2.3831651971309507,2.390071080566942,2.3834865247900705,123.40029390744063,123.69250958401433,123.37183793314304,0.0035569166270937357,0.0011916853563029505,0.003787542137449903,0.0,0.0,51.78,123.84,2.391657010428737,2.383649936562074,2.390071080566942,2.385831239761193,123.42539371518419,123.69250958401433,123.49324727434778,0.003353535787183301,0.0011916853563029505,0.0028039332087820452
2026-04-15,52.17,124.64,2.3891125167720912,2.3831651971309507,2.3906594641056054,2.3845603911452207,124.3297283343217,124.69000827317736,124.34649199829798,0.0024924461972049995,-0.00040114123602122756,0.0023576229802586292,0.0,0.0,52.17,124.64,2.3891125167720912,2.383649936562074,2.3906594641056054,2.386323790539265,124.35501719044339,124.69000827317736,124.46881577834145,0.0022890653572946746,-0.00040114123602122756,0.0013743732679192583
2026-04-16,52.03,124.28,2.388621948875649,2.3831651971309507,2.390727160611293,2.385204476132397,123.99608520672336,124.38601191741465,124.06867715128584,0.0022870903317027485,-0.0008526450641147198,0.0017018242427624436,0.0,0.0,52.03,124.28,2.388621948875649,2.383649936562074,2.3907271606112936,2.38637955614723,124.0213061993247,124.38601191741465,124.16042682175797,0.0020837094917924336,-0.0008526450641147198,0.0009625904206055764
2026-04-17,52.43,125.34,2.3906160595079156,2.3831651971309507,2.3907417243654363,2.386017173371928,124.94935128557574,125.34582503085011,125.05627068362158,0.0031215793211563834,-4.647275808623621e-05,0.002266243319332286,0.0,0.0,52.43,125.34,2.3906160595079156,2.383649936562074,2.3907417243654363,2.386604174186924,124.97476617394953,125.34582503085012,125.11788012879926,0.00291819848124603,-4.647275808634724e-05,0.001773710847667331
2026-04-20,52.63,125.87,2.3916017480524414,2.3831651971309507,2.391048651375973,2.38717835286909,125.42598432500193,125.82473695335293,125.57608383456459,0.003533810046794268,0.00035966621855430835,0.0023378077305158313,0.0,0.0,52.63,125.87,2.3916017480524414,2.383649936562074,2.391048651375973,2.38717835286909,125.45149616126196,125.82473695335293,125.60697768745783,0.0033304292068838844,0.00035966621855430835,0.002091820975980417
2026-04-21,52.3,125.29,2.3956022944550672,2.3831651971309507,2.3914950075255694,2.3879509579510882,124.63953980994872,125.05184446696339,124.84942785505339,0.005205160295652575,0.0019026432068382226,0.0035226162009428783,0.0,0.0,52.3,125.29,2.3956022944550672,2.383649936562074,2.3914950075255694,2.3879509579510882,124.66489168219645,125.05184446696339,124.84942785505339,0.005001779455742056,0.0019026432068382226,0.0035226162009428783
2026-04-22,52.21,124.91,2.392453552959203,2.3831651971309507,2.39167786282149,2.3885395446899578,124.42505494220694,124.85995434290999,124.67491951462632,0.0038899116644252503,0.000400734010553087,0.0018837721072892102,0.0,0.0,52.21,124.91,2.392453552959203,2.383649936562074,2.39167786282149,2.3885395446899578,124.45036318790588,124.85995434290999,124.67491951462632,0.0036865308245147953,0.000400734010553087,0.0018837721072892102
2026-04-23,51.8,124.19,2.3974903474903475,2.3831651971309507,2.392151619955095,2.389433518894633,123.44795721138324,123.88891329415317,123.7263484149398,0.005992982803572194,0.0024273474087961426,0.0037403916973236793,0.0,0.0,51.8,124.19,2.3974903474903475,2.383649936562074,2.392151619955095,2.3894335188946334,123.47306671391541,123.88891329415317,123.7263484149398,0.005789601963661806,0.0024273474087961426,0.0037403916973236793
2026-04-24,51.42,123.31,2.398094126798911,2.3831651971309507,2.3926267801236607,2.3903677869063418,122.54235443647349,123.00443629809098,122.86467154156203,0.006244789153764011,0.002481087696282548,0.0036179915782825465,0.0,0.0,51.42,123.31,2.398094126798911,2.383649936562074,2.3926267801236607,2.390367786906342,122.56727973802184,123.00443629809098,122.86467154156206,0.006041408313853492,0.002481087696282548,0.003617991578282104
2026-04-27,51.81,124.11,2.3954834973943253,2.3831651971309507,2.393073310273469,2.3909409578019942,123.47178886335456,123.96199347820686,123.84495503961757,0.005155569423801119,0.001193254726417168,0.0021378484756377435,0.0,0.0,51.81,124.11,2.3954834973943253,2.383649936562074,2.3930733102734685,2.3909409578019942,123.49690321328104,123.96199347820686,123.8449550396176,0.00495218858389088,0.001193254726417168,0.0021378484756373007
2026-04-28,51.85,124.34,2.3980713596914174,2.3831651971309507,2.3937147451997367,2.3918929128833395,123.56711547123979,124.08085113767936,123.9702886620334,0.006235295274723465,0.0020863704084323653,0.002977819510880042,0.0,0.0,51.85,124.34,2.3980713596914174,2.383649936562074,2.3937147451997367,2.3918929128833395,123.59224921074353,124.08085113767935,123.9702886620334,0.0060319144348129706,0.002086370408432587,0.002977819510880042
2026-04-29,51.92,123.17,2.3723035439137132,2.3831651971309507,2.392033847913899,2.3913466560097523,123.73393703503896,124.28166957077033,124.18708003690298,-0.0045680763333733705,-0.008985003426908892,-0.008223623667191399,0.0,0.0,51.92,123.17,2.3723035439137132,2.383649936562074,2.3920338479138987,2.3913466560097523,123.75910470630288,124.28166957077033,124.18708003690298,-0.004771457173283802,-0.008985003426908892,-0.008223623667191399
2026-04-30,52.13,124.34,2.3851908689813928,2.3831651971309507,2.3916907399244733,2.3912089502678837,124.23440172643646,124.69672449175157,124.66090117778839,0.0008496311702451492,-0.0028648363927683816,-0.00257751159880279,0.0,0.0,52.13,124.34,2.3851908689813928,2.383649936562074,2.3916907399244733,2.3912089502678837,124.25967119298092,124.69672449175155,124.66090117778839,0.000646250330334841,-0.00286483639276827,-0.00257751159880279
2026-05-01,51.92,123.88,2.3859784283513097,2.3831651971309507,2.3912269768088126,2.390984350587124,123.73393703503896,124.17658321687865,124.15156869790853,0.0011797638182356428,-0.0023912556913985015,-0.00218979227404652,0.0,0.0,51.92,123.88,2.3859784283513097,2.383649936562074,2.391226976808813,2.3909843505871247,123.75910470630288,124.17658321687865,124.15156869790853,0.0009763829783254321,-0.0023912556913985015,-0.00218979227404652
2026-05-04,51.58,122.86,2.3819309810003877,2.3831651971309507,2.390259900103607,2.3906542757397906,122.92366086801444,123.33948746379855,123.32697280328387,-0.0005180236083490786,-0.003895118344620945,-0.003793648039238791,0.0,0.0,51.58,122.86,2.3819309810003877,2.383649936562074,2.3902599001036076,2.3906542757397906,122.94866372787176,123.33948746379858,123.32697280328388,-0.000721404448259428,-0.003895118344621168,-0.0037936480392389027
2026-05-05,51.59,123.38,2.3915487497577046,2.3831651971309507,2.389854545633871,2.3906747765797203,122.94749251998576,123.3135082463451,123.33385408541581,0.003511649634002157,0.0005390636805786174,0.0003740845060637558,0.0,0.0,51.59,123.38,2.3915487497577046,2.383649936562074,2.389854545633871,2.3906747765797203,122.97250022723739,123.31350824634512,123.33385408541581,0.0033082687940919958,0.0005390636805783955,0.0003740845060637558
2026-05-06,51.84,124.23,2.3964120370370368,2.3831651971309507,2.3902503940416544,2.3909641284315724,123.5432838192685,123.89005964565989,123.93258041789271,0.005543115290634617,0.002740129657583596,0.0023969747897380077,0.0,0.0,51.84,124.23,2.3964120370370368,2.383649936562074,2.390250394041655,2.3909641284315724,123.56841271137792,123.89005964565989,123.93258041789271,0.00533973445072426,0.002740129657583596,0.0023969747897380077
2026-05-07,51.55,123.09,2.3877788554801165,2.3831651971309507,2.3892792448406315,2.390715432397863,122.8521659121005,123.21740781284728,123.25420082064755,0.0019340657683038164,-0.0010345431779103637,-0.0013331009572632193,0.0,0.0,51.55,123.09,2.3877788554801165,2.383649936562074,2.389279244840631,2.3907154323978634,122.8771542297749,123.2174078128473,123.25420082064755,0.001730684928393432,-0.0010345431779104747,-0.0013331009572632193
2026-05-08,51.24,122.62,2.3930523028883686,2.3831651971309507,2.3887750624495774,2.390700921286619,122.11338470098991,122.42666850563396,122.5002587560665,0.004140146415076801,0.0015779160407149943,0.0009770000575707513,0.0,0.0,51.24,122.62,2.3930523028883686,2.383649936562074,2.3887750624495774,2.390700921286619,122.13822274944067,122.42666850563394,122.50025875606653,0.003936765575166333,0.0015779160407152159,0.0009770000575705295
2026-05-11,51.18,122.14,2.3864790933958577,2.3831651971309507,2.3878746220497304,2.3904739661615997,121.97039478916206,122.25750769616937,122.35607315144915,0.0013895781724142173,-0.0009616113219154583,-0.0017674983889599417,0.0,0.0,51.18,122.14,2.3864790933958577,2.383649936562074,2.3878746220497304,2.3904739661615997,121.99520375324694,122.25750769616937,122.35607315144915,0.0011861973325037719,-0.0009616113219154583,-0.0017674983889599417
2026-05-12,51.58,123.0,2.384645211322218,2.3831651971309507,2.3865320072128102,2.3901233762062737,122.92366086801444,123.16657300532509,123.3006471746153,0.0006208360282869968,-0.0013533359035301906,-0.0024413035644413605,0.0,0.0,51.58,123.0,2.384645211322218,2.383649936562074,2.3865320072128107,2.3901233762062732,122.94866372787176,123.16657300532509,123.3006471746153,0.00041745518837665196,-0.0013533359035301906,-0.0024413035644413605
2026-05-13,50.99,121.76,2.3879191998431066,2.3831651971309507,2.38809357280575,2.390063710359825,121.51759340170717,121.6892670477812,121.8723909527579,0.001992840155379652,0.0005810898925012404,-0.000922627408375604,0.0,0.0,50.99,121.76,2.3879191998431066,2.383649936562074,2.38809357280575,2.390063710359825,121.54231026530015,121.68926704778121,121.87239095275788,0.001789459315469326,0.0005810898925010184,-0.0009226274083754929
2026-05-14,51.29,122.5,2.388379801130825,2.3831651971309507,2.388412466020693,2.390051602972583,122.23254296084646,122.48531934920692,122.58636770435541,0.0021857096926729607,0.00011984922892245526,-0.0007047940588417133,0.0,0.0,51.29,122.5,2.388379801130825,2.383649936562074,2.3884124660206933,2.390051602972583,122.25740524626876,122.48531934920692,122.58636770435541,0.001982328852762554,0.00011984922892245526,-0.0007047940588417133
2026-05-15,51.1,121.76,2.382778864970646,2.3831651971309507,2.3880925096826267,2.38965974324572,121.77974157339158,122.04787701365741,122.131636911899,-0.00016212198721462574,-0.002361508175762592,-0.003047560008533253,0.0,0.0,51.1,121.76,2.382778864970646,2.383649936562074,2.3880925096826267,2.38965974324572,121.80451175832198,122.04787701365743,122.131636911899,-0.00036550282712510585,-0.0023615081757627034,-0.003047560008533253
2026-05-18,51.74,122.99,2.377077696173173,2.3831651971309507,2.3876071811999053,2.3889335406517564,123.30496729955539,123.55990645097911,123.64099511553356,-0.002557644394495599,-0.004623059681653448,-0.005279114469067451,0.0,0.0,51.74,122.99,2.377077696173173,2.383649936562074,2.387607181199905,2.3889335406517564,123.3300477177217,123.55990645097911,123.64099511553356,-0.0027610252344060357,-0.004623059681653448,-0.005279114469067451
2026-05-19,51.1,121.52,2.378082191780822,2.3831651971309507,2.386260525402217,2.388057535518044,121.77974157339158,122.00672695931516,122.07450392730476,-0.0021351578130730303,-0.003997323936419845,-0.0045526879804753916,0.0,0.0,51.1,121.52,2.378082191780822,2.383649936562074,2.386260525402217,2.388057535518044,121.80451175832198,122.00672695931515,122.07450392730476,-0.002338538652983514,-0.003997323936419622,-0.0045526879804753916
2026-05-20,51.66,122.97,2.380371660859466,2.3831651971309507,2.38465648778446,2.387453440913057,123.1143140837849,123.27421874227852,123.36705228486214,-0.00117288337427016,-0.0024708713862103093,-0.0032236533239689597,0.0,0.0,51.66,122.97,2.380371660859466,2.383649936562074,2.38465648778446,2.387453440913057,123.13935572279672,123.27421874227852,123.36705228486214,-0.0013762642141805584,-0.0024708713862103093,-0.0032236533239689597
2026-05-21,51.73,123.4,2.3854629808621692,2.3831651971309507,2.384424900322665,2.3868520725816484,123.28113564758407,123.35828011309012,123.50296649843243,0.0009637085649321145,0.00033814376796838393,-0.0008340645384853752,0.0,0.0,51.73,123.4,2.3854629808621692,2.383649936562074,2.3844249003226654,2.386852072581648,123.30621121835607,123.35828011309012,123.50296649843243,0.0007603277250216835,0.00033814376796838393,-0.0008340645384853752
2026-05-22,51.94,123.79,2.3833269156719292,2.3831651971309507,2.3834523616010213,2.3861137120252995,123.78160033898158,123.84702932275921,123.97309664989082,6.785641818482955e-05,-0.0004605880140248995,-0.0014779980206691824,0.0,0.0,51.94,123.79,2.3833269156719292,2.383649936562074,2.3834523616010213,2.386113712025299,123.80677770503411,123.84702932275924,123.97309664989079,-0.00013552442172551506,-0.0004605880140251216,-0.0014779980206689601
2026-05-26,51.85,123.81,2.3878495660559307,2.3831651971309507,2.3835894088670284,2.3857320154583794,123.56711547123979,123.58200494901295,123.71999596851178,0.001963678866132071,0.0018431890358155294,0.0007272172013138607,0.0,0.0,51.85,123.81,2.3878495660559307,2.383649936562074,2.383589408867029,2.3857320154583794,123.59224921074353,123.58200494901295,123.71999596851177,0.0017602980262217086,0.0018431890358155294,0.0007272172013140825
2026-05-27,51.42,122.51,2.382535978218592,2.3831651971309507,2.3833784855566664,2.384955246384738,122.54235443647349,122.5641674039426,122.67434023486987,-0.00026406142259586206,-0.00044204907761964283,-0.0013405445007067672,0.0,0.0,51.42,122.51,2.382535978218592,2.383649936562074,2.383378485556666,2.384955246384738,122.56727973802184,122.56416740394263,122.67434023486987,-0.0004674422625062586,-0.000442049077619865,-0.0013405445007067672
2026-05-28,51.27,122.17,2.3828749756192704,2.3831651971309507,2.3828740631342824,2.3854838179700164,122.18487965690385,122.19581495449029,122.27665548214553,-0.00012178727057246782,-0.00021128122680438372,-0.0008726279253292273,0.0,0.0,51.27,122.17,2.3828749756192704,2.383649936562074,2.382874063134282,2.3854838179700164,122.20973224753753,122.19581495449027,122.27665548214553,-0.0003251681104828015,-0.00021128122680427267,-0.0008726279253292273
2026-05-29,51.58,122.86,2.3819309810003877,2.3831651971309507,2.3822291811212386,2.3853208235709658,122.92366086801444,122.90864417646628,123.04325533089344,-0.0005180236083490786,-0.00039585340322396696,-0.0014904671723185113,0.0,0.0,51.58,122.86,2.3819309810003877,2.383649936562074,2.3822291811212386,2.3853208235709658,122.94866372787176,122.90864417646625,123.04325533089344,-0.000721404448259428,-0.00039585340322374486,-0.0014904671723185113
2026-06-01,51.43,122.55,2.382850476375656,2.3831651971309507,2.3822363422617396,2.3851644259721834,122.5661860884448,122.5180467850653,122.67704995625476,-0.0001320687036349556,0.0002607701455572368,-0.0010361823269084136,0.0,0.0,51.43,122.55,2.382850476375656,2.383649936562074,2.3822363422617396,2.385164425972183,122.59111623738745,122.5180467850653,122.67704995625476,-0.00033544954354529144,0.0002607701455572368,-0.0010361823269084136
2026-06-02,51.46,123.02,2.39059463661096,2.3831651971309507,2.383588036305518,2.385597608752712,122.63768104435873,122.58988217278912,122.74056136052856,0.0031126180356923715,0.0035024508224139996,0.0022740732552753258,0.0,0.0,51.46,123.02,2.39059463661096,2.383649936562074,2.3835880363055186,2.385597608752712,122.66262573548433,122.58988217278912,122.74056136052853,0.002909237195781918,0.0035024508224139996,0.0022740732552755474
2026-06-03,50.87,121.63,2.390996658148221,2.3831651971309507,2.3848794829422584,2.385570004172238,121.23161357805145,121.2531234068617,121.35535035725046,0.0032807719047397267,0.0031033600879456606,0.0022606281350769693,0.0,0.0,50.87,121.63,2.390996658148221,2.383649936562074,2.3848794829422584,2.3855700041722376,121.25627227291268,121.25312340686173,121.35535035725046,0.003077391064829428,0.0031033600879454394,0.0022606281350769693
2026-06-04,52.19,124.81,2.3914543015903433,2.3831651971309507,2.385987747015346,2.385322117399903,124.37739163826431,124.46686021475647,124.5028985177491,0.0034721563841088,0.0027530834725907386,0.0024635840295434974,0.0,0.0,52.19,124.81,2.3914543015903433,2.383649936562074,2.385987747015346,2.3853221173999026,124.40269018917462,124.46686021475647,124.50289851774907,0.003268775544198424,0.0027530834725907386,0.002463584029543719
2026-06-05,52.3,125.0,2.390057361376673,2.3831651971309507,2.3864471850667965,2.3854360426947308,124.63953980994872,124.78715916890259,124.75234674001493,0.0028878473404923763,0.0017041779354631682,0.0019831913044020977,0.0,0.0,52.3,125.0,2.390057361376673,2.383649936562074,2.3864471850667965,2.3854360426947308,124.66489168219645,124.78715916890259,124.7523467400149,0.0026844665005819218,0.0017041779354631682,0.0019831913044023194
2026-06-08,51.97,124.31,2.391956898210506,2.3831651971309507,2.387310183320654,2.3853812724608376,123.8530952948955,124.02366020792141,123.97111113884516,0.0036822978923420043,0.002306090271744382,0.002729882028137902,0.0,0.0,51.97,124.31,2.391956898210506,2.383649936562074,2.387310183320654,2.3853812724608376,123.87828720313097,124.02366020792141,123.97111113884516,0.0034789170524317076,0.002306090271744382,0.002729882028137902
2026-06-09,52.46,125.41,2.3905833015630957,2.3831651971309507,2.3875835568713706,2.3855864828691997,125.02084624148968,125.23829221700151,125.13710155329555,0.00310787650629906,0.0013701095534347702,0.0021784211665827214,0.0,0.0,52.46,125.41,2.3905833015630957,2.383649936562074,2.3875835568713706,2.3855864828691997,125.04627567204639,125.23829221700151,125.13710155329555,0.0029044956663885875,0.0013701095534347702,0.0021784211665827214
2026-06-10,52.23,125.06,2.3944093432892974,2.3831651971309507,2.388770893378441,2.3860746894675535,124.47271824614954,124.70348917539168,124.5991820002583,0.004707060800013025,0.002854789288140688,0.003691580813301515,0.0,0.0,52.23,125.06,2.3944093432892974,2.383649936562074,2.388770893378441,2.3860746894675535,124.49803618663711,124.70348917539168,124.5991820002583,0.004503679960102541,0.002854789288140688,0.003691580813301515
2026-06-11,52.62,126.31,2.4004180919802356,2.3831651971309507,2.3905252050145376,2.38669963407441,125.40215267303061,125.69712440957356,125.55525015978266,0.0072134082828056376,0.004863964065726967,0.005993300774388483,0.0,0.0,52.62,126.31,2.4004180919802356,2.383649936562074,2.390525205014538,2.38669963407441,125.42765966189631,125.69712440957356,125.55525015978266,0.007010027442895274,0.004863964065726967,0.005993300774388483
2026-06-12,53.34,128.05,2.4006374203224596,2.3831651971309507,2.392395848946745,2.3873125150339916,127.11803161496492,127.51061443547545,127.30655848152904,0.007304775000734354,0.004221201037864719,0.005822788522953345,0.0,0.0,53.34,128.05,2.4006374203224596,2.383649936562074,2.392395848946745,2.3873125150339916,127.14388761622102,127.51061443547546,127.30655848152904,0.007101394160824093,0.004221201037864499,0.005822788522953345
2026-06-15,53.56,128.0,2.3898431665421955,2.3831651971309507,2.393095117963399,2.387665730112569,127.64232795833372,128.13672166958767,127.8644583052206,0.0027982242057136434,-0.0010675679901080456,0.0010594805418149141,0.0,0.3804,53.56,128.3804,2.396945481702763,2.383649936562074,2.3938053494794556,2.3880208458705976,127.66829060226468,128.13672166958767,127.8644583052206,0.005562311075081196,0.001899899719169968,0.004026948251092711
2026-06-16,54.35,129.57,2.383992640294388,2.3831651971309507,2.392434918331742,2.38801147731863,129.52502846406716,130.06471966131073,129.76963243161813,0.00034714318256935824,-0.00381089448042221,-0.0015395446440410014,0.0,0.3804,54.35,129.9504,2.390991720331187,2.383649936562074,2.393845057851478,2.388716547078498,129.5513740521487,130.10332074420842,129.78893297306698,0.0030753258916657545,-0.0011760705549354804,0.0012433007037047923
2026-06-17,54.05,128.89,2.3846438482886216,2.3831651971309507,2.3917996373457817,2.38833956014402,128.81007890492788,129.31110733583066,129.07202034907195,0.0006202644405391141,-0.003261858274332439,-0.0014112184346673619,0.0,0.3804,54.05,129.2704,2.39168177613321,2.383649936562074,2.393913569649977,2.389396526296118,128.8362790711801,129.38732537687238,129.1101293695928,0.003363890773764106,-0.0009040935055502481,0.0012405783930653938
2026-06-18,53.57,127.61,2.3821168564495054,2.3831651971309507,2.3908658928316977,2.388426819923522,127.66615961030503,128.12870657261354,127.94335023691514,-0.0004399910379156597,-0.004056541075569807,-0.0026088519338465944,0.0,0.3804,53.57,127.9904,2.3892178458092213,2.383649936562074,2.393689924071865,2.3898388355436055,127.69212710163029,128.24194992614926,127.99997191368304,0.0023331514832653816,-0.0019634523668476318,-7.478338826533162e-05
2026-06-22,53.7,128.56,2.3940409683426442,2.3831651971309507,2.391264253528295,2.3888557192975455,127.97597108593206,128.38949844506217,128.25852022989312,0.004553201023506439,0.0013271213292440007,0.0023478050439775925,0.0,0.0,53.7,128.56,2.3940409683426442,2.383649936562074,2.394088284768462,2.3902677349176296,128.00200159338337,128.54114892265915,128.33434546869162,0.004349820183596019,0.00014664327603061702,0.0017567890716574208
2026-06-23,53.88,129.09,2.395879732739421,2.3831651971309507,2.391656536981187,2.38948336015092,128.40494082141564,128.84131798010452,128.71154615575176,0.005320965085523034,0.0019282815200457445,0.0029360112206671582,0.0,0.0,53.88,129.09,2.395879732739421,2.383649936562074,2.3944805682213532,2.3908953757710036,128.43105858196455,128.99347678332475,128.78762555736188,0.005117584245612648,0.0007480000066546573,0.0023451013290529442
2026-06-24,53.72,128.19,2.3862620997766197,2.3831651971309507,2.391224416802539,2.3894039868369545,128.02363438987467,128.47978916662936,128.3630461073074,0.0012986477780747832,-0.0022580708910363927,-0.0013490086060239672,0.0,0.0,53.72,128.19,2.3862620997766197,2.383649936562074,2.394048448042706,2.390816002457038,128.0496745921146,128.63149612485108,128.4388995864183,0.0010952669381643118,-0.0034381589268876636,-0.0019397633303466022
2026-06-25,53.45,127.62,2.3876520112254442,2.3831651971309507,2.390548683596154,2.3896597884872977,127.38017978664932,127.81094507809571,127.71364309643522,0.0018809420782149552,-0.0014950820747670613,-0.0007334959819478466,0.0,0.0,53.45,127.62,2.3876520112254442,2.383649936562074,2.3933727148363206,2.391071804107381,127.40608910924286,127.96188954788263,127.7891153313287,0.0016775612383045026,-0.0026753832395188296,-0.0013242703246827698
2026-06-26,53.57,127.85,2.3865969759193577,2.3831651971309507,2.389166571990066,2.3898458885023013,127.66615961030503,128.06169298024597,128.01407486926453,0.0014389729533949573,-0.0016544224772719817,-0.0012825160534022896,0.0,0.0,53.57,127.85,2.3865969759193577,2.383649936562074,2.3919906032302327,2.391257904122385,127.69212710163029,128.2129763337817,128.0897165460324,0.0012355921134845496,-0.0028350570793063664,-0.0018732271752438707
2026-06-29,53.72,127.72,2.377513030528667,2.3831651971309507,2.3868541330106865,2.3896249909787155,128.02363438987467,128.34602824730635,128.38252113034363,-0.0023745226993873015,-0.004889594288275404,-0.005173885874634068,0.0,0.0,53.72,127.72,2.377513030528667,2.383649936562074,2.3896781642508538,2.391037006598799,128.0496745921146,128.4977352055281,128.45837460945452,-0.002577903539297597,-0.006070911473670084,-0.005764551010711822
2026-06-30,53.61,127.51,2.378474165267674,2.3831651971309507,2.385717232883234,2.3894061754233165,127.76148621819026,127.95925007070291,128.10779576636892,-0.001970343834927408,-0.0035170615146049595,-0.004677271035852577,0.0,0.0,53.61,127.51,2.378474165267674,2.383649936562074,2.3878310326073446,2.3908181910434,127.78747309909278,128.11064638548828,128.18349392376163,-0.002173724674837891,-0.004699522510770078,-0.005267990757037553
2026-07-01,54.78,130.23,2.377327491785323,2.3831651971309507,2.3850507180323275,2.3887428181820347,130.5497894988335,130.68959001734356,130.89167028968927,-0.002452564746252105,-0.0035228515622311844,-0.005067918760925521,0.0,0.0,54.78,130.23,2.377327491785323,2.383649936562074,2.386464609752758,2.3901548338021184,130.5763435248704,130.80538396623035,130.96902050535746,-0.002655945586162346,-0.004408482017695013,-0.005658692562698009
2026-07-02,55.62,131.89,2.371269327580007,2.3831651971309507,2.383713265961466,2.387756451653624,132.55164826442348,132.65652093695806,132.86187554728477,-0.005004125858957194,-0.00579499650458366,-0.007341817018650027,0.0,0.0,55.62,131.89,2.371269327580007,2.383649936562074,2.384423364897438,2.3891684672737075,132.57860947158255,132.7351615944484,132.9404118560738,-0.005207506698867549,-0.006387634970431064,-0.007932754830673561
2026-07-06,56.14,133.62,2.380121125757036,2.3831651971309507,2.38351369289222,2.3871897928619585,133.79089416693157,133.8216627510767,134.04864719583443,-0.0012781393273367304,-0.001508088060946756,-0.003202822345832702,0.0,0.0,56.14,133.62,2.380121125757036,2.383649936562074,2.3835136928922194,2.388601808482042,133.81810743859484,133.86152770534218,134.12791775274593,-0.0014815201672472899,-0.0018059398199027905,-0.0037940041982471267
2026-07-07,56.05,133.6,2.383586083853702,2.3831651971309507,2.382468204443325,2.3868662289858102,133.57640929918978,133.59594248660892,133.80198788991277,0.00017659269344482822,3.0371070410929546e-05,-0.0015107436554519414,0.0,0.0,56.05,133.6,2.383586083853702,2.383649936562074,2.3824682044433247,2.3882782446058934,133.60357894430422,133.5959424866089,133.88113136541847,-2.6788146465485304e-05,3.0371070411151584e-05,-0.0021020657980809045
2026-07-08,54.97,131.23,2.387302164817173,2.3831651971309507,2.3816104476511,2.386633492316143,131.00259088628835,130.9642771982496,131.20603660735,0.0017344081446945942,0.002026916037712319,0.00018262272991445246,0.0,0.0,54.97,131.23,2.387302164817173,2.383649936562074,2.3816104476511004,2.3880455079362273,131.0292370128172,130.96427719824956,131.28365510598596,0.0015310273047841165,0.0020269160377125407,-0.00040877954871680085
2026-07-09,55.54,132.5,2.38566798703637,2.3831651971309507,2.381551036377075,2.386387726589807,132.360995048653,132.2746442625421,132.5536241632386,0.001049644656691677,0.0017022460175690956,-0.0004046287926793918,0.0,0.0,55.54,132.5,2.38566798703637,2.383649936562074,2.3815510363770755,2.3877997422098907,132.38791747665758,132.27464426254213,132.63204751077805,0.0008462638167812801,0.001702246017568874,-0.000996088725869517
2026-07-10,55.71,132.95,2.38646562556094,2.3831651971309507,2.3814323978106247,2.3859905407033892,132.76613313216527,132.67620823656685,132.94566024831815,0.001383934765372974,0.002061482277762141,3.264251607703152e-05,0.0,0.0,55.71,132.95,2.38646562556094,2.383649936562074,2.3814323978106247,2.387402556323473,132.79313796587314,132.67620823656688,133.024323638513,0.0011805539254624718,0.0020614822777619197,-0.0005588783114913905
2026-07-13,56.07,133.3,2.3773854110932766,2.3831651971309507,2.3805112413280165,2.384838906659041,133.6240726031324,133.52691454524174,133.78248961723904,-0.0024282018418497167,-0.001700837416127251,-0.0036130421189469126,0.0,0.0,56.07,133.3,2.3773854110932766,2.383649936562074,2.380511241328017,2.386250922279125,133.65125194303548,133.52691454524174,133.86166133305713,-0.0026315826817601288,-0.001700837416127251,-0.0042046613853964805
2026-07-14,56.18,133.64,2.3787824848700603,2.3831651971309507,2.380638186762156,2.383746159886422,133.88622077481682,133.73712153780798,133.98024977610493,-0.0018407230784737083,-0.0007264760838240094,-0.0025427818688617504,0.0,0.0,56.18,133.64,2.3787824848700603,2.383649936562074,2.380638186762156,2.385158175506505,133.9134534360573,133.73712153780798,134.05957681364126,-0.0020441039183839442,-0.0007264760838240094,-0.0031346867425637447
2026-07-15,56.56,134.5,2.378005657708628,2.3831651971309507,2.3805913360062516,2.383154284444743,134.7918235497266,134.64889584326755,134.82468280317602,-0.0021673414373553556,-0.001106419983559479,-0.002411089522786783,0.0,0.0,56.56,134.5,2.378005657708628,2.383649936562074,2.3805913360062516,2.384211184306798,134.8192404119509,134.64889584326755,134.90454640664794,-0.0023707222772655074,-0.001106419983559479,-0.003003265654678131
2026-07-16,56.75,134.56,2.371101321585903,2.3831651971309507,2.3799687189863095,2.3825097185093185,135.24462493718144,135.09855831835478,135.24400564223916,-0.005074979027805706,-0.003994377465885809,-0.005070399944825693,0.0,0.0,56.75,134.56,2.371101321585903,2.383649936562074,2.3799687189863095,2.3832166643695336,135.27213389989768,135.09855831835478,135.30398470941077,-0.005278359867716152,-0.003994377465885809,-0.005513789437952535
2026-07-17,56.26,133.63,2.3752221827230713,2.3831651971309507,2.380364004500616,2.3820386352310416,134.07687399058727,133.89704013016976,134.03999676333424,-0.0033385351596728154,-0.001996360582687592,-0.0030634519291258652,0.0,0.0,56.26,133.63,2.3752221827230713,2.383649936562074,2.380364004500616,2.382393684699027,134.10414543098227,133.89704013016976,134.07976953742997,-0.0035419159995833368,-0.001996360582687592,-0.003360131095575926
2026-07-20,56.04,132.92,2.3718772305496074,2.3831651971309507,2.3795396149798735,2.3815266539360467,133.55257764721847,133.39559881221453,133.48944511834756,-0.0047477968733444405,-0.003571697038683377,-0.004274968444370684,0.0,0.0,56.04,132.92,2.3718772305496074,2.383649936562074,2.379539614979873,2.3815266539360462,133.5797424449386,133.39559881221453,133.50934209053347,-0.004951177713254813,-0.003571697038683377,-0.004424010111793505
2026-07-21,56.11,133.25,2.3747995009802176,2.3831651971309507,2.3786609566925248,2.380564580567925,133.71939921101765,133.5159677965207,133.62746055235158,-0.00351650560785838,-0.0019940166044705677,-0.0028287199920352733,0.0,0.0,56.11,133.25,2.3747995009802176,2.383649936562074,2.378660956692525,2.380564580567925,133.74659794049796,133.51596779652067,133.62746055235155,-0.0037198864477688133,-0.0019940166044703452,-0.002828719992035162
2026-07-22,56.05,133.28,2.3778768956289027,2.3831651971309507,2.377718429773698,2.379664438712399,133.57640929918978,133.323946622616,133.43064474083218,-0.0022214899905680196,-0.00032967721274019813,-0.0011296493771253127,0.0,0.0,56.05,133.28,2.3778768956289027,2.383649936562074,2.3777184297736977,2.379664438712399,133.60357894430422,133.32394662261603,133.43064474083218,-0.002424870830478254,-0.00032967721274042023,-0.0011296493771253127
2026-07-23,55.83,132.84,2.3793659322944656,2.3831651971309507,2.3770882242995075,2.3793196303382915,133.05211295582097,132.74801993426556,132.85666561331323,-0.0015954817046549045,0.0006926522471504947,-0.0001254484191332244,0.0,0.0,55.83,132.84,2.3793659322944656,2.383649936562074,2.377088224299507,2.3793196303382915,133.07917595826058,132.74801993426553,132.85666561331323,-0.0017988625445653063,0.0006926522471507165,-0.0001254484191332244
2026-07-24,56.31,134.06,2.380749422837862,2.3831651971309507,2.3765166040271994,2.378974500918912,134.19603225044384,133.85383791030526,133.9794883843492,-0.001014197227647214,0.001539018155951586,0.000600744454165742,0.0,0.0,56.31,134.06,2.380749422837862,2.383649936562074,2.3765166040271994,2.378974500918912,134.22332792781037,133.85383791030526,133.9794883843492,-0.0012175780675575515,0.001539018155951586,0.000600744454165742
2026-07-27,56.88,135.17,2.3764064697608998,2.3831651971309507,2.376418709893962,2.3784649756109895,135.55443641280849,135.17626443706712,135.3160696122677,-0.002840058890180931,-4.6343803427739214e-05,-0.0010800528594797057,0.0,0.0,56.88,135.17,2.3764064697608998,2.383649936562074,2.3764187098939615,2.3784649756109895,135.58200839165076,135.17626443706712,135.3160696122677,-0.0030434397300912472,-4.6343803427739214e-05,-0.0010800528594797057
2026-07-28,57.6,136.71,2.3734375,2.3831651971309507,2.375884211406956,2.378261199084556,137.27031535474276,136.8817176898922,136.999582595193,-0.004090192648876286,-0.0012552844354400872,-0.0021159851291666074,0.0,0.0,57.6,136.71,2.3734375,2.383649936562074,2.375884211406956,2.378261199084556,137.29823634597545,136.88171768989218,136.999582595193,-0.004293573488786707,-0.0012552844354399761,-0.0021159851291666074
2026-07-29,56.68,134.18,2.3673253352152437,2.3831651971309507,2.3748161791576172,2.3777037575819344,135.0778033733823,134.66511710254628,134.79984476411263,-0.0066687515786694514,-0.0036089004278357945,-0.004608864741263156,0.0,0.0,56.68,134.18,2.3673253352152437,2.383649936562074,2.3748161791576172,2.3777037575819344,135.10527840433835,134.66511710254628,134.79984476411263,-0.006872132418579761,-0.0036089004278357945,-0.004608864741263156
2026-07-30,57.0,134.77,2.3643859649122807,2.3831651971309507,2.374144643490255,2.3770566812382823,135.8404162364642,135.3645222119842,135.52911418217028,-0.007911164944413901,-0.004401682295263485,-0.005616860271614446,0.0,0.0,57.0,134.77,2.3643859649122807,2.383649936562074,2.374144643490255,2.3770566812382823,135.8680463840382,135.3645222119842,135.52911418217028,-0.008114545784324224,-0.004401682295263485,-0.005616860271614446
2026-07-31,56.94,134.65,2.364769933263084,2.3831651971309507,2.373099418544256,2.376731711522436,135.69742632463633,135.18379600033512,135.3496074297078,-0.0077487814832151655,-0.003956485099895411,-0.005182296389983201,0.0,0.0,56.94,134.65,2.364769933263084,2.383649936562074,2.3730994185442564,2.376731711522436,135.72502738784448,135.18379600033512,135.3496074297078,-0.00795216232312553,-0.003956485099895411,-0.005182296389983201
2026-08-03,57.38,135.92,2.368769606134541,2.3831651971309507,2.37278865610275,2.3761641355413117,136.74601901137396,136.1684446360694,136.37686560715738,-0.006058852080473973,-0.0018262054858608433,-0.003355646675144226,0.0,0.0,57.38,135.92,2.368769606134541,2.383649936562074,2.37278865610275,2.3761641355413117,136.7738333599318,136.16844463606944,136.37686560715738,-0.006262232920384449,-0.0018262054858610658,-0.003355646675144226
2026-08-04,57.88,137.08,2.3683483068417415,2.3831651971309507,2.372143536688902,2.3754022466907134,137.93760160993943,137.33700741522716,137.53238016513112,-0.006236723647806686,-0.0018731163406515469,-0.0032946844863478157,0.0,0.0,57.88,137.08,2.3683483068417415,2.383649936562074,2.3721435366889017,2.3754022466907134,137.96565832821284,137.33700741522716,137.53238016513112,-0.006440104487717091,-0.0018731163406515469,-0.0032946844863478157
2026-08-05,58.0,137.45,2.3698275862068963,2.3831651971309507,2.3713386057467014,2.3745285177602,138.22358143359514,137.58432512795633,137.7733303080614,-0.0056123148260963825,-0.0009767881777955623,-0.002349586108462317,0.0,0.0,58.0,137.45,2.3698275862068963,2.383649936562074,2.3713386057467014,2.3745285177602,138.25169632060027,137.5843251279563,137.7733303080614,-0.005815695666006773,-0.00097678817779534,-0.002349586108462317
2026-08-06,57.81,136.8,2.366372599896212,2.3831651971309507,2.370039272506876,2.3735637484031917,137.77078004614026,137.0870847982168,137.27149361171715,-0.00707128479686622,-0.002096374157751591,-0.0034406648472557525,0.0,0.0,57.81,136.8,2.366372599896212,2.383649936562074,2.370039272506876,2.3735637484031917,137.79880283265348,137.0870847982168,137.27149361171715,-0.00727466563677659,-0.002096374157751591,-0.0034406648472557525
2026-08-07,57.6,136.86,2.376041666666667,2.3831651971309507,2.3695684968897566,2.373042550458478,137.27031535474276,136.51426209639607,136.71727190802386,-0.0029935810684255447,0.002529412134751632,0.0010434207778302737,0.0,0.0,57.6,136.86,2.376041666666667,2.383649936562074,2.3695684968897566,2.373042550458478,137.29823634597545,136.51426209639607,136.71727190802386,-0.0031969619083359268,0.002529412134751632,0.0010434207778302737
2026-08-10,57.81,137.35,2.375886524822695,2.3831651971309507,2.3695165023959364,2.372967606144949,137.77078004614026,136.98475480519684,137.18558984200462,-0.003058877444033551,0.0026627716992858445,0.0011977330716555895,0.0,0.0,57.81,137.35,2.375886524822695,2.383649936562074,2.3695165023959364,2.372967606144949,137.79880283265348,136.98475480519684,137.18558984200462,-0.0032622582839438915,0.0026627716992858445,0.0011977330716555895
2026-08-11,57.8,137.37,2.3766435986159173,2.3831651971309507,2.3698371122575277,2.372860661832242,137.74694839416895,136.9580538384851,137.15752763517804,-0.002740279232149635,0.003003312751963057,0.001547913311838087,0.0,0.0,57.8,137.37,2.3766435986159173,2.383649936562074,2.3698371122575277,2.372860661832242,137.77496633328786,136.9580538384851,137.15752763517804,-0.0029436600720600388,0.003003312751963057,0.001547913311838087
2026-08-12,57.92,137.74,2.3781077348066297,2.3831651971309507,2.3709153522166666,2.3728657656871417,138.03292821782466,137.260965541956,137.43608953332347,-0.002124416851840365,0.0034838782592604423,0.002208844458518986,0.0,0.0,57.92,137.74,2.3781077348066297,2.383649936562074,2.370915352216666,2.372865765687142,138.06100432567533,137.260965541956,137.43608953332347,-0.00232779769175084,0.0034838782592604423,0.002208844458518986
2026-08-13,58.26,138.51,2.377445932028836,2.3831651971309507,2.372221348928322,2.3731829962092883,138.84320438484917,138.129528420143,138.24315950893288,-0.002402745235212909,0.0027506685101925834,0.0019283651484220481,0.0,0.0,58.26,138.51,2.377445932028836,2.383649936562074,2.372221348928322,2.3731829962092883,138.8714453041064,138.12952842014298,138.2431595089329,-0.0026061260751232564,0.002750668510192805,0.0019283651484218265
2026-08-14,58.16,138.29,2.3777510316368637,2.3831651971309507,2.3735194587657,2.373309438654978,138.60488786513608,137.9683936536712,138.0243230595322,-0.0022744226396285414,0.002328302046216636,0.0019230057957019967,0.0,0.0,58.16,138.29,2.3777510316368637,2.383649936562074,2.3735194587657,2.3733094386549785,138.6330803104502,137.9683936536712,138.0243230595322,-0.002477803479538978,0.002328302046216636,0.0019230057957019967
