date,XLK,IYW,IYW/XLK,IYW/XLK avg,IYW/XLK 10 dma,IYW/XLK 20 dma,XLK avg,XLK 10 dma,XLK 20 dma,avg diff,10 dma diff,20 dma diff,XLK div,IYW div,XLK*,IYW*,IYW*/XLK*,IYW*/XLK* avg,IYW*/XLK* 10 dma,IYW*/XLK* 20 dma,XLK* avg,XLK* 10 dma,XLK* 20 dma,avg diff*,10 dma diff*,20 dma diff*
2026-01-02,144.3,199.89,1.385239085239085,1.357129959145118,,,,,,,,,0.0,0.0,144.3,199.89,1.385239085239085,1.3571528448290298,,,,,,,,
2026-01-05,144.62,200.4,1.3857004563684139,1.357129959145118,,,196.26813469156698,,,0.020833610745691122,,,0.0,0.0,144.62,200.4,1.3857004563684139,1.3571528448290298,,,196.2714444191743,,,0.02081674759209581,,
2026-01-06,146.65,202.33,1.3796795090351177,1.357129959145118,,,199.02310850863157,,,0.01647908664943045,,,0.0,0.0,146.65,202.33,1.3796795090351177,1.3571528448290298,,,199.02646469417724,,,0.016462223495834902,,
2026-01-07,146.53,202.65,1.3829932437043608,1.357129959145118,,,198.86025291353414,,,0.018878021706171092,,,0.0,0.0,146.53,202.65,1.3829932437043608,1.3571528448290298,,,198.86360635279775,,,0.01886115855257571,,
2026-01-08,144.24,199.78,1.3850526899611757,1.357129959145118,,,195.75242530709184,,,0.020366036490729017,,,0.0,0.0,144.24,199.78,1.3850526899611757,1.3571528448290298,,,195.75572633813925,,,0.02034917333713378,,
2026-01-09,146.15,201.75,1.3804310639753676,1.357129959145118,,,198.344543529059,,,0.017023669874590384,,,0.0,0.0,146.15,201.75,1.3804310639753676,1.3571528448290298,,,198.3478882717627,,,0.017006806720995124,,
2026-01-12,146.79,202.42,1.3789767695347095,1.357129959145118,,,199.21310670291186,,,0.015969607073400508,,,0.0,0.0,146.79,202.42,1.3789767695347095,1.3571528448290298,,,199.21646609245326,,,0.01595274391980519,,
2026-01-13,146.48,201.9,1.3783451665756419,1.357129959145118,,,198.7923964155769,,,0.01551147923432375,,,0.0,0.0,146.48,201.9,1.3783451665756419,1.3571528448290298,,,198.79574871055627,,,0.015494616080728446,,
2026-01-14,144.7,199.26,1.37705597788528,1.357129959145118,,,196.37670508829856,,,0.014575725261059313,,,0.0,0.0,144.7,199.26,1.37705597788528,1.3571528448290298,,,196.3800166467606,,,0.014558862107463879,,
2026-01-15,145.46,199.9,1.3742609652138045,1.357129959145118,1.3807734927492956,,197.40812385724888,,,0.01254396106174683,,,0.0,0.0,145.46,199.9,1.3742609652138045,1.3571528448290298,1.3807734927492956,,197.4114528088307,,,0.012527097908151652,,
2026-01-16,145.62,199.89,1.372682323856613,1.357129959145118,1.3795178166110484,,197.6252646507121,201.06823601415243,,0.011394580557777529,-0.005877117862796086,,0.0,0.0,145.62,199.89,1.372682323856613,1.3571528448290298,1.3795178166110484,,197.62859726400333,201.06823601415243,,0.011377717404182162,-0.005877117862796086,
2026-01-20,141.84,194.71,1.3727439368302312,1.357129959145118,1.3782221646572304,,192.49531340514355,195.67080710811112,,0.011439464643364577,-0.004922419497385961,,0.0,0.0,141.84,194.71,1.3727439368302312,1.3571528448290298,1.3782221646572304,,192.4985595105496,195.67080710811112,,0.011422601489769073,-0.004922419497385961,
2026-01-21,143.81,197.17,1.371045128989639,1.357129959145118,1.3773587266526826,,195.16885942465942,198.2021294993563,,0.010201171161675241,-0.005221065254525019,,0.0,0.0,143.81,197.17,1.371045128989639,1.3571528448290298,1.3773587266526826,,195.17215061486277,198.2021294993563,,0.01018430800808002,-0.005221065254525019,
2026-01-22,144.88,198.93,1.3730673660960797,1.357129959145118,1.3763661388918542,,196.6209884809447,199.55173231744064,,0.011675044755515243,-0.003120508527898772,,0.0,0.0,144.88,198.93,1.3730673660960797,1.3571528448290298,1.3763661388918542,,196.62430415882983,199.55173231744064,,0.011658181601920007,-0.003120508527898772,
2026-01-23,145.09,199.72,1.3765249155696464,1.357129959145118,1.3755133614527013,,196.90598577236517,199.69696309181913,,0.014190000386602064,0.00011535267820412356,,0.0,0.0,145.09,199.72,1.3765249155696464,1.3571528448290298,1.3755133614527013,,196.90930625624392,199.69696309181913,,0.014173137233006769,0.00011535267820412356,
2026-01-26,146.08,201.24,1.3776013143483024,1.357129959145118,1.3752303864899948,,198.24954443191885,200.93499184101063,,0.014971663058246727,0.0015167935533231952,,0.0,0.0,146.08,201.24,1.3776013143483024,1.3571528448290298,1.3752303864899948,,198.25288757262467,200.93499184101063,,0.014954799904651267,0.0015167935533231952,
2026-01-27,148.05,203.7,1.3758865248226948,1.357129959145118,1.3749213620187932,,200.92309045143475,203.60285871984377,,0.01372612296694683,0.00047699779129168235,,0.0,0.0,148.05,203.7,1.3758865248226948,1.3571528448290298,1.3749213620187932,,200.92647867693788,203.60285871984377,,0.013709259813351573,0.00047699779129168235,
2026-01-28,149.23,204.72,1.3718421228975408,1.357129959145118,1.3742710576509831,,202.52450380322594,205.1795148540645,,0.010782306189944054,-0.002242086315835984,,0.0,0.0,149.23,204.72,1.3718421228975408,1.3571528448290298,1.3742710576509831,,202.5279190338361,205.1795148540645,,0.010765443036348651,-0.002242086315835984,
2026-01-29,146.87,201.89,1.3746170082385782,1.357129959145118,1.374027160686313,,199.3216770996435,201.8391902371999,,0.012803007138148458,0.0002517022018571261,,0.0,0.0,146.87,201.89,1.3746170082385782,1.3571528448290298,1.374027160686313,,199.3250383200396,201.8391902371999,,0.012786143984553144,0.0002517022018571261,
2026-01-30,143.88,198.37,1.3787183764247986,1.357129959145118,1.3744729018074122,1.377623197278354,195.26385852179956,197.6950278795467,,0.015782209194381287,0.003408393704965085,,0.0,0.0,143.88,198.37,1.3787183764247986,1.3571528448290298,1.3744729018074122,1.377623197278354,195.26715131400078,197.6950278795467,,0.015765346040786093,0.003408393704965085,
2026-02-02,145.26,199.62,1.3742255266418837,1.357129959145118,1.3746272220859397,1.3770725193484938,197.13669786541982,199.6559337165447,200.11354563665367,0.012518173362205683,-0.00017999440290436352,-0.0024693743761895147,0.0,0.0,145.26,199.62,1.3742255266418837,1.3571528448290298,1.3746272220859397,1.3770725193484938,197.14002223986486,199.6559337165447,200.11354563665367,0.012501310208610035,-0.00017999440290436352,-0.0024693743761895147
2026-02-03,142.08,194.92,1.371903153153153,1.357129959145118,1.3745431437182316,1.3763826541877309,192.82102459533837,195.30703571397032,195.65446354903403,0.010826793013232685,-0.0019836444195757514,-0.003760944369433047,0.0,0.0,142.08,194.92,1.371903153153153,1.3571528448290298,1.3745431437182316,1.3763826541877309,192.82427619330858,195.30703571397032,195.65446354903403,0.010809929859637236,-0.0019836444195757514,-0.003760944369433047
2026-02-04,138.12,190.39,1.3784390385172312,1.357129959145118,1.375282534670991,1.3763206306618365,187.4467899571237,189.85189901036216,190.1059721964094,0.015579581729580705,0.002830310653561358,0.001492934890773052,0.0,0.0,138.12,190.39,1.3784390385172312,1.3571528448290298,1.375282534670991,1.3763206306618365,187.4499509277856,189.85189901036216,190.1059721964094,0.01556271857598532,0.002830310653561358,0.001492934890773052
2026-02-05,135.63,186.75,1.3769077637690776,1.357129959145118,1.3756665744382908,1.3760163566650725,184.06753635885235,186.5295701774265,186.67036713666488,0.01446808832009041,0.001181044267122475,0.000426505201914263,0.0,0.0,135.63,186.75,1.3769077637690776,1.3571528448290298,1.3756665744382908,1.3760163566650725,184.0706403441613,186.5295701774265,186.67036713666488,0.014451225166495184,0.001181044267122475,0.000426505201914263
2026-02-06,141.13,193.49,1.3710054559625877,1.357129959145118,1.3751146284775848,1.375313994965143,191.5317511341505,194.14782365047597,194.19718841614167,0.010172234403708902,-0.0033940149377340357,-0.0036482464298234637,0.0,0.0,141.13,193.49,1.3710054559625877,1.3571528448290298,1.3751146284775848,1.375313994965143,191.53498099072095,194.14782365047597,194.19718841614167,0.010155371250113695,-0.0033940149377340357,-0.0036482464298234637
2026-02-09,143.35,196.32,1.3695151726543424,1.357129959145118,1.3743060143081887,1.374768200399092,194.54457964345266,197.12268199226176,197.15126117825324,0.009084642915009695,-0.004080305176062685,-0.0042252763897913685,0.0,0.0,143.35,196.32,1.3695151726543424,1.3571528448290298,1.3743060143081887,1.374768200399092,194.5478603062414,197.12268199226176,197.15126117825324,0.009067779761414341,-0.004080305176062685,-0.0042252763897913685
2026-02-10,142.55,195.31,1.370115748860049,1.357129959145118,1.3737289367119243,1.3743251493653588,193.45887567613659,195.90732233963232,195.9732069668906,0.00952307877190601,-0.003053662349212801,-0.003389910889019686,0.0,0.0,142.55,195.31,1.370115748860049,1.3571528448290298,1.3737289367119243,1.3743251493653588,193.4621380303782,195.90732233963232,195.9732069668906,0.009506215618310818,-0.003053662349212801,-0.003389910889019686
2026-02-11,142.97,195.5,1.3674197384066586,1.357129959145118,1.373286698262836,1.3737788779569098,194.02887025897752,196.4020260817038,196.48726660476535,0.0075534156661349085,-0.0046033325400226975,-0.005037248790659827,0.0,0.0,142.97,195.5,1.3674197384066586,1.3571528448290298,1.373286698262836,1.3737788779569098,194.03214222520637,196.4020260817038,196.48726660476535,0.0075365525125395535,-0.0046033325400226975,-0.005037248790659827
2026-02-12,139.21,190.79,1.3705193592414338,1.357129959145118,1.3728769333631217,1.3734520470247173,188.9260616125919,191.1752412651694,191.24375760038143,0.009817616620530661,-0.002017154202405578,-0.0023754854367240077,0.0,0.0,139.21,190.79,1.3705193592414338,1.3571528448290298,1.3728769333631217,1.3734520470247173,188.92924752864926,191.1752412651694,191.24375760038143,0.00980075346693518,-0.002017154202405578,-0.0023754854367240077
2026-02-13,139.56,190.54,1.3652909143020922,1.357129959145118,1.371534187150851,1.3730035444791318,189.40105709829268,191.59870482015725,191.67896768276955,0.005995384241847122,-0.0055409594239914815,-0.00595978300565964,0.0,0.0,139.56,190.54,1.3652909143020922,1.3571528448290298,1.371534187150851,1.3730035444791318,189.4042510243394,191.59870482015725,191.67896768276955,0.005978521088251728,-0.0055409594239914815,-0.00595978300565964
2026-02-17,139.48,190.48,1.365643819902495,1.357129959145118,1.370676016476912,1.3726516192814258,189.29248670156105,191.3015884238007,191.5065343839493,0.006253834652944131,-0.004303977546251975,-0.005374727969343212,0.0,0.0,139.48,190.48,1.365643819902495,1.3571528448290298,1.370676016476912,1.3726516192814258,189.29567879675307,191.3015884238007,191.5065343839493,0.006236971499348696,-0.004303977546251975,-0.005374727969343212
2026-02-18,140.91,192.48,1.3659782840110708,1.357129959145118,1.3700835295627039,1.3723133366404678,191.23318254313858,193.14195748176166,193.4203396729457,0.0064987178011424165,-0.003433197301748422,-0.004873494202699917,0.0,0.0,140.91,192.48,1.3659782840110708,1.3571528448290298,1.3700835295627039,1.3723133366404678,191.23640736485856,193.14195748176166,193.4203396729457,0.006481854647547201,-0.003433197301748422,-0.004873494202699917
2026-02-19,140.21,191.64,1.366806932458455,1.357129959145118,1.368920318956826,1.3721014268139087,190.283191571737,192.09941167998673,192.41205293036,0.007105167563668341,-0.0023943951832535847,-0.00402056942274948,0.0,0.0,140.21,191.64,1.366806932458455,1.3571528448290298,1.368920318956826,1.3721014268139087,190.28640037347827,192.09941167998673,192.41205293036,0.007088304410072887,-0.0023943951832535847,-0.00402056942274948
2026-02-20,140.88,192.93,1.3694633730834753,1.357129959145118,1.368175879888266,1.3719212271632784,191.19246864436423,192.85349453463763,193.30164900954344,0.009046818908718028,0.00039662384445750737,-0.0019244881935566354,0.0,0.0,140.88,192.93,1.3694633730834753,1.3571528448290298,1.368175879888266,1.3719212271632784,191.1956927795137,192.85349453463763,193.30164900954344,0.009029955755122736,0.00039662384445750737,-0.0019244881935566354
2026-02-23,138.52,189.8,1.3701992492058908,1.357129959145118,1.3680952592125963,1.3716049438450906,187.98964194078175,189.5197228821226,190.03852838665733,0.009584020923393543,0.001477788535512787,-0.001255946409781256,0.0,0.0,138.52,189.8,1.3701992492058908,1.3571528448290298,1.3680952592125963,1.3716049438450906,187.9928120657172,189.5197228821226,190.03852838665733,0.009567157769798301,0.001477788535512787,-0.001255946409781256
2026-02-24,140.32,192.22,1.3698688711516533,1.357129959145118,1.3681306290623274,1.371218321685258,190.43247586724294,191.9711267727115,192.4636057203431,0.00934287505305267,0.0012955700678995174,-0.0012665252653575234,0.0,0.0,140.32,192.22,1.3698688711516533,1.3571528448290298,1.3681306290623274,1.371218321685258,190.43568718640944,191.9711267727115,192.4636057203431,0.009326011899457294,0.0012955700678995174,-0.0012665252653575234
2026-02-25,143.01,195.98,1.3703936787637228,1.357129959145118,1.3681584220526948,1.3709436793823095,194.0831554573433,195.65636126220343,196.09793218420873,0.009725909604615609,0.0016527516006129637,-0.0006015752384140952,0.0,0.0,143.01,195.98,1.3703936787637228,1.3571528448290298,1.3681584220526948,1.3709436793823095,194.08642833899953,195.65636126220343,196.09793218420873,0.009709046451020359,0.0016527516006129637,-0.0006015752384140952
2026-02-26,141.01,193.2,1.370115594638678,1.357129959145118,1.3684280076758966,1.3708573529693664,191.36889553905309,192.9240190936505,193.31676822969945,0.009522966211066066,0.001429493839795172,-0.0006042078525422456,0.0,0.0,141.01,193.2,1.370115594638678,1.3571528448290298,1.3684280076758966,1.3708573529693664,191.37212264934146,192.9240190936505,193.31676822969945,0.009506103057470842,0.001429493839795172,-0.0006042078525422456
2026-02-27,138.76,189.58,1.3662438743153649,1.357129959145118,1.3680004591832897,1.3704386962732056,188.31535313097658,189.8830703451074,190.22016629802926,0.006693131205133914,-0.001597364451164841,-0.003371072269468762,0.0,0.0,138.76,189.58,1.3662438743153649,1.3571528448290298,1.3680004591832897,1.3704386962732056,188.31852874847615,189.8830703451074,190.22016629802926,0.006676268051538588,-0.001597364451164841,-0.003371072269468762
2026-03-02,139.54,191.17,1.3700014332807797,1.357129959145118,1.3684715110811585,1.3700028491160048,189.37391449910976,190.89078407443623,191.2310156779631,0.009439640311623726,0.0014616311692346566,-0.00031911880972764406,0.0,0.0,139.54,191.17,1.3700014332807797,1.3571528448290298,1.3684715110811585,1.3700028491160048,189.3771079674428,190.89078407443623,191.2310156779631,0.009422777158028217,0.0014616311692346566,-0.00031911880972764406
2026-03-03,137.5,188.91,1.373890909090909,1.357129959145118,1.36929622,1.369986118238456,186.60536938245372,188.1648327736593,188.37539175345066,0.012274648343922378,0.003952362404518525,0.0028339745775450053,0.0,0.0,137.5,188.91,1.373890909090909,1.3571528448290298,1.36929622,1.369986118238456,186.6085161639916,188.1648327736593,188.37539175345066,0.01225778519032683,0.003952362404518525,0.0028339745775450053
2026-03-04,139.84,191.44,1.3689931350114417,1.357129959145118,1.3695977051000372,1.3698406173313704,189.7810534868533,191.4823834048,191.5788587744657,0.008703385974679827,-0.00022136812476843115,-0.0007250754231452793,0.0,0.0,139.84,191.44,1.3689931350114417,1.3571528448290298,1.3695977051000372,1.3698406173313704,189.78425382089154,191.4823834048,191.5788587744657,0.008686522821084336,-0.00022136812476843115,-0.0007250754231452793
2026-03-05,140.18,191.71,1.367598801540876,1.357129959145118,1.3696768920082794,1.3692986054825527,190.24247767296265,191.99020630092323,192.0242577375115,0.007684356741566591,-0.0014605483454697213,-0.0016378928981691692,0.0,0.0,140.18,191.71,1.367598801540876,1.3571528448290298,1.3696768920082794,1.3692986054825527,190.24568578813341,191.99020630092323,192.0242577375115,0.007667493587971076,-0.0014605483454697213,-0.0016378928981691692
2026-03-06,137.29,188.34,1.3718406293247871,1.357129959145118,1.3699146176324102,1.3690452487603382,186.32037209103325,188.04294050381665,187.99100554669965,0.010781217454190875,0.0015784963976657185,0.001854721233177072,0.0,0.0,137.29,188.34,1.3718406293247871,1.3571528448290298,1.3699146176324102,1.3690452487603382,186.32351406657747,188.04294050381665,187.99100554669965,0.010764354300595576,0.0015784963976657185,0.001854721233177072
2026-03-09,139.76,191.75,1.371994848311391,1.357129959145118,1.3700941775429603,1.3690947183777782,189.6724830901217,191.45926696030563,191.33776396674486,0.010893628703351747,0.0015173594197342374,0.002152176243401527,0.0,0.0,139.76,191.75,1.371994848311391,1.3571528448290298,1.3700941775429603,1.3690947183777782,189.6756815933052,191.45926696030563,191.33776396674486,0.010876765549756303,0.0015173594197342374,0.002152176243401527
2026-03-10,139.76,191.75,1.371994848311391,1.357129959145118,1.3703067752589342,1.3692187021606306,189.6724830901217,191.4843622534041,191.34467784047825,0.010893628703351747,0.001386294212116668,0.0021160425044116746,0.0,0.0,139.76,191.75,1.371994848311391,1.3571528448290298,1.3703067752589342,1.3692187021606306,189.6756815933052,191.4843622534041,191.34467784047825,0.010876765549756303,0.001386294212116668,0.0021160425044116746
2026-03-11,140.43,192.67,1.3720002848394217,1.357129959145118,1.370467435866504,1.3693129289595993,190.58176016274894,192.43218044961213,192.27938234441737,0.01089759119436706,0.001235098593014328,0.0020294501436648547,0.0,0.0,140.43,192.67,1.3720002848394217,1.3571528448290298,1.370467435866504,1.3693129289595993,190.58497399934066,192.43218044961213,192.27938234441737,0.010880728040771647,0.001235098593014328,0.0020294501436648547
2026-03-12,137.84,189.04,1.3714451538015089,1.357129959145118,1.3706003917827871,1.3695141997293419,187.06679356856307,188.90523135983892,188.74609412779117,0.010492894940765368,0.0007131649492608806,0.0015559383263247153,0.0,0.0,137.84,189.04,1.3714451538015089,1.3571528448290298,1.3706003917827871,1.3695141997293419,187.06994813123347,188.90523135983892,188.74609412779117,0.010476031787169967,0.0007131649492608806,0.0015559383263247153
2026-03-13,136.8,187.24,1.3687134502923977,1.357129959145118,1.3708473493804905,1.36942390428189,185.65537841105217,187.4981335958853,187.349542522974,0.008499065525206972,-0.0013776747737743074,-0.0005848669739084473,0.0,0.0,136.8,187.24,1.3687134502923977,1.3571528448290298,1.3708473493804905,1.36942390428189,185.65850917261128,187.4981335958853,187.349542522974,0.008482202371611645,-0.0013776747737743074,-0.0005848669739084473
2026-03-16,138.78,189.87,1.3681366191093818,1.357129959145118,1.3706608679633505,1.3695661895222546,188.34249573015947,190.24619514702448,190.0486494362407,0.008077536265708113,-0.001979369859280519,-0.0009404615944665278,0.0,0.0,138.78,189.87,1.3681366191093818,1.3571528448290298,1.3706608679633505,1.3695661895222546,188.34567180537275,190.24619514702448,190.0486494362407,0.008060673112112738,-0.001979369859280519,-0.0009404615944665278
2026-03-17,139.54,190.81,1.3674215278773112,1.357129959145118,1.3700139298419907,1.3696550749209955,189.37391449910976,191.26201751560592,191.1092660859354,0.007554724312947221,-0.0023661388731599305,-0.001567169680925979,0.0,0.0698,139.54,190.8798,1.3679217428694281,1.3571528448290298,1.3700639513412025,1.3696800856706013,189.3771079674428,191.26201751560592,191.1092660859354,0.007903603187449175,-0.0020003968450624412,-0.0012014276528285526
2026-03-18,137.96,188.65,1.3674253406784576,1.357129959145118,1.3698571504086923,1.3697274277543647,187.2296491636605,189.00712176100103,188.95761413610055,0.00755751262346656,-0.0018912492145391484,-0.0016292796682739429,0.0,0.0698,137.96,188.7198,1.3679312844302696,1.3571528448290298,1.3699577662830853,1.3697777356915612,187.23280647261296,189.0140227270323,188.96106461911617,0.007910578387320082,-0.0015578313025334232,-0.001277611203190385
2026-03-19,138.43,188.68,1.3629993498519106,1.357129959145118,1.3693972052397958,1.3695370486240375,187.8675002444587,189.62932533107528,189.61136782403673,0.004315529998204384,-0.005018788912468155,-0.004924086485349543,0.0,0.0698,138.43,188.7498,1.3635035758144909,1.3571528448290298,1.369548243710447,1.369612567859363,187.8706683096826,189.6432535865675,189.61833195178284,0.004668536954471961,-0.004722366007980744,-0.004590944130464909
2026-03-20,135.29,184.48,1.36358932663168,1.357129959145118,1.3685720749704853,1.3692433463014477,183.606112172743,185.26574789689195,185.28466730834603,0.004748288187267306,-0.004250212932501447,-0.004352328114102552,0.0,0.0698,135.29,184.54979999999998,1.3641052553773374,1.3571528448290298,1.3687747063157019,1.3693446619740561,183.6092083769194,185.28618189158635,185.2948843056932,0.00510971427119357,-0.003982213201375332,-0.004029179519421346
2026-03-23,136.95,186.91,1.3648046732384083,1.357129959145118,1.3678530574631869,1.3689736175030736,185.8589479049239,187.42594566720794,187.51787627598324,0.0056391761507866,-0.0027565933749835294,-0.0032469634263742045,0.0,0.0,136.95,186.91,1.3648046732384083,1.3571528448290298,1.3680556888084034,1.369074933175682,185.86208209933562,187.45369602993534,187.53175145734699,0.005622312997191079,-0.0029046428270820776,-0.0033209546016431247
2026-03-24,136.15,184.88,1.3579140653690782,1.357129959145118,1.3664449791689557,1.368375877213945,184.77324393760782,186.2331937736129,186.38575802304348,0.0005776011281437743,-0.0072926524495933905,-0.008111527910544708,0.0,0.0,136.15,184.88,1.3579140653690782,1.3571528448290298,1.3666476105141723,1.3684771928865531,184.7763598234724,186.26078203126414,186.3995521518691,0.0005607379745484504,-0.007440779718723442,-0.00818553366375128
2026-03-25,136.76,185.94,1.3596080725358293,1.357129959145118,1.3652057579385963,1.3678365969025503,185.60109321268632,186.87501535114637,187.1390849677791,0.001824330538398645,-0.005015985263838261,-0.006428069248301474,0.0,0.0,136.76,185.94,1.3596080725358293,1.3571528448290298,1.365408389283813,1.3679379125751585,185.6042230588181,186.90272721391818,187.152940899165,0.001807467384803236,-0.005164265162113776,-0.006502107327847234
2026-03-26,132.5,180.01,1.358566037735849,1.357129959145118,1.3639178463320305,1.3672591190574086,179.81971958672813,180.88976292686402,181.23834908958793,0.0010576137581236329,-0.004875396217247432,-0.006800605881034292,0.0,0.0,132.5,180.01,1.358566037735849,1.3571528448290298,1.364120477677247,1.367360434730017,179.82275193984646,180.9166115801052,181.2517734162085,0.0010407506045280554,-0.005023810701801813,-0.0068746731495926
2026-03-27,129.92,176.09,1.355372536945813,1.357129959145118,1.3625837549973718,1.3667155521889311,176.31832429213372,177.2002065954574,177.6343047479385,-0.0012957941588938684,-0.006284976086199944,-0.008731741297419729,0.0,0.0,129.92,176.09,1.355372536945813,1.3571528448290298,1.3627863863425884,1.3668168678615396,176.32129760018753,177.22653245982792,177.64746768012378,-0.0013126573124892218,-0.0064335307042241285,-0.008805839847994624
2026-03-30,127.5,173.53,1.3610196078431374,1.357129959145118,1.3618720538707474,1.3662664609170492,173.03406979100254,173.7294287621649,174.25623290408873,0.0028619847857188287,-0.001148586719735708,-0.00417632379283334,0.0,0.0,127.5,173.53,1.3610196078431374,1.3571528448290298,1.3620746852159642,1.3663677765896574,173.0369877157013,173.75526425868003,174.2691506523463,0.002845121632123533,-0.0012972867752008767,-0.004250451812615798
2026-03-31,132.9,181.42,1.365086531226486,1.357129959145118,1.361638554205665,1.3658262420238279,180.3625715703862,180.99279595942232,181.57681265587584,0.005845673749385524,0.0023575560422247027,-0.0008639892151299089,0.0,0.0,132.9,181.42,1.365086531226486,1.3571528448290298,1.3617911640516698,1.3659275576964363,180.36561307777805,181.01972566520166,181.59027750876547,0.005828810595790267,0.0022087782833329806,-0.0009381415998611425
2026-04-01,134.91,184.42,1.3669853976725224,1.357129959145118,1.3615945599050714,1.365725855156882,183.09040278826788,183.69865734788627,184.2636183114346,0.00723572994205654,0.003919081855731322,0.0008483246348726743,0.0,0.0,134.91,184.42,1.3669853976725224,1.3571528448290298,1.3616965753758952,1.3658271708294902,183.0934902958844,183.71924594221076,184.2772868088262,0.007218866788461304,0.0038070100477889794,0.0007741483510030946
2026-04-02,135.99,185.38,1.363188469740422,1.357129959145118,1.3616134718939226,1.3655053385668592,184.5561031441446,185.16324420149067,185.7250590427844,0.004454273108606315,0.001169935367193793,-0.0018596304944774628,0.0,0.0,135.99,185.38,1.363188469740422,1.3571528448290298,1.3616650647684883,1.3656066542394676,184.55921536829976,185.17711728536798,185.73883696110238,0.004437409955010844,0.0010950146438456034,-0.001933812230428184
2026-04-06,136.78,186.55,1.3638689866939613,1.357129959145118,1.361641437900151,1.3651067564353179,185.62823581186925,186.24149068565072,186.773820209175,0.00495335827900405,0.0016551310450296187,-0.0011990675326652024,0.0,0.0,136.78,186.55,1.3638689866939613,1.3571528448290298,1.3616414379001507,1.3652080721079263,185.63136611571468,186.24854755903382,186.78767816687437,0.0049364951254088785,0.001617240778663314,-0.001273261247841817
2026-04-07,137.43,187.31,1.3629484100996871,1.357129959145118,1.3614558115862787,1.364654434524733,186.51037028531357,187.13038281061776,187.60662153690575,0.004278156022827581,0.0009593901267331232,-0.0015823336803761092,0.0,0.0,137.43,187.31,1.3629484100996871,1.3571528448290298,1.3614558115862785,1.364755750197341,186.51351546485358,187.13038281061773,187.6205453497923,0.004261292869232222,0.0009593901267331232,-0.001656549057735268
2026-04-08,141.69,193.1,1.3628343566941916,1.357129959145118,1.36194784071879,1.3641964099438728,192.29174391127177,192.90467394365982,193.3578868278094,0.004194471140120566,0.0010120399373203283,-0.0013346182074604077,0.0,0.0,141.69,193.1,1.3628343566941916,1.3571528448290298,1.36194784071879,1.364297725616481,192.29498658382522,192.9046739436598,193.37224224546125,0.004177607986525134,0.0010120399373205501,-0.0014088581829845884
2026-04-09,142.07,193.64,1.3629900753149855,1.357129959145118,1.3622860409967055,1.3637458994676508,192.8074532957469,193.49192973091849,193.811383960726,0.0043087254692951,0.0007649602883692007,-0.0008846734274210033,0.0,0.0,142.07,193.64,1.3629900753149855,1.3571528448290298,1.3622860409967055,1.3638472151402592,192.81070466486025,193.49192973091849,193.82577787833344,0.004291862315699677,0.0007649602883692007,-0.0009589383278540178
2026-04-10,142.62,194.27,1.3621511709437666,1.357129959145118,1.3626445543174972,1.3632812003247639,193.55387477327673,194.28923516695014,194.49744018207636,0.0036930477323189738,-9.900764272179443e-05,-0.0011700579036024378,0.0,0.0,142.62,194.27,1.3621511709437666,1.3571528448290298,1.3626445543174972,1.363382515997372,193.55713872951623,194.28923516695014,194.51188982330376,0.003676184578723591,-9.900764272179443e-05,-0.0012443473363718018
2026-04-13,145.61,197.94,1.3593846576471396,1.357129959145118,1.3630457663876299,1.3628147606925007,197.61169335112066,198.41467355417078,198.5073755792889,0.0016599940275190126,-0.002395197093787592,-0.002862301539136693,0.0,0.0,145.61,197.94,1.3593846576471396,1.3571528448290298,1.3630457663876299,1.3629160763651091,197.61502573555504,198.41467355417078,198.52212815437736,0.0016431308739237697,-0.002395197093787592,-0.0029366162938665977
2026-04-14,147.94,201.83,1.3642692983642017,1.357129959145118,1.3633707354397364,1.362621394655242,200.77380615592875,201.64899067938595,201.61481569684855,0.005246827034093365,0.000897242914445987,0.0010667348553483507,0.0,0.0,147.94,201.83,1.3642692983642017,1.3571528448290298,1.3633707354397364,1.36272271032785,200.77719186400665,201.64899067938595,201.62980433745423,0.005229963880498108,0.000897242914445987,0.0009923946664511505
2026-04-15,150.3,205.23,1.3654690618762473,1.357129959145118,1.3634089885047125,1.3625237713551885,203.97663285951126,204.9146215365924,204.80199561668286,0.0061258589638746,0.00153788936392546,0.0020876641010538475,0.0,0.0,150.3,205.23,1.3654690618762473,1.3571528448290298,1.3634089885047125,1.3626000762781911,203.98007257780318,204.9146215365924,204.81722336227588,0.0061089958102792125,0.00153788936392546,0.0020133133631270693
2026-04-16,152.02,206.56,1.3587685830811735,1.357129959145118,1.3625873070455776,1.3620909334753244,206.31089638924087,207.26543443248642,207.13086372141578,0.0012066902422251504,-0.0034093366772374924,-0.0027598583088228393,0.0,0.0,152.02,206.56,1.3587685830811735,1.3571528448290298,1.3625873070455776,1.3621419412107363,206.3143754709091,207.26543443248642,207.14246359581063,0.0011898270886297935,-0.0034093366772374924,-0.0028158593768760685
2026-04-17,154.35,210.07,1.3609977324263038,1.357129959145118,1.3623682333141658,1.3619908526040443,209.47300919404896,210.3153508424849,210.2387355819163,0.0028459118412080112,-0.0011672665084592323,-0.0008029126054092767,0.0,0.0,154.35,210.07,1.3609977324263038,1.3571528448290298,1.3623682333141658,1.362016649041327,209.47654159936073,210.3153508424849,210.24660862587714,0.00282904868761263,-0.0011672665084592323,-0.000840360017406948
2026-04-20,154.56,210.43,1.3614777432712215,1.357129959145118,1.3621291089718919,1.3618852734360212,209.75800648546945,210.56763414103747,210.5093061784811,0.0031985400681112993,-0.0006538475980830275,-0.000376805768695803,0.0,0.0,154.56,210.43,1.3614777432712215,1.3571528448290298,1.3621291089718919,1.3618852734360214,209.76154369677485,210.56763414103747,210.5132932758275,0.0031816769145161248,-0.0006538475980830275,-0.00039574583201631194
2026-04-21,154.69,209.44,1.3539336737992114,1.357129959145118,1.3612276353418442,1.3613417234640612,209.9344333801583,210.70775186686194,210.6700329478181,-0.002357957805196595,-0.006034808986787549,-0.0058557823721730575,0.0,0.0,154.69,209.44,1.3539336737992114,1.3571528448290298,1.3612276353418442,1.3613417234640612,209.9379735666026,210.70775186686194,210.67003294781816,-0.002374820958791834,-0.006034808986787549,-0.00585578237217328
2026-04-22,158.09,214.13,1.3544816243911695,1.357129959145118,1.3603923621115421,1.361170101415166,214.54867524125171,215.19647687119215,215.21451306243344,-0.0019533296081838502,-0.004968149519097555,-0.005051958676733715,0.0,0.0,158.09,214.13,1.3544816243911695,1.3571528448290298,1.3603923621115421,1.361170101415166,214.5522932390213,215.19647687119215,215.21451306243344,-0.0019701927617790656,-0.004968149519097555,-0.005051958676733715
2026-04-23,155.84,211.56,1.3575462012320327,1.357129959145118,1.3598479747032468,1.361067007849976,211.4951328331752,212.00354571146272,212.1247486045395,0.0003066605853413416,-0.0020943533884405564,-0.0026658922270437913,0.0,0.0,155.84,211.56,1.3575462012320327,1.3571528448290298,1.3598479747032468,1.361067007849976,211.498699338156,212.00354571146272,212.1247486045395,0.0002897974317461591,-0.0020943533884405564,-0.0026658922270437913
2026-04-24,160.22,217.17,1.3554487579578078,1.357129959145118,1.359177733404651,1.3609111438610741,217.4393620542308,217.8748425069542,218.07015599772316,-0.0012395595320238407,-0.003240324007116028,-0.00413637054742272,0.0,0.0,160.22,217.17,1.3554487579578078,1.3571528448290298,1.359177733404651,1.3609111438610741,217.44302879850716,217.8748425069542,218.07015599772316,-0.0012564226856192527,-0.003240324007116028,-0.00413637054742272
2026-04-27,160.57,218.42,1.360279006040979,1.357129959145118,1.3592671682440347,1.3611564673158325,217.9143575399316,218.24316865278482,218.52150236977266,0.0023176844897763236,0.0008099210997214454,-0.0004646039391909862,0.0,0.0,160.57,218.42,1.360279006040979,1.3571528448290298,1.3592671682440347,1.3611564673158325,217.9180322941973,218.24316865278482,218.52150236977266,0.002300821336180874,0.0008099210997214454,-0.0004646039391909862
2026-04-28,157.85,215.31,1.3640164713335445,1.357129959145118,1.3592418855409691,1.3613063104903527,214.22296405105686,214.56032250732088,214.85854836580415,0.005061489387876788,0.00348792746766855,0.002098953080851705,0.0,0.0,157.85,215.31,1.3640164713335445,1.3571528448290298,1.3592418855409691,1.3613063104903527,214.22657655626233,214.56032250732088,214.85854836580415,0.0050446262342816045,0.00348792746766855,0.002098953080851705
2026-04-29,159.11,215.94,1.3571742819433095,1.357129959145118,1.3584124075476753,1.360910698026194,215.93294779957975,216.2689764084236,216.59744706212004,3.2658681016193e-05,-0.0015223028206787393,-0.0030399567616305303,0.0,0.0,159.11,215.94,1.3571742819433095,1.3571528448290298,1.3584124075476753,1.360910698026194,215.93658914074695,216.2689764084236,216.59744706212004,1.5795527420913418e-05,-0.0015223028206787393,-0.0030399567616305303
2026-04-30,159.5,218.11,1.367460815047022,1.357129959145118,1.3592816307442601,1.360934468894919,216.46222848364633,216.6667790038542,217.06525633517793,0.007583454740649212,0.006638929982995415,0.004801493912021835,0.0,0.0,159.5,218.11,1.367460815047022,1.3571528448290298,1.3592816307442601,1.360934468894919,216.46587875023025,216.6667790038542,217.06525633517793,0.007566591587053719,0.006638929982995415,0.004801493912021835
2026-05-01,161.87,221.01,1.3653549144375114,1.357129959145118,1.3597173489453809,1.3610427911297733,219.67862648682026,220.0269175685734,220.29446248002054,0.006042259698749967,0.004458057910512699,0.003242832139087054,0.0,0.0,161.87,221.01,1.3653549144375114,1.3571528448290298,1.3597173489453809,1.3610427911297733,219.68233099247504,220.0269175685734,220.29446248002054,0.006025396545154718,0.004458057910512699,0.003242832139087054
2026-05-04,162.05,221.03,1.3639617402036408,1.357129959145118,1.3599657486386227,1.3610474288052574,219.9229098794664,220.34219639659898,220.5569843025798,0.005021363605581541,0.003116662833633835,0.0021423452010555094,0.0,0.0,162.05,221.03,1.3639617402036408,1.3571528448290298,1.3599657486386227,1.3610474288052574,219.92661850454428,220.34219639659898,220.5569843025798,0.005004500451986321,0.003116662833633835,0.0021423452010555094
2026-05-05,165.63,225.18,1.3595363158848035,1.357129959145118,1.360526012847182,1.3608768240945133,224.7814351332059,225.25112694701508,225.4302856330148,0.0017715516927089086,-0.0003158171953539948,-0.0011108741488301628,0.0,0.0,165.63,225.18,1.3595363158848035,1.3571528448290298,1.360526012847182,1.3608768240945133,224.7852256890322,225.25112694701508,225.4302856330148,0.0017546885391134923,-0.0003158171953539948,-0.0011108741488301628
2026-05-06,170.03,232.12,1.3651708522025525,1.357129959145118,1.3615949356283203,1.3609936488699312,230.7528069534444,231.33023796440636,231.3898864007901,0.00590744153480034,0.003408188130554458,0.003150371651117991,0.0,0.0,170.03,232.12,1.3651708522025525,1.3571528448290298,1.3615949356283203,1.3609936488699312,230.75669820627994,231.33023796440636,231.3898864007901,0.00589057838120504,0.003408188130554458,0.003150371651117991
2026-05-07,169.69,232.26,1.368731215746361,1.357129959145118,1.3627134370797531,1.3612807058915,230.29138276733508,231.04904462676967,230.94701227673863,0.008512045114664179,0.005227431429730735,0.005669133691753385,0.0,0.0,169.69,232.26,1.368731215746361,1.3571528448290298,1.3627134370797531,1.3612807058915002,230.29526623903806,231.04904462676967,230.94701227673863,0.008495181961068876,0.005227431429730735,0.005669133691753385
2026-05-08,175.52,238.64,1.3596171376481312,1.357129959145118,1.3631302750487855,1.361154004226718,238.20345042915113,239.18346247623828,238.9319894980761,0.001830997961359993,-0.0022747426749006572,-0.001222808459794051,0.0,0.0,175.52,238.64,1.3596171376481312,1.3571528448290298,1.3631302750487855,1.361154004226718,238.20746732439133,239.18346247623828,238.93198949807612,0.0018141348077647475,-0.0022747426749006572,-0.001222808459794162
2026-05-11,177.88,240.04,1.3494490667865977,1.357129959145118,1.3620472811233475,1.3606572246836912,241.40627713273358,242.47361332567795,242.1220742718486,-0.005675735239396409,-0.010087317307744259,-0.008636461988591804,0.0,0.0,177.88,240.04,1.3494490667865977,1.3571528448290298,1.3620472811233473,1.3606572246836912,241.4103480381878,242.47361332567795,242.1220742718486,-0.005692598392991678,-0.010087317307744259,-0.008636461988591804
2026-05-12,175.2,237.07,1.3531392694063928,1.357129959145118,1.3609595609306322,1.3601007232358007,237.76916884222467,238.63068365281046,238.3871457645827,-0.002944868045362849,-0.006561643933102541,-0.005540558789660869,0.0,0.0,175.2,237.07,1.3531392694063928,1.3571528448290298,1.3609595609306322,1.3601007232358007,237.773178414046,238.63068365281043,238.3871457645827,-0.0029617311989580454,-0.006561643933102429,-0.005540558789660869
2026-05-13,176.85,240.66,1.3608142493638677,1.357129959145118,1.361323557672688,1.3598679826101816,240.0084332748141,240.6856983505823,240.53381290425133,0.002711087640314165,-0.0001067771071593234,0.0005244751501671177,0.0,0.0,176.85,240.66,1.3608142493638677,1.3571528448290298,1.361323557672688,1.3598679826101816,240.0124806080139,240.6856983505823,240.53381290425133,0.002694224486718773,-0.0001067771071593234,0.0005244751501671177
2026-05-14,179.5,243.06,1.3540947075208913,1.357129959145118,1.359986946920075,1.3596342888321675,243.6048276665487,244.35757860224751,244.0963028785276,-0.002239027203892146,-0.0053243121485799134,-0.004254504911725794,0.0,0.0,179.5,243.06,1.3540947075208913,1.3571528448290298,1.359986946920075,1.3596342888321677,243.60893564681083,244.35757860224751,244.0963028785276,-0.002255890357487454,-0.0053243121485799134,-0.004254504911725794
2026-05-15,176.26,238.8,1.35481674798593,1.357129959145118,1.358933130274917,1.359325239610149,239.2077265989185,239.7112992641324,239.64913974955783,-0.0017059418712801542,-0.0038088980020822647,-0.003549554469057785,0.0,0.0,176.26,238.8,1.35481674798593,1.3571528448290298,1.358933130274917,1.359325239610149,239.21176042956478,239.7112992641324,239.64913974955786,-0.0017228050248753735,-0.0038088980020822647,-0.0035495544690578966
2026-05-18,174.36,236.39,1.3557582014223444,1.357129959145118,1.3581127763967873,1.359039262517705,236.6291796765428,236.94358059473456,237.0119487784256,-0.0010112896356151981,-0.002339072780078973,-0.0026275731980640016,0.0,0.0,174.36,236.39,1.3557582014223444,1.3571528448290298,1.358112776396787,1.359039262517705,236.63317002438964,236.94358059473456,237.0119487784256,-0.001028152789210408,-0.002339072780078973,-0.0026275731980640016
2026-05-19,173.24,234.56,1.353959824520896,1.357129959145118,1.3575551272603963,1.3590405700537893,235.10919412230027,235.27945738297944,235.43996183856723,-0.0023386433663521063,-0.003062569284080425,-0.003744523141321326,0.0,0.0,173.24,234.56,1.353959824520896,1.3571528448290298,1.3575551272603963,1.3590405700537893,235.11315883818114,235.27945738297942,235.43996183856723,-0.0023555065199474304,-0.0030625692840803138,-0.003744523141321326
2026-05-20,177.14,239.33,1.351078243197471,1.357129959145118,1.3561458663598884,1.3588704009941044,240.40200096296618,240.47731524290657,240.74044657932822,-0.004469173393126317,-0.004782409076251241,-0.005876015270877587,0.0,0.0,177.14,239.33,1.351078243197471,1.3571528448290298,1.3561458663598882,1.3588704009941044,240.4060549330143,240.47731524290657,240.74044657932822,-0.0044860365467216095,-0.004782409076251241,-0.005876015270877587
2026-05-21,178.6,240.08,1.3442329227323628,1.357129959145118,1.3536960370584885,1.3582047370691208,242.38341070331808,242.20765173187607,242.69425361754705,-0.009548613028499714,-0.008823222105003605,-0.010830234424991685,0.0,0.0,178.6,240.08,1.3442329227323628,1.3571528448290298,1.3536960370584885,1.3582047370691208,242.38749808646472,242.207651731876,242.69425361754705,-0.009565476182095045,-0.008823222105003381,-0.010830234424991685
2026-05-22,180.39,241.77,1.340262764011309,1.357129959145118,1.3517605996948063,1.357445437371796,244.81267333018783,244.19322812498072,245.0065525198987,-0.012506458433270057,-0.009972969431632474,-0.013298094161735092,0.0,0.0,180.39,241.77,1.340262764011309,1.3571528448290298,1.3517605996948063,1.357445437371796,244.81680167870866,244.19322812498072,245.0065525198987,-0.012523321586865385,-0.009972969431632474,-0.013298094161735092
2026-05-26,185.14,247.42,1.336394080155558,1.357129959145118,1.3504551010317023,1.3562511910775248,251.25904063612714,250.26495742749643,251.31744827501427,-0.015397143922592458,-0.011432888914538409,-0.015629576757947017,0.0,0.0,185.14,247.42,1.336394080155558,1.3571528448290298,1.3504551010317023,1.3562511910775248,251.26327769164655,250.26495742749643,251.31744827501427,-0.015414007076187761,-0.011432888914538409,-0.015629576757947017
2026-05-27,184.43,246.33,1.335628693813371,1.357129959145118,1.3487040434724,1.3548318022015162,250.29547836513413,249.06443428327685,250.13340717042792,-0.015970033024120305,-0.011039534822139338,-0.015322303825997636,0.0,0.0,184.43,246.33,1.335628693813371,1.3571528448290298,1.3487040434724,1.3548318022015162,250.29969917181796,249.06443428327685,250.13340717042792,-0.015986896177715613,-0.011039534822139338,-0.015322303825997636
2026-05-28,186.85,249.53,1.3354562483275354,1.357129959145118,1.346168243368767,1.3537459005207275,253.5797328662653,252.00535052281793,253.1503222413533,-0.016099153205477532,-0.009871171075199026,-0.014404322897418814,0.0,0.0,186.85,249.53,1.3354562483275354,1.3571528448290298,1.346168243368767,1.3537459005207275,253.5840090563042,252.00535052281793,253.1503222413533,-0.016116016359072907,-0.009871171075199026,-0.014404322897418814
2026-05-29,191.02,252.92,1.3240498377133283,1.357129959145118,1.3431637563880106,1.3515753516540427,259.2389647959005,257.14505784830186,258.59254191746936,-0.024677047134392,-0.016567119900859958,-0.022180392505120813,0.0,0.0,191.02,252.92,1.3240498377133283,1.3571528448290298,1.3431637563880106,1.3515753516540427,259.2433364192413,257.14505784830186,258.59254191746936,-0.024693910287987356,-0.016567119900859958,-0.022180392505120813
2026-06-01,195.76,257.97,1.3177870862280345,1.357129959145118,1.339460790212221,1.349196960243569,265.6717608022483,262.9377369505169,264.5843908397954,-0.02941826576171396,-0.01907396342611007,-0.025316959314706466,0.0,0.0,195.76,257.97,1.3177870862280345,1.3571528448290298,1.339460790212221,1.349196960243569,265.67624090373084,262.9377369505169,264.5843908397954,-0.029435128915309305,-0.01907396342611007,-0.025316959314706466
2026-06-02,198.21,259.94,1.3114373644114827,1.357129959145118,1.3350287065111348,1.346570741453961,268.99672920215386,265.49452322796435,267.42432948987783,-0.034248385274674525,-0.02114337717252767,-0.028385810752736447,0.0,0.0,198.21,259.94,1.3114373644114827,1.3571528448290298,1.3350287065111348,1.346570741453961,269.001265373562,265.49452322796435,267.42432948987783,-0.0342652484282697,-0.02114337717252767,-0.028385810752736447
2026-06-03,196.23,257.56,1.3125414054935536,1.357129959145118,1.3308868646084009,1.3442209959343985,266.3096118830465,261.97268307867995,264.23757659551075,-0.03340688368946106,-0.016987532596870126,-0.02559590714551345,0.0,0.0,196.23,257.56,1.3125414054935536,1.3571528448290298,1.3308868646084009,1.3442209959343985,266.3141027408005,261.97268307867995,264.23757659551075,-0.033423746843056365,-0.016987532596870126,-0.02559590714551345
2026-06-04,193.17,256.42,1.3274317958275097,1.357129959145118,1.3285222198714046,1.3423340431156463,262.1567942080624,257.0874156364048,259.6631697846477,-0.022126050811859862,-0.0025994405996776974,-0.01256856517603606,0.0,0.0,193.17,256.42,1.3274317958275097,1.3571528448290298,1.3285222198714046,1.3423340431156463,262.1612150356237,257.0874156364048,259.6631697846477,-0.022142913965455324,-0.0025994405996776974,-0.01256856517603606
2026-06-05,180.3,241.25,1.3380476982806433,1.357129959145118,1.3279036974262326,1.3407998672423604,244.6905316338648,239.53255624281428,242.02282797375105,-0.014160535708389092,0.007144398398349903,-0.003198311958797682,0.0,0.0,180.3,241.25,1.3380476982806433,1.3571528448290298,1.3279036974262326,1.3407998672423604,244.69465792267408,239.53255624281428,242.02282797375105,-0.014177398861984422,0.007144398398349903,-0.003198311958797682
2026-06-08,184.18,245.13,1.330926267781518,1.357129959145118,1.3269700478032536,1.3393653237490297,249.95619587534785,244.57330299196352,246.94851954869796,-0.019497003946708093,0.002273610345066074,-0.007391209960419216,0.0,0.0,184.18,245.13,1.330926267781518,1.3571528448290298,1.3269700478032536,1.3393653237490297,249.96041096061072,244.57330299196352,246.94851954869796,-0.019513867100303423,0.002273610345066074,-0.007391209960419216
2026-06-09,180.77,241.08,1.3336283675388616,1.357129959145118,1.3266934765415839,1.3385742887866432,245.328382714663,239.87637554139417,242.11706957411212,-0.01746882209013248,0.005005139894274014,-0.004292539139099995,0.0,0.0,180.77,241.08,1.3336283675388616,1.3571528448290298,1.3266934765415839,1.3385742887866432,245.33251975974372,239.87637554139417,242.11706957411212,-0.01748568524372773,0.005005139894274014,-0.004292539139099995
2026-06-10,176.63,235.4,1.3327294344109155,1.357129959145118,1.3264035506013383,1.3375537970368692,239.70986468380218,234.33386876153995,236.4323766283848,-0.01814310005938852,0.004539306786345604,-0.004376038300879679,0.0,0.0,176.63,235.4,1.3327294344109155,1.3571528448290298,1.3264035506013383,1.3375537970368692,239.7139069821515,234.33386876153995,236.4323766283848,-0.018159963212983833,0.004539306786345604,-0.004376038300879679
2026-06-11,183.21,243.35,1.3282571912013537,1.357129959145118,1.3256836448887201,1.3359259441287434,248.6397798149771,243.0103945056712,245.05323115512482,-0.021504445341902694,0.0013965181102678955,-0.0069747206864686365,0.0,0.0,183.21,243.35,1.3282571912013537,1.3571528448290298,1.32568364488872,1.3359259441287434,248.64397270112656,243.0103945056712,245.05323115512482,-0.021521308495498003,0.0013965181102678955,-0.0069747206864686365
2026-06-12,184.8,244.83,1.3248376623376623,1.357129959145118,1.3257624273511535,1.3344630918695821,250.7976164500178,244.9863375754355,246.8791144749918,-0.02408221277653531,-0.0006383518423179907,-0.008334709595059957,0.0,0.0,184.8,244.83,1.3248376623376623,1.3571528448290298,1.3257624273511535,1.3344630918695821,250.80184572440473,244.98633757543547,246.8791144749918,-0.024099075930130765,-0.0006383518423178796,-0.008334709595059957
2026-06-15,191.79,253.97,1.3242087700088638,1.357129959145118,1.3264045957292363,1.3329326929707288,260.2839548644422,254.26797594167772,255.93667638966716,-0.02455701935820504,-0.0011725844581666844,-0.0077139062219474044,0.0,0.0718,191.79,254.0418,1.3245831378069763,1.3571528448290298,1.3264420325090476,1.3329514113606344,260.28834410975963,254.26797594167772,255.93667638966716,-0.024291211910534568,-0.0008899138569008836,-0.007431235620681428
2026-06-16,186.44,248.07,1.3305621111349495,1.357129959145118,1.328317070401583,1.331672888456359,253.0233095830158,247.2948728277588,248.51197127746266,-0.019770652820567884,0.0031295226907939525,-0.0017800541289404545,0.0,0.0718,186.44,248.1418,1.3309472216262603,1.3571528448290298,1.3283930182305255,1.3317108623708303,253.0275763899243,247.30185254098683,248.51546113407667,-0.01949812341839943,0.0033906913911600787,-0.0015047044866517611
2026-06-17,185.8,246.39,1.3261033369214208,1.357129959145118,1.3296732635443695,1.3302800640763852,252.15474640916295,246.80131168061413,247.4248226751915,-0.0231273256777405,-0.0016679603481717668,-0.004191142681238646,0.0,0.0718,185.8,246.46179999999998,1.3264897739504842,1.3571528448290298,1.3297878550762186,1.3303373598423096,252.15899856923375,246.81542278723165,247.43187822850027,-0.022852823351863203,-0.0014337692132302524,-0.00392829274291721
2026-06-18,191.44,253.57,1.3245403259506896,1.357129959145118,1.3293841165566878,1.328953168214046,259.8089593787414,254.55264957293411,254.66881546678317,-0.024306670282814705,-0.0038677701093118525,-0.004324019124090226,0.0,0.0718,191.44,253.6418,1.324915378186377,1.3571528448290298,1.3295362133121051,1.329029216591755,259.81334061406943,254.57458697579128,254.67978416821174,-0.024040416992827197,-0.0036708301705237205,-0.004083972206714544
2026-06-22,192.15,253.28,1.318136872235233,1.357129959145118,1.3273930339521467,1.3276483656891895,260.7725216497344,255.44115799636756,255.35835127232897,-0.02915286659636364,-0.00849648560354106,-0.008172261624224558,0.0,0.0,192.15,253.28,1.318136872235233,1.3571528448290298,1.327545130707564,1.3277244140668985,260.77691913389805,255.470383387921,255.37296396810572,-0.02916972974995897,-0.008610890502307365,-0.008229484259080487
2026-06-23,184.19,243.37,1.3212986589934308,1.357129959145118,1.326430273073338,1.3267001604382958,249.96976717493928,244.4925229236459,244.53955247629182,-0.0267570601952242,-0.004601808303932822,-0.004794145596951652,0.0,0.0,184.19,243.37,1.3212986589934308,1.3571528448290298,1.3265823698287555,1.3267762088160044,249.97398248905898,244.52053762502624,244.55355982698202,-0.026773923348819513,-0.004716384799618037,-0.004851424468159068
2026-06-24,183.05,242.19,1.3230811253755803,1.357129959145118,1.32537554885701,1.3260345126992967,248.42263902151387,242.8030614860745,242.85246436823005,-0.025408943209424276,-0.002528126116789593,-0.002731574362288437,0.0,0.0,183.05,242.19,1.3230811253755803,1.3571528448290298,1.3255276456124274,1.3261105610770056,248.4268282459539,242.83090279715373,242.86638502376962,-0.02542580636301958,-0.0026427857705921087,-0.0027888941700777107
2026-06-25,184.57,243.99,1.3219374762962564,1.357129959145118,1.324296353045544,1.325349951823441,250.48547655941442,244.62456505253834,244.7461900089092,-0.02627370019061902,-0.002597406850649319,-0.0030944735740573567,0.0,0.0,184.57,243.99,1.3219374762962564,1.3571528448290298,1.3244484498009614,1.3254260002011498,250.48970057009402,244.6526375506857,244.76022625798294,-0.02629056334421441,-0.002712157744534356,-0.0031518221546321767
2026-06-26,181.11,239.66,1.3232841919275578,1.357129959145118,1.3237990531181645,1.324741349003442,245.78980690077233,239.8433125000785,240.03412977474343,-0.02525547494028672,-0.0007645932957298416,-0.001559868371871999,0.0,0.0,181.11,239.66,1.3232841919275578,1.3571528448290298,1.3239511498735819,1.324817397381151,245.7939517269856,239.87085874345215,240.04790289643026,-0.02527233809388215,-0.000879437697063819,-0.0016172465729014202
2026-06-29,185.41,246.21,1.3279219028099887,1.357129959145118,1.3241074771653971,1.3249349522582752,251.62546572509632,245.44558243863887,245.6202935187282,-0.021756904518244753,0.0031095677731356993,0.002398009116691412,0.0,0.0,185.41,246.21,1.3279219028099887,1.3571528448290298,1.3242595739208145,1.325011000635984,251.62970895975042,245.4737826980608,245.63439364843921,-0.021773767671840152,0.002994680231695497,0.002340604556152039
2026-06-30,190.52,252.23,1.3239030023094687,1.357129959145118,1.3240769003954576,1.325240748062347,258.5603998163279,252.26895654955146,252.4266071042466,-0.02478795198268888,-0.00015443659148603098,-0.0007791718623148657,0.0,0.0,190.52,252.23,1.3239030023094687,1.3571528448290298,1.3241915603710637,1.3253167964400556,258.56475999682675,252.2979340233936,252.4410958411677,-0.024804815136284134,-0.00026929737373477126,-0.0008365680349776986
2026-07-01,185.62,248.75,1.3401034371296197,1.357129959145118,1.3250310329949246,1.3266740516982538,251.91046301651681,245.77515425140484,245.99118765533285,-0.01262534284675747,0.012031265173644454,0.01115266328727924,0.0,0.0,185.62,248.75,1.3401034371296197,1.3571528448290298,1.3251071819213995,1.3267501000759627,251.9147110571645,245.79643743607684,246.00530375520313,-0.012642206000352764,0.01194467276250753,0.011095280358251901
2026-07-02,180.59,243.48,1.348247411263082,1.357129959145118,1.3272454404290905,1.3284593519867303,245.08409932201687,239.28735424855344,239.58406699618766,-0.00656661055674106,0.01736965486931162,0.01613043794200469,0.0,0.0,180.59,243.48,1.348247411263082,1.3571528448290298,1.3272829456526594,1.328535400364439,245.08823224767448,239.30110598318555,239.5978005727181,-0.006583473710336405,0.017312186978718377,0.01607311700620262
2026-07-06,183.57,247.39,1.3476602930762107,1.357129959145118,1.3295574371416428,1.3294707768491654,249.1283466002693,243.64244549956814,243.86528324420408,-0.007002173091176868,0.015264275503268577,0.014350083801201369,0.0,0.0,183.57,247.39,1.3476602930762107,1.3571528448290298,1.3295574371416428,1.329546825226874,249.13254772526497,243.64933033345866,243.87924344490006,-0.0070190362447720665,0.015236017961350459,0.014292839896099767
2026-07-07,179.18,243.28,1.3577408192878668,1.357129959145118,1.333517831846906,1.3304554328995264,243.17054607962226,238.23010158703957,238.21457379583347,0.00045001048146412327,0.020976023369760722,0.02104120529754326,0.0,0.0,179.18,243.28,1.3577408192878668,1.3571528448290298,1.333517831846906,1.330531481277235,243.17464673646555,238.23010158703957,238.22820014415132,0.00043314732786876316,0.020976023369760722,0.020984004940787424
2026-07-08,181.4,245.1,1.3511576626240351,1.357129959145118,1.3365037322099664,1.3314670026416524,246.1833745889244,241.90013469702876,241.3446155279741,-0.004410392865182177,0.01314131608885323,0.015440438483873564,0.0,0.0,181.4,245.1,1.3511576626240351,1.3571528448290298,1.3365037322099664,1.331543051019361,246.187526051986,241.90013469702876,241.35841070369045,-0.0044272560187775195,0.01314131608885323,0.015383280459289378
2026-07-09,185.35,249.28,1.3449150256271918,1.357129959145118,1.3386871222351278,1.3320313355460687,251.5440379275476,247.72096676511728,246.78740893963027,-0.009041312632570572,0.00627378396747719,0.010049489215013724,0.0,0.0,185.35,249.28,1.3449150256271918,1.3571528448290298,1.3386871222351278,1.3321073839237774,251.54827978906067,247.72096676511728,246.80150450643856,-0.009058175786165957,0.00627378396747719,0.0099923746144699
2026-07-10,185.78,250.08,1.3461083001399505,1.357129959145118,1.3411042046194972,1.3327002788325206,252.12760380998003,248.70129356884203,247.46478151774863,-0.00815445700442106,0.005528314555090673,0.010512591687571043,0.0,0.0,185.78,250.08,1.3461083001399505,1.3571528448290298,1.3411042046194972,1.332776327210229,252.13185551233715,248.70129356884203,247.47890978535935,-0.00817132015801632,0.005528314555090673,0.01045550128370168
2026-07-13,181.28,244.77,1.3502316857899384,1.357129959145118,1.3437989540057351,1.3337990035619498,246.020518993827,243.11537021342247,241.59190654675933,-0.0050959488890904925,0.0067828888972088445,0.013069028001828228,0.0,0.0,181.28,244.77,1.3502316857899384,1.3571528448290298,1.3437989540057351,1.3338750519396585,246.0246677106065,243.11537021342247,241.60569259667034,-0.005112812042685684,0.0067828888972088445,0.0130119662534289
2026-07-14,183.62,248.19,1.3516501470428057,1.357129959145118,1.3461717784290168,1.335139627797207,249.1962030982266,246.7483639345331,244.91217303404522,-0.004045968563565583,0.005825534036411112,0.013294913005921673,0.0,0.0,183.62,248.19,1.3516501470428057,1.3571528448290298,1.3461717784290168,1.3352156761749157,249.20040536750645,246.7483639345331,244.9261370371601,-0.004062831717160854,0.005825534036411112,0.013237898261131295
2026-07-15,181.58,248.45,1.368267430333737,1.357129959145118,1.3506082212314436,1.3373425608134508,246.42765798157055,244.43787152714089,242.43465361541686,0.008173144386505586,0.01628044560681393,0.02450941361140235,0.0,0.0,181.58,248.45,1.368267430333737,1.3571528448290298,1.3506082212314439,1.3373998908012537,246.43181356405523,244.43787152714089,242.4484624798412,0.008156281232910154,0.01628044560681393,0.024452456113936684
2026-07-16,177.52,242.7,1.367169896349707,1.357129959145118,1.3533148671534527,1.3391729500741885,240.91771034744136,239.7599714330059,237.4050513956038,0.007370688390004324,0.012187808872445452,0.022058352790084817,0.0,0.0,177.52,242.7,1.367169896349707,1.3571528448290298,1.3533148671534525,1.339211024537426,240.92177301404936,239.75997143300592,237.41522861503856,0.007353825236409153,0.012187808872445234,0.022015485120506415
2026-07-17,175.59,239.24,1.3624921692579304,1.357129959145118,1.3547393429529373,1.340992391691014,238.29844952629128,237.62855752347477,235.14537830352677,0.003943354486904315,0.006758460313181678,0.017263278226684803,0.0,0.0,175.59,239.24,1.3624921692579304,1.3571528448290298,1.354739342952937,1.3410111443027983,238.30246802352934,237.62855752347474,235.15206379852663,0.003926491333308839,0.006758460313181898,0.017234847304456444
2026-07-20,175.71,239.97,1.3657162369813898,1.357129959145118,1.3565449373434553,1.343051187242549,238.4613051213887,238.04124995026064,235.62577314402807,0.0063068610408268284,0.008069937756646502,0.018269076084083808,0.0,0.0,175.71,239.97,1.3657162369813898,1.3571528448290298,1.3565449373434553,1.343051187242549,238.46532636490883,238.04124995026058,235.6290681654447,0.006289997887231441,0.008069937756646722,0.018255092051972767
2026-07-21,180.78,244.45,1.3521960393848875,1.357129959145118,1.3559904593531573,1.3447541456000318,245.34195401425444,245.23619377294983,242.79679362970802,-0.003642179063823117,-0.003211013332450577,0.006785935734960029,0.0,0.0,180.78,244.45,1.3521960393848875,1.3571528448290298,1.355990459353157,1.3447541456000318,245.346091288192,245.23619377294983,242.79679362970802,-0.003659042217418486,-0.003211013332450577,0.006785935734960029
2026-07-22,180.27,243.28,1.349531258667554,1.357129959145118,1.3558278189575093,1.346165775583738,244.64981773509044,244.44440010759368,242.41882982731775,-0.005614829363049884,-0.0047748372630363,0.0035461113851810774,0.0,0.0,180.27,243.28,1.349531258667554,1.3571528448290298,1.355827818957509,1.346165775583738,244.6539433373292,244.44440010759365,242.41882982731775,-0.005631692516645197,-0.004774837263036188,0.0035461113851810774
2026-07-23,178.45,238.54,1.3367329784253292,1.357129959145118,1.3550096142373227,1.3468483682362256,242.1798412094463,241.9474742929675,240.22328265291802,-0.015143584503859194,-0.014183643071588386,-0.007031824076517184,0.0,0.0,178.45,238.54,1.3367329784253292,1.3571528448290298,1.355009614237323,1.3468483682362256,242.18392515974034,241.94747429296748,240.22328265291802,-0.015160447657454446,-0.014183643071588273,-0.007031824076517184
2026-07-24,175.88,236.08,1.342278826472595,1.357129959145118,1.3546266668705873,1.3478654357450424,238.69201721444335,238.31909095206032,236.88369100538733,-0.011003359396138172,-0.009439763362515403,-0.003398534789145965,0.0,0.0,175.88,236.08,1.342278826472595,1.3571528448290298,1.3546266668705873,1.3478654357450424,238.69604234852974,238.31909095206035,236.88369100538733,-0.011020222549733465,-0.009439763362515514,-0.003398534789145965
2026-07-27,174.3,235.05,1.3485370051635113,1.357129959145118,1.3544571988079448,1.3491280764068398,236.5477518789941,236.11142803554338,234.9329454503609,-0.006351840774048551,-0.004505588819441159,0.0004981225518610305,0.0,0.0,174.3,235.05,1.3485370051635113,1.3571528448290298,1.3544571988079448,1.3491280764068398,236.5517408536999,236.11142803554338,234.9329454503609,-0.006368703927643867,-0.004505588819441159,0.0004981225518610305
2026-07-28,171.09,232.2,1.35718043135192,1.357129959145118,1.355010227238856,1.3505910028339365,232.19136471013826,231.73408214405129,230.82232259244623,3.7189709021131926e-05,0.0020085526393428888,0.005950820968608208,0.0,0.0,171.09,232.2,1.35718043135192,1.3571528448290298,1.3550102272388562,1.3505910028339365,232.1952802217987,231.73408214405129,230.82232259244623,2.032655542575244e-05,0.0020085526393428888,0.005950820968608208
2026-07-29,166.57,227.34,1.3648316023293512,1.357129959145118,1.3546666444384177,1.3526374328349307,226.0571372948023,225.70405355117623,224.96794334204878,0.005658907051335383,0.007222050688614646,0.010488776239872523,0.0,0.0,166.57,227.34,1.3648316023293512,1.3571528448290298,1.3546666444384177,1.3526374328349307,226.0609493631715,225.70405355117626,224.96794334204878,0.005642043897739913,0.007222050688614646,0.010488776239872523
2026-07-30,175.73,236.96,1.348432254026063,1.357129959145118,1.3527928802060531,1.3530538736797528,238.48844772057157,238.05556942716314,237.69897607208236,-0.00642952140547883,-0.004612780886688683,-0.003113716189431975,0.0,0.0,175.73,236.96,1.348432254026063,1.3571528448290298,1.3527928802060534,1.3530538736797528,238.4924694218054,238.05556942716314,237.69897607208236,-0.006446384559074255,-0.004612780886688683,-0.003113716189431975
2026-07-31,175.35,238.04,1.3575135443398916,1.357129959145118,1.3522950177142492,1.3535171803335933,237.97273833609643,237.2122315441314,237.25799674974465,0.00028260447225136913,0.0034834946076590773,0.0032905838494025064,0.0,0.0,175.35,238.04,1.3575135443398916,1.3571528448290298,1.3522950177142494,1.3535171803335933,237.97675134077036,237.21223154413144,237.25799674974465,0.00026574131865599504,0.003483494607658856,0.0032905838494025064
2026-08-03,178.04,243.68,1.3686811952370255,1.357129959145118,1.3525915135398128,1.3545682254416342,241.6234179261968,240.7626049538449,240.98019878659292,0.008475499280985515,0.012044482813881707,0.01114112174296985,0.0,0.0,178.04,243.68,1.3686811952370255,1.3571528448290298,1.352591513539813,1.354568225441634,241.62749249336045,240.76260495384497,240.98019878659292,0.008458636127390125,0.012044482813881489,0.01114112174296985
2026-08-04,186.9,253.55,1.3566078116639915,1.357129959145118,1.3530326907677233,1.3545115750604402,253.64758936422257,252.799353880591,253.16880133504145,-0.00038481793870185586,0.0029649358236845,0.0015045770390434486,0.0,0.0,186.9,253.55,1.3566078116639915,1.3571528448290298,1.3530326907677233,1.3545115750604402,253.65186669854566,252.79935388059107,253.1688013350414,-0.0004016810922971805,0.0029649358236842785,0.0015045770390436704
2026-08-05,185.91,251.27,1.351567962992846,1.357129959145118,1.3532363612002523,1.3545320900788809,252.3040307046689,251.54230754062743,251.81724691948642,-0.004106773165073588,-0.001083138034475164,-0.0021755555867596435,0.0,0.0,185.91,251.27,1.351567962992846,1.3571528448290298,1.3532363612002523,1.3545320900788809,252.3082853821649,251.54230754062743,251.81724691948642,-0.004123636318668879,-0.001083138034475164,-0.0021755555867596435
2026-08-06,185.33,250.59,1.3521286354071116,1.357129959145118,1.3547759268984307,1.3548927705678768,251.51689532836474,250.79529482124278,251.035432254319,-0.0036920280915070675,-0.0008189104660071204,-0.0017759560929453003,0.0,0.0,185.33,250.59,1.3521286354071116,1.3571528448290298,1.3547759268984307,1.3548927705678768,251.5211367321641,250.79529482124278,251.035432254319,-0.0037088912451023943,-0.0008189104660071204,-0.0017759560929453003
2026-08-07,187.97,254.05,1.3515454593818164,1.357129959145118,1.355702590189353,1.35516462852997,255.09971842050783,254.65723097909802,254.6791940836438,-0.004123423306975844,-0.002387350643063498,-0.002473592676731986,0.0,0.0,187.97,254.05,1.3515454593818164,1.3571528448290298,1.355702590189353,1.35516462852997,255.10402024251272,254.65723097909802,254.6791940836438,-0.004140286460571201,-0.002387350643063498,-0.002473592676731986
2026-08-10,186.32,252.38,1.3545513095749249,1.357129959145118,1.3563040206304942,1.3553806097192196,252.8604539879184,252.59450660408024,252.49427358770401,-0.0019018830695338015,-0.000849574044539165,-0.0004526813729025874,0.0,0.0,186.32,252.38,1.3545513095749249,1.3571528448290298,1.3563040206304942,1.3553806097192194,252.8647180485448,252.59450660408024,252.49427358770401,-0.0019187462231290491,-0.000849574044539165,-0.0004526813729025874
2026-08-11,186.09,251.02,1.3489171906066957,1.357129959145118,1.3554776965559718,1.355243961897414,252.54831409731503,252.39461519912865,252.22277766264958,-0.00606995613904852,-0.005461178813866863,-0.004780118091220417,0.0,0.0,186.09,251.02,1.3489171906066957,1.3571528448290298,1.3554776965559716,1.355243961897414,252.55257289423415,252.39461519912865,252.22277766264955,-0.006086819292643851,-0.005461178813866863,-0.004780118091220306
2026-08-12,188.86,253.08,1.340040241448692,1.357129959145118,1.3529985604679058,1.3538326024531617,256.30756408414703,255.99551777156086,255.9513746439456,-0.012672501274452547,-0.011454291342759286,-0.01128183936237371,0.0,0.0,188.86,253.08,1.340040241448692,1.3571528448290298,1.3529985604679058,1.3538326024531617,256.3118862744106,255.99551777156083,255.9513746439456,-0.012689364428047802,-0.011454291342759174,-0.01128183936237371
2026-08-13,190.77,256.59,1.3450228023274098,1.357129959145118,1.3526576152980403,1.3527252477520468,258.8996823061142,258.1115353804624,258.27064556998965,-0.008961179404839046,-0.005912318918987408,-0.006528568667457771,0.0,0.0,190.77,256.59,1.3450228023274098,1.3571528448290298,1.3526576152980403,1.3527252477520468,258.904048208034,258.1115353804624,258.27064556998965,-0.008978042558434244,-0.005912318918987408,-0.006528568667457771
2026-08-14,190.01,255.5,1.3446660702068314,1.357129959145118,1.3513728678847345,1.3518339427994919,257.86826353716384,257.0184734827806,257.0313243253664,-0.00922643842889412,-0.005925553924082668,-0.00597555235864408,0.0,0.0,190.01,255.5,1.3446660702068314,1.3571528448290298,1.3513728678847343,1.3518339427994919,257.87261204596393,257.0184734827806,257.0313243253664,-0.009243301582489497,-0.005925553924082668,-0.00597555235864408
