date,XLRE,IYR,IYR/XLRE,IYR/XLRE avg,IYR/XLRE 10 dma,IYR/XLRE 20 dma,XLRE avg,XLRE 10 dma,XLRE 20 dma,avg diff,10 dma diff,20 dma diff,XLRE div,IYR div,XLRE*,IYR*,IYR*/XLRE*,IYR*/XLRE* avg,IYR*/XLRE* 10 dma,IYR*/XLRE* 20 dma,XLRE* avg,XLRE* 10 dma,XLRE* 20 dma,avg diff*,10 dma diff*,20 dma diff*
2026-01-02,40.38,93.99,2.327637444279346,2.3160735817361386,,,,,,,,,0.0,0.0,40.38,93.99,2.327637444279346,2.3165395559990167,,,,,,,,
2026-01-05,40.43,94.13,2.328221617610685,2.3160735817361386,,,93.63885490959208,,,0.0052313916571517126,,,0.0,0.0,40.43,94.13,2.328221617610685,2.3165395559990167,,,93.65769424904025,,,0.005030220417250754,,
2026-01-06,40.7,94.79,2.328992628992629,2.3160735817361386,,,94.26419477666084,,,0.005562495767103412,,,0.0,0.0,40.7,94.79,2.328992628992629,2.3165395559990167,,,94.28315992915999,,,0.005361324527202328,,
2026-01-07,40.14,93.78,2.336322869955157,2.3160735817361386,,,92.96719357088861,,,0.008704940043950449,,,0.0,0.0,40.14,93.78,2.336322869955157,2.3165395559990167,,,92.98589777780053,,,0.008503768804049714,,
2026-01-08,40.44,94.58,2.338773491592483,2.3160735817361386,,,93.66201564540944,,,0.009753312814161523,,,0.0,0.0,40.44,94.58,2.338773491592483,2.3165395559990167,,,93.68085964460023,,,0.00955214157426046,,
2026-01-09,40.5,94.74,2.339259259259259,2.3160735817361386,,,93.80098006031362,,,0.009960993133814603,,,0.0,0.0,40.5,94.74,2.339259259259259,2.3165395559990167,,,93.81985201796017,,,0.009759821893913683,,
2026-01-12,40.62,94.89,2.336041358936485,2.3160735817361386,,,94.07890889012195,,,0.008584439584130793,,,0.0,0.0,40.62,94.89,2.336041358936485,2.3165395559990167,,,94.09783676468005,,,0.008383268344230144,,
2026-01-13,40.93,95.43,2.3315416564866847,2.3160735817361386,,,94.79689170046015,,,0.006656373675553238,,,0.0,0.0,40.93,95.43,2.3315416564866847,2.3165395559990167,,,94.81596402703975,,,0.006455202435652346,,
2026-01-14,41.39,96.35,2.327856970282677,2.3160735817361386,,,95.86228554805878,,,0.005074758850436547,,,0.0,0.0,41.39,96.35,2.327856970282677,2.3165395559990167,,,95.8815722227993,,,0.004873587610535817,,
2026-01-15,41.7,97.03,2.3268585131894484,2.3160735817361386,2.3321505810584853,,96.58026835839699,,,0.004645749983154505,,,0.0,0.0,41.7,97.03,2.3268585131894484,2.3165395559990167,2.3321505810584853,,96.59969948515901,,,0.004444578743253704,,
2026-01-16,42.21,98.31,2.3290689410092393,2.3160735817361386,2.3322937307314744,,97.76146588508242,98.44007602647866,,0.005595261335127905,-0.0013222464565912843,,0.0,0.0,42.21,98.31,2.3290689410092393,2.3165395559990167,2.3322937307314744,,97.7811346587185,98.44007602647866,,0.005394090095226926,-0.0013222464565912843,
2026-01-20,41.4,96.41,2.328743961352657,2.3160735817361386,2.332345965105672,,95.88544628387613,96.55696045228304,,0.005455719595722578,-0.0015231672857509847,,0.0,0.0,41.4,96.41,2.328743961352657,2.3165395559990167,2.332345965105672,,95.90473761835929,96.55696045228304,,0.005254548355821851,-0.0015231672857509847,
2026-01-21,41.55,96.65,2.3261131167268356,2.3160735817361386,2.3320580138790925,,96.23285732113655,96.90897485014067,,0.004325354103585269,-0.002675928665933797,,0.0,0.0,41.55,96.65,2.3261131167268356,2.3165395559990167,2.3320580138790925,,96.25221855175914,96.90897485014067,,0.0041241828636842765,-0.002675928665933797,
2026-01-22,41.14,95.76,2.3276616431696646,2.3160735817361386,2.331191891200543,,95.28326715262475,95.94086669098587,,0.004990846775609039,-0.0018869684605477373,,0.0,0.0,41.14,95.76,2.3276616431696646,2.3165395559990167,2.331191891200543,,95.30243733379955,95.94086669098587,,0.004789675535708181,-0.0018869684605477373,
2026-01-23,41.25,96.04,2.3282424242424242,2.3160735817361386,2.3301387844655377,,95.53803524661572,96.16166551202241,,0.005240328323064967,-0.0012660195003908583,,0.0,0.0,41.25,96.04,2.3282424242424242,2.3165395559990167,2.3301387844655377,,95.55725668495944,96.16166551202241,,0.005039157083164056,-0.0012660195003908583,
2026-01-26,41.22,95.94,2.3275109170305677,2.3160735817361386,2.328963950242668,,95.46855303916364,96.04832069566946,,0.004926090362307208,-0.0011284093404302466,,0.0,0.0,41.22,95.94,2.3275109170305677,2.3165395559990167,2.328963950242668,,95.48776049827947,96.04832069566946,,0.004724919122406331,-0.0011284093404302466,
2026-01-27,41.25,96.03,2.328,2.3160735817361386,2.32815981434902,,95.53803524661572,96.06976294751006,,0.0051361996198936895,-0.0004139822711682151,,0.0,0.0,41.25,96.03,2.328,2.3165395559990167,2.32815981434902,,95.55725668495944,96.06976294751006,,0.004935028379992892,-0.0004139822711682151,
2026-01-28,40.85,95.08,2.3275397796817625,2.3160735817361386,2.3277596266685276,,94.61160581392127,95.10532841615748,,0.0049384909366835435,-0.0002663551023431314,,0.0,0.0,40.85,95.08,2.3275397796817625,2.3165395559990167,2.3277596266685276,,94.63064086255984,95.10532841615748,,0.004737319696782622,-0.0002663551023431314,
2026-01-29,41.37,96.27,2.3270485859318346,2.3160735817361386,2.327678788233443,,95.81596407642405,96.29941575527698,,0.0047274330672574675,-0.00030550807240507246,,0.0,0.0,41.37,96.27,2.3270485859318346,2.3165395559990167,2.327678788233443,,95.83524143167932,96.29941575527698,,0.004526261827356524,-0.00030550807240507246,
2026-01-30,41.43,96.21,2.3222302679217957,2.3160735817361386,2.3272159637066783,2.3296832723825815,95.95492849132822,96.43573219651155,,0.0026547160345650263,-0.002343496502595059,,0.0,0.0,41.43,96.21,2.3222302679217957,2.3165395559990167,2.3272159637066783,2.3296832723825815,95.97423380503926,96.43573219651155,,0.002453544794664257,-0.002343496502595059,
2026-02-02,40.96,95.23,2.324951171875,2.3160735817361386,2.3268041867932543,2.329548958762364,94.86637390791223,95.32276587342554,95.42382683679054,0.003825707225404788,-0.0009736503202018045,-0.0020332862632114197,0.0,0.0,40.96,95.23,2.324951171875,2.3165395559990167,2.3268041867932543,2.329548958762364,94.88546021371972,95.32276587342554,95.42382683679054,0.0036245359855039336,-0.0009736503202018045,-0.0020332862632114197
2026-02-03,40.81,95.0,2.327860818426856,2.3160735817361386,2.326715872500674,2.3295309188031728,94.51896287065182,94.95687886303271,95.06889300709209,0.00507641193352883,0.0004540097517508028,-0.0007249267254538878,0.0,0.0,40.81,95.0,2.327860818426856,2.3165395559990167,2.326715872500674,2.3295309188031728,94.53797928031987,94.95687886303271,95.06889300709209,0.004875240693627902,0.0004540097517508028,-0.0007249267254538878
2026-02-04,41.46,96.36,2.3241678726483355,2.3160735817361386,2.3265213480928244,2.3292896809859585,96.02441069878031,96.46564007387795,96.58235189357954,0.003488740489739392,-0.0010957057827632795,-0.0023048541684252354,0.0,0.0,41.46,96.36,2.3241678726483355,2.3165395559990167,2.3265213480928244,2.3292896809859585,96.04372999171923,96.46564007387795,96.58235189357954,0.003287569249838485,-0.0010957057827632795,-0.0023048541684252354
2026-02-05,41.23,96.14,2.331797235023042,2.3160735817361386,2.326934907278162,2.3290633992393523,95.491713774981,95.92247518186714,96.03661354705106,0.0067659854977083446,0.0022651474311670416,0.0010759525939676214,0.0,0.0,41.23,96.14,2.331797235023042,2.3165395559990167,2.326934907278162,2.3290633992393523,95.51092589383946,95.92247518186714,96.03661354705106,0.0065648142578075,0.0022651474311670416,0.0010759525939676214
2026-02-06,41.99,97.66,2.3257918552036196,2.3160735817361386,2.326689850374281,2.3284143174199095,97.25192969710046,97.70799675661003,97.79737213406041,0.004187233688114588,-0.0004913471845181219,-0.0014056482513748001,0.0,0.0,41.99,97.66,2.3257918552036196,2.3165395559990167,2.326689850374281,2.3284143174199095,97.27149595639872,97.70799675661003,97.79737213406041,0.003986062448213622,-0.0004913471845181219,-0.0014056482513748001
2026-02-09,42.25,98.06,2.3209467455621304,2.3160735817361386,2.3260334332274377,2.3274986917350526,97.85410882835185,98.30264617831338,98.37550491099117,0.002101852170606786,-0.002471409980870233,-0.0032123030145608054,0.0,0.0,42.25,98.06,2.3209467455621304,2.3165395559990167,2.3260334332274377,2.3274986917350526,97.87379624095846,98.30264617831338,98.37550491099117,0.0019006809307057758,-0.002471409980870233,-0.0032123030145608054
2026-02-10,42.84,99.32,2.318394024276377,2.3160735817361386,2.3250728356550754,2.3266163250020475,99.22059224157618,99.64727227946344,99.71004395392966,0.001001384811120084,-0.0032897126332864283,-0.003919453018306348,0.0,0.0,42.84,99.32,2.318394024276377,2.3165395559990167,2.3250728356550754,2.3266163250020475,99.24055457899789,99.64727227946344,99.71004395392966,0.0008002135712190941,-0.0032897126332864283,-0.003919453018306348
2026-02-11,42.8,98.93,2.3114485981308412,2.3160735817361386,2.3234637174999833,2.3256116720842552,99.12794929830673,99.51311736603722,99.57917871008763,-0.0019989035019174414,-0.005876938964727392,-0.006540564306107685,0.0,0.0,42.8,98.93,2.3114485981308412,2.3165395559990167,2.3234637174999833,2.3256116720842552,99.1478929967579,99.51311736603722,99.57917871008763,-0.0022000747418182546,-0.005876938964727392,-0.006540564306107685
2026-02-12,42.87,98.87,2.3062747842313973,2.3160735817361386,2.3213863373299395,2.3245325627816915,99.29007444902825,99.60688956922428,99.69897238225201,-0.0042397549501416365,-0.007425478670981891,-0.00834951390685629,0.0,0.0,42.87,98.87,2.3062747842313973,2.3165395559990167,2.3213863373299395,2.3245325627816915,99.31005076567784,99.60688956922428,99.69897238225201,-0.004440926190042543,-0.007425478670981891,-0.00834951390685629
2026-02-13,43.5,100.22,2.3039080459770114,2.3160735817361386,2.3195541151354613,2.3233850394210696,100.74920080552204,100.98030567385237,101.11716648100358,-0.005266498812357548,-0.00755773496781572,-0.008912139123528515,0.0,0.0,43.5,100.22,2.3039080459770114,2.3165395559990167,2.3195541151354613,2.3233850394210696,100.76947068595723,100.98030567385237,101.11716648100358,-0.005467670052258351,-0.00755773496781572,-0.008912139123528515
2026-02-17,43.94,101.21,2.3033682294037323,2.3160735817361386,2.317395820888334,2.322100003840794,101.76827318148592,101.92120781905216,102.08953863216179,-0.005500831004952008,-0.007002476210715077,-0.008652691743355262,0.0,0.0,43.94,101.21,2.3033682294037323,2.3165395559990167,2.317395820888334,2.322100003840794,101.78874809059678,101.92120781905216,102.08953863216179,-0.0057020022448527816,-0.007002476210715077,-0.008652691743355262
2026-02-18,43.35,100.01,2.3070357554786622,2.3160735817361386,2.3153133145935145,2.3210145935470945,100.40178976826161,100.45910883550928,100.66303516649843,-0.003909852487423717,-0.004480586455080287,-0.0065084725626521475,0.0,0.0,43.35,100.01,2.3070357554786622,2.3165395559990167,2.3153133145935145,2.3210145935470945,100.42198975255738,100.45910883550928,100.66303516649843,-0.004111023727324699,-0.004480586455080287,-0.0065084725626521475
2026-02-19,43.2,99.83,2.3108796296296292,2.3160735817361386,2.313984490291644,2.3202529191922343,100.0543787310012,100.02153519043983,100.2678304412345,-0.002245086151028545,-0.001916775359263123,-0.004376170786109943,0.0,0.0,43.2,99.83,2.3108796296296292,2.3165395559990167,2.313984490291644,2.3202529191922343,100.07450881915753,100.02153519043983,100.2678304412345,-0.0024462573909294003,-0.001916775359263123,-0.004376170786109943
2026-02-20,43.56,100.54,2.308080808080808,2.3160735817361386,2.311612847597421,2.3192738774377917,100.8881652204262,100.79716439710403,101.07021716001373,-0.003456970049628204,-0.002554565996044626,-0.005259836429843898,0.0,0.0,43.56,100.54,2.308080808080808,2.3165395559990167,2.311612847597421,2.3192738774377917,100.90846305931717,100.79716439710403,101.07021716001373,-0.0036581412895290598,-0.002554565996044626,-0.005259836429843898
2026-02-23,43.61,100.51,2.304746617748223,2.3160735817361386,2.309508323851881,2.3180990871130813,101.003968899513,100.80943628372353,101.1435337950621,-0.004902587067324083,-0.0029747401449383096,-0.006283409643552876,0.0,0.0,43.61,100.51,2.304746617748223,2.3165395559990167,2.309508323851881,2.3180990871130813,101.02429003711711,100.80943628372353,101.1435337950621,-0.005103758307225025,-0.0029747401449383096,-0.006283409643552876
2026-02-24,43.73,100.76,2.304139034987423,2.3160735817361386,2.3078275527944103,2.3169304930109242,101.28189772932133,100.99479900204275,101.37047307945504,-0.005166244189717279,-0.0023275690016557027,-0.006040404757596759,0.0,0.0,43.73,100.76,2.304139034987423,2.3165395559990167,2.3078275527944103,2.3169304930109242,101.30227478383699,100.99479900204275,101.37047307945504,-0.005367415429618169,-0.0023275690016557027,-0.006040404757596759
2026-02-25,43.44,100.37,2.310543278084715,2.3160735817361386,2.3070424781752443,2.31605765691516,100.61023639061786,100.25202889338918,100.64746061639454,-0.002390648049268602,0.0011760535057761222,-0.002760564099732572,0.0,0.0,43.44,100.37,2.310543278084715,2.3165395559990167,2.3070424781752443,2.31605765691516,100.63047831259728,100.25202889338918,100.64746061639454,-0.0025918192891693755,0.0011760535057761222,-0.002760564099732572
2026-02-26,43.63,101.05,2.3160669264267706,2.3160735817361386,2.3075043110048368,2.31548401425241,101.05029037114774,100.65626332278592,101.04959557120843,-2.8735351860328755e-06,0.0039040649589148248,4.002272151295959e-06,0.0,0.0,43.63,101.05,2.3160669264267706,2.3165395559990167,2.3075043110048368,2.31548401425241,101.07062082823711,100.65626332278592,101.04959557120843,-0.00020404477508689946,0.0039040649589148248,4.002272151295959e-06
2026-02-27,43.84,101.28,2.31021897810219,2.3160735817361386,2.3078987303919165,2.3146425338609276,101.53666582331232,101.16098899445205,101.51081918482566,-0.002531014493191736,0.0011757601051968793,-0.0022764273592981873,0.0,0.0,43.84,101.28,2.31021897810219,2.3165395559990167,2.3078987303919165,2.3146425338609276,101.5570941349969,101.16098899445205,101.51081918482566,-0.0027321857330926736,0.0011757601051968793,-0.0022764273592981873
2026-03-02,43.92,101.54,2.311930783242259,2.3160735817361386,2.308701004118441,2.314127559626951,101.72195170985121,101.36291223881298,101.65910008717194,-0.0017903179313245063,0.0017455422812553177,-0.0011722502782688662,0.0,0.0,43.92,101.54,2.311930783242259,2.3165395559990167,2.308701004118441,2.314127559626951,101.74241729947681,101.36291223881298,101.65910008717194,-0.001991489171225357,0.0017455422812553177,-0.0011722502782688662
2026-03-03,43.7,100.96,2.3102974828375284,2.3160735817361386,2.309393929461821,2.313394875175077,101.21241552186926,100.89023387997587,101.12737435569777,-0.002497033557939197,0.000691266207238998,-0.001656455723690675,0.0,0.0,43.7,100.96,2.3102974828375284,2.3165395559990167,2.309393929461821,2.313394875175077,101.23277859715704,100.89023387997587,101.12737435569777,-0.0026982047978400584,0.000691266207238998,-0.001656455723690675
2026-03-04,43.76,101.06,2.3094149908592323,2.3160735817361386,2.309631852999878,2.3124725837966964,101.35137993677343,101.05907835324928,101.23415973766137,-0.002879088499260828,9.119839237777846e-06,-0.001721846848328788,0.0,0.0,43.76,101.06,2.3094149908592323,2.3165395559990167,2.309631852999878,2.3124725837966964,101.37177097051696,101.05907835324928,101.23415973766137,-0.003080259739161651,9.119839237777846e-06,-0.001721846848328788
2026-03-05,43.34,100.18,2.3114905399169356,2.3160735817361386,2.3096929440286083,2.3118387171601262,100.37862903244425,100.09944450901472,100.22256178174884,-0.001980758428039835,0.000804430984186002,-0.0004247628574240431,0.0,0.0,43.34,100.18,2.3114905399169356,2.3165395559990167,2.3096929440286083,2.3118387171601262,100.3988243569974,100.09944450901472,100.22256178174884,-0.00218192966794076,0.000804430984186002,-0.0004247628574240431
2026-03-06,42.89,99.02,2.3086966658894847,2.3160735817361386,2.309754529809476,2.3106836887034485,99.336395920663,99.06273036938701,99.15476257899782,-0.0031901788448098706,-0.0004314396310082125,-0.0013600379585837774,0.0,0.0,42.89,99.02,2.3086966658894847,2.3165395559990167,2.309754529809476,2.3106836887034485,99.35638155679783,99.06273036938701,99.15476257899782,-0.003391350084710702,-0.0004314396310082125,-0.0013600379585837774
2026-03-09,42.98,99.23,2.308748255002327,2.3160735817361386,2.3101546935348867,2.309831508693384,99.54484254301923,99.27324969121128,99.31318494047422,-0.0031678335375117384,-0.00043575802373934384,-0.0008379531673838613,0.0,0.0,42.98,99.23,2.308748255002327,2.3165395559990167,2.3101546935348867,2.309831508693384,99.56487011683774,99.27324969121128,99.31318494047422,-0.0033690047774127285,-0.00043575802373934384,-0.0008379531673838613
2026-03-10,42.92,99.12,2.309412861136999,2.3160735817361386,2.310682076149844,2.309254814472127,99.40587812811508,99.15183944651734,99.13796835312004,-0.0028800106909083753,-0.000321169631349658,-0.0001812623554906802,0.0,0.0,42.92,99.12,2.309412861136999,2.3165395559990167,2.310682076149844,2.309254814472127,99.4258777434778,99.15183944651734,99.13796835312004,-0.003081181930809213,-0.000321169631349658,-0.0001812623554906802
2026-03-11,42.41,98.01,2.3110115538788025,2.3160735817361386,2.310728903729253,2.3088856909522484,98.22468060142963,97.99602684951488,97.93549668176291,-0.0021879994547082697,0.00014257878426895043,0.0007604494422081728,0.0,0.0,42.41,98.01,2.3110115538788025,2.3165395559990167,2.310728903729253,2.3088856909522484,98.24444256991829,97.99602684951488,97.93549668176291,-0.0023891706946092607,0.00014257878426895043,0.0007604494422081728
2026-03-12,42.14,97.32,2.3094447081158043,2.3160735817361386,2.3100666818981566,2.3087854964514967,97.59934073436088,97.37411600315072,97.29644301672775,-0.002866220710018766,-0.0005559079612194467,0.00024208625974388127,0.0,0.0,42.14,97.32,2.3094447081158043,2.3165395559990167,2.3100666818981566,2.3087854964514967,97.61897688979856,97.37411600315072,97.29644301672775,-0.0030673919499196677,-0.0005559079612194467,0.00024208625974388127
2026-03-13,42.25,97.5,2.3076923076923075,2.3160735817361386,2.309814014857168,2.3088563726245424,97.85410882835185,97.60031731019711,97.54618722507574,-0.0036253060486790448,-0.0010283665390292203,-0.000473602961392552,0.0,0.0,42.25,97.5,2.3076923076923075,2.3165395559990167,2.309814014857168,2.3088563726245424,97.87379624095846,97.60031731019711,97.54618722507574,-0.003826477288579832,-0.0010283665390292203,-0.000473602961392552
2026-03-16,42.58,98.25,2.307421324565524,2.3160735817361386,2.309363068989495,2.309032036553968,98.61841311032478,98.35188075261821,98.311104346353,-0.0037427389652604564,-0.0010364169594704433,-0.0006217338727775699,0.0,0.0,42.58,98.25,2.307421324565524,2.3165395559990167,2.309363068989495,2.309032036553968,98.63825429443813,98.35188075261821,98.311104346353,-0.003943910205161274,-0.0010364169594704433,-0.0006217338727775699
2026-03-17,42.72,98.37,2.302668539325843,2.3160735817361386,2.3086001746383262,2.3089970520500733,98.94266341176784,98.65599030723122,98.64184860158551,-0.005804645376570401,-0.0029030739309255297,-0.002759720047799951,0.0,0.2754,42.72,98.64540000000001,2.3091151685393263,2.3165395559990167,2.309244837559674,2.3093193835107475,98.96256983227799,98.65599030723122,98.64184860158551,-0.003210094257928353,-0.00010735157238269109,3.600231074302464e-05
2026-03-18,42.02,96.84,2.304616849119467,2.3160735817361386,2.3081203604643497,2.3088761067321135,97.32141190455255,97.00737933830247,97.02405612714409,-0.00495889359629431,-0.0017269191925221522,-0.0018988169970472523,0.0,0.2754,42.02,97.11540000000001,2.311170871013803,2.3165395559990167,2.3094204255751314,2.3095261392875046,97.3409921430787,97.03446807425752,97.03760049512162,-0.0023202348022457334,0.0008337057473486755,0.0008014247407362667
2026-03-19,41.92,96.47,2.301288167938931,2.3160735817361386,2.307100123266549,2.3083965336475787,97.08980454637893,96.75640551066554,96.7880863942102,-0.006404291079622161,-0.0029644573644380915,-0.0032918330858115125,0.0,0.2754,41.92,96.7454,2.3078578244274808,2.3165395559990167,2.3090571540261857,2.3093750490273974,97.10933818747878,96.81090424010951,96.81533575893219,-0.003754755942042112,-0.0006768494869483486,-0.0007226234360109931
2026-03-20,40.59,93.45,2.302291204730229,2.3160735817361386,2.3064595771506236,2.3081070534800494,94.00942668266987,93.64519400338924,93.69781530075522,-0.005968527198532181,-0.0020865749678770657,-0.0026483391772307023,0.0,0.2754,40.59,93.72540000000001,2.3090761271249076,2.3165395559990167,2.309095100149728,2.309424814979602,94.0283405780001,93.72462988192288,93.73753324002207,-0.003227001922388242,8.216782655202546e-06,-0.00012944681734464893
2026-03-23,40.62,94.11,2.3168389955686854,2.3160735817361386,2.3072686512072593,2.3087116723710728,94.07890889012195,93.68838802385832,93.7553085123596,0.00033042446916018076,0.0044900564792636505,0.0037760234914261427,0.0,0.0,40.62,94.11,2.3168389955686854,2.3165395559990167,2.309904174206364,2.3100294338706253,94.09783676468005,93.79544296808196,93.80883598447143,0.00012925322925935544,0.0033480384685118524,0.003205259034194109
2026-03-24,40.29,93.49,2.3204269049391906,2.3160735817361386,2.3083700555874787,2.309526065868661,93.31460460814903,92.95985395714048,93.01799327983052,0.0018778492506706815,0.005686756629896859,0.005061528136850516,0.0,0.0,40.29,93.49,2.3204269049391906,2.3165395559990167,2.3110055785865833,2.3108438273682137,93.33337871120038,93.0660391787744,93.0710858906475,0.0016766780107699093,0.004545138854258931,0.004490913112108323
2026-03-25,40.27,93.49,2.321579339458654,2.3160735817361386,2.3094268341454636,2.3100778689373582,93.26828313651431,92.95806213850777,93.00461467253099,0.002374373590563795,0.005706032003356262,0.005205366646264729,0.0,0.0,40.27,93.49,2.321579339458654,2.3165395559990167,2.312062357144568,2.3113956304369103,93.28704792008041,93.06419464968171,93.05768092811797,0.002173202350662855,0.004564958622974722,0.004634952776495489
2026-03-26,40.29,93.34,2.316703896748573,2.3160735817361386,2.3101527530087402,2.3101097174534484,93.31460460814903,93.04680714772073,93.07303733948616,0.00027211106911597906,0.003146071319053773,0.0028642078561718536,0.0,0.0,40.29,93.34,2.316703896748573,2.3165395559990167,2.312788276007845,2.311427478953001,93.33337871120038,93.15299236935465,93.12612995030311,7.093982921512422e-05,0.0020055197887049966,0.0022939302010287366
2026-03-27,40.01,92.61,2.3146713321669585,2.3160735817361386,2.3108506554562056,2.3103323351566867,92.66610400526291,92.4292116478797,92.42748979531247,-0.0006056259362637387,0.001954055122004631,0.001972684174171352,0.0,0.0,40.01,92.61,2.3146713321669585,2.3165395559990167,2.3134861784553102,2.311650096656239,92.68474763552065,92.53465892307386,92.48021343290957,-0.0008067971761644204,0.0008138617827055903,0.0014024143789658486
2026-03-30,40.21,93.06,2.3143496642626213,2.3160735817361386,2.3115434894259153,2.310453279207705,93.12931872161013,92.91930485589403,92.89846319665037,-0.0007446047419777977,0.0015130196454413896,0.001737343288432905,0.0,0.0,40.21,93.06,2.3143496642626213,2.3165395559990167,2.31417901242502,2.3117710407072574,93.14805554672047,93.02527923568803,92.95145038654738,-0.0009457759818787774,0.0003731704609575645,0.0011671284272998085
2026-03-31,40.83,94.56,2.3159441587068335,2.3160735817361386,2.3128710513640143,2.31073561300117,94.56528434228653,94.38032067326012,94.33580739005059,-5.588192299386559e-05,0.0019019696829696466,0.002373718276922353,0.0,0.0,40.83,94.56,2.3159441587068335,2.3165395559990167,2.314861911441771,2.3120533745007226,94.58431007143984,94.48792907731355,94.38961159207732,-0.00025705316289472915,0.0007624619484564908,0.001803533256011122
2026-04-01,40.95,94.88,2.3169719169719167,2.3160735817361386,2.3141065581492595,2.311113459306804,94.84321317209488,94.71206955335639,94.62462335239792,0.00038779470103925134,0.001771492773465138,0.0026952039235243652,0.0,0.0,40.95,94.88,2.3169719169719167,2.3165395559990167,2.315442016037582,2.312431220806357,94.86229481815974,94.79359527354053,94.67858568580459,0.00018662346113829125,0.0009110886764367677,0.002125088549966195
2026-04-02,41.61,96.25,2.3131458783946166,2.3160735817361386,2.3152923291948277,2.3111962262306887,96.37182173604073,96.28997388459068,96.16543104175611,-0.001264880076253945,-0.00041522686804738694,0.0008790247562937045,0.0,0.0,41.61,96.25,2.3131458783946166,2.3165395559990167,2.315970821434296,2.3125139877302407,96.39121092511908,96.34554228732378,96.22026309775251,-0.001466051316154805,-0.0009921547926448897,0.00030900256492081613
2026-04-06,41.76,96.37,2.307710727969349,2.3160735817361386,2.31583428151874,2.3111469293346816,96.71923277330114,96.686607667176,96.51555440739355,-0.003617323960484824,-0.003279949387304528,-0.0015092310615911861,0.0,0.0,41.76,96.37,2.307710727969349,2.3165395559990167,2.31583428151874,2.312464690834234,96.73869185851893,96.71494150309618,96.57058412761485,-0.003818495200385605,-0.003572954652716725,-0.0020792328455489202
2026-04-07,41.72,96.46,2.3120805369127515,2.3160735817361386,2.3153584356531467,2.311313543430203,96.6265898300317,96.61660622496183,96.42104989184291,-0.0017255457410435902,-0.0016222188940179351,0.00040387698748398126,0.0,0.0,41.72,96.46,2.3120805369127515,2.3165395559990167,2.3153584356531463,2.312631304929755,96.64603027627898,96.61660622496183,96.47602690160424,-0.0019267169809444428,-0.0016222188940179351,-0.00016613695118004849
2026-04-08,42.44,98.19,2.3136192271442035,2.3160735817361386,2.3146776678736476,2.311523861730563,98.29416280888172,98.26381200911955,98.0921467831778,-0.0010602668138811713,-0.0007514439331866695,0.0009970669929238946,0.0,0.0,42.44,98.19,2.3136192271442035,2.3165395559990167,2.3146776678736476,2.3128416232301157,98.31393875659826,98.26381200911952,98.1480725812188,-0.0012614380537820412,-0.0007514439331863362,0.00042709413276099907
2026-04-09,42.73,98.9,2.3145331149075594,2.3160735817361386,2.313973045418538,2.311699939782001,98.9658241475852,98.90617674824095,98.77141461174695,-0.0006653412765647073,-6.245253150828837e-05,0.001301001529661035,0.0,0.0,42.73,98.9,2.3145331149075594,2.3165395559990167,2.313973045418538,2.313017701281553,98.98573522783798,98.90617674824095,98.82772256062283,-0.0008665125164655386,-6.245253150828837e-05,0.0007310805147643847
2026-04-10,42.82,99.02,2.312470808033629,2.3160735817361386,2.313549736547044,2.311851244777892,99.17427076994146,99.0843258048218,98.98699142146529,-0.001556763477557484,-0.0006494134524442696,0.0003334082155736626,0.0,0.0,42.82,99.02,2.312470808033629,2.3165395559990167,2.313549736547044,2.3131690062774446,99.1942237878779,99.0843258048218,99.04341796887611,-0.0017579347174583794,-0.0006494134524442696,-0.00023646940182477967
2026-04-13,43.02,99.45,2.311715481171548,2.3160735817361386,2.313254151447503,2.312052403451854,99.6374854862887,99.52890966625384,99.45584055034492,-0.0018834487889005495,-0.0007931460728466955,-5.8726785804057884e-05,0.0,0.0,43.02,99.45,2.311715481171548,2.3165395559990167,2.313254151447503,2.3133701649514067,99.65753169907771,99.52890966625384,99.51253065005568,-0.0020846200288013464,-0.0007931460728466955,-0.000628567116734776
2026-04-14,43.43,100.42,2.312226571494359,2.3160735817361386,2.3130418421706764,2.3122926657982963,100.5870756548005,100.46462779736505,100.41243588191402,-0.001662386189468662,-0.000444312724060172,7.532765368642811e-05,0.0,0.0,43.43,100.42,2.312226571494359,2.3165395559990167,2.3130418421706764,2.3136104272978484,100.60731291703729,100.46462779736505,100.46966626383958,-0.0018635574293694535,-0.000444312724060172,-0.0004944631127644202
2026-04-15,43.41,100.47,2.3144436765722185,2.3160735817361386,2.3128917939572147,2.312881422660615,100.54075418316577,100.40914636862905,100.37662462230404,-0.0007039840865768468,0.000605873076748263,0.0009298178109683607,0.0,0.0,43.41,100.47,2.3144436765722185,2.3165395559990167,2.312891793957215,2.313876852699493,100.5609821259173,100.40914636862905,100.4338286489996,-0.0009051553264776878,0.000605873076748263,0.00036008623264659504
2026-04-16,43.81,101.36,2.3136270257931977,2.3160735817361386,2.312557304839343,2.313331931494301,101.46718361586024,101.32778949326558,101.32733512676154,-0.0010568960622212092,0.0003178337193976029,0.00032231785474726523,0.0,0.0,43.81,101.36,2.3136270257931977,2.3165395559990167,2.312557304839343,2.313999660438463,101.48759794831693,101.3277894932656,101.37094491676478,-0.0012580673021221225,0.0003178337193976029,-0.00010797480157662113
2026-04-17,44.48,102.98,2.315197841726619,2.3160735817361386,2.3127625011725437,2.314027415183686,103.01895291562344,102.86254891925397,102.8970043128665,-0.0003781855736292207,0.0011411741071888158,0.0008062648075393581,0.0,0.0,44.48,102.98,2.315197841726619,2.3165395559990167,2.3127625011725432,2.3143666613034197,103.03967945083626,102.86254891925397,102.92670489630282,-0.000579356813530076,0.0011411741071888158,0.0005176626464317565
2026-04-20,44.64,103.23,2.3125,2.3160735817361386,2.3132414283756084,2.3145378549471745,103.38952468870123,103.24171805234235,103.29818381379974,-0.0015441398448543626,-0.0001135075783304718,-0.0006602858265429593,0.0,0.0,44.64,103.23,2.3125,2.3165395559990167,2.3132414283756084,2.3145378549471745,103.41032577979611,103.24171805234234,103.31332776058466,-0.001745311084755288,-0.00011350757833036077,-0.0008068792733130891
2026-04-21,43.78,101.45,2.317268158976702,2.3160735817361386,2.3137601905820033,2.314559313117575,101.39770140840815,101.27370973428414,101.3304672895873,0.0005156439278093127,0.0017392174835884735,0.0011789372601335754,0.0,0.0,43.78,101.45,2.317268158976702,2.3165395559990167,2.3137601905820033,2.314559313117575,101.41810176163696,101.27370973428414,101.3304672895873,0.0003144726879083594,0.0017392174835884735,0.0011789372601335754
2026-04-22,43.46,100.63,2.315462494247584,2.3160735817361386,2.3139445172923416,2.3143110925829946,100.65655786225258,100.55601788269387,100.59074774808981,-0.0002638811323394609,0.0007354598636572649,0.00039014120409907075,0.0,0.0,43.46,100.63,2.315462494247584,2.3165395559990167,2.3139445172923416,2.3143110925829946,100.67680910371728,100.55601788269387,100.59074774808981,-0.0004650523722403599,0.0007354598636572649,0.00039014120409907075
2026-04-23,43.96,101.66,2.3125568698817105,2.3160735817361386,2.3137468927897564,2.313859969104148,101.81459465312065,101.72100098017134,101.73711562994845,-0.001519547765961805,-0.0005998690310952126,-0.0007582765704875717,0.0,0.0,43.96,101.66,2.3125568698817105,2.3165395559990167,2.3137468927897564,2.313859969104148,101.83507888171678,101.72100098017134,101.73711562994845,-0.0017207190058627618,-0.0005998690310952126,-0.0007582765704875717
2026-04-24,43.83,101.41,2.3137120693588864,2.3160735817361386,2.3138710189222826,2.313710377734663,101.51350508749495,101.41152631097502,101.4164824458348,-0.0010201390561104286,-1.5050778907071574e-05,-6.392109904826278e-05,0.0,0.0,43.83,101.41,2.3137120693588864,2.3165395559990167,2.3138710189222826,2.313710377734663,101.5339287394369,101.41152631097502,101.4164824458348,-0.0012213102960113122,-1.5050778907071574e-05,-6.392109904826278e-05
2026-04-27,43.49,100.83,2.3184640147160267,2.3160735817361386,2.3145458722767303,2.313900011862117,100.72604006970468,100.63025061293007,100.6232643276805,0.0010315735462790934,0.0019830160234516354,0.0020524437326216232,0.0,0.0,43.49,100.83,2.3184640147160267,2.3165395559990167,2.3145458722767303,2.313900011862117,100.74630529039725,100.63025061293007,100.6232643276805,0.0008304023063782509,0.0019830160234516354,0.0020524437326216232
2026-04-28,43.91,101.74,2.3170120701434755,2.3160735817361386,2.3150244221416423,2.314033132156159,101.69879097403384,101.63170925167121,101.60334952086555,0.0004051245716952961,0.001064954009206892,0.0013440370686061821,0.0,0.0,43.91,101.74,2.3170120701434755,2.3165395559990167,2.3150244221416423,2.314033132156159,101.71925190391681,101.63170925167121,101.60334952086555,0.000203953331794446,0.001064954009206892,0.0013440370686061821
2026-04-29,43.64,100.9,2.3120989917506876,2.3160735817361386,2.3147899536594894,2.313840873808352,101.0734511069651,101.02766578226127,100.98440588729478,-0.0017175638546044376,-0.0012644706090860858,-0.0008361804057310902,0.0,0.0,43.64,100.9,2.3120989917506876,2.3165395559990167,2.314789953659489,2.313840873808352,101.0937862237971,101.02766578226127,100.98440588729478,-0.0019187350945052695,-0.0012644706090860858,-0.0008361804057310902
2026-04-30,44.4,102.63,2.3114864864864866,2.3160735817361386,2.314575899728818,2.3135666022840806,102.83366702908455,102.77667394248132,102.73453479709082,-0.0019825120298537563,-0.0014281324418077756,-0.0010180414668239197,0.0,0.0,44.4,102.63,2.3114864864864866,2.3165395559990167,2.314575899728818,2.3135666022840806,102.85435628635634,102.77667394248131,102.73453479709082,-0.0021836832697545243,-0.0014281324418076644,-0.0010180414668239197
2026-05-01,44.32,102.36,2.30956678700361,2.3160735817361386,2.314012794256517,2.31338764771453,102.64838114254566,102.58200387598121,102.53727181323045,-0.0028133613967379,-0.0021665052416619634,-0.0017303486365882756,0.0,0.0,44.32,102.36,2.30956678700361,2.3165395559990167,2.3140127942565174,2.31338764771453,102.66903312187642,102.58200387598121,102.53727181323045,-0.003014532636638846,-0.0021665052416619634,-0.0017303486365882756
2026-05-04,44.08,101.63,2.305580762250454,2.3160735817361386,2.3133208704815624,2.313281149428586,102.09252348292898,102.00168397082726,101.97412751125648,-0.0045407279442815605,-0.0036505555162297232,-0.003380362109097873,0.0,0.0,44.08,101.63,2.305580762250454,2.3165395559990167,2.3133208704815624,2.3132811494285854,102.11306362843665,102.00168397082729,101.97412751125648,-0.004741899184182446,-0.003650555516230057,-0.003380362109097873
2026-05-05,44.17,101.94,2.3079012904686436,2.3160735817361386,2.3123841836307566,2.31307218710638,102.30097010528524,102.17938284917062,102.17762837026063,-0.0035347509458371553,-0.0023455191327299636,-0.0023283484088133573,0.0,0.0,44.17,101.94,2.3079012904686436,2.3165395559990167,2.3123841836307566,2.31307218710638,102.32155218847657,102.17938284917062,102.17762837026062,-0.0037359221857379975,-0.0023455191327299636,-0.0023283484088132463
2026-05-06,44.74,103.28,2.308448815377738,2.3160735817361386,2.311682815743772,2.3128136665180565,103.62113204687485,103.45606837564006,103.48684965113945,-0.0032975397728941397,-0.0017033159195893593,-0.0020008015839445563,0.0,0.0,44.74,103.28,2.308448815377738,2.3165395559990167,2.311682815743772,2.3128136665180565,103.641979735396,103.45606837564006,103.48684965113945,-0.0034987110127949186,-0.0017033159195893593,-0.0020008015839445563
2026-05-07,44.4,102.56,2.30990990990991,2.3160735817361386,2.311418119746592,2.3125825062681744,102.83366702908455,102.63871701902347,102.6889267934017,-0.0026648065151167353,-0.0007672272422393878,-0.001256297047422659,0.0,0.0,44.4,102.56,2.30990990990991,2.3165395559990167,2.311418119746592,2.3125825062681744,102.85435628635634,102.63871701902347,102.6889267934017,-0.0028659777550175554,-0.0007672272422393878,-0.001256297047422659
2026-05-08,44.41,102.77,2.314118441792389,2.3160735817361386,2.3114587569899423,2.3126648879561125,102.85682776490191,102.65007869794614,102.70178910336962,-0.0008445179163267972,0.0011675715094382037,0.0006639441787485438,0.0,0.0,44.41,102.77,2.314118441792389,2.3165395559990167,2.311458756989942,2.3126648879561125,102.87752168191632,102.65007869794614,102.70178910336962,-0.0010456891562275646,0.0011675715094382037,0.0006639441787485438
2026-05-11,44.57,102.84,2.3073816468476553,2.3160735817361386,2.310350520203105,2.3124481962399175,103.2273995379797,103.02171679904173,103.07547405620393,-0.003759934810073296,-0.0017654263168897877,-0.0022870953232284326,0.0,0.0,44.57,102.84,2.3073816468476553,2.3165395559990167,2.310350520203105,2.3124481962399175,103.24816801087617,103.02171679904171,103.07547405620393,-0.003961106049974148,-0.0017654263168896765,-0.0022870953232284326
2026-05-12,44.58,102.85,2.307088380439659,2.3160735817361386,2.3093581512327233,2.3121912866871823,103.25056027379706,102.99542619065443,103.08894058837552,-0.003887042108054417,-0.0014129652287213528,-0.0023205003862980782,0.0,0.0,44.58,102.85,2.307088380439659,2.3165395559990167,2.3093581512327233,2.3121912866871823,103.27133340643616,102.99542619065443,103.08894058837552,-0.004088213347955062,-0.0014129652287213528,-0.0023205003862980782
2026-05-13,44.21,102.01,2.307396516625198,2.3160735817361386,2.308887903720174,2.3118389286898315,102.3936130485547,102.0967238659987,102.22197678444033,-0.003753490393022043,-0.0008497894589159999,-0.002075843987777172,0.0,0.0,44.21,102.01,2.307396516625198,2.3165395559990167,2.308887903720174,2.3118389286898315,102.41421377071653,102.0967238659987,102.22197678444033,-0.0039546616329227905,-0.0008497894589159999,-0.002075843987777172
2026-05-14,43.91,101.33,2.307674789341836,2.3160735817361386,2.308506734005709,2.3115413168672636,101.69879097403384,101.38326785235284,101.5128473587705,-0.0036328973626975286,-0.0005255487629719594,-0.0018028479749372698,0.0,0.0,43.91,101.33,2.307674789341836,2.3165395559990167,2.308506734005709,2.3115413168672636,101.71925190391681,101.38326785235284,101.5128473587705,-0.0038340686025983336,-0.0005255487629719594,-0.0018028479749372698
2026-05-15,43.23,99.8,2.308582003238492,2.3160735817361386,2.3084082556291974,2.311210524942857,100.12386093845326,99.7967461110668,99.92793112817179,-0.0032398456114196457,3.2604629052310765e-05,-0.0012810541314358123,0.0,0.0,43.23,99.8,2.308582003238492,2.3165395559990167,2.3084082556291974,2.311210524942857,100.14400500583749,99.7967461110668,99.92793112817179,-0.003441016851320544,3.2604629052310765e-05,-0.0012810541314358123
2026-05-18,43.75,100.91,2.3065142857142855,2.3160735817361386,2.3085016079755807,2.310911239228571,101.32821920095607,100.99286118377738,101.11546046625,-0.004135912576483714,-0.0008208025180390421,-0.002034006373369243,0.0,0.0,43.75,100.91,2.3065142857142855,2.3165395559990167,2.3085016079755802,2.310911239228571,101.34860557495698,100.99286118377738,101.11546046625,-0.0043370838163845835,-0.0008208025180390421,-0.002034006373369243
2026-05-19,43.94,101.26,2.3045061447428314,2.3160735817361386,2.3081620934029994,2.3102731385168775,101.76827318148592,101.43556065444702,101.54143985170342,-0.0050069306639985295,-0.0017322599249922368,-0.0027755230197823396,0.0,0.0,43.94,101.26,2.3045061447428314,2.3165395559990167,2.3081620934029994,2.3102731385168775,101.78874809059678,101.43556065444699,101.54143985170342,-0.005208101903899406,-0.0017322599249920143,-0.0027755230197823396
2026-05-20,44.43,102.41,2.304974116587891,2.3160735817361386,2.3078146235240147,2.3097487196338933,102.90314923653663,102.55164180989526,102.64543554430487,-0.004803883109768487,-0.0013821301507200383,-0.0022963121863627065,0.0,0.0,44.43,102.41,2.304974116587891,2.3165395559990167,2.3078146235240147,2.3097487196338933,102.92385247303632,102.55164180989526,102.64543554430487,-0.005005054349669451,-0.0013821301507200383,-0.0022963121863627065
2026-05-21,44.5,102.56,2.3047191011235957,2.3160735817361386,2.3072955426453836,2.3093568311959873,103.06527438725817,102.69775074681866,102.78381802370825,-0.004914526249132319,-0.001342222322888991,-0.002179935237363963,0.0,0.0,44.5,102.56,2.3047191011235957,2.3165395559990167,2.307295542645383,2.3093568311959873,103.08601024195625,102.69775074681866,102.78381802370825,-0.005115697489033065,-0.001342222322888991,-0.002179935237363963
2026-05-22,44.56,102.72,2.3052064631956912,2.3160735817361386,2.3064043447857134,2.3089315508878276,103.20423880216234,102.8130893802783,102.9049403980932,-0.004703085926675175,-0.0009058335757442395,-0.001798813389107824,0.0,0.0,44.56,102.72,2.3052064631956912,2.3165395559990167,2.3064043447857134,2.308931550887828,103.22500261531619,102.81308938027829,102.9049403980932,-0.0049042571665760095,-0.0009058335757441284,-0.001798813389107824
2026-05-26,44.71,103.12,2.3064191456050103,2.3160735817361386,2.306308094661449,2.3083293074322766,103.55164983942277,103.11933825536924,103.23232964019478,-0.004177161864254944,6.41724936039807e-06,-0.0010887170645084822,0.0,0.0,44.71,103.12,2.3064191456050103,2.3165395559990167,2.306308094661449,2.3083293074322766,103.57248354871604,103.11933825536924,103.23232964019479,-0.0043783331041558245,6.41724936039807e-06,-0.0010887170645085932
2026-05-27,44.63,102.79,2.303159309881246,2.3160735817361386,2.3059151876056077,2.3076366694191655,103.36636395288387,102.93053026474047,103.02073699070252,-0.005591536865645613,-0.0013662252028881937,-0.0022422259474595826,0.0,0.0,44.63,102.79,2.303159309881246,2.3165395559990167,2.3059151876056077,2.3076366694191655,103.38716038423613,102.93053026474047,103.02073699070252,-0.0057927081055464515,-0.0013662252028881937,-0.0022422259474595826
2026-05-28,44.41,102.31,2.3037604143210992,2.3160735817361386,2.305551577375198,2.307219740547686,102.85682776490191,102.40569348156502,102.48214448890513,-0.005330579662459816,-0.0009348915748219174,-0.0016811634047704776,0.0,0.0,44.41,102.31,2.3037604143210992,2.3165395559990167,2.305551577375198,2.307219740547686,102.87752168191632,102.40569348156502,102.48214448890513,-0.00553175090236066,-0.0009348915748219174,-0.0016811634047704776
2026-05-29,43.99,101.43,2.3057513071152536,2.3160735817361386,2.3053592291525398,2.3069329815791244,101.88407686057275,101.42121388873495,101.49459638669272,-0.004466760222021774,8.662616409447333e-05,-0.0006366541072380723,0.0,0.0,43.99,101.43,2.3057513071152536,2.3165395559990167,2.3053592291525398,2.3069329815791244,101.90457506839675,101.42121388873495,101.49459638669272,-0.004667931461922539,8.662616409447333e-05,-0.0006366541072380723
2026-06-01,43.27,99.6,2.301825745320083,2.3160735817361386,2.3046836033606986,2.306545929494948,100.21650388172273,99.7528938454304,99.82099011292873,-0.006170719895538668,-0.0015339017403684554,-0.0022163183851753366,0.0,0.0,43.27,99.6,2.301825745320083,2.3165395559990167,2.304683603360699,2.306545929494948,100.23666658807745,99.7528938454304,99.82099011292873,-0.006371891135439416,-0.0015339017403684554,-0.0022163183851753366
2026-06-02,43.49,99.99,2.2991492297079787,2.3160735817361386,2.303947097760068,2.306224352867824,100.72604006970468,100.23068991015678,100.31168247373529,-0.007334175871086899,-0.0024042472953740212,-0.003211982508828067,0.0,0.0,43.49,99.99,2.2991492297079787,2.3165395559990167,2.3039470977600685,2.306224352867824,100.74630529039725,100.2306899101568,100.31168247373529,-0.0075353471109877185,-0.0024042472953741323,-0.003211982508828067
2026-06-03,43.51,100.0,2.2983222247759136,2.3160735817361386,2.3033287057633762,2.305745399583188,100.7723615413394,100.24473822354055,100.34382159327902,-0.007693940993795035,-0.0024443922728962543,-0.0034323187816435053,0.0,0.0,43.51,100.0,2.2983222247759136,2.3165395559990167,2.3033287057633762,2.305745399583188,100.79263608151722,100.24473822354058,100.34382159327902,-0.007895112233695855,-0.002444392272896477,-0.0034323187816435053
2026-06-04,44.4,101.79,2.2925675675675676,2.3160735817361386,2.302088050861344,2.304951337192679,102.83366702908455,102.2677945358939,102.37509574149354,-0.010200932223228154,-0.004682942008146436,-0.005731609912391758,0.0,0.0,44.4,101.79,2.2925675675675676,2.3165395559990167,2.302088050861344,2.304951337192679,102.85435628635634,102.2677945358939,102.37509574149354,-0.010402103463128991,-0.004682942008146436,-0.005731609912391758
2026-06-05,44.7,102.54,2.293959731543624,2.3160735817361386,2.3010121139033464,2.304153828274365,103.52848910360541,102.90333587350209,103.03132477251276,-0.009593865513266362,-0.0035370945547222934,-0.004780099642728388,0.0,0.0,44.7,102.54,2.293959731543624,2.3165395559990167,2.301012113903347,2.304153828274365,103.54931815315605,102.90333587350209,103.03132477251276,-0.009795036753167084,-0.0035370945547222934,-0.004780099642728388
2026-06-08,44.03,101.08,2.2957074721780604,2.3160735817361386,2.3000622148015837,2.3032332797936483,101.97671980384219,101.31356337516435,101.45189305892029,-0.008832267496966698,-0.0023080129125706136,-0.003672443596662795,0.0,0.0,44.03,101.08,2.2957074721780604,2.3165395559990167,2.3000622148015837,2.303233279793649,101.99723665063671,101.31356337516436,101.45189305892029,-0.009033438736867532,-0.002308012912570725,-0.003672443596662795
2026-06-09,44.97,103.49,2.3013119857682898,2.3160735817361386,2.2995514988179115,2.3029297967396802,104.15382897067416,103.43379779962721,103.57640059232037,-0.006393941351832103,0.000543216414471884,-0.0008345206859974439,0.0,0.0,44.97,103.49,2.3013119857682898,2.3165395559990167,2.2995514988179115,2.3029297967396802,104.17478383327578,103.43379779962721,103.57640059232038,-0.006595112591732962,0.000543216414471884,-0.0008345206859976662
2026-06-10,44.99,103.52,2.300955767948433,2.3160735817361386,2.2993311446246305,2.302623166115119,104.20015044230888,103.45682193181784,103.60881155531821,-0.0065487423497882615,0.0006104844934291941,-0.0008575490787006569,0.0,0.0,44.99,103.52,2.300955767948433,2.3165395559990167,2.29933114462463,2.302623166115119,104.22111462439577,103.45682193181784,103.60881155531821,-0.006749913589689097,0.0006104844934291941,-0.0008575490787006569
2026-06-11,44.92,103.45,2.3029830810329472,2.3160735817361386,2.299253411295815,2.3024024943355066,104.03802529158735,103.28595501653841,103.43383262189116,-0.005668055927988028,0.0015870003636122136,0.00015629426366338297,0.0,0.0,44.92,103.45,2.3029830810329472,2.3165395559990167,2.299253411295815,2.302402494335506,104.05895685547584,103.28595501653838,103.43383262189116,-0.005869227167888988,0.001587000363612657,0.00015629426366338297
2026-06-12,45.36,104.37,2.300925925925926,2.3160735817361386,2.298770873176882,2.302065051164711,105.05709766755125,104.29413473637817,104.43697714305858,-0.006561711836833878,0.0007271519570002324,-0.0006415221011482683,0.0,0.0,45.36,104.37,2.300925925925926,2.3165395559990167,2.298770873176882,2.3020650511647114,105.0782342601154,104.29413473637817,104.43697714305856,-0.006762883076734669,0.0007271519570002324,-0.0006415221011480462
2026-06-15,44.99,103.08,2.291175816848188,2.3160735817361386,2.297705880329693,2.3011947418451957,104.20015044230888,103.42170158422793,103.56990665190035,-0.01080818731821433,-0.0033094341932892106,-0.0047414255117885825,0.0,0.51,44.99,103.59,2.3025116692598355,2.3165395559990167,2.2988394655708575,2.3017615344657782,104.22111462439577,103.42170158422793,103.56990665190037,-0.006073944272268808,0.0016259800925572693,0.00019398877405769235
2026-06-16,45.1,103.34,2.2913525498891354,2.3160735817361386,2.2969262123478082,2.3004366550539386,104.45491853629986,103.62653520286915,103.78388285721833,-0.010731053898891762,-0.0027689054721479712,-0.004286164691876344,0.0,0.51,45.1,103.85000000000001,2.302660753880266,2.3165395559990167,2.299190617988086,2.301568857874077,104.47593397555566,103.67765989724568,103.8094452044066,-0.00600919767570985,0.0016608884083892047,0.0003905894679538304
2026-06-17,43.97,100.62,2.2883784398453493,2.3160735817361386,2.295931833854752,2.299630269809064,101.837755388938,100.99584555693312,101.15019972272168,-0.012029868378843834,-0.0037283378324257438,-0.005255493068866642,0.0,0.51,43.97,101.13000000000001,2.299977257220833,2.3165395559990167,2.299356121232578,2.301342413497977,101.85824427727677,101.09541147293614,101.19998268072317,-0.00717526676783809,0.00034207894200077995,-0.0006917678001722772
2026-06-18,43.86,100.45,2.2902416780665757,2.3160735817361386,2.295699244904653,2.2988936478829984,101.58298729494705,100.69957023286942,100.86178363382555,-0.011215981978096413,-0.002481440657737345,-0.004091009484945153,0.0,0.51,43.86,100.96000000000001,2.30186958504332,2.3165395559990167,2.3002863229801536,2.3011871869207488,101.60342492611687,100.84975947726087,100.93687825602127,-0.0063528456860375716,0.0010925193507976762,0.0002290450875669815
2026-06-22,44.02,101.61,2.308268968650613,2.3160735817361386,2.297130168615352,2.299071141259349,101.95355906802483,101.05668076070283,101.1972983798096,-0.0033754508498233054,0.005460400417396984,0.0040698948524492806,0.0,0.0,44.02,101.61,2.308268968650613,2.3165395559990167,2.301717246690852,2.3013646802970995,101.97407125507672,101.25860393758637,101.29825996825137,-0.0035766220897241272,0.0034642759601490884,0.003072721406953738
2026-06-23,44.64,102.99,2.3071236559139785,2.3160735817361386,2.2982717869889435,2.299167000895264,103.38952468870123,102.54389072698932,102.63053574581735,-0.0038717521846427967,0.0043409869971229136,0.003496388325951027,0.0,0.0,44.64,102.99,2.3071236559139785,2.3165395559990167,2.3028588650644446,2.301460539933014,103.41032577979611,102.74865789227964,102.73291932846253,-0.004072923424543682,0.0023461047222972545,0.0024992918260831076
2026-06-24,44.51,102.85,2.310716692878005,2.3160735817361386,2.299212257699915,2.2993818782589135,103.08843512307553,102.29607723887787,102.3359232098482,-0.0023155971780944138,0.005400289537616857,0.005010849260567734,0.0,0.0,44.51,102.85,2.310716692878005,2.3165395559990167,2.3037993357754156,2.3016754172966634,103.10917563751623,102.50024808401842,102.43800863241844,-0.002516768417995264,0.0034063971915451177,0.004013794312128751
2026-06-25,44.59,103.1,2.312177618300067,2.3160735817361386,2.3003344427350783,2.2998327936798546,103.27372100961443,102.52187457083922,102.52943795156496,-0.0016835578657688499,0.005623204766009524,0.005549434150877926,0.0,0.0,44.59,103.1,2.312177618300067,2.3165395559990167,2.304921520810579,2.302126332717605,103.29449880199617,102.72641238222579,102.63170685725822,-0.0018847291056697036,0.003630127190249301,0.004552472330848516
2026-06-26,45.24,104.64,2.312997347480106,2.3160735817361386,2.3013358693797943,2.3002946403378046,104.77916883774292,104.06713018933495,104.04443558607663,-0.0013290937883288377,0.005489714212040773,0.005707814568584868,0.0,0.0,45.24,104.64,2.312997347480106,2.3165395559990167,2.305922947455295,2.302588179375555,104.80024951339553,104.2746496014706,104.14819529214445,-0.001530265028229716,0.0034976079626634913,0.004711048119926745
2026-06-29,44.92,104.09,2.3172306322350846,2.3160735817361386,2.3029663400107103,2.300868606593796,104.03802529158735,103.37600725254036,103.32923524397418,0.0004994494078370196,0.006883012554663484,0.0073355604320129685,0.0,0.0,44.92,104.09,2.3172306322350846,2.3165395559990167,2.3075534180862105,2.3031621456315468,104.05895685547584,103.58205879969185,103.43226101754993,0.0002982781679361022,0.004891772308120081,0.0063389940116185565
2026-06-30,44.03,102.25,2.322280263456734,2.3160735817361386,2.306076784671565,2.3018913325006287,101.97671980384219,101.39960795067158,101.30724474832483,0.00267624490595091,0.008351570137488412,0.009262868473079694,0.0,0.0,44.03,102.25,2.322280263456734,2.3165395559990167,2.3095302775059006,2.3041848715383795,101.99723665063671,101.60157699833586,101.408229272157,0.0024750736660502427,0.006361738261825017,0.008266550528693337
2026-07-01,44.18,102.71,2.324807605251245,2.3160735817361386,2.309422290207776,2.303174251277792,102.3241308411026,101.88247234678974,101.69755906987777,0.0037639549364442844,0.008089566117185804,0.009906181690705364,0.0,0.0,44.18,102.71,2.324807605251245,2.3165395559990167,2.3117449626429987,2.3054677903155425,102.34471758403656,102.03504766021068,101.79888762456561,0.003562783696543204,0.006593124400083723,0.008910306188126773
2026-07-02,44.68,104.01,2.3278871978513878,2.3160735817361386,2.31337316600838,2.304652499931566,103.48216763197067,103.18498792648343,102.90582554709175,0.005087743914744299,0.007963671727408103,0.010672793453170373,0.0,0.0,44.68,104.01,2.3278871978513878,2.3165395559990167,2.3145359567060537,2.306946038969316,103.50298736203607,103.28876493088919,103.00830087129845,0.004886572674843445,0.006958439714056286,0.009677472399204919
2026-07-06,44.29,103.23,2.3307744411831113,2.3160735817361386,2.3174264423200333,2.306562843612343,102.57889893509358,102.45929752251114,102.07305922196905,0.006327260293094371,0.0074938861044184304,0.011270684707876287,0.0,0.0,44.29,103.23,2.3307744411831113,2.3165395559990167,2.3174264423200333,2.3088563826500934,102.59953693519645,102.51079752251111,102.17464006595101,0.006126089053193431,0.006991373764046011,0.010276001754664163
2026-07-07,44.89,104.51,2.328135442192025,2.3160735817361386,2.3194130896741743,2.3082716291447634,103.96854308413526,104.0292729957463,103.54160604975809,0.00519437756327402,0.004610429957656559,0.009309237858732106,0.0,0.0,44.89,104.51,2.328135442192025,2.3165395559990167,2.3194130896741743,2.3105651681825137,103.98946066879586,104.0292729957463,103.6445630171627,0.004993206323373182,0.004610429957656559,0.008315378313541675
2026-07-08,44.15,102.79,2.3281993204983014,2.3160735817361386,2.3215206561326065,2.309896221560775,102.25464863365052,102.40208790911478,101.9101924267413,0.005221814725564031,0.0037809698898420116,0.008596112983270471,0.0,0.0,44.15,102.79,2.3281993204983014,2.3165395559990167,2.3215206561326065,2.3121897605985255,102.27522139735659,102.40208790911478,102.01145217525797,0.005020643485663222,0.0037809698898420116,0.0076029888150443035
2026-07-09,44.23,103.0,2.3287361519330774,2.3160735817361386,2.3233226020381137,2.3112674298690146,102.43993452018941,102.68085862074518,102.16670987963306,0.005452366100102826,0.0031032701585693126,0.00812309855615543,0.0,0.0,44.23,103.0,2.3287361519330774,2.3165395559990167,2.3233226020381137,2.313560968906765,102.4605445618365,102.68085862074518,102.26815311127278,0.005251194860201858,0.0031032701585693126,0.007130672523906196
2026-07-10,44.45,103.32,2.3244094488188973,2.3160735817361386,2.324545785089997,2.3124401139125377,102.94947070817138,103.27168966059416,102.7358372576777,0.0035926760184284033,0.00046768909597270556,0.005669961259921454,0.0,0.0,44.45,103.32,2.3244094488188973,2.3165395559990167,2.324545785089997,2.314733652950288,102.9701832641563,103.27168966059416,102.8377850679057,0.003391504778527418,0.00046768909597270556,0.004678123713526041
2026-07-13,44.7,103.91,2.324608501118568,2.3160735817361386,2.3257069004538433,2.313521384916819,103.52848910360541,103.90719659352288,103.36607309189044,0.003678307995734353,2.6979542821556517e-05,0.005248344862384143,0.0,0.0,44.7,103.91,2.324608501118568,2.3165395559990167,2.3257069004538433,2.315814923954569,103.54931815315605,103.90719659352288,103.46859428687787,0.00347713675583367,2.6979542821556517e-05,0.004257010047164623
2026-07-14,44.48,103.59,2.3289118705035974,2.3160735817361386,2.3268750242806946,2.3149206821457025,103.01895291562344,103.44744293218695,102.9054312011001,0.005527819878386043,0.0013771140941789004,0.006630377271094397,0.0,0.0,44.48,103.59,2.3289118705035974,2.3165395559990167,2.3268750242806946,2.3172142211834528,103.03967945083626,103.44744293218695,103.00744781749921,0.005326648638485338,0.0013771140941789004,0.005639505546778648
2026-07-15,44.56,103.83,2.3301166965888687,2.3160735817361386,2.3276586675939077,2.3168677261327364,103.20423880216234,103.68555108194775,103.15286559641251,0.0060450204470363774,0.0013921746165955517,0.006542926317162512,0.0,0.0,44.56,103.83,2.3301166965888687,2.3165395559990167,2.3276586675939077,2.3185944725499046,103.22500261531619,103.68555108194775,103.25506569593466,0.005843849207135364,0.0013921746165955517,0.005552653247382183
2026-07-16,45.46,106.25,2.3372195336559614,2.3160735817361386,2.3288998604343796,2.3191610753210776,105.28870502572487,105.81536302881905,105.3248068299942,0.00908865913083136,0.004099090710118939,0.008745833978685781,0.0,0.0,45.46,106.25,2.3372195336559614,2.3165395559990167,2.3288998604343796,2.3203224115386893,105.3098882157153,105.81536302881905,105.40330472211866,0.008887487890930447,0.004099090710118939,0.00800081808899623
2026-07-17,45.42,106.09,2.3357551739321885,2.3160735817361386,2.3296866580424593,2.3215299120254196,105.19606208245543,105.77863166092952,105.33629604108334,0.008461923544469964,0.0029392606238623545,0.007129738975623442,0.0,0.0,45.42,106.09,2.3357551739321885,2.3165395559990167,2.3296866580424593,2.3221113073742568,105.21722663347535,105.77863166092952,105.38904393208728,0.008260752304569224,0.0029392606238623545,0.006629107280238806
2026-07-20,45.23,105.55,2.333628122927261,2.3160735817361386,2.3299720262168746,2.323699234268454,104.75600810192554,105.37172754326043,105.00279792090971,0.007550860555280144,0.0016904137972615144,0.005197777626020807,0.0,0.0,45.23,105.55,2.333628122927261,2.3165395559990167,2.3299720262168746,2.323699234268454,104.77708411783551,105.37172754326043,105.02909443253762,0.007349689315379388,0.0016904137972615144,0.004947372685412542
2026-07-21,45.2,105.52,2.334513274336283,2.3160735817361386,2.3306098094313006,2.325011449552737,104.68652589447348,105.31473558500274,105.03120538893413,0.007930091321575851,0.0019471599808405062,0.004643008224653194,0.0,0.0,45.2,105.52,2.334513274336283,2.3165395559990167,2.3306098094313006,2.325011449552737,104.70758793115556,105.31473558500274,105.03120538893413,0.007728920081675168,0.0019471599808405062,0.004643008224653194
2026-07-22,45.01,104.95,2.331704065763164,2.3160735817361386,2.3309602839577863,2.326240470045197,104.2464719139436,104.90074752250284,104.6487653443687,0.006726028712503159,0.0004694048411358813,0.0028743953957948284,0.0,0.0,45.01,104.95,2.331704065763164,2.3165395559990167,2.3309602839577863,2.326240470045197,104.26744541551574,104.90074752250284,104.6487653443687,0.006524857472602286,0.0004694048411358813,0.0028743953957948284
2026-07-23,44.95,104.71,2.3294771968854278,2.3160735817361386,2.3310343884530216,2.327178495245568,104.10750749903944,104.7766647639025,104.56450912853161,0.005770533132443649,-0.000636458327579161,0.0013904311185724922,0.0,0.0,44.95,104.71,2.3294771968854278,2.3165395559990167,2.3310343884530216,2.327178495245568,104.12845304215581,104.7766647639025,104.56450912853161,0.005569361892542754,-0.000636458327579161,0.0013904311185724922
2026-07-24,45.95,107.0,2.3286180631120783,2.3160735817361386,2.3314552498823398,2.328000517486168,106.42358108077558,107.11103014941635,106.93385185653386,0.005401655410912299,-0.0010371269456895627,0.0006183981169890802,0.0,0.0,45.95,107.0,2.3286180631120783,2.3165395559990167,2.3314552498823398,2.3280005174861684,106.44499259815483,107.11103014941635,106.93385185653386,0.005200484171011571,-0.0010371269456895627,0.0006183981169890802
2026-07-27,45.76,106.64,2.3304195804195804,2.3160735817361386,2.332036357812441,2.328871629133142,105.9835271002457,106.68739223461586,106.52930368016705,0.0061749985496132535,-0.0004443145805053788,0.0010385766418711754,0.0,0.0,45.76,106.64,2.3304195804195804,2.3165395559990167,2.332036357812441,2.3288716291331424,106.004850082515,106.68739223461586,106.52930368016706,0.0059738273097123,-0.0004443145805053788,0.0010385766418711754
2026-07-28,46.01,107.26,2.3312323407954794,2.3160735817361386,2.332268404841629,2.329571714561162,106.56254549567973,107.2969928229504,107.15138365641586,0.006523699138104453,-0.00034482980797067176,0.0010131584529050827,0.0,0.0,46.01,107.26,2.3312323407954794,2.3165395559990167,2.332268404841629,2.329571714561162,106.58398497151475,107.2969928229504,107.15138365641587,0.006322527898203535,-0.00034482980797067176,0.0010131584529048609
2026-07-29,45.96,107.01,2.3283289817232378,2.3160735817361386,2.332089633355066,2.3298741504744873,106.44674181659293,107.19105588652127,107.067116001231,0.00527750480905721,-0.001690523222599579,-0.000533602130420066,0.0,0.0,45.96,107.01,2.3283289817232378,2.3165395559990167,2.332089633355066,2.329874150474487,106.46815799371481,107.19105588652127,107.067116001231,0.005076333569156377,-0.001690523222599579,-0.000533602130420066
2026-07-30,45.3,105.67,2.3326710816777045,2.3160735817361386,2.3316347881572406,2.33026732429581,104.91813325264707,105.64366039098448,105.54329901649427,0.0071406677146534986,0.0002492939557546844,0.0011997445169726717,0.0,0.0,45.3,105.67,2.3326710816777045,2.3165395559990167,2.3316347881572406,2.33026732429581,104.93924188675545,105.64366039098448,105.54329901649425,0.006939496474752695,0.0002492939557546844,0.0011997445169728935
2026-07-31,45.07,105.09,2.3317062347459507,2.3160735817361386,2.3312298942386165,2.330458276140538,104.38543632884777,105.08677990224683,105.02514830601216,0.0067269589256506584,3.064180310425976e-05,0.0006172967210602466,0.0,0.0,45.07,105.09,2.3317062347459507,2.3165395559990167,2.3312298942386165,2.330458276140538,104.40643778887568,105.08677990224683,105.02514830601216,0.006525787685749751,3.064180310425976e-05,0.0006172967210602466
2026-08-03,45.18,105.23,2.32912793271359,2.3160735817361386,2.33077987521725,2.3303759507170616,104.64020442283875,105.3249666217007,105.2901049160295,0.005620589463565943,-0.0009020602046489931,-0.0005710135636367245,0.0,0.0,45.18,105.23,2.32912793271359,2.3165395559990167,2.33077987521725,2.330375950717062,104.66125714003557,105.3249666217007,105.2901049160295,0.005419418223665206,-0.0009020602046489931,-0.0005710135636367245
2026-08-04,45.17,105.12,2.3272083241089216,2.3160735817361386,2.3300493801945135,2.330329594812907,104.6170436870214,105.28132696356319,105.26308169388967,0.004796074820489957,-0.0015335168984635561,-0.0013602017310314048,0.0,0.0,45.17,105.12,2.3272083241089216,2.3165395559990167,2.3300493801945135,2.330329594812907,104.63809174447559,105.28132696356319,105.2630816938897,0.00459490358058913,-0.0015335168984635561,-0.0013602017310316273
2026-08-05,45.2,105.14,2.3261061946902655,2.3160735817361386,2.3294895930872235,2.3302249385225053,104.68652589447348,105.31823198479202,105.33089768554339,0.004322378303818692,-0.0016937520164491602,-0.0018140060216421353,0.0,0.0,45.2,105.14,2.3261061946902655,2.3165395559990167,2.3294895930872235,2.330224938522505,104.70758793115556,105.31823198479202,105.33089768554339,0.004121207063917883,-0.0016937520164491602,-0.0018140060216421353
2026-08-06,44.81,104.19,2.3251506360187455,2.3160735817361386,2.329056937000556,2.3300456627267883,103.78325719759638,104.38442866623849,104.41737949519347,0.0039114963767429125,-0.0018643581938454638,-0.0021799764302836188,0.0,0.0,44.81,104.19,2.3251506360187455,2.3165395559990167,2.329056937000556,2.3300456627267883,103.80413750431595,104.38442866623849,104.41737949519344,0.0037103251368420785,-0.0018643581938454638,-0.002179976430283396
2026-08-07,44.98,104.69,2.327478879502001,2.3160735817361386,2.3289430186395474,2.3301991342609436,104.17698970649151,104.760981026285,104.80545390945093,0.004912325550796259,-0.0006777817764760046,-0.0011022093223010544,0.0,0.0,44.98,104.69,2.327478879502001,2.3165395559990167,2.3289430186395474,2.3301991342609436,104.19794922883577,104.760981026285,104.80545390945093,0.0047111543108954036,-0.0006777817764760046,-0.0011022093223010544
2026-08-10,44.4,103.35,2.3277027027027026,2.3160735817361386,2.3286713308678597,2.3303538443401504,102.83366702908455,103.4050700275959,103.46084156118589,0.005008486440300507,-0.0005327078933624947,-0.0010719125841006727,0.0,0.0,44.4,103.35,2.3277027027027026,2.3165395559990167,2.3286713308678597,2.330353844340151,102.85435628635634,103.4050700275959,103.46084156118589,0.004807315200399782,-0.0005327078933624947,-0.0010719125841006727
2026-08-11,44.08,102.57,2.3269056261343013,2.3160735817361386,2.328238659401742,2.3302535321216857,102.09252348292898,102.64783226465525,102.72199745851383,0.004665997225363004,-0.000758533189131022,-0.0014807930963689415,0.0,0.0,44.08,102.57,2.3269056261343013,2.3165395559990167,2.328238659401742,2.3302535321216853,102.11306362843665,102.64783226465525,102.72199745851384,0.004464825985461965,-0.000758533189131022,-0.0014807930963690525
2026-08-12,44.49,103.51,2.3265902449988762,2.3160735817361386,2.328064785729306,2.3300772095421864,103.04211365144081,103.5833379567835,103.6729796440938,0.004530451328410626,-0.0007082599621289598,-0.0015732921496899952,0.0,0.0,44.49,103.51,2.3265902449988762,2.3165395559990167,2.328064785729306,2.330077209542186,103.06284484639626,103.5833379567835,103.67297964409379,0.00432928008850986,-0.0007082599621289598,-0.001573292149689884
2026-08-13,45.12,104.89,2.324689716312057,2.3160735817361386,2.327266649192741,2.329450718674991,104.50124000793457,105.04228313210628,105.13308369454344,0.0037132445344114193,-0.0014507836197881312,-0.002314829387446356,0.0,0.0,45.12,104.89,2.324689716312057,2.3165395559990167,2.327266649192741,2.3294507186749907,104.52226476667563,105.04228313210628,105.13308369454343,0.003512073294510647,-0.0014507836197881312,-0.0023148293874462444
2026-08-14,45.27,105.06,2.3207422133863487,2.3160735817361386,2.3261702470567807,2.328700070647699,104.848651045195,105.3553612089554,105.45423403441686,0.0020137238286507125,-0.002807412930793577,-0.003745442649954654,0.0,0.0,45.27,105.06,2.3207422133863487,2.3165395559990167,2.3261702470567807,2.328700070647699,104.8697457000755,105.3553612089554,105.45423403441683,0.0018125525887496413,-0.002807412930793577,-0.0037454426499544313
