,bop date,eop date, bop XLU price , eop XLU price , XLU cop ,XLU pct cop, bop FUTY price , eop FUTY price , FUTY cop ,FUTY pct cop, bop IDU price , eop IDU price , IDU cop ,IDU pct cop, bop VPU price , eop VPU price , VPU cop ,VPU pct cop, XLU scalar , FUTY scalar ,,, IDU scalar , VPU scalar , eop XLU unit price , eop FUTY unit price , eop IDU unit price , eop VPU unit price , max_price , min_price , pct_diff ,,
1146,,3/25/2026,,$45.25 ,,,,$58.34 ,,,,$114.49 ,,,,$195.48 ,,,4.3274,3.352,1.7105,1,1.7105,1,$195.81 ,$195.56 ,$195.84 ,$195.48 ,$195.84 ,$195.48 ,0.18%,,
1147,3/25/2026,3/26/2026,$45.25 ,$45.33 ,$0.08 ,0.18%,$58.34 ,$58.47 ,$0.13 ,0.22%,$114.49 ,$114.81 ,$0.32 ,0.28%,$195.48 ,$195.92 ,$0.44 ,0.22%,4.3274,3.352,1.7105,1.000013393,1.710522908,1,$196.16 ,$195.99 ,$196.39 ,$195.92 ,$196.39 ,$195.92 ,0.24%,,$7.50 
1148,3/26/2026,3/27/2026,$45.33 ,$45.59 ,$0.26 ,0.57%,$58.47 ,$58.74 ,$0.27 ,0.46%,$114.81 ,$115.34 ,$0.53 ,0.46%,$195.92 ,$196.88 ,$0.96 ,0.49%,4.3274,3.352,1.7105,1.000026786,1.710545817,1,$197.29 ,$196.90 ,$197.29 ,$196.88 ,$197.29 ,$196.88 ,0.21%,,0.133928571
1149,3/27/2026,3/30/2026,$45.59 ,$45.92 ,$0.33 ,0.72%,$58.74 ,$59.13 ,$0.39 ,0.66%,$115.34 ,$116.21 ,$0.87 ,0.75%,$196.88 ,$198.11 ,$1.23 ,0.62%,4.3274,3.352,1.7105,1.000040179,1.710568726,1,$198.71 ,$198.20 ,$198.79 ,$198.11 ,$198.79 ,$198.11 ,0.34%,,
1150,3/30/2026,3/31/2026,$45.92 ,$45.89 ,($0.03),-0.07%,$59.13 ,$59.07 ,($0.06),-0.10%,$116.21 ,$116.11 ,($0.10),-0.09%,$198.11 ,$198.14 ,$0.03 ,0.02%,4.3274,3.352,1.7105,1.000053573,1.710591636,1,$198.58 ,$198.00 ,$198.62 ,$198.14 ,$198.62 ,$198.00 ,0.31%,,
1151,3/31/2026,4/1/2026,$45.89 ,$46.11 ,$0.22 ,0.48%,$59.07 ,$59.36 ,$0.29 ,0.49%,$116.11 ,$116.61 ,$0.50 ,0.43%,$198.14 ,$198.97 ,$0.83 ,0.42%,4.3274,3.352,1.7105,1.000066966,1.710614545,1,$199.54 ,$198.97 ,$199.47 ,$198.97 ,$199.54 ,$198.97 ,0.29%,,0.075%
1152,4/1/2026,4/2/2026,$46.11 ,$46.34 ,$0.23 ,0.50%,$59.36 ,$59.75 ,$0.39 ,0.65%,$116.61 ,$117.48 ,$0.87 ,0.74%,$198.97 ,$200.14 ,$1.17 ,0.59%,4.3274,3.352,1.7105,1.00008036,1.710637455,1,$200.53 ,$200.28 ,$200.97 ,$200.14 ,$200.97 ,$200.14 ,0.41%,,1.33929E-05
1153,4/2/2026,4/6/2026,$46.34 ,$46.17 ,($0.17),-0.37%,$59.75 ,$59.48 ,($0.27),-0.45%,$117.48 ,$116.92 ,($0.56),-0.48%,$200.14 ,$199.40 ,($0.74),-0.37%,4.3274,3.352,1.7105,1.000093754,1.710660366,1,$199.80 ,$199.38 ,$200.01 ,$199.40 ,$200.01 ,$199.38 ,0.32%,,
1154,4/6/2026,4/7/2026,$46.17 ,$46.27 ,$0.10 ,0.22%,$59.48 ,$59.67 ,$0.19 ,0.32%,$116.92 ,$117.27 ,$0.35 ,0.30%,$199.40 ,$199.98 ,$0.58 ,0.29%,4.3274,3.352,1.7105,1.000107148,1.710683276,1,$200.23 ,$200.01 ,$200.61 ,$199.98 ,$200.61 ,$199.98 ,0.32%,,
1155,4/7/2026,4/8/2026,$46.27 ,$46.78 ,$0.51 ,1.10%,$59.67 ,$60.30 ,$0.63 ,1.05%,$117.27 ,$118.26 ,$0.99 ,0.84%,$199.98 ,$202.09 ,$2.11 ,1.05%,4.3274,3.352,1.7105,1.000120542,1.710706187,1,$202.44 ,$202.13 ,$202.31 ,$202.09 ,$202.44 ,$202.09 ,0.17%,,
1156,4/8/2026,4/9/2026,$46.78 ,$47.15 ,$0.37 ,0.79%,$60.30 ,$60.76 ,$0.46 ,0.76%,$118.26 ,$119.13 ,$0.87 ,0.73%,$202.09 ,$203.63 ,$1.54 ,0.76%,4.3274,3.352,1.7105,1.000133937,1.710729099,1,$204.04 ,$203.67 ,$203.80 ,$203.63 ,$204.04 ,$203.63 ,0.20%,,
1157,4/9/2026,4/10/2026,$47.15 ,$46.96 ,($0.19),-0.40%,$60.76 ,$60.52 ,($0.24),-0.40%,$119.13 ,$118.54 ,($0.59),-0.50%,$203.63 ,$202.89 ,($0.74),-0.36%,4.3274,3.352,1.7105,1.000147331,1.71075201,1,$203.21 ,$202.86 ,$202.79 ,$202.89 ,$203.21 ,$202.79 ,0.21%,,
1158,4/10/2026,4/13/2026,$46.96 ,$46.39 ,($0.57),-1.22%,$60.52 ,$59.76 ,($0.76),-1.26%,$118.54 ,$117.26 ,($1.28),-1.09%,$202.89 ,$200.25 ,($2.64),-1.31%,4.3274,3.352,1.7105,1.000160726,1.710774922,1,$200.75 ,$200.32 ,$200.61 ,$200.25 ,$200.75 ,$200.25 ,0.25%,,
1159,4/13/2026,4/14/2026,$46.39 ,$46.47 ,$0.08 ,0.17%,$59.76 ,$59.96 ,$0.20 ,0.33%,$117.26 ,$117.41 ,$0.15 ,0.13%,$200.25 ,$200.91 ,$0.66 ,0.33%,4.3274,3.352,1.7105,1.000174121,1.710797834,1,$201.09 ,$200.99 ,$200.86 ,$200.91 ,$201.09 ,$200.86 ,0.11%,,
1160,4/14/2026,4/15/2026,$46.47 ,$46.02 ,($0.45),-0.97%,$59.96 ,$59.46 ,($0.50),-0.84%,$117.41 ,$116.31 ,($1.10),-0.94%,$200.91 ,$199.25 ,($1.66),-0.83%,4.3274,3.352,1.7105,1.000187516,1.710820747,1,$199.15 ,$199.31 ,$198.99 ,$199.25 ,$199.31 ,$198.99 ,0.16%,,
1161,4/15/2026,4/16/2026,$46.02 ,$46.35 ,$0.33 ,0.71%,$59.46 ,$59.85 ,$0.39 ,0.65%,$116.31 ,$117.00 ,$0.69 ,0.59%,$199.25 ,$200.51 ,$1.26 ,0.63%,4.3274,3.352,1.7105,1.000200912,1.710843659,1,$200.57 ,$200.62 ,$200.17 ,$200.51 ,$200.62 ,$200.17 ,0.23%,,
1162,4/16/2026,4/17/2026,$46.35 ,$46.16 ,($0.19),-0.41%,$59.85 ,$59.59 ,($0.26),-0.44%,$117.00 ,$116.57 ,($0.43),-0.37%,$200.51 ,$199.70 ,($0.81),-0.40%,4.3274,3.352,1.7105,1.000214307,1.710866573,1,$199.75 ,$199.75 ,$199.44 ,$199.70 ,$199.75 ,$199.44 ,0.16%,,
1163,4/17/2026,4/20/2026,$46.16 ,$45.75 ,($0.41),-0.89%,$59.59 ,$59.11 ,($0.48),-0.81%,$116.57 ,$115.62 ,($0.95),-0.82%,$199.70 ,$198.05 ,($1.65),-0.83%,4.3274,3.352,1.7105,1.000227703,1.710889486,1,$197.98 ,$198.14 ,$197.81 ,$198.05 ,$198.14 ,$197.81 ,0.17%,,
1164,4/20/2026,4/21/2026,$45.75 ,$44.95 ,($0.80),-1.76%,$59.11 ,$58.04 ,($1.07),-1.83%,$115.62 ,$113.57 ,($2.05),-1.79%,$198.05 ,$194.44 ,($3.61),-1.84%,4.3274,3.352,1.7105,1.000241099,1.7109124,1,$194.52 ,$194.55 ,$194.31 ,$194.44 ,$194.55 ,$194.31 ,0.12%,,
1165,4/21/2026,4/22/2026,$44.95 ,$44.87 ,($0.08),-0.18%,$58.04 ,$57.97 ,($0.07),-0.12%,$113.57 ,$113.54 ,($0.03),-0.03%,$194.44 ,$194.34 ,($0.10),-0.05%,4.3274,3.352,1.7105,1.000254495,1.710935314,1,$194.17 ,$194.32 ,$194.26 ,$194.34 ,$194.34 ,$194.17 ,0.09%,,
1166,4/22/2026,4/23/2026,$44.87 ,$46.09 ,$1.22 ,2.68%,$57.97 ,$59.59 ,$1.62 ,2.76%,$113.54 ,$116.72 ,$3.18 ,2.76%,$194.34 ,$199.69 ,$5.35 ,2.72%,4.3274,3.352,1.7105,1.000267891,1.710958228,1,$199.45 ,$199.75 ,$199.70 ,$199.69 ,$199.75 ,$199.45 ,0.15%,,
1167,4/23/2026,4/24/2026,$46.09 ,$46.18 ,$0.09 ,0.20%,$59.59 ,$59.65 ,$0.06 ,0.10%,$116.72 ,$116.84 ,$0.12 ,0.10%,$199.69 ,$199.84 ,$0.15 ,0.08%,4.3274,3.352,1.7105,1.000281288,1.710981143,1,$199.84 ,$199.95 ,$199.91 ,$199.84 ,$199.95 ,$199.84 ,0.06%,,
1168,4/24/2026,4/27/2026,$46.18 ,$46.19 ,$0.01 ,0.02%,$59.65 ,$59.72 ,$0.07 ,0.12%,$116.84 ,$116.67 ,($0.17),-0.15%,$199.84 ,$200.11 ,$0.27 ,0.14%,4.3274,3.352,1.7105,1.000294684,1.711004057,1,$199.88 ,$200.18 ,$199.62 ,$200.11 ,$200.18 ,$199.62 ,0.28%,,
1169,4/27/2026,4/28/2026,$46.19 ,$46.25 ,$0.06 ,0.13%,$59.72 ,$59.75 ,$0.03 ,0.05%,$116.67 ,$116.87 ,$0.20 ,0.17%,$200.11 ,$200.26 ,$0.15 ,0.07%,4.3274,3.352,1.7105,1.000308081,1.711026973,1,$200.14 ,$200.28 ,$199.97 ,$200.26 ,$200.28 ,$199.97 ,0.16%,,
1170,4/28/2026,4/29/2026,$46.25 ,$45.68 ,($0.57),-1.24%,$59.75 ,$59.00 ,($0.75),-1.26%,$116.87 ,$115.53 ,($1.34),-1.15%,$200.26 ,$197.60 ,($2.66),-1.34%,4.3274,3.352,1.7105,1.000321478,1.711049888,1,$197.68 ,$197.77 ,$197.68 ,$197.60 ,$197.77 ,$197.60 ,0.09%,,
1171,4/29/2026,4/30/2026,$45.68 ,$46.85 ,$1.17 ,2.53%,$59.00 ,$60.40 ,$1.40 ,2.35%,$115.53 ,$118.30 ,$2.77 ,2.37%,$197.60 ,$202.49 ,$4.89 ,2.44%,4.3274,3.352,1.7105,1.000334875,1.711072804,1,$202.74 ,$202.46 ,$202.42 ,$202.49 ,$202.74 ,$202.42 ,0.16%,,
1172,4/30/2026,5/1/2026,$46.85 ,$46.55 ,($0.30),-0.64%,$60.40 ,$60.03 ,($0.37),-0.61%,$118.30 ,$117.41 ,($0.89),-0.76%,$202.49 ,$201.12 ,($1.37),-0.68%,4.3274,3.352,1.7105,1.000348273,1.71109572,1,$201.44 ,$201.22 ,$200.90 ,$201.12 ,$201.44 ,$200.90 ,0.27%,,
1173,5/1/2026,5/4/2026,$46.55 ,$46.37 ,($0.18),-0.39%,$60.03 ,$59.85 ,($0.18),-0.30%,$117.41 ,$117.10 ,($0.31),-0.26%,$201.12 ,$200.51 ,($0.61),-0.30%,4.3274,3.352,1.7105,1.00036167,1.711118637,1,$200.66 ,$200.62 ,$200.37 ,$200.51 ,$200.66 ,$200.37 ,0.14%,,
1174,5/4/2026,5/5/2026,$46.37 ,$46.37 , $-   ,0.00%,$59.85 ,$59.85 , $-   ,0.00%,$117.10 ,$116.96 ,($0.14),-0.12%,$200.51 ,$200.54 ,$0.03 ,0.01%,4.3274,3.352,1.7105,1.000375068,1.711141553,1,$200.66 ,$200.62 ,$200.14 ,$200.54 ,$200.66 ,$200.14 ,0.26%,,
1175,5/5/2026,5/6/2026,$46.37 ,$45.71 ,($0.66),-1.43%,$59.85 ,$59.09 ,($0.76),-1.28%,$116.96 ,$115.28 ,($1.68),-1.45%,$200.54 ,$198.05 ,($2.49),-1.25%,4.3274,3.352,1.7105,1.000388466,1.711164471,1,$197.81 ,$198.07 ,$197.26 ,$198.05 ,$198.07 ,$197.26 ,0.41%,,
1176,5/6/2026,5/7/2026,$45.71 ,$45.12 ,($0.59),-1.30%,$59.09 ,$58.30 ,($0.79),-1.35%,$115.28 ,$113.92 ,($1.36),-1.19%,$198.05 ,$195.44 ,($2.61),-1.33%,4.3274,3.352,1.7105,1.000401864,1.711187388,1,$195.25 ,$195.42 ,$194.94 ,$195.44 ,$195.44 ,$194.94 ,0.26%,,
1177,5/7/2026,5/8/2026,$45.12 ,$44.72 ,($0.40),-0.89%,$58.30 ,$57.85 ,($0.45),-0.77%,$113.92 ,$112.84 ,($1.08),-0.95%,$195.44 ,$193.90 ,($1.54),-0.79%,4.3274,3.352,1.7105,1.000415262,1.711210306,1,$193.52 ,$193.91 ,$193.09 ,$193.90 ,$193.91 ,$193.09 ,0.42%,,
1178,5/8/2026,5/11/2026,$44.72 ,$45.14 ,$0.42 ,0.93%,$57.85 ,$58.38 ,$0.53 ,0.91%,$112.84 ,$113.77 ,$0.93 ,0.82%,$193.90 ,$195.62 ,$1.72 ,0.88%,4.3274,3.352,1.7105,1.00042866,1.711233224,1,$195.34 ,$195.69 ,$194.69 ,$195.62 ,$195.69 ,$194.69 ,0.51%,,
1179,5/11/2026,5/12/2026,$45.14 ,$45.19 ,$0.05 ,0.11%,$58.38 ,$58.44 ,$0.06 ,0.10%,$113.77 ,$114.10 ,$0.33 ,0.29%,$195.62 ,$195.91 ,$0.29 ,0.15%,4.3274,3.352,1.7105,1.000442059,1.711256142,1,$195.56 ,$195.89 ,$195.25 ,$195.91 ,$195.91 ,$195.25 ,0.34%,,
1180,5/12/2026,5/13/2026,$45.19 ,$44.67 ,($0.52),-1.16%,$58.44 ,$57.74 ,($0.70),-1.21%,$114.10 ,$112.75 ,($1.35),-1.19%,$195.91 ,$193.52 ,($2.39),-1.23%,4.3274,3.352,1.7105,1.000455458,1.711279061,1,$193.30 ,$193.54 ,$192.95 ,$193.52 ,$193.54 ,$192.95 ,0.31%,,
1181,5/13/2026,5/14/2026,$44.67 ,$44.90 ,$0.23 ,0.51%,$57.74 ,$58.05 ,$0.31 ,0.54%,$112.75 ,$113.42 ,$0.67 ,0.59%,$193.52 ,$194.56 ,$1.04 ,0.54%,4.3274,3.352,1.7105,1.000468857,1.711301979,1,$194.30 ,$194.58 ,$194.10 ,$194.56 ,$194.58 ,$194.10 ,0.25%,,
1182,5/14/2026,5/15/2026,$44.90 ,$43.87 ,($1.03),-2.32%,$58.05 ,$56.69 ,($1.36),-2.37%,$113.42 ,$111.08 ,($2.34),-2.08%,$194.56 ,$190.20 ,($4.36),-2.27%,4.3274,3.352,1.7105,1.000482256,1.711324899,1,$189.84 ,$190.02 ,$190.09 ,$190.20 ,$190.20 ,$189.84 ,0.19%,,
1183,5/15/2026,5/18/2026,$43.87 ,$43.94 ,$0.07 ,0.16%,$56.69 ,$56.81 ,$0.12 ,0.21%,$111.08 ,$111.32 ,$0.24 ,0.22%,$190.20 ,$190.32 ,$0.12 ,0.06%,4.3274,3.352,1.7105,1.000495655,1.711347818,1,$190.15 ,$190.43 ,$190.51 ,$190.32 ,$190.51 ,$190.15 ,0.19%,,
1184,5/18/2026,5/19/2026,$43.94 ,$44.34 ,$0.40 ,0.91%,$56.81 ,$57.31 ,$0.50 ,0.88%,$111.32 ,$112.26 ,$0.94 ,0.84%,$190.32 ,$192.06 ,$1.74 ,0.91%,4.3274,3.352,1.7105,1.000509055,1.711370738,1,$191.88 ,$192.10 ,$192.12 ,$192.06 ,$192.12 ,$191.88 ,0.12%,,
1185,5/19/2026,5/20/2026,$44.34 ,$44.51 ,$0.17 ,0.38%,$57.31 ,$57.58 ,$0.27 ,0.47%,$112.26 ,$112.55 ,$0.29 ,0.26%,$192.06 ,$192.92 ,$0.86 ,0.45%,4.3274,3.352,1.7105,1.000522454,1.711393658,1,$192.61 ,$193.01 ,$192.62 ,$192.92 ,$193.01 ,$192.61 ,0.21%,,
1186,5/20/2026,5/21/2026,$44.51 ,$45.00 ,$0.49 ,1.09%,$57.58 ,$58.16 ,$0.58 ,1.00%,$112.55 ,$113.59 ,$1.04 ,0.92%,$192.92 ,$194.93 ,$2.01 ,1.04%,4.3274,3.352,1.7105,1.000535854,1.711416579,1,$194.73 ,$194.95 ,$194.40 ,$194.93 ,$194.95 ,$194.40 ,0.28%,,
1187,5/21/2026,5/22/2026,$45.00 ,$45.35 ,$0.35 ,0.77%,$58.16 ,$58.63 ,$0.47 ,0.80%,$113.59 ,$114.48 ,$0.89 ,0.78%,$194.93 ,$196.47 ,$1.54 ,0.79%,4.3274,3.352,1.7105,1.000549254,1.711439499,1,$196.25 ,$196.53 ,$195.93 ,$196.47 ,$196.53 ,$195.93 ,0.31%,,
1188,5/22/2026,5/26/2026,$45.35 ,$45.33 ,($0.02),-0.04%,$58.63 ,$58.68 ,$0.05 ,0.09%,$114.48 ,$114.41 ,($0.07),-0.06%,$196.47 ,$196.65 ,$0.18 ,0.09%,4.3274,3.352,1.7105,1.000562654,1.71146242,1,$196.16 ,$196.70 ,$195.81 ,$196.65 ,$196.70 ,$195.81 ,0.45%,,
1189,5/26/2026,5/27/2026,$45.33 ,$45.14 ,($0.19),-0.42%,$58.68 ,$58.40 ,($0.28),-0.48%,$114.41 ,$113.85 ,($0.56),-0.49%,$196.65 ,$195.70 ,($0.95),-0.48%,4.3274,3.352,1.7105,1.000576055,1.711485342,1,$195.34 ,$195.76 ,$194.85 ,$195.70 ,$195.76 ,$194.85 ,0.46%,,
1190,5/27/2026,5/28/2026,$45.14 ,$44.63 ,($0.51),-1.14%,$58.40 ,$57.75 ,($0.65),-1.12%,$113.85 ,$112.61 ,($1.24),-1.10%,$195.70 ,$193.55 ,($2.15),-1.10%,4.3274,3.352,1.7105,1.000589455,1.711508264,1,$193.13 ,$193.58 ,$192.73 ,$193.55 ,$193.58 ,$192.73 ,0.44%,,
1191,5/28/2026,5/29/2026,$44.63 ,$44.42 ,($0.21),-0.47%,$57.75 ,$57.53 ,($0.22),-0.38%,$112.61 ,$112.11 ,($0.50),-0.44%,$193.55 ,$192.66 ,($0.89),-0.46%,4.3274,3.352,1.7105,1.000602856,1.711531185,1,$192.22 ,$192.84 ,$191.88 ,$192.66 ,$192.84 ,$191.88 ,0.50%,,
1192,5/29/2026,6/1/2026,$44.42 ,$43.10 ,($1.32),-3.02%,$57.53 ,$55.83 ,($1.70),-3.00%,$112.11 ,$109.08 ,($3.03),-2.74%,$192.66 ,$187.11 ,($5.55),-2.92%,4.3274,3.352,1.7105,1.000616257,1.711554108,1,$186.51 ,$187.14 ,$186.70 ,$187.11 ,$187.14 ,$186.51 ,0.34%,,
1193,6/1/2026,6/2/2026,$43.10 ,$43.90 ,$0.80 ,1.84%,$55.83 ,$56.94 ,$1.11 ,1.97%,$109.08 ,$110.95 ,$1.87 ,1.70%,$187.11 ,$190.78 ,$3.67 ,1.94%,4.3274,3.352,1.7105,1.000629658,1.71157703,1,$189.97 ,$190.86 ,$189.90 ,$190.78 ,$190.86 ,$189.90 ,0.50%,,
1194,6/2/2026,6/3/2026,$43.90 ,$43.71 ,($0.19),-0.43%,$56.94 ,$56.60 ,($0.34),-0.60%,$110.95 ,$110.64 ,($0.31),-0.28%,$190.78 ,$189.68 ,($1.10),-0.58%,4.3274,3.352,1.7105,1.00064306,1.711599953,1,$189.15 ,$189.72 ,$189.37 ,$189.68 ,$189.72 ,$189.15 ,0.30%,,
1195,6/3/2026,6/4/2026,$43.71 ,$43.94 ,$0.23 ,0.52%,$56.60 ,$56.94 ,$0.34 ,0.60%,$110.64 ,$111.30 ,$0.66 ,0.59%,$189.68 ,$190.85 ,$1.17 ,0.61%,4.3274,3.352,1.7105,1.000656461,1.711622877,1,$190.15 ,$190.86 ,$190.50 ,$190.85 ,$190.86 ,$190.15 ,0.37%,,
1196,6/4/2026,6/5/2026,$43.94 ,$44.35 ,$0.41 ,0.93%,$56.94 ,$57.39 ,$0.45 ,0.79%,$111.30 ,$112.23 ,$0.93 ,0.83%,$190.85 ,$192.36 ,$1.51 ,0.79%,4.3274,3.352,1.7105,1.000669863,1.7116458,1,$191.92 ,$192.37 ,$192.10 ,$192.36 ,$192.37 ,$191.92 ,0.23%,,
1197,6/5/2026,6/8/2026,$44.35 ,$43.52 ,($0.83),-1.89%,$57.39 ,$56.32 ,($1.07),-1.88%,$112.23 ,$110.16 ,($2.07),-1.86%,$192.36 ,$188.75 ,($3.61),-1.89%,4.3274,3.352,1.7105,1.000683264,1.711668724,1,$188.33 ,$188.78 ,$188.56 ,$188.75 ,$188.78 ,$188.33 ,0.24%,,
1198,6/8/2026,6/9/2026,$43.52 ,$43.98 ,$0.46 ,1.05%,$56.32 ,$56.86 ,$0.54 ,0.95%,$110.16 ,$111.52 ,$1.36 ,1.23%,$188.75 ,$190.60 ,$1.85 ,0.98%,4.3274,3.352,1.7105,1.000696666,1.711691648,1,$190.32 ,$190.59 ,$190.89 ,$190.60 ,$190.89 ,$190.32 ,0.30%,,
1199,6/9/2026,6/10/2026,$43.98 ,$44.00 ,$0.02 ,0.05%,$56.86 ,$56.89 ,$0.03 ,0.05%,$111.52 ,$111.55 ,$0.03 ,0.03%,$190.60 ,$190.57 ,($0.03),-0.02%,4.3274,3.352,1.7105,1.000710069,1.711714572,1,$190.41 ,$190.70 ,$190.94 ,$190.57 ,$190.94 ,$190.41 ,0.28%,,
1200,6/10/2026,6/11/2026,$44.00 ,$44.05 ,$0.05 ,0.11%,$56.89 ,$56.89 , $-   ,0.00%,$111.55 ,$111.38 ,($0.17),-0.15%,$190.57 ,$190.70 ,$0.13 ,0.07%,4.3274,3.352,1.7105,1.000723471,1.711737497,1,$190.62 ,$190.70 ,$190.65 ,$190.70 ,$190.70 ,$190.62 ,0.04%,,
1201,6/11/2026,6/12/2026,$44.05 ,$44.53 ,$0.48 ,1.08%,$56.89 ,$57.54 ,$0.65 ,1.14%,$111.38 ,$112.58 ,$1.20 ,1.07%,$190.70 ,$192.89 ,$2.19 ,1.14%,4.3274,3.352,1.7105,1.000736874,1.711760422,1,$192.70 ,$192.87 ,$192.71 ,$192.89 ,$192.89 ,$192.70 ,0.10%,,
