,bop date,eop date,bop XLU price,eop XLU price,XLU cop,XLU pct cop,bop FUTY price,eop FUTY price,FUTY cop,FUTY pct cop,bop VPU price,eop VPU price,VPU cop,VPU pct cop,VPU / XLU,XLU scalar,eop XLU unit price,VPU / FUTY,FUTY scalar,eop FUTY unit price,VPU / VPU,VPU scalar,eop VPU unit price,max_price,min_price,pct_diff
1146,,2026-03-25,,45.25,,,,58.34,,,,195.48,,,4.319999999999999,4.3274,195.81485,3.3507027768255053,3.352,195.55568,1.0,1.0,195.48,195.81485,195.48,0.0017114975151733634
1147,2026-03-25,2026-03-26,45.25,45.33,0.0799999999999983,0.0017663948068227,58.34,58.47,0.1299999999999954,0.0022258377480037,195.48,195.92,0.4399999999999977,0.0022483402419581,4.322082506066622,4.3274,196.16104199999998,3.3507781768428253,3.352,195.99143999999998,1.0,1.0,195.92,196.16104199999998,195.92,0.001229552080037837
1148,2026-03-26,2026-03-27,45.33,45.59,0.2600000000000051,0.0057193292725923,58.47,58.74,0.2700000000000031,0.0046071235828948,195.92,196.88,0.960000000000008,0.0048879934388881,4.318490897126562,4.3274,197.286166,3.3517194416070817,3.352,196.89648,1.0,1.0,196.88,197.286166,196.88,0.0020608879137419367
1149,2026-03-27,2026-03-30,45.59,45.92,0.3299999999999983,0.0072123577859608,58.74,59.13,0.3900000000000005,0.0066174840622645,196.88,198.11,1.2300000000000182,0.0062280259034349,4.314242160278746,4.3274,198.714208,3.350414341281921,3.352,198.20376,1.0,1.0,198.11,198.714208,198.11,0.0030452197962679583
1150,2026-03-30,2026-03-31,45.92,45.89,-0.0300000000000011,-0.0006535236045688,59.13,59.07,-0.0600000000000022,-0.0010152285135946,198.11,198.14,0.0299999999999727,0.0001514195586487,4.3177162780562215,4.3274,198.584386,3.354325376671745,3.352,198.00263999999999,1.0,1.0,198.14,198.584386,198.00263999999999,0.0029337642389538413
1151,2026-03-31,2026-04-01,45.89,46.11,0.2199999999999988,0.004782617811872,59.07,59.36,0.2899999999999991,0.0048974175399811,198.14,198.97,0.8300000000000125,0.0041802080462725,4.315116026892214,4.3274,199.536414,3.351920485175202,3.352,198.97472,1.0,1.0,198.97,199.536414,198.97,0.002842686398649852
1152,2026-04-01,2026-04-02,46.11,46.34,0.2300000000000039,0.0049756727856159,59.36,59.75,0.3900000000000005,0.006548591952495,198.97,200.14,1.1699999999999875,0.0058630620711533,4.318946914113076,4.3274,200.53171600000002,3.349623430962343,3.352,200.28199999999998,1.0,1.0,200.14,200.53171600000002,200.14,0.001955297113112384
1153,2026-04-02,2026-04-06,46.34,46.17,-0.1700000000000017,-0.0036752824853326,59.75,59.48,-0.2700000000000031,-0.0045290692196657,200.14,199.4,-0.7399999999999807,-0.0037042641345719,4.318821745722331,4.3274,199.79605800000002,3.352387357094822,3.352,199.37695999999997,1.0,1.0,199.4,199.79605800000002,199.37695999999997,0.0020998320782990377
1154,2026-04-06,2026-04-07,46.17,46.27,0.1000000000000014,0.0021635664000107,59.48,59.67,0.1900000000000048,0.0031892599420363,199.4,199.98,0.5799999999999841,0.0029045040199651,4.322022909012318,4.3274,200.228798,3.351432880844645,3.352,200.01384,1.0,1.0,199.98,200.228798,199.98,0.00124334114239718
1155,2026-04-07,2026-04-08,46.27,46.78,0.509999999999998,0.0109619582371246,59.67,60.3,0.6299999999999955,0.0105027221991492,199.98,202.09,2.1100000000000136,0.0104957811824537,4.320008550662676,4.3274,202.43577200000001,3.351409618573798,3.352,202.1256,1.0,1.0,202.09,202.43577200000001,202.09,0.0017095181970682306
1156,2026-04-08,2026-04-09,46.78,47.15,0.3699999999999974,0.0078782479234335,60.3,60.76,0.4600000000000008,0.0075995739944322,202.09,203.63,1.539999999999992,0.0075914788322665,4.318769883351007,4.3274,204.03690999999998,3.351382488479263,3.352,203.66752,1.0,1.0,203.63,204.03690999999998,203.63,0.001996287288235046
1157,2026-04-09,2026-04-10,47.15,46.96,-0.1899999999999977,-0.0040378335596254,60.76,60.52,-0.2399999999999948,-0.0039577888074168,203.63,202.89,-0.7400000000000091,-0.0036406613074653,4.320485519591141,4.3274,203.214704,3.3524454725710506,3.352,202.86304,1.0,1.0,202.89,203.214704,202.86304,0.001732003751041459
1158,2026-04-10,2026-04-13,46.96,46.39,-0.5700000000000003,-0.0122122567561887,60.52,59.76,-0.7600000000000051,-0.0126373480955933,202.89,200.25,-2.6399999999999864,-0.0130973743064896,4.316663073938349,4.3274,200.748086,3.3509036144578315,3.352,200.31552,1.0,1.0,200.25,200.748086,200.25,0.0024842325863759437
1159,2026-04-13,2026-04-14,46.39,46.47,0.0799999999999983,0.0017230243332346,59.76,59.96,0.2000000000000028,0.0033411324098351,200.25,200.91,0.6599999999999966,0.0032904606415998,4.3234344738541,4.3274,201.094278,3.3507338225483654,3.352,200.98592,1.0,1.0,200.91,201.094278,200.91,0.0009167962780106262
1160,2026-04-14,2026-04-15,46.47,46.02,-0.4499999999999957,-0.009730858489667,59.96,59.46,-0.5,-0.0083738556644453,200.91,199.25,-1.6599999999999966,-0.0082967289197441,4.329639287266406,4.3274,199.146948,3.3509922637066936,3.352,199.30992,1.0,1.0,199.25,199.30992,199.146948,0.000818015811376164
1161,2026-04-15,2026-04-16,46.02,46.35,0.3299999999999983,0.0071452074046442,59.46,59.85,0.3900000000000005,0.0065376144340305,199.25,200.51,1.259999999999991,0.006303803144288,4.325997842502696,4.3274,200.57499,3.350208855472013,3.352,200.6172,1.0,1.0,200.51,200.6172,200.51,0.0005344938092061126
1162,2026-04-16,2026-04-17,46.35,46.16,-0.1900000000000048,-0.0041076698120201,59.85,59.59,-0.259999999999998,-0.0043536572450945,200.51,199.7,-0.8100000000000023,-0.004047880392843,4.326256499133449,4.3274,199.752784,3.351233428427588,3.352,199.74568,1.0,1.0,199.7,199.752784,199.7,0.0002642815492667435
1163,2026-04-17,2026-04-20,46.16,45.75,-0.4099999999999966,-0.0089218304783137,59.59,59.11,-0.480000000000004,-0.0080876599226094,199.7,198.05,-1.6499999999999773,-0.0082967163538437,4.32896174863388,4.3274,197.97854999999998,3.350532904753849,3.352,198.13672,1.0,1.0,198.05,198.13672,197.97854999999998,0.0007986059633923055
1164,2026-04-20,2026-04-21,45.75,44.95,-0.7999999999999972,-0.0176410308039009,59.11,58.04,-1.0700000000000005,-0.018267686820291,198.05,194.44,-3.6100000000000136,-0.018395891890671,4.325695216907675,4.3274,194.51663000000002,3.350103376981392,3.352,194.55007999999998,1.0,1.0,194.44,194.55007999999998,194.44,0.0005659784585687908
1165,2026-04-21,2026-04-22,44.95,44.87,-0.0800000000000054,-0.0017813409297374,58.04,57.97,-0.0700000000000002,-0.0012067926643455,194.44,194.34,-0.0999999999999943,-0.0005144297659617,4.331178961444173,4.3274,194.170438,3.35242366741418,3.352,194.31544,1.0,1.0,194.34,194.34,194.170438,0.0008728826522087793
1166,2026-04-22,2026-04-23,44.87,46.09,1.220000000000006,0.0268265867445249,57.97,59.59,1.6200000000000043,0.0275621394072461,194.34,199.69,5.349999999999994,0.0271569616440072,4.33261011065307,4.3274,199.44986600000001,3.3510656150360796,3.352,199.74568,1.0,1.0,199.69,199.74568,199.44986600000001,0.0014820508751148898
1167,2026-04-23,2026-04-24,46.09,46.18,0.0899999999999963,0.0019507971939322,59.59,59.65,0.0599999999999951,0.0010063737850374,199.69,199.84,0.1500000000000056,0.0007508823219673,4.327414465136423,4.3274,199.83933199999998,3.3502095557418277,3.352,199.9468,1.0,1.0,199.84,199.9468,199.83933199999998,0.0005376274662202877
1168,2026-04-24,2026-04-27,46.18,46.19,0.009999999999998,0.0002165205161645,59.65,59.72,0.0700000000000002,0.0011728241270646,199.84,200.11,0.2700000000000102,0.0013501689762045,4.332323013639316,4.3274,199.88260599999998,3.350803750837241,3.352,200.18143999999998,1.0,1.0,200.11,200.18143999999998,199.88260599999998,0.0014939310771200445
1169,2026-04-27,2026-04-28,46.19,46.25,0.0600000000000022,0.0012981395159202,59.72,59.75,0.0300000000000011,0.0005022181406303,200.11,200.26,0.1499999999999772,0.0007493069261845,4.329945945945946,4.3274,200.14225,3.35163179916318,3.352,200.28199999999998,1.0,1.0,200.26,200.28199999999998,200.14225,0.0006980097018303216
1170,2026-04-28,2026-04-29,46.25,45.68,-0.5700000000000003,-0.0124008986106793,59.75,59.0,-0.75,-0.0126317469059005,200.26,197.6,-2.6599999999999966,-0.0133717369658893,4.325744308231173,4.3274,197.675632,3.3491525423728814,3.352,197.768,1.0,1.0,197.6,197.768,197.6,0.0008498412117887243
1171,2026-04-29,2026-04-30,45.68,46.85,1.1700000000000017,0.0252904433366764,59.0,60.4,1.3999999999999986,0.0234516610350498,197.6,202.49,4.890000000000015,0.0244457172974105,4.322091782283885,4.3274,202.73869,3.3524834437086093,3.352,202.46079999999998,1.0,1.0,202.49,202.73869,202.46079999999998,0.0013716208950176115
1172,2026-04-30,2026-05-01,46.85,46.55,-0.3000000000000042,-0.0064240049613552,60.4,60.03,-0.3699999999999974,-0.0061446676770174,202.49,201.12,-1.3700000000000043,-0.0067887577692406,4.320515574650913,4.3274,201.44046999999998,3.3503248375812094,3.352,201.22056,1.0,1.0,201.12,201.44046999999998,201.12,0.001592158652330733
1173,2026-05-01,2026-05-04,46.55,46.37,-0.1799999999999997,-0.0038743053197066,60.03,59.85,-0.1799999999999997,-0.0030030052597695,201.12,200.51,-0.6100000000000136,-0.0030376240273247,4.32413198188484,4.3274,200.66153799999998,3.350208855472013,3.352,200.6172,1.0,1.0,200.51,200.66153799999998,200.51,0.0007554773599490124
1174,2026-05-04,2026-05-05,46.37,46.37,0.0,0.0,59.85,59.85,0.0,0.0,200.51,200.54,0.0300000000000011,0.0001496072811667,4.324778951908562,4.3274,200.66153799999998,3.3507101086048454,3.352,200.6172,1.0,1.0,200.54,200.66153799999998,200.54,0.0006058700787823291
1175,2026-05-05,2026-05-06,46.37,45.71,-0.6599999999999966,-0.0143356060597163,59.85,59.09,-0.759999999999998,-0.0127797266463988,200.54,198.05,-2.4899999999999807,-0.0124942040278534,4.332749945307373,4.3274,197.805454,3.351666948722288,3.352,198.06968,1.0,1.0,198.05,198.06968,197.805454,0.0013348958625745895
1176,2026-05-06,2026-05-07,45.71,45.12,-0.5900000000000034,-0.0129914851538496,59.09,58.3,-0.7900000000000063,-0.0134596120011366,198.05,195.44,-2.6100000000000136,-0.0132660971184406,4.331560283687944,4.3274,195.252288,3.352315608919383,3.352,195.42159999999998,1.0,1.0,195.44,195.44,195.252288,0.0009609199884893623
1177,2026-05-07,2026-05-08,45.12,44.72,-0.3999999999999986,-0.0089047783429597,58.3,57.85,-0.4499999999999957,-0.007748639716761,195.44,193.9,-1.539999999999992,-0.0079108647008788,4.335867620751342,4.3274,193.52132799999998,3.3517718236819363,3.352,193.9132,1.0,1.0,193.9,193.9132,193.52132799999998,0.0020229076414862144
1178,2026-05-08,2026-05-11,44.72,45.14,0.4200000000000017,0.0093479425425459,57.85,58.38,0.5300000000000011,0.009119911786283,193.9,195.62,1.7199999999999989,0.0088314396137408,4.333628710677891,4.3274,195.338836,3.3508050702295304,3.352,195.68976,1.0,1.0,195.62,195.68976,195.338836,0.0017948768852236818
1179,2026-05-11,2026-05-12,45.14,45.19,0.0499999999999971,0.0011070520337985,58.38,58.44,0.0599999999999951,0.0010272214565298,195.62,195.91,0.289999999999992,0.0014813682375938,4.335251161761452,4.3274,195.555206,3.3523271731690625,3.352,195.89087999999998,1.0,1.0,195.91,195.91,195.555206,0.0018126469055603544
1180,2026-05-12,2026-05-13,45.19,44.67,-0.519999999999996,-0.0115736880591608,58.44,57.74,-0.6999999999999957,-0.0120504126477096,195.91,193.52,-2.3899999999999864,-0.0122745037981689,4.332214013879561,4.3274,193.304958,3.3515760304814686,3.352,193.54448,1.0,1.0,193.52,193.54448,193.304958,0.0012383217194061951
1181,2026-05-13,2026-05-14,44.67,44.9,0.2299999999999968,0.0051356593841812,57.74,58.05,0.3099999999999951,0.0053545339091113,193.52,194.56,1.039999999999992,0.0053597324760303,4.333184855233853,4.3274,194.30025999999998,3.3515934539190355,3.352,194.5836,1.0,1.0,194.56,194.5836,194.30025999999998,0.0014571962443363695
1182,2026-05-14,2026-05-15,44.9,43.87,-1.0300000000000011,-0.0232070795700859,58.05,56.69,-1.3599999999999994,-0.0237068798076881,194.56,190.2,-4.360000000000014,-0.0226644486665123,4.335536813312058,4.3274,189.84303799999998,3.355089080966661,3.352,190.02488,1.0,1.0,190.2,190.2,189.84303799999998,0.0018785351619751193
1183,2026-05-15,2026-05-18,43.87,43.94,0.0700000000000002,0.0015943517783414,56.69,56.81,0.1200000000000045,0.0021145382328233,190.2,190.32,0.1200000000000045,0.0006307158834123,4.331360946745562,4.3274,190.14595599999998,3.3501144164759724,3.352,190.42712,1.0,1.0,190.32,190.42712,190.14595599999998,0.0014775824612159125
1184,2026-05-18,2026-05-19,43.94,44.34,0.4000000000000057,0.0090621372317014,56.81,57.31,0.5,0.0087627619946105,190.32,192.06,1.740000000000009,0.0091009572151245,4.331529093369418,4.3274,191.87691600000002,3.351247600767754,3.352,192.10312,1.0,1.0,192.06,192.10312,191.87691600000002,0.001178207224124871
1185,2026-05-19,2026-05-20,44.34,44.51,0.1699999999999946,0.0038266788395973,57.31,57.58,0.269999999999996,0.0047001566203836,192.06,192.92,0.8599999999999852,0.0044677719909443,4.334306897326443,4.3274,192.612574,3.3504689128169503,3.352,193.00815999999998,1.0,1.0,192.92,193.00815999999998,192.612574,0.0020516850049112517
1186,2026-05-20,2026-05-21,44.51,45.0,0.490000000000002,0.0109486067425568,57.58,58.16,0.5799999999999983,0.010022548041234,192.92,194.93,2.0100000000000198,0.0103649245572825,4.331777777777778,4.3274,194.733,3.3516162310866577,3.352,194.95232,1.0,1.0,194.93,194.95232,194.733,0.0011256263035885454
1187,2026-05-21,2026-05-22,45.0,45.35,0.3500000000000014,0.0077476867908259,58.16,58.63,0.4700000000000059,0.0080486777508598,194.93,196.47,1.539999999999992,0.0078692281400181,4.3323042998897465,4.3274,196.24759,3.3510148388197165,3.352,196.52776,1.0,1.0,196.47,196.52776,196.24759,0.001426617263622491
1188,2026-05-22,2026-05-26,45.35,45.33,-0.0200000000000031,-0.0004411116083877,58.63,58.68,0.0499999999999971,0.0008524422986572,196.47,196.65,0.1800000000000068,0.0009157509797466,4.338186631369954,4.3274,196.16104199999998,3.3512269938650308,3.352,196.69536,1.0,1.0,196.65,196.69536,196.16104199999998,0.0027201711706675478
1189,2026-05-26,2026-05-27,45.33,45.14,-0.1899999999999977,-0.0042002935633682,58.68,58.4,-0.2800000000000011,-0.0047830634405996,196.65,195.7,-0.950000000000017,-0.0048426244757881,4.3354009747452364,4.3274,195.338836,3.3510273972602738,3.352,195.7568,1.0,1.0,195.7,195.7568,195.338836,0.002137401293436157
1190,2026-05-27,2026-05-28,45.14,44.63,-0.509999999999998,-0.0113624927482111,58.4,57.75,-0.6499999999999986,-0.0111925404322784,195.7,193.55,-2.1499999999999773,-0.0110469973783732,4.336768989468967,4.3274,193.131862,3.3515151515151516,3.352,193.578,1.0,1.0,193.55,193.578,193.131862,0.00230735360936882
1191,2026-05-28,2026-05-29,44.63,44.42,-0.2100000000000008,-0.0047164601748971,57.75,57.53,-0.2199999999999988,-0.0038167985267008,193.55,192.66,-0.8900000000000148,-0.0046088996941796,4.3372354795137325,4.3274,192.223108,3.3488614635842167,3.352,192.84055999999998,1.0,1.0,192.66,192.84055999999998,192.223108,0.0032070152575649404
1192,2026-05-29,2026-06-01,44.42,43.1,-1.3200000000000005,-0.0301668213565793,57.53,55.83,-1.7000000000000028,-0.029995191552933,192.66,187.11,-5.549999999999983,-0.0292302981233365,4.341299303944315,4.3274,186.51094,3.3514239656098876,3.352,187.14216,1.0,1.0,187.11,187.14216,186.51094,0.0033786450612112388
1193,2026-06-01,2026-06-02,43.1,43.9,0.7999999999999972,0.0183913229714234,55.83,56.94,1.1099999999999994,0.0196867225276224,187.11,190.78,3.669999999999988,0.019424252510921,4.345785876993166,4.3274,189.97286,3.3505444327362137,3.352,190.86288,1.0,1.0,190.78,190.86288,189.97286,0.004674044617410182
1194,2026-06-02,2026-06-03,43.9,43.71,-0.1899999999999977,-0.0043374112059024,56.94,56.6,-0.3399999999999963,-0.0059890966407541,190.78,189.68,-1.0999999999999943,-0.0057824899599119,4.339510409517273,4.3274,189.150654,3.351236749116608,3.352,189.7232,1.0,1.0,189.68,189.7232,189.150654,0.0030223591825584532
1195,2026-06-03,2026-06-04,43.71,43.94,0.2299999999999968,0.0052481580812408,56.6,56.94,0.3399999999999963,0.0059890966407542,189.68,190.85,1.1699999999999875,0.0061493374340885,4.343422849340009,4.3274,190.14595599999998,3.3517737969792765,3.352,190.86288,1.0,1.0,190.85,190.86288,190.14595599999998,0.003763297742071846
1196,2026-06-04,2026-06-05,43.94,44.35,0.4100000000000037,0.0092876417991243,56.94,57.39,0.4500000000000028,0.0078719902703797,190.85,192.36,1.510000000000019,0.0078808372182231,4.337316798196167,4.3274,191.92019,3.3518034500784113,3.352,192.37127999999998,1.0,1.0,192.36,192.37127999999998,191.92019,0.002347646213327114
1197,2026-06-05,2026-06-08,44.35,43.52,-0.8299999999999983,-0.0188921062079013,57.39,56.32,-1.0700000000000005,-0.0188203602704842,192.36,188.75,-3.6100000000000136,-0.0189452282803279,4.337086397058823,4.3274,188.328448,3.3513849431818183,3.352,188.78464,1.0,1.0,188.75,188.78464,188.328448,0.0024193921507441284
1198,2026-06-08,2026-06-09,43.52,43.98,0.4599999999999937,0.0105143825789278,56.32,56.86,0.5399999999999991,0.0095423943730667,188.75,190.6,1.8499999999999943,0.0097536030909676,4.333788085493406,4.3274,190.31905199999997,3.3520928596552935,3.352,190.59472,1.0,1.0,190.6,190.6,190.31905199999997,0.0014751063222944439
1199,2026-06-09,2026-06-10,43.98,44.0,0.0200000000000031,0.0004546487916461,56.86,56.89,0.0300000000000011,0.0005274725397024,190.6,190.57,-0.0300000000000011,-0.0001574100798171,4.331136363636364,4.3274,190.4056,3.3497978555106345,3.352,190.69528,1.0,1.0,190.57,190.69528,190.4056,0.001520227692939359
1200,2026-06-10,2026-06-11,44.0,44.05,0.0499999999999971,0.0011357184639272,56.89,56.89,0.0,0.0,190.57,190.7,0.1299999999999954,0.0006819314660887,4.329171396140749,4.3274,190.62196999999998,3.3520829671295482,3.352,190.69528,1.0,1.0,190.7,190.7,190.62196999999998,0.00040926045299272156
1201,2026-06-11,2026-06-12,44.05,44.53,0.480000000000004,0.0108377669514226,56.89,57.54,0.6499999999999986,0.0113607793608457,190.7,192.89,2.1899999999999977,0.0114185656297755,4.331686503480799,4.3274,192.699122,3.352276677094195,3.352,192.87408,1.0,1.0,192.89,192.89,192.699122,0.0009900591313455672
