symbols,moving avg days,direction,entry hurdle,exit hurdle,total net profit,total borrow cost,average daily short investment,average daily net investment,average daily gross investment,annualized return on avg gross investment,annualized Sharpe,maximum drawdown,position changes,total shares traded
SPTL_SCHQ,20,long,0.0,0.0,-473.26270444448136,-311.1227044444444,-37616.06724770642,-11.759678899082438,75220.37481651377,-0.007272953906885099,-0.6220703012189417,-1009.233426388965,98,676460.0
SPTL_SCHQ,20,long,-0.0005,0.0,689.6373350000197,-111.11266499999999,-13761.632752293577,-6.151651376146778,27517.11385321101,0.028970896283691715,0.9960077764919216,-112.41554888885467,26,179636.0
SPTL_SCHQ,20,long,-0.0005,-0.0005,-164.4594591666424,-63.88945916666667,-6880.7743577981655,-4.594449541284388,13756.954266055045,-0.013819127105497295,-0.9098659649086519,-189.7113963888749,28,192820.0
SPTL_SCHQ,20,long,-0.001,0.0,-2.5609672222200786,-36.11096722222222,-5045.809816513762,-2.170229357798168,10089.449403669723,-0.0002934138435107412,-0.01794962147564891,-72.11261833332648,4,28078.0
SPTL_SCHQ,20,long,-0.001,-0.0005,26.354911388890827,-5.5550886111111115,-917.3540825688074,-1.0645871559633107,1833.6435779816513,0.016614630443273166,0.3365823973162001,-35.575,4,27900.0
SPTL_SCHQ,20,long,-0.001,-0.001,26.354911388890827,-5.5550886111111115,-917.3540825688074,-1.0645871559633107,1833.6435779816513,0.016614630443273166,0.3365823973162001,-35.575,4,27900.0
SPTL_SCHQ,20,long,-0.0015,0.0,0.0,0.0,0.0,0.0,0.0,,,0.0,0,0.0
SPTL_SCHQ,20,long,-0.0015,-0.0005,0.0,0.0,0.0,0.0,0.0,,,0.0,0,0.0
SPTL_SCHQ,20,long,-0.0015,-0.001,0.0,0.0,0.0,0.0,0.0,,,0.0,0,0.0
SPTL_SCHQ,20,long,-0.0015,-0.0015,0.0,0.0,0.0,0.0,0.0,,,0.0,0,0.0
SPTL_SCHQ,20,long,-0.002,0.0,0.0,0.0,0.0,0.0,0.0,,,0.0,0,0.0
SPTL_SCHQ,20,long,-0.002,-0.0005,0.0,0.0,0.0,0.0,0.0,,,0.0,0,0.0
SPTL_SCHQ,20,long,-0.002,-0.001,0.0,0.0,0.0,0.0,0.0,,,0.0,0,0.0
SPTL_SCHQ,20,long,-0.002,-0.0015,0.0,0.0,0.0,0.0,0.0,,,0.0,0,0.0
SPTL_SCHQ,20,long,-0.002,-0.002,0.0,0.0,0.0,0.0,0.0,,,0.0,0,0.0
SPTL_SCHQ,20,long,-0.0025,0.0,0.0,0.0,0.0,0.0,0.0,,,0.0,0,0.0
SPTL_SCHQ,20,long,-0.0025,-0.0005,0.0,0.0,0.0,0.0,0.0,,,0.0,0,0.0
SPTL_SCHQ,20,long,-0.0025,-0.001,0.0,0.0,0.0,0.0,0.0,,,0.0,0,0.0
SPTL_SCHQ,20,long,-0.0025,-0.0015,0.0,0.0,0.0,0.0,0.0,,,0.0,0,0.0
SPTL_SCHQ,20,long,-0.0025,-0.002,0.0,0.0,0.0,0.0,0.0,,,0.0,0,0.0
SPTL_SCHQ,20,long,-0.0025,-0.0025,0.0,0.0,0.0,0.0,0.0,,,0.0,0,0.0
SPTL_SCHQ,20,long,-0.003,0.0,0.0,0.0,0.0,0.0,0.0,,,0.0,0,0.0
SPTL_SCHQ,20,long,-0.003,-0.0005,0.0,0.0,0.0,0.0,0.0,,,0.0,0,0.0
SPTL_SCHQ,20,long,-0.003,-0.001,0.0,0.0,0.0,0.0,0.0,,,0.0,0,0.0
SPTL_SCHQ,20,long,-0.003,-0.0015,0.0,0.0,0.0,0.0,0.0,,,0.0,0,0.0
SPTL_SCHQ,20,long,-0.003,-0.002,0.0,0.0,0.0,0.0,0.0,,,0.0,0,0.0
SPTL_SCHQ,20,long,-0.003,-0.0025,0.0,0.0,0.0,0.0,0.0,,,0.0,0,0.0
SPTL_SCHQ,20,long,-0.003,-0.003,0.0,0.0,0.0,0.0,0.0,,,0.0,0,0.0
SPTL_SCHQ,20,long,-0.0035,0.0,0.0,0.0,0.0,0.0,0.0,,,0.0,0,0.0
SPTL_SCHQ,20,long,-0.0035,-0.0005,0.0,0.0,0.0,0.0,0.0,,,0.0,0,0.0
SPTL_SCHQ,20,long,-0.0035,-0.001,0.0,0.0,0.0,0.0,0.0,,,0.0,0,0.0
SPTL_SCHQ,20,long,-0.0035,-0.0015,0.0,0.0,0.0,0.0,0.0,,,0.0,0,0.0
SPTL_SCHQ,20,long,-0.0035,-0.002,0.0,0.0,0.0,0.0,0.0,,,0.0,0,0.0
SPTL_SCHQ,20,long,-0.0035,-0.0025,0.0,0.0,0.0,0.0,0.0,,,0.0,0,0.0
SPTL_SCHQ,20,long,-0.0035,-0.003,0.0,0.0,0.0,0.0,0.0,,,0.0,0,0.0
SPTL_SCHQ,20,long,-0.0035,-0.0035,0.0,0.0,0.0,0.0,0.0,,,0.0,0,0.0
SPTL_SCHQ,20,long,-0.004,0.0,0.0,0.0,0.0,0.0,0.0,,,0.0,0,0.0
SPTL_SCHQ,20,long,-0.004,-0.0005,0.0,0.0,0.0,0.0,0.0,,,0.0,0,0.0
SPTL_SCHQ,20,long,-0.004,-0.001,0.0,0.0,0.0,0.0,0.0,,,0.0,0,0.0
SPTL_SCHQ,20,long,-0.004,-0.0015,0.0,0.0,0.0,0.0,0.0,,,0.0,0,0.0
SPTL_SCHQ,20,long,-0.004,-0.002,0.0,0.0,0.0,0.0,0.0,,,0.0,0,0.0
SPTL_SCHQ,20,long,-0.004,-0.0025,0.0,0.0,0.0,0.0,0.0,,,0.0,0,0.0
SPTL_SCHQ,20,long,-0.004,-0.003,0.0,0.0,0.0,0.0,0.0,,,0.0,0,0.0
SPTL_SCHQ,20,long,-0.004,-0.0035,0.0,0.0,0.0,0.0,0.0,,,0.0,0,0.0
SPTL_SCHQ,20,long,-0.004,-0.004,0.0,0.0,0.0,0.0,0.0,,,0.0,0,0.0
SPTL_SCHQ,20,long,-0.0045,0.0,0.0,0.0,0.0,0.0,0.0,,,0.0,0,0.0
SPTL_SCHQ,20,long,-0.0045,-0.0005,0.0,0.0,0.0,0.0,0.0,,,0.0,0,0.0
SPTL_SCHQ,20,long,-0.0045,-0.001,0.0,0.0,0.0,0.0,0.0,,,0.0,0,0.0
SPTL_SCHQ,20,long,-0.0045,-0.0015,0.0,0.0,0.0,0.0,0.0,,,0.0,0,0.0
SPTL_SCHQ,20,long,-0.0045,-0.002,0.0,0.0,0.0,0.0,0.0,,,0.0,0,0.0
SPTL_SCHQ,20,long,-0.0045,-0.0025,0.0,0.0,0.0,0.0,0.0,,,0.0,0,0.0
SPTL_SCHQ,20,long,-0.0045,-0.003,0.0,0.0,0.0,0.0,0.0,,,0.0,0,0.0
SPTL_SCHQ,20,long,-0.0045,-0.0035,0.0,0.0,0.0,0.0,0.0,,,0.0,0,0.0
SPTL_SCHQ,20,long,-0.0045,-0.004,0.0,0.0,0.0,0.0,0.0,,,0.0,0,0.0
SPTL_SCHQ,20,long,-0.0045,-0.0045,0.0,0.0,0.0,0.0,0.0,,,0.0,0,0.0
SPTL_SCHQ,20,long,-0.005,0.0,0.0,0.0,0.0,0.0,0.0,,,0.0,0,0.0
SPTL_SCHQ,20,long,-0.005,-0.0005,0.0,0.0,0.0,0.0,0.0,,,0.0,0,0.0
SPTL_SCHQ,20,long,-0.005,-0.001,0.0,0.0,0.0,0.0,0.0,,,0.0,0,0.0
SPTL_SCHQ,20,long,-0.005,-0.0015,0.0,0.0,0.0,0.0,0.0,,,0.0,0,0.0
SPTL_SCHQ,20,long,-0.005,-0.002,0.0,0.0,0.0,0.0,0.0,,,0.0,0,0.0
SPTL_SCHQ,20,long,-0.005,-0.0025,0.0,0.0,0.0,0.0,0.0,,,0.0,0,0.0
SPTL_SCHQ,20,long,-0.005,-0.003,0.0,0.0,0.0,0.0,0.0,,,0.0,0,0.0
SPTL_SCHQ,20,long,-0.005,-0.0035,0.0,0.0,0.0,0.0,0.0,,,0.0,0,0.0
SPTL_SCHQ,20,long,-0.005,-0.004,0.0,0.0,0.0,0.0,0.0,,,0.0,0,0.0
SPTL_SCHQ,20,long,-0.005,-0.0045,0.0,0.0,0.0,0.0,0.0,,,0.0,0,0.0
SPTL_SCHQ,20,long,-0.005,-0.005,0.0,0.0,0.0,0.0,0.0,,,0.0,0,0.0
SPTL_SCHQ,20,short,0.0,0.0,-1440.395479444441,-503.01047944444446,-57366.2776146789,-24.87192660550533,114707.6833027523,-0.0145155430547181,-3.1077227667828584,-1456.3408758333264,93,644639.0
SPTL_SCHQ,20,short,0.0005,0.0,-100.53548638885799,-302.96048638888885,-35342.430871559634,-20.147247706422647,70664.71449541285,-0.001644602029736023,-0.2820050004033355,-277.2965524999914,41,284247.0
SPTL_SCHQ,20,short,0.0005,0.0005,-599.3332369444296,-180.69823694444446,-20199.825642201835,-15.50720183486255,40384.14408256881,-0.017155426808378123,-2.1244143459818448,-599.3332369444296,57,394209.0
SPTL_SCHQ,20,short,0.001,0.0,162.37995944443628,-127.86004055555554,-14688.550275229358,-9.066926605505104,29368.03362385321,0.006391482542696242,0.7826310528348206,-120.79530555554767,10,70332.0
SPTL_SCHQ,20,short,0.001,0.0005,-68.71747777779467,-47.26747777777778,-4592.2323853211,-4.829954128440469,9179.63481651376,-0.008653381551292976,-0.5211372378279219,-117.83169611110961,12,83726.0
SPTL_SCHQ,20,short,0.001,0.001,-111.03940888889673,-19.46940888888889,-3215.131743119266,-3.895733944954214,6426.367752293578,-0.019973566216944325,-1.0599413705633132,-156.3322138888895,12,83446.0
SPTL_SCHQ,20,short,0.0015,0.0,0.0,0.0,0.0,0.0,0.0,,,0.0,0,0.0
SPTL_SCHQ,20,short,0.0015,0.0005,0.0,0.0,0.0,0.0,0.0,,,0.0,0,0.0
SPTL_SCHQ,20,short,0.0015,0.001,0.0,0.0,0.0,0.0,0.0,,,0.0,0,0.0
SPTL_SCHQ,20,short,0.0015,0.0015,0.0,0.0,0.0,0.0,0.0,,,0.0,0,0.0
SPTL_SCHQ,20,short,0.002,0.0,0.0,0.0,0.0,0.0,0.0,,,0.0,0,0.0
SPTL_SCHQ,20,short,0.002,0.0005,0.0,0.0,0.0,0.0,0.0,,,0.0,0,0.0
SPTL_SCHQ,20,short,0.002,0.001,0.0,0.0,0.0,0.0,0.0,,,0.0,0,0.0
SPTL_SCHQ,20,short,0.002,0.0015,0.0,0.0,0.0,0.0,0.0,,,0.0,0,0.0
SPTL_SCHQ,20,short,0.002,0.002,0.0,0.0,0.0,0.0,0.0,,,0.0,0,0.0
SPTL_SCHQ,20,short,0.0025,0.0,0.0,0.0,0.0,0.0,0.0,,,0.0,0,0.0
SPTL_SCHQ,20,short,0.0025,0.0005,0.0,0.0,0.0,0.0,0.0,,,0.0,0,0.0
SPTL_SCHQ,20,short,0.0025,0.001,0.0,0.0,0.0,0.0,0.0,,,0.0,0,0.0
SPTL_SCHQ,20,short,0.0025,0.0015,0.0,0.0,0.0,0.0,0.0,,,0.0,0,0.0
SPTL_SCHQ,20,short,0.0025,0.002,0.0,0.0,0.0,0.0,0.0,,,0.0,0,0.0
SPTL_SCHQ,20,short,0.0025,0.0025,0.0,0.0,0.0,0.0,0.0,,,0.0,0,0.0
SPTL_SCHQ,20,short,0.003,0.0,0.0,0.0,0.0,0.0,0.0,,,0.0,0,0.0
SPTL_SCHQ,20,short,0.003,0.0005,0.0,0.0,0.0,0.0,0.0,,,0.0,0,0.0
SPTL_SCHQ,20,short,0.003,0.001,0.0,0.0,0.0,0.0,0.0,,,0.0,0,0.0
SPTL_SCHQ,20,short,0.003,0.0015,0.0,0.0,0.0,0.0,0.0,,,0.0,0,0.0
SPTL_SCHQ,20,short,0.003,0.002,0.0,0.0,0.0,0.0,0.0,,,0.0,0,0.0
SPTL_SCHQ,20,short,0.003,0.0025,0.0,0.0,0.0,0.0,0.0,,,0.0,0,0.0
SPTL_SCHQ,20,short,0.003,0.003,0.0,0.0,0.0,0.0,0.0,,,0.0,0,0.0
SPTL_SCHQ,20,short,0.0035,0.0,0.0,0.0,0.0,0.0,0.0,,,0.0,0,0.0
SPTL_SCHQ,20,short,0.0035,0.0005,0.0,0.0,0.0,0.0,0.0,,,0.0,0,0.0
SPTL_SCHQ,20,short,0.0035,0.001,0.0,0.0,0.0,0.0,0.0,,,0.0,0,0.0
SPTL_SCHQ,20,short,0.0035,0.0015,0.0,0.0,0.0,0.0,0.0,,,0.0,0,0.0
SPTL_SCHQ,20,short,0.0035,0.002,0.0,0.0,0.0,0.0,0.0,,,0.0,0,0.0
SPTL_SCHQ,20,short,0.0035,0.0025,0.0,0.0,0.0,0.0,0.0,,,0.0,0,0.0
SPTL_SCHQ,20,short,0.0035,0.003,0.0,0.0,0.0,0.0,0.0,,,0.0,0,0.0
SPTL_SCHQ,20,short,0.0035,0.0035,0.0,0.0,0.0,0.0,0.0,,,0.0,0,0.0
SPTL_SCHQ,20,short,0.004,0.0,0.0,0.0,0.0,0.0,0.0,,,0.0,0,0.0
SPTL_SCHQ,20,short,0.004,0.0005,0.0,0.0,0.0,0.0,0.0,,,0.0,0,0.0
SPTL_SCHQ,20,short,0.004,0.001,0.0,0.0,0.0,0.0,0.0,,,0.0,0,0.0
SPTL_SCHQ,20,short,0.004,0.0015,0.0,0.0,0.0,0.0,0.0,,,0.0,0,0.0
SPTL_SCHQ,20,short,0.004,0.002,0.0,0.0,0.0,0.0,0.0,,,0.0,0,0.0
SPTL_SCHQ,20,short,0.004,0.0025,0.0,0.0,0.0,0.0,0.0,,,0.0,0,0.0
SPTL_SCHQ,20,short,0.004,0.003,0.0,0.0,0.0,0.0,0.0,,,0.0,0,0.0
SPTL_SCHQ,20,short,0.004,0.0035,0.0,0.0,0.0,0.0,0.0,,,0.0,0,0.0
SPTL_SCHQ,20,short,0.004,0.004,0.0,0.0,0.0,0.0,0.0,,,0.0,0,0.0
SPTL_SCHQ,20,short,0.0045,0.0,0.0,0.0,0.0,0.0,0.0,,,0.0,0,0.0
SPTL_SCHQ,20,short,0.0045,0.0005,0.0,0.0,0.0,0.0,0.0,,,0.0,0,0.0
SPTL_SCHQ,20,short,0.0045,0.001,0.0,0.0,0.0,0.0,0.0,,,0.0,0,0.0
SPTL_SCHQ,20,short,0.0045,0.0015,0.0,0.0,0.0,0.0,0.0,,,0.0,0,0.0
SPTL_SCHQ,20,short,0.0045,0.002,0.0,0.0,0.0,0.0,0.0,,,0.0,0,0.0
SPTL_SCHQ,20,short,0.0045,0.0025,0.0,0.0,0.0,0.0,0.0,,,0.0,0,0.0
SPTL_SCHQ,20,short,0.0045,0.003,0.0,0.0,0.0,0.0,0.0,,,0.0,0,0.0
SPTL_SCHQ,20,short,0.0045,0.0035,0.0,0.0,0.0,0.0,0.0,,,0.0,0,0.0
SPTL_SCHQ,20,short,0.0045,0.004,0.0,0.0,0.0,0.0,0.0,,,0.0,0,0.0
SPTL_SCHQ,20,short,0.0045,0.0045,0.0,0.0,0.0,0.0,0.0,,,0.0,0,0.0
SPTL_SCHQ,20,short,0.005,0.0,0.0,0.0,0.0,0.0,0.0,,,0.0,0,0.0
SPTL_SCHQ,20,short,0.005,0.0005,0.0,0.0,0.0,0.0,0.0,,,0.0,0,0.0
SPTL_SCHQ,20,short,0.005,0.001,0.0,0.0,0.0,0.0,0.0,,,0.0,0,0.0
SPTL_SCHQ,20,short,0.005,0.0015,0.0,0.0,0.0,0.0,0.0,,,0.0,0,0.0
SPTL_SCHQ,20,short,0.005,0.002,0.0,0.0,0.0,0.0,0.0,,,0.0,0,0.0
SPTL_SCHQ,20,short,0.005,0.0025,0.0,0.0,0.0,0.0,0.0,,,0.0,0,0.0
SPTL_SCHQ,20,short,0.005,0.003,0.0,0.0,0.0,0.0,0.0,,,0.0,0,0.0
SPTL_SCHQ,20,short,0.005,0.0035,0.0,0.0,0.0,0.0,0.0,,,0.0,0,0.0
SPTL_SCHQ,20,short,0.005,0.004,0.0,0.0,0.0,0.0,0.0,,,0.0,0,0.0
SPTL_SCHQ,20,short,0.005,0.0045,0.0,0.0,0.0,0.0,0.0,,,0.0,0,0.0
SPTL_SCHQ,20,short,0.005,0.005,0.0,0.0,0.0,0.0,0.0,,,0.0,0,0.0
