date,FDIS,VCR,XLY
2021-08-30,82.82,320.59,91.605
2021-08-31,82.85,320.94,91.825
2021-09-01,82.93,321.48,91.82
2021-09-02,82.77,320.66,91.815
2021-09-03,82.73,320.46,91.76
2021-09-07,82.74,320.59,92.03
2021-09-08,82.62,320.1,92.135
2021-09-09,82.72,320.21,92.015
2021-09-10,82.22,318.3,91.45
2021-09-13,82.35,318.97,91.675
2021-09-14,82.04,317.67,91.37
2021-09-15,82.6,320.05,91.96
2021-09-16,83.07,321.72,92.38
2021-09-17,82.73,320.44,92.055
2021-09-20,80.88,313.63,89.82
2021-09-21,80.92,313.78,89.955
2021-09-22,81.98,318.24,91.18
2021-09-23,82.92,321.56,92.105
2021-09-24,83.04,322.32,92.45
2021-09-27,83.41,323.69,92.945
2021-09-28,81.83,317.14,91.155
2021-09-29,81.75,315.53,91.245
2021-09-30,80.27,309.97,89.725
2021-10-01,80.91,312.33,90.4
2021-10-04,80.05,309.2,89.685
2021-10-05,80.36,310.13,90.045
2021-10-06,80.51,310.69,90.33
2021-10-07,81.7,315.35,91.735
2021-10-08,81.27,313.59,91.315
2021-10-11,80.76,311.72,90.945
2021-10-12,81.28,313.77,91.665
2021-10-13,81.7,315.39,92.115
2021-10-14,82.62,318.86,93.08
2021-10-15,83.76,323.13,94.505
2021-10-18,84.77,327.06,95.66
2021-10-19,84.51,326.07,95.39
2021-10-20,84.41,325.65,95.32
2021-10-21,85.56,330.41,96.72
2021-10-22,85.1,328.42,96.375
2021-10-25,86.63,334.4,98.765
2021-10-26,86.62,334.04,98.78
2021-10-27,86.47,333.77,99.0
2021-10-28,87.6,338.44,100.315
2021-10-29,87.7,338.81,100.575
2021-11-01,89.22,344.26,102.42
2021-11-02,88.63,342.21,101.73
2021-11-03,90.32,348.65,103.56
2021-11-04,91.45,352.75,104.955
2021-11-05,92.13,355.5,105.63
2021-11-08,91.06,351.37,104.135
2021-11-09,90.11,348.05,102.21
2021-11-10,89.35,344.86,101.83
2021-11-11,89.11,344.0,101.555
2021-11-12,89.63,345.85,101.895
2021-11-15,89.64,346.13,101.81
2021-11-16,90.92,350.85,103.415
2021-11-17,90.95,351.36,104.075
2021-11-18,92.04,355.41,105.255
2021-11-19,92.13,355.63,105.71
2021-11-22,91.76,354.13,105.445
2021-11-23,91.17,351.86,104.68
2021-11-24,91.12,351.94,104.895
2021-11-26,88.92,343.18,102.035
2021-11-29,89.8,346.67,103.62
2021-11-30,88.42,341.59,102.22
2021-12-01,86.7,334.51,100.375
2021-12-02,87.96,340.15,101.805
2021-12-03,86.37,333.2,99.825
2021-12-06,87.48,337.55,100.965
2021-12-07,89.48,345.1,103.32
2021-12-08,89.69,346.33,103.58
2021-12-09,88.18,340.14,101.785
2021-12-10,88.48,341.31,102.495
2021-12-13,86.31,333.07,99.855
2021-12-14,85.85,331.17,99.275
2021-12-15,86.85,335.12,100.535
2021-12-16,84.96,326.99,98.315
2021-12-17,84.52,326.1,97.645
2021-12-20,82.94,319.95,95.925
2021-12-21,85.13,328.79,98.41
2021-12-22,86.61,333.84,100.205
2021-12-23,87.64,338.09,101.595
2021-12-27,88.45,341.19,102.585
2021-12-28,88.45,341.3,102.63
2021-12-29,88.73,342.87,102.835
2021-12-30,88.5,341.47,102.465
2021-12-31,88.28,340.66,102.22
2022-01-03,90.25,348.23,105.155
2022-01-04,89.85,346.7,104.515
2022-01-05,87.32,336.8,101.695
2022-01-06,87.15,336.14,101.43
2022-01-07,85.72,330.6,99.74
2022-01-10,85.03,328.04,99.13
2022-01-11,85.95,332.06,100.085
2022-01-12,86.33,333.17,100.745
2022-01-13,84.91,327.16,98.72
2022-01-14,84.28,324.98,98.26
2022-01-18,82.56,318.1,96.4
2022-01-19,81.14,313.06,94.66
2022-01-20,79.4,306.7,92.935
2022-01-21,77.3,298.23,90.21
2022-01-24,78.67,303.61,91.295
2022-01-25,77.29,298.49,89.75
2022-01-26,76.7,296.09,89.315
2022-01-27,75.18,289.95,87.15
2022-01-28,76.78,296.21,89.05
2022-01-31,79.63,307.44,92.475
2022-02-01,80.33,309.84,93.035
2022-02-02,79.8,307.84,92.48
2022-02-03,77.35,298.09,89.65
2022-02-04,79.36,306.38,92.2
2022-02-07,79.28,305.99,92.01
2022-02-08,80.66,311.29,93.305
2022-02-09,81.74,315.63,94.54
2022-02-10,80.36,310.43,92.91
2022-02-11,78.21,302.05,90.24
2022-02-14,78.46,303.15,90.755
2022-02-15,80.26,309.97,92.785
2022-02-16,80.41,310.52,93.05
2022-02-17,78.19,302.12,90.56
2022-02-18,77.71,299.89,90.0
2022-02-22,75.28,290.83,87.375
2022-02-23,73.0,282.0,84.455
2022-02-24,74.81,288.84,86.385
2022-02-25,76.37,294.88,88.095
2022-02-28,76.66,296.4,88.715
2022-03-01,75.55,291.68,87.37
2022-03-02,77.28,298.2,89.205
2022-03-03,75.43,291.26,87.185
2022-03-04,74.01,286.05,85.8
2022-03-07,70.33,271.48,81.595
2022-03-08,70.57,272.62,81.765
2022-03-09,72.75,280.8,84.395
2022-03-10,73.3,283.22,84.995
2022-03-11,71.97,277.87,83.36
2022-03-14,70.85,273.48,81.97
2022-03-15,73.13,282.28,84.715
2022-03-16,75.71,292.36,87.605
2022-03-17,77.02,297.32,89.065
2022-03-18,78.51,303.45,90.94
2022-03-21,77.64,300.4,90.04
2022-03-22,79.36,307.03,92.275
2022-03-23,78.21,302.38,91.13
2022-03-24,78.75,304.19,91.84
2022-03-25,78.56,303.48,91.68
2022-03-28,80.37,310.56,94.125
2022-03-29,81.93,316.69,95.765
2022-03-30,80.55,311.22,94.31
2022-03-31,79.08,305.24,92.5
2022-04-01,79.08,305.57,92.615
2022-04-04,80.77,312.09,94.695
2022-04-05,78.96,304.97,92.475
2022-04-06,76.9,297.02,90.115
2022-04-07,77.15,298.03,90.575
2022-04-08,76.58,295.8,89.74
2022-04-11,75.43,291.31,88.075
2022-04-12,75.56,292.06,88.27
2022-04-13,77.48,299.43,90.465
2022-04-14,76.36,295.02,89.2
2022-04-18,76.55,295.53,89.47
2022-04-19,78.78,304.45,92.065
2022-04-20,77.84,300.66,90.88
2022-04-21,76.8,296.7,90.0
2022-04-22,74.93,289.31,87.91
2022-04-25,75.62,292.28,88.545
2022-04-26,72.12,278.52,84.065
2022-04-27,72.05,278.4,84.075
2022-04-28,73.71,284.71,85.8
2022-04-29,69.9,270.16,81.44
2022-05-02,71.0,274.71,82.63
2022-05-03,70.85,273.56,82.425
2022-05-04,72.81,281.35,84.845
2022-05-05,68.72,265.48,80.09
2022-05-06,67.8,261.77,79.075
2022-05-09,64.88,250.4,75.705
2022-05-10,64.63,249.56,75.48
2022-05-11,62.32,240.4,72.775
2022-05-12,62.99,243.06,73.275
2022-05-13,65.46,252.82,76.16
2022-05-16,64.14,247.66,74.515
2022-05-17,65.84,254.12,76.395
2022-05-18,61.58,237.94,71.4
2022-05-19,61.68,238.14,71.45
2022-05-20,60.7,234.41,70.205
2022-05-23,60.99,235.6,70.73
2022-05-24,59.31,228.94,68.91
2022-05-25,61.18,236.38,70.855
2022-05-26,64.15,247.65,74.33
2022-05-27,66.18,255.53,76.88
2022-05-31,66.39,256.27,77.27
2022-06-01,65.84,254.09,76.465
2022-06-02,67.83,261.95,78.805
2022-06-03,66.1,255.14,76.5
2022-06-06,66.77,257.7,77.265
2022-06-07,66.64,257.31,77.075
2022-06-08,66.16,255.53,76.62
2022-06-09,64.88,250.54,75.235
2022-06-10,62.17,240.18,72.235
2022-06-13,59.14,228.59,68.9
2022-06-14,59.1,228.22,68.845
2022-06-15,60.78,234.58,70.78
2022-06-16,57.67,222.74,67.315
2022-06-17,58.36,225.87,68.05
2022-06-21,59.8,231.44,69.835
2022-06-22,59.74,231.25,69.7
2022-06-23,60.75,234.75,70.795
2022-06-24,63.05,243.7,73.495
2022-06-27,62.39,241.0,72.725
2022-06-28,59.99,231.83,69.82
2022-06-29,59.83,231.29,69.765
2022-06-30,58.89,227.46,68.74
2022-07-01,59.99,231.64,70.005
2022-07-05,61.48,237.35,71.57
2022-07-06,61.11,236.19,71.335
2022-07-07,62.71,242.38,73.175
2022-07-08,62.68,242.04,73.185
2022-07-11,60.98,235.67,71.18
2022-07-12,60.66,234.36,70.75
2022-07-13,61.13,236.19,71.33
2022-07-14,60.91,235.34,71.27
2022-07-15,62.04,239.62,72.42
2022-07-18,62.21,240.4,72.63
2022-07-19,64.22,248.25,74.855
2022-07-20,65.4,252.75,76.085
2022-07-21,66.69,257.89,77.825
2022-07-22,66.23,255.91,77.375
2022-07-25,65.62,253.53,76.71
2022-07-26,63.5,245.16,74.24
2022-07-27,65.87,254.52,77.05
2022-07-28,67.04,258.9,78.375
2022-07-29,69.52,268.71,81.415
2022-08-01,69.92,270.28,81.82
2022-08-02,69.44,268.41,81.26
2022-08-03,71.17,275.12,83.24
2022-08-04,71.5,276.38,83.58
2022-08-05,70.54,272.45,82.155
2022-08-08,70.94,274.11,82.525
2022-08-09,69.69,269.22,81.21
2022-08-10,71.72,277.23,83.5
2022-08-11,71.46,276.25,83.075
2022-08-12,73.02,282.3,84.955
2022-08-15,73.48,284.05,85.54
2022-08-16,74.41,287.67,86.485
2022-08-17,73.42,283.86,85.555
2022-08-18,73.39,283.83,85.53
2022-08-19,71.68,277.14,83.765
2022-08-22,69.62,269.14,81.44
2022-08-23,69.84,270.02,81.67
2022-08-24,70.17,271.21,82.02
2022-08-25,71.1,274.72,83.0
2022-08-26,68.35,264.17,79.84
2022-08-29,67.98,262.67,79.415
2022-08-30,67.18,259.67,78.53
2022-08-31,66.51,257.38,77.755
2022-09-01,66.87,258.46,78.465
2022-09-02,66.38,256.15,77.745
2022-09-06,66.12,255.43,77.585
2022-09-07,68.14,263.19,79.965
2022-09-08,68.78,265.69,80.71
2022-09-09,70.18,271.28,82.24
2022-09-12,71.17,275.08,83.3
2022-09-13,67.52,260.84,79.005
2022-09-14,68.27,263.94,80.02
2022-09-15,67.9,262.46,79.61
2022-09-16,67.11,259.8,78.97
2022-09-19,67.98,263.32,79.92
2022-09-20,66.79,258.52,78.565
2022-09-21,65.26,252.77,76.705
2022-09-22,63.65,246.48,74.935
2022-09-23,62.23,241.06,73.21
2022-09-26,62.03,240.26,73.045
2022-09-27,62.27,241.25,73.275
2022-09-28,64.12,247.77,75.255
2022-09-29,61.91,239.24,72.655
2022-09-30,60.86,235.07,71.225
2022-10-03,61.16,236.28,71.295
2022-10-04,63.58,245.44,73.785
2022-10-05,63.25,244.24,73.35
2022-10-06,62.81,242.56,72.83
2022-10-07,60.68,234.51,70.325
2022-10-10,60.3,232.87,69.89
2022-10-11,59.88,231.53,69.32
2022-10-12,60.09,232.18,69.5
2022-10-13,60.68,234.46,70.26
2022-10-14,58.49,225.81,67.635
2022-10-17,60.79,234.97,70.38
2022-10-18,61.67,238.36,71.35
2022-10-19,60.75,234.77,70.55
2022-10-20,59.72,230.93,69.185
2022-10-21,61.43,237.36,71.2
2022-10-24,61.73,238.49,71.495
2022-10-25,63.4,244.77,73.285
2022-10-26,62.81,242.67,72.695
2022-10-27,62.56,241.54,72.415
2022-10-28,62.72,242.08,72.48
2022-10-31,62.3,240.68,72.015
2022-11-01,61.7,238.33,71.285
2022-11-02,59.31,229.15,68.59
2022-11-03,58.98,227.78,68.18
2022-11-04,59.57,230.09,68.75
2022-11-07,59.32,229.18,68.27
2022-11-08,59.3,229.04,68.1
2022-11-09,57.54,222.06,66.02
2022-11-10,61.83,238.83,70.845
2022-11-11,63.4,244.83,72.545
2022-11-14,62.38,240.76,71.395
2022-11-15,63.27,244.33,72.37
2022-11-16,62.27,240.34,71.265
2022-11-17,61.52,237.6,70.4
2022-11-18,61.6,238.0,70.495
2022-11-21,60.79,234.79,69.475
2022-11-22,61.61,238.01,70.26
2022-11-23,62.37,240.92,71.275
2022-11-25,62.44,241.17,71.315
2022-11-28,61.94,239.18,70.875
2022-11-29,61.7,238.4,70.65
2022-11-30,63.78,246.48,73.085
2022-12-01,63.81,246.49,73.075
2022-12-02,63.67,245.97,72.98
2022-12-05,61.86,238.94,70.875
2022-12-06,60.86,234.96,69.77
2022-12-07,60.54,233.72,69.35
2022-12-08,61.23,236.35,70.02
2022-12-09,60.74,234.63,69.715
2022-12-12,61.02,235.68,69.89
2022-12-13,61.17,236.12,69.89
2022-12-14,60.76,234.87,69.37
2022-12-15,59.61,229.8,68.23
2022-12-16,58.46,225.72,66.955
2022-12-19,57.51,222.06,65.7
2022-12-20,56.94,219.86,64.935
2022-12-21,57.86,223.36,65.97
2022-12-22,56.47,218.03,64.275
2022-12-23,56.82,219.46,64.715
2022-12-27,55.98,216.31,63.665
2022-12-28,55.45,213.95,63.13
2022-12-29,56.82,219.49,64.755
2022-12-30,56.68,219.02,64.58
2023-01-03,56.39,217.79,64.195
2023-01-04,57.31,221.33,65.125
2023-01-05,56.82,219.53,64.52
2023-01-06,58.16,224.51,66.035
2023-01-09,58.47,225.76,66.435
2023-01-10,59.25,228.81,67.27
2023-01-11,60.84,234.8,69.085
2023-01-12,61.06,235.88,69.2
2023-01-13,61.69,238.19,69.85
2023-01-17,61.68,238.33,69.9
2023-01-18,60.88,235.13,68.99
2023-01-19,59.88,231.22,67.845
2023-01-20,61.36,236.84,69.49
2023-01-23,62.37,240.9,70.575
2023-01-24,62.21,240.14,70.495
2023-01-25,62.54,241.48,70.855
2023-01-26,63.71,246.05,72.305
2023-01-27,65.12,251.55,73.945
2023-01-30,64.0,247.59,72.685
2023-01-31,65.51,252.92,74.35
2023-02-01,66.79,257.92,75.76
2023-02-02,68.71,265.16,78.08
2023-02-03,66.81,257.85,75.675
2023-02-06,66.55,256.89,75.565
2023-02-07,66.69,257.54,75.74
2023-02-08,65.95,254.67,75.095
2023-02-09,65.69,253.78,74.955
2023-02-10,64.92,250.58,74.075
2023-02-13,65.93,254.6,75.16
2023-02-14,66.67,257.45,76.06
2023-02-15,67.52,260.98,76.95
2023-02-16,66.29,255.8,75.27
2023-02-17,66.23,255.6,75.285
2023-02-21,64.01,247.14,72.77
2023-02-22,64.36,248.77,73.14
2023-02-23,64.36,248.38,73.08
2023-02-24,63.35,244.84,71.93
2023-02-27,64.07,247.27,72.82
2023-02-28,64.08,247.38,72.77
2023-03-01,63.34,244.58,71.855
2023-03-02,63.22,244.17,71.615
2023-03-03,64.52,249.02,73.155
2023-03-06,64.05,247.07,72.62
2023-03-07,63.21,244.13,71.63
2023-03-08,63.14,243.89,71.5
2023-03-09,61.64,237.9,69.795
2023-03-10,60.88,235.11,69.1
2023-03-13,60.8,234.77,69.245
2023-03-14,61.79,238.29,70.42
2023-03-15,61.6,237.86,70.315
2023-03-16,62.72,242.32,71.585
2023-03-17,61.7,239.04,70.67
2023-03-20,61.98,240.21,70.76
2023-03-21,63.53,246.34,72.715
2023-03-22,62.26,240.81,71.095
2023-03-23,62.14,240.4,71.02
2023-03-24,61.96,239.28,70.79
2023-03-27,62.15,239.96,70.935
2023-03-28,62.19,240.08,70.85
2023-03-29,63.28,244.36,72.195
2023-03-30,63.82,246.41,72.825
2023-03-31,65.48,252.55,74.77
2023-04-03,65.01,250.89,74.085
2023-04-04,64.85,250.36,73.965
2023-04-05,63.56,245.4,72.45
2023-04-06,63.48,245.08,72.465
2023-04-10,63.91,246.85,72.785
2023-04-11,64.11,247.46,72.9
2023-04-12,63.09,243.5,71.77
2023-04-13,64.38,248.38,73.355
2023-04-14,64.42,248.74,73.45
2023-04-17,64.78,250.3,73.97
2023-04-18,65.02,250.86,74.09
2023-04-19,64.99,251.02,74.02
2023-04-20,64.18,247.87,72.88
2023-04-21,64.82,250.2,73.685
2023-04-24,64.85,250.21,73.675
2023-04-25,63.44,244.87,72.215
2023-04-26,63.22,243.97,71.845
2023-04-27,64.77,250.12,73.74
2023-04-28,64.87,250.65,73.93
2023-05-01,64.32,248.5,73.2
2023-05-02,64.3,248.31,73.275
2023-05-03,63.88,246.66,72.695
2023-05-04,63.27,244.44,72.135
2023-05-05,64.56,249.49,73.595
2023-05-08,64.82,250.34,73.845
2023-05-09,64.8,250.35,73.825
2023-05-10,65.06,251.12,74.2
2023-05-11,65.29,252.3,74.545
2023-05-12,64.79,250.21,73.915
2023-05-15,65.0,250.79,74.01
2023-05-16,64.62,249.43,73.71
2023-05-17,65.9,254.44,75.245
2023-05-18,66.81,258.18,76.415
2023-05-19,66.08,255.15,75.775
2023-05-22,65.88,254.56,75.54
2023-05-23,65.22,251.89,74.85
2023-05-24,65.07,251.29,74.575
2023-05-25,64.63,249.54,74.24
2023-05-26,65.99,254.62,75.985
2023-05-30,66.3,255.99,76.495
2023-05-31,65.66,253.25,75.805
2023-06-01,66.34,256.12,76.7
2023-06-02,68.06,263.01,78.5
2023-06-05,68.18,263.18,78.735
2023-06-06,69.09,266.76,79.555
2023-06-07,68.71,265.19,79.015
2023-06-08,69.53,268.41,80.185
2023-06-09,69.71,269.09,80.6
2023-06-12,70.88,273.92,81.985
2023-06-13,71.66,276.76,82.835
2023-06-14,71.52,275.99,82.775
2023-06-15,72.03,277.89,83.315
2023-06-16,71.7,277.3,83.19
2023-06-20,72.09,278.65,83.645
2023-06-21,71.37,275.89,82.64
2023-06-22,72.13,279.15,83.695
2023-06-23,71.34,275.99,82.725
2023-06-26,70.56,272.94,81.665
2023-06-27,72.06,278.78,83.42
2023-06-28,72.28,279.55,83.75
2023-06-29,72.4,279.68,83.84
2023-06-30,73.32,283.2,84.905
2023-07-03,74.2,286.57,85.93
2023-07-05,74.14,286.24,85.965
2023-07-06,72.87,281.42,84.58
2023-07-07,73.15,282.48,84.685
2023-07-10,73.44,283.55,84.945
2023-07-11,74.25,286.56,85.655
2023-07-12,74.93,289.53,86.425
2023-07-13,75.61,292.07,87.235
2023-07-14,75.67,292.41,87.46
2023-07-17,76.0,293.38,87.815
2023-07-18,76.35,294.72,88.175
2023-07-19,76.77,296.58,88.485
2023-07-20,74.46,287.5,85.47
2023-07-21,74.42,287.4,85.49
2023-07-24,74.76,288.72,86.05
2023-07-25,74.64,288.22,85.85
2023-07-26,74.69,288.49,85.83
2023-07-27,73.98,285.56,84.94
2023-07-28,75.36,291.04,86.38
2023-07-31,75.84,292.82,86.87
2023-08-01,75.01,289.81,85.885
2023-08-02,73.65,284.57,84.345
2023-08-03,73.94,285.6,84.545
2023-08-04,74.91,289.57,85.775
2023-08-07,75.63,292.22,86.655
2023-08-08,75.08,290.07,85.965
2023-08-09,74.18,286.68,84.945
2023-08-10,74.41,287.47,85.15
2023-08-11,74.03,286.09,84.86
2023-08-14,74.31,287.2,85.12
2023-08-15,73.34,283.28,83.96
2023-08-16,72.38,279.57,82.92
2023-08-17,71.26,274.96,81.515
2023-08-18,71.12,274.75,81.33
2023-08-21,71.76,277.09,82.265
2023-08-22,71.73,277.09,82.385
2023-08-23,72.32,279.23,83.045
2023-08-24,70.84,273.79,81.42
2023-08-25,71.52,276.35,82.33
2023-08-28,71.92,277.63,82.66
2023-08-29,73.6,284.25,84.725
2023-08-30,73.93,285.66,85.09
2023-08-31,74.3,286.92,85.355
2023-09-01,74.15,286.24,84.835
2023-09-05,73.87,285.3,84.895
2023-09-06,73.27,282.61,84.14
2023-09-07,73.47,283.54,84.375
2023-09-08,73.39,283.55,84.375
2023-09-11,75.05,289.94,86.645
2023-09-12,74.45,287.49,85.86
2023-09-13,74.79,289.13,86.54
2023-09-14,75.61,292.01,87.39
2023-09-15,74.15,287.09,85.895
2023-09-18,73.41,283.94,84.81
2023-09-19,73.0,282.31,84.385
2023-09-20,72.32,279.6,83.545
2023-09-21,70.35,272.29,81.265
2023-09-22,69.79,269.99,80.465
2023-09-25,70.19,271.54,80.96
2023-09-26,68.85,266.34,79.485
2023-09-27,68.73,265.85,79.18
2023-09-28,69.51,267.93,80.065
2023-09-29,69.86,269.37,80.49
2023-10-02,69.79,269.37,80.555
2023-10-03,68.02,262.6,78.595
2023-10-04,69.22,266.63,80.145
2023-10-05,68.65,264.7,79.745
2023-10-06,69.13,266.83,80.305
2023-10-09,69.28,267.31,80.39
2023-10-10,70.16,270.81,81.27
2023-10-11,70.4,271.67,81.56
2023-10-12,69.47,268.04,80.67
2023-10-13,68.56,264.55,79.485
2023-10-16,69.8,269.4,80.77
2023-10-17,70.05,270.25,80.96
2023-10-18,68.42,264.03,79.06
2023-10-19,66.91,257.97,77.04
2023-10-20,65.95,254.48,75.845
2023-10-23,65.95,254.49,75.935
2023-10-24,66.61,257.19,76.745
2023-10-25,65.22,251.46,75.195
2023-10-26,64.24,247.89,74.02
2023-10-27,64.99,250.7,74.795
2023-10-30,65.72,253.43,75.48
2023-10-31,66.22,255.37,76.05
2023-11-01,67.0,258.57,76.99
2023-11-02,68.81,265.54,79.0
2023-11-03,69.93,269.83,80.11
2023-11-06,69.89,269.5,80.21
2023-11-07,70.6,272.41,81.105
2023-11-08,70.34,271.38,80.89
2023-11-09,69.02,266.24,79.38
2023-11-10,70.13,270.31,80.7
2023-11-13,70.31,271.06,81.045
2023-11-14,72.83,280.88,83.775
2023-11-15,73.06,281.68,83.875
2023-11-16,72.27,278.95,83.015
2023-11-17,72.86,281.24,83.57
2023-11-20,73.3,282.73,84.0
2023-11-21,73.03,281.65,83.785
2023-11-22,73.33,283.45,84.04
2023-11-24,73.55,283.64,84.12
2023-11-27,73.64,284.02,84.255
2023-11-28,74.0,285.34,84.74
2023-11-29,73.95,285.05,84.51
2023-11-30,73.85,284.56,84.39
2023-12-01,75.06,289.67,85.545
2023-12-04,74.91,289.14,85.22
2023-12-05,74.79,288.6,85.37
2023-12-06,74.96,289.08,85.495
2023-12-07,75.61,291.51,86.2
2023-12-08,75.88,292.74,86.595
2023-12-11,76.2,293.67,86.825
2023-12-12,76.26,294.24,87.095
2023-12-13,77.5,298.98,88.235
2023-12-14,78.83,303.85,89.42
2023-12-15,78.68,303.79,89.605
2023-12-18,79.11,305.76,90.0
2023-12-19,79.94,308.23,90.705
2023-12-20,78.51,302.43,89.05
2023-12-21,79.71,307.44,90.405
2023-12-22,79.3,305.42,89.74
2023-12-26,79.65,307.06,90.12
2023-12-27,79.91,307.99,90.43
2023-12-28,79.56,306.66,89.96
2023-12-29,78.94,304.55,89.405
2024-01-02,78.26,301.62,88.575
2024-01-03,76.47,294.83,86.785
2024-01-04,75.96,292.73,86.175
2024-01-05,76.13,293.38,86.31
2024-01-08,77.42,298.6,87.78
2024-01-09,77.2,297.51,87.455
2024-01-10,77.82,300.13,88.155
2024-01-11,77.76,299.59,88.04
2024-01-12,76.93,296.38,86.98
2024-01-16,76.78,295.83,86.88
2024-01-17,76.1,293.36,86.12
2024-01-18,76.57,295.34,86.61
2024-01-19,77.32,298.17,87.445
2024-01-22,77.23,297.75,87.06
2024-01-23,77.05,297.03,86.85
2024-01-24,76.73,295.75,86.52
2024-01-25,76.16,293.49,85.45
2024-01-26,76.55,294.95,85.84
2024-01-29,77.57,298.6,87.095
2024-01-30,77.31,297.78,87.045
2024-01-31,75.81,292.25,85.46
2024-02-01,77.4,298.26,87.105
2024-02-02,78.65,303.33,88.66
2024-02-05,77.54,299.0,87.41
2024-02-06,78.02,300.55,87.94
2024-02-07,78.68,303.38,88.925
2024-02-08,79.27,305.34,89.315
2024-02-09,79.91,308.07,89.95
2024-02-12,80.11,308.65,89.875
2024-02-13,78.29,301.84,88.085
2024-02-14,79.24,305.25,89.015
2024-02-15,80.11,308.89,90.045
2024-02-16,79.7,307.36,89.51
2024-02-20,78.87,304.08,88.665
2024-02-21,79.33,305.74,89.32
2024-02-22,80.76,311.62,91.055
2024-02-23,80.5,310.43,90.645
2024-02-26,80.75,311.18,90.925
2024-02-27,81.15,312.74,91.225
2024-02-28,81.31,313.36,91.585
2024-02-29,81.92,315.74,92.205
2024-03-01,82.38,317.39,92.51
2024-03-04,81.39,313.59,91.26
2024-03-05,80.48,309.99,90.125
2024-03-06,80.23,308.67,89.805
2024-03-07,80.83,311.21,90.49
2024-03-08,80.41,310.16,90.155
2024-03-11,80.18,309.0,89.91
2024-03-12,80.79,311.64,90.685
2024-03-13,80.93,311.73,90.495
2024-03-14,80.27,309.75,89.92
2024-03-15,79.4,306.65,89.025
2024-03-18,79.81,308.22,89.51
2024-03-19,80.49,310.92,90.285
2024-03-20,81.86,315.98,91.63
2024-03-21,82.36,317.97,92.165
2024-03-22,81.73,315.05,91.36
2024-03-25,81.42,314.17,91.06
2024-03-26,81.49,314.19,91.175
2024-03-27,82.49,318.12,92.23
2024-03-28,82.48,317.73,91.945
2024-04-01,81.9,315.72,91.26
2024-04-02,80.6,310.68,89.915
2024-04-03,80.68,310.97,89.98
2024-04-04,79.66,307.02,88.925
2024-04-05,80.21,309.28,89.42
2024-04-08,80.79,311.7,90.27
2024-04-09,81.15,312.93,90.695
2024-04-10,79.85,307.57,89.295
2024-04-11,80.47,309.59,90.015
2024-04-12,79.08,304.8,88.555
2024-04-15,77.74,299.54,87.08
2024-04-16,77.31,298.18,86.585
2024-04-17,76.79,295.93,86.165
2024-04-18,76.39,294.49,85.63
2024-04-19,75.8,292.03,84.88
2024-04-22,76.32,293.92,85.255
2024-04-23,77.35,298.3,86.27
2024-04-24,77.65,299.4,87.095
2024-04-25,77.55,298.86,87.17
2024-04-26,78.53,302.43,87.955
2024-04-29,79.93,308.09,90.0
2024-04-30,78.06,300.9,87.81
2024-05-01,77.79,299.73,87.26
2024-05-02,78.89,304.34,88.36
2024-05-03,79.59,306.75,88.955
2024-05-06,80.55,310.32,89.905
2024-05-07,80.06,308.6,89.26
2024-05-08,79.81,307.71,88.925
2024-05-09,80.49,310.11,89.53
2024-05-10,80.05,308.75,89.05
2024-05-13,80.09,308.89,88.935
2024-05-14,80.67,310.89,89.34
2024-05-15,80.81,311.33,89.475
2024-05-16,80.09,308.53,88.895
2024-05-17,80.21,309.35,89.35
2024-05-20,79.74,307.5,88.685
2024-05-21,80.0,308.45,89.255
2024-05-22,79.13,304.98,88.325
2024-05-23,78.01,300.25,86.895
2024-05-24,78.68,303.29,87.77
2024-05-28,78.53,302.84,87.555
2024-05-29,78.12,300.95,86.98
2024-05-30,78.53,302.71,87.495
2024-05-31,79.0,304.51,87.985
2024-06-03,79.08,305.12,87.945
2024-06-04,78.82,304.07,88.035
2024-06-05,79.47,306.26,88.55
2024-06-06,79.99,308.65,89.195
2024-06-07,79.44,306.16,88.83
2024-06-10,79.63,307.52,89.115
2024-06-11,79.44,306.33,88.88
2024-06-12,80.36,309.99,89.805
2024-06-13,80.13,309.19,89.875
2024-06-14,79.35,305.99,89.165
2024-06-17,80.66,310.78,90.73
2024-06-18,80.34,309.81,90.425
2024-06-20,80.45,309.81,90.54
2024-06-21,80.87,312.23,91.305
2024-06-24,80.57,311.24,90.72
2024-06-25,80.27,309.8,90.355
2024-06-26,81.3,314.36,91.665
2024-06-27,81.74,315.87,92.225
2024-06-28,81.01,312.33,91.2
2024-07-01,80.97,312.31,91.51
2024-07-02,82.18,317.13,93.29
2024-07-03,82.6,318.44,93.885
2024-07-05,82.99,320.04,94.65
2024-07-08,83.21,320.73,94.695
2024-07-09,83.17,321.07,95.01
2024-07-10,83.76,322.75,95.725
2024-07-11,83.46,321.58,94.51
2024-07-12,84.44,326.14,95.745
2024-07-15,84.34,325.19,95.635
2024-07-16,86.11,331.81,97.35
2024-07-17,84.63,325.97,95.725
2024-07-18,83.46,321.71,94.75
2024-07-19,82.88,319.47,93.905
2024-07-22,83.68,322.55,94.94
2024-07-23,83.59,322.44,94.515
2024-07-24,80.5,309.6,90.65
2024-07-25,80.46,309.7,90.295
2024-07-26,81.63,314.39,91.305
2024-07-29,82.55,318.23,92.83
2024-07-30,82.33,316.76,92.315
2024-07-31,83.49,322.22,93.745
2024-08-01,81.47,313.74,91.445
2024-08-02,78.49,302.31,88.08
2024-08-05,76.23,293.99,85.59
2024-08-06,77.07,296.81,86.535
2024-08-07,75.81,291.88,85.025
2024-08-08,77.54,298.99,86.88
2024-08-09,77.83,300.0,87.17
2024-08-12,77.39,298.21,86.825
2024-08-13,79.29,305.22,89.0
2024-08-14,78.83,303.4,88.525
2024-08-15,81.37,313.58,91.35
2024-08-16,81.49,314.39,91.565
2024-08-19,82.41,317.62,92.69
2024-08-20,82.25,316.7,92.605
2024-08-21,83.29,320.87,93.775
2024-08-22,81.93,315.86,92.155
2024-08-23,83.72,322.5,93.935
2024-08-26,83.18,320.48,93.205
2024-08-27,82.88,319.1,92.96
2024-08-28,81.88,315.66,92.06
2024-08-29,82.06,316.51,92.17
2024-08-30,83.32,320.53,93.56
2024-09-03,82.01,314.96,92.275
2024-09-04,82.01,315.63,92.515
2024-09-05,82.72,318.91,93.565
2024-09-06,80.81,311.07,91.2
2024-09-09,81.82,314.87,92.53
2024-09-10,82.53,318.01,93.59
2024-09-11,83.47,321.21,94.525
2024-09-12,84.51,325.41,95.59
2024-09-13,85.26,328.58,96.24
2024-09-16,85.15,327.99,96.075
2024-09-17,85.75,330.27,96.565
2024-09-18,85.55,329.67,96.375
2024-09-19,87.47,337.17,98.57
2024-09-20,87.08,336.24,98.345
2024-09-23,87.99,339.33,99.335
2024-09-24,88.6,341.94,100.205
2024-09-25,88.2,340.14,99.845
2024-09-26,88.51,341.57,100.27
2024-09-27,88.73,341.36,100.42
2024-09-30,88.44,340.48,100.185
2024-10-01,87.9,338.65,99.78
2024-10-02,87.22,335.61,98.935
2024-10-03,86.16,332.15,97.79
2024-10-04,87.45,336.62,99.085
2024-10-07,85.92,331.23,97.545
2024-10-08,86.68,333.81,98.495
2024-10-09,87.15,335.52,99.2
2024-10-10,86.78,334.39,98.71
2024-10-11,86.65,333.92,98.29
2024-10-14,87.03,334.92,98.72
2024-10-15,87.21,335.6,98.935
2024-10-16,87.64,337.51,99.455
2024-10-17,87.57,337.25,99.365
2024-10-18,87.93,338.91,99.755
2024-10-21,87.16,335.37,98.98
2024-10-22,86.61,333.59,98.58
2024-10-23,85.33,328.51,97.03
2024-10-24,87.8,337.69,100.09
2024-10-25,88.04,339.16,100.405
2024-10-28,88.34,340.65,100.64
2024-10-29,88.03,338.84,100.115
2024-10-30,87.9,338.39,99.975
2024-10-31,86.62,333.09,98.445
2024-11-01,87.92,338.54,100.045
2024-11-04,87.73,337.81,99.7
2024-11-05,89.28,343.84,101.465
2024-11-06,92.2,355.18,104.71
2024-11-07,93.27,359.25,106.055
2024-11-08,94.44,364.01,107.56
2024-11-11,96.2,370.07,109.73
2024-11-12,94.98,365.48,108.265
2024-11-13,95.59,368.44,109.19
2024-11-14,94.25,362.94,107.64
2024-11-15,93.36,359.3,106.72
2024-11-18,94.15,362.33,107.705
2024-11-19,94.27,363.08,107.785
2024-11-20,93.95,361.93,107.31
2024-11-21,94.29,362.68,107.5
2024-11-22,95.67,368.5,109.05
2024-11-25,97.06,373.83,110.165
2024-11-26,97.27,374.35,110.565
2024-11-27,96.77,372.51,110.02
2024-11-29,97.65,376.17,111.15
2024-12-02,98.45,379.66,112.12
2024-12-03,98.41,378.85,112.035
2024-12-04,99.32,382.61,113.075
2024-12-05,99.82,384.6,114.0
2024-12-06,101.69,391.81,116.4
2024-12-09,101.28,390.32,116.03
2024-12-10,101.4,390.81,116.22
2024-12-11,103.11,397.29,118.26
2024-12-12,102.3,393.75,117.28
2024-12-13,102.5,394.97,117.745
2024-12-16,103.89,400.97,119.34
2024-12-17,104.24,401.37,119.715
2024-12-18,99.04,381.38,114.32
2024-12-19,99.08,380.69,114.165
2024-12-20,99.31,383.28,114.455
2024-12-23,99.72,383.7,114.585
2024-12-24,101.88,392.32,117.235
2024-12-26,101.67,391.69,116.8
2024-12-27,99.85,384.41,114.87
2024-12-30,98.33,379.04,113.025
2024-12-31,97.46,375.38,112.175
2025-01-02,96.31,371.63,110.7
2025-01-03,98.54,379.78,112.94
2025-01-06,98.91,381.51,113.385
2025-01-07,97.03,373.83,111.19
2025-01-08,97.18,374.36,111.505
2025-01-10,96.38,370.95,110.41
2025-01-13,96.71,372.26,111.035
2025-01-14,96.58,372.08,110.82
2025-01-15,99.18,382.13,113.64
2025-01-16,98.6,379.78,113.025
2025-01-17,100.0,385.01,114.61
2025-01-21,101.0,389.07,115.45
2025-01-22,100.62,387.42,115.015
2025-01-23,101.07,389.43,115.71
2025-01-24,100.65,387.41,115.005
2025-01-27,101.0,388.52,115.66
2025-01-28,101.31,390.11,115.8
2025-01-29,100.81,388.47,115.47
2025-01-30,101.84,391.75,116.6
2025-01-31,101.28,390.49,116.085
2025-02-03,99.79,384.25,114.55
2025-02-04,101.25,390.2,115.9
2025-02-05,100.07,385.42,114.585
2025-02-06,100.45,386.86,115.04
2025-02-07,98.24,378.3,112.79
2025-02-10,98.54,379.44,113.175
2025-02-11,97.49,375.16,111.89
2025-02-12,97.24,374.94,111.87
2025-02-13,98.98,381.37,113.55
2025-02-14,99.1,381.66,113.5
2025-02-18,98.92,381.12,113.185
2025-02-19,98.68,380.22,113.12
2025-02-20,97.57,376.29,112.145
2025-02-21,94.93,365.93,109.195
2025-02-24,94.23,363.45,108.785
2025-02-25,93.52,359.86,108.215
2025-02-26,93.27,358.74,107.77
2025-02-27,91.53,352.42,106.215
2025-02-28,92.96,358.65,107.98
2025-03-03,90.98,349.61,105.99
2025-03-04,89.28,344.02,104.12
2025-03-05,90.73,349.67,105.705
2025-03-06,88.27,339.8,103.025
2025-03-07,88.07,338.6,102.835
2025-03-10,84.75,326.33,99.165
2025-03-11,84.36,324.18,98.195
2025-03-12,84.93,327.01,98.765
2025-03-13,82.77,318.51,96.3
2025-03-14,84.59,325.04,98.35
2025-03-17,84.72,326.17,98.505
2025-03-18,83.01,320.05,96.75
2025-03-19,84.75,326.09,98.605
2025-03-20,84.62,325.29,98.37
2025-03-21,84.76,326.92,98.725
2025-03-24,88.03,340.12,102.145
2025-03-25,88.63,341.61,102.96
2025-03-26,87.3,336.55,101.615
2025-03-27,87.29,336.22,101.68
2025-03-28,84.6,326.13,98.52
2025-03-31,84.51,325.51,98.73
2025-04-01,85.43,329.06,99.76
2025-04-02,87.16,335.79,101.655
2025-04-03,81.45,313.81,95.515
2025-04-04,78.26,300.73,91.395
2025-04-07,77.36,297.66,90.315
2025-04-08,75.33,290.42,88.17
2025-04-09,83.78,322.89,97.77
2025-04-10,80.34,310.11,93.95
2025-04-11,81.08,312.17,94.86
2025-04-14,81.34,313.81,95.135
2025-04-15,80.84,311.55,94.45
2025-04-16,78.96,304.05,92.12
2025-04-17,79.54,306.15,92.7
2025-04-21,77.31,297.73,90.225
2025-04-22,79.84,307.25,93.08
2025-04-23,81.74,314.5,95.16
2025-04-24,83.28,320.78,97.055
2025-04-25,84.68,325.92,98.8
2025-04-28,84.67,326.2,98.835
2025-04-29,85.29,328.35,99.535
2025-04-30,84.52,325.59,98.63
2025-05-01,85.1,327.51,99.175
2025-05-02,86.51,333.0,100.715
2025-05-05,85.56,329.49,99.645
2025-05-06,84.88,326.62,98.775
2025-05-07,85.66,329.71,99.545
2025-05-08,86.93,334.74,100.72
2025-05-09,87.37,336.53,101.205
2025-05-12,92.0,354.39,106.235
2025-05-13,93.1,358.5,107.64
2025-05-14,93.41,359.95,108.055
2025-05-15,93.18,358.7,107.815
2025-05-16,93.98,362.13,108.835
2025-05-19,93.61,360.77,108.58
2025-05-20,93.22,359.05,108.015
2025-05-21,91.22,351.24,105.825
2025-05-22,91.69,353.2,106.28
2025-05-23,90.98,350.23,105.325
2025-05-27,93.67,360.71,108.435
2025-05-28,92.88,357.62,107.44
2025-05-29,92.85,357.76,107.485
2025-05-30,92.38,355.84,106.9
2025-06-02,92.41,356.14,107.15
2025-06-03,92.93,358.16,107.72
2025-06-04,92.67,357.29,107.435
2025-06-05,90.57,348.99,104.725
2025-06-06,91.79,353.47,106.085
2025-06-09,92.68,356.81,106.935
2025-06-10,93.7,360.91,108.215
2025-06-11,92.9,357.98,107.36
2025-06-12,92.41,356.11,106.855
2025-06-13,91.42,352.19,105.87
2025-06-16,92.59,356.84,107.01
2025-06-17,91.12,351.07,105.165
2025-06-18,91.18,351.28,105.215
2025-06-20,90.93,351.52,105.34
2025-06-23,92.61,357.87,107.2
2025-06-24,93.24,359.99,107.795
2025-06-25,92.17,355.83,106.525
2025-06-26,93.2,359.0,107.505
2025-06-27,94.56,364.35,109.295
2025-06-30,94.07,362.32,108.665
2025-07-01,94.5,364.06,109.13
2025-07-02,95.29,367.18,110.005
2025-07-03,95.93,369.49,110.605
2025-07-07,94.61,364.56,109.2
2025-07-08,94.36,363.52,108.83
2025-07-09,94.97,365.94,109.475
2025-07-10,95.97,369.66,110.685
2025-07-11,95.84,369.27,110.715
2025-07-14,96.18,370.69,111.125
2025-07-15,94.74,365.18,109.535
2025-07-16,94.97,365.87,109.735
2025-07-17,95.36,367.68,110.11
2025-07-18,96.09,370.29,111.085
2025-07-21,96.54,371.79,111.61
2025-07-22,97.65,376.22,112.74
2025-07-23,98.28,378.56,113.275
2025-07-24,96.52,371.96,111.4
2025-07-25,97.32,375.01,112.435
2025-07-28,97.88,377.03,113.09
2025-07-29,97.08,373.93,112.31
2025-07-30,96.45,371.66,111.6
2025-07-31,95.94,369.56,110.715
2025-08-01,93.41,359.61,108.045
2025-08-04,94.36,363.63,109.315
2025-08-05,94.51,364.24,109.455
2025-08-06,96.31,371.09,111.73
2025-08-07,96.38,371.51,111.695
2025-08-08,96.31,371.15,111.89
2025-08-11,96.49,371.78,112.18
2025-08-12,97.86,376.91,113.37
2025-08-13,99.24,382.67,114.925
2025-08-14,99.15,382.0,114.795
2025-08-15,98.94,381.29,114.52
2025-08-18,99.32,382.66,114.98
2025-08-19,99.15,381.87,114.925
2025-08-20,98.11,377.79,113.79
2025-08-21,97.57,375.92,113.115
2025-08-22,100.73,388.08,116.55
2025-08-25,100.49,387.25,116.315
2025-08-26,100.86,388.84,116.85
2025-08-27,101.03,389.5,116.875
2025-08-28,101.22,390.03,117.075
2025-08-29,100.13,385.86,115.87
2025-09-02,99.31,382.61,115.005
2025-09-03,99.62,384.02,115.47
2025-09-04,101.58,391.69,117.58
2025-09-05,101.71,392.2,117.555
2025-09-08,101.96,393.28,118.01
2025-09-09,101.8,392.33,117.845
2025-09-10,100.54,387.49,116.435
2025-09-11,102.5,394.93,118.7
2025-09-12,102.66,395.69,119.315
2025-09-15,103.6,399.17,120.35
2025-09-16,104.11,401.35,121.09
2025-09-17,104.04,400.68,120.785
2025-09-18,103.79,400.13,120.24
2025-09-19,103.75,400.3,120.695
2025-09-22,103.48,399.34,120.09
2025-09-23,102.54,395.6,118.96
2025-09-24,103.14,397.28,119.8
2025-09-25,101.68,391.59,118.11
2025-09-26,103.14,397.26,119.855
2025-09-29,103.63,399.3,120.38
2025-09-30,102.87,396.15,119.82
2025-10-01,103.41,398.6,120.57
2025-10-02,102.81,396.25,119.7
2025-10-03,102.22,394.12,118.93
2025-10-06,102.72,395.96,119.95
2025-10-07,100.94,388.99,117.85
2025-10-08,101.42,390.94,118.2
2025-10-09,100.92,389.07,117.61
2025-10-10,97.86,376.54,114.375
2025-10-13,100.12,385.92,116.93
2025-10-14,100.43,387.2,117.175
2025-10-15,100.63,387.65,117.345
2025-10-16,99.56,384.02,116.21
2025-10-17,100.28,386.32,117.21
2025-10-20,101.18,389.78,118.14
2025-10-21,102.45,394.83,119.585
2025-10-22,101.53,391.33,118.65
2025-10-23,102.32,393.94,119.185
2025-10-24,101.95,393.06,118.83
2025-10-27,103.36,398.48,120.54
2025-10-28,103.41,398.67,120.57
2025-10-29,102.35,394.47,119.575
2025-10-30,100.07,385.26,116.875
2025-10-31,102.69,395.36,119.965
2025-11-03,103.65,399.33,121.09
2025-11-04,101.78,392.63,119.08
2025-11-05,103.07,397.42,120.53
2025-11-06,100.56,387.73,117.745
2025-11-07,100.93,388.88,117.93
2025-11-10,102.18,393.89,119.48
2025-11-11,102.41,394.78,119.775
2025-11-12,101.74,392.12,118.97
2025-11-13,99.1,382.02,116.0
2025-11-14,98.51,379.75,115.445
2025-11-17,97.5,375.73,114.36
2025-11-18,95.89,369.35,112.25
2025-11-19,95.86,369.2,112.255
2025-11-20,94.27,362.96,110.58
2025-11-21,96.35,371.3,112.75
2025-11-24,97.71,376.35,114.255
2025-11-25,100.05,385.26,116.7
2025-11-26,100.78,388.1,117.5
2025-11-28,101.37,390.71,118.23
2025-12-01,101.55,390.97,118.3
2025-12-02,101.47,390.88,118.22
2025-12-03,102.57,395.36,119.495
2025-12-04,102.16,393.7,119.07
2025-12-05,102.56,395.02,119.73
2025-12-08,101.24,390.14,117.99
2025-12-09,101.36,390.83,117.98
2025-12-10,102.92,396.67,119.71
2025-12-11,103.37,398.33,120.18
2025-12-12,103.54,398.95,120.7
2025-12-15,104.11,401.03,121.73
2025-12-16,104.26,401.62,121.93
2025-12-17,103.16,396.88,120.52
2025-12-18,104.67,402.53,122.34
2025-12-19,104.11,401.62,121.85
2025-12-22,104.72,403.53,122.34
2025-12-23,104.49,402.53,122.17
2025-12-24,104.78,403.8,122.59
2025-12-26,104.47,402.5,122.05
2025-12-29,103.47,398.53,120.85
2025-12-30,103.03,396.95,120.36
2025-12-31,102.16,393.92,119.41
2026-01-02,101.58,391.65,118.35
2026-01-05,103.42,398.68,120.3
2026-01-06,104.36,402.37,121.07
2026-01-07,104.03,400.78,120.9
2026-01-08,105.91,408.02,122.92
2026-01-09,107.08,412.7,124.41
2026-01-12,107.06,412.4,124.52
2026-01-13,106.79,411.41,124.21
2026-01-14,105.26,405.63,122.25
2026-01-15,105.83,407.85,122.7
2026-01-16,105.34,406.17,122.3
2026-01-20,102.61,395.47,119.12
2026-01-21,104.55,402.95,121.4
2026-01-22,105.48,406.49,122.62
2026-01-23,105.54,406.77,123.13
2026-01-26,104.82,404.07,122.32
2026-01-27,105.01,404.9,122.69
2026-01-28,104.26,401.76,121.77
2026-01-29,103.77,400.01,121.19
2026-01-30,103.56,399.19,121.17
2026-02-02,104.21,401.93,121.97
2026-02-03,103.5,399.12,120.99
2026-02-04,103.07,397.51,120.1
2026-02-05,100.86,388.59,117.51
2026-02-06,101.43,390.37,117.99
2026-02-09,101.21,389.46,117.55
2026-02-10,101.73,391.68,118.33
2026-02-11,101.22,389.62,117.76
2026-02-12,99.52,383.44,116.13
2026-02-13,99.7,383.87,116.18
2026-02-17,99.65,383.54,116.04
2026-02-18,100.58,387.26,117.02
2026-02-19,99.94,384.69,116.24
2026-02-20,100.88,388.61,117.45
2026-02-23,98.53,379.37,114.99
2026-02-24,99.94,384.97,116.74
2026-02-25,100.05,385.25,117.09
2026-02-26,100.17,385.88,117.05
2026-02-27,99.75,384.28,116.86
2026-03-02,98.67,379.76,115.42
2026-03-03,97.88,376.86,114.36
2026-03-04,99.48,383.1,116.39
2026-03-05,99.53,383.23,116.55
2026-03-06,97.58,375.8,114.44
2026-03-09,97.67,376.1,114.59
2026-03-10,97.44,375.19,114.44
2026-03-11,97.29,374.41,114.14
2026-03-12,95.09,365.93,111.52
2026-03-13,94.58,363.96,110.86
2026-03-16,95.75,368.43,112.2
2026-03-17,96.61,371.92,113.18
2026-03-18,94.48,363.71,110.57
2026-03-19,93.85,361.16,109.7
2026-03-20,91.9,354.51,107.74
2026-03-23,94.17,363.24,110.12
2026-03-24,93.72,360.93,109.68
2026-03-25,94.69,364.55,110.73
2026-03-26,93.02,358.36,108.83
2026-03-27,90.35,348.05,105.68
2026-03-30,90.3,347.69,105.66
2026-03-31,93.26,359.03,108.98
2026-04-01,94.04,361.9,109.8
2026-04-02,92.81,357.21,108.15
2026-04-06,93.59,360.19,109.04
2026-04-07,92.64,356.58,107.77
2026-04-08,95.25,366.73,110.82
2026-04-09,97.0,373.59,112.74
2026-04-10,97.19,374.19,112.89
2026-04-13,98.01,377.25,113.92
2026-04-14,100.07,385.37,116.44
2026-04-15,101.3,390.14,118.18
2026-04-16,101.07,389.18,117.63
2026-04-17,103.47,398.59,120.41
2026-04-20,103.16,397.52,119.87
2026-04-21,102.4,394.44,118.97
2026-04-22,102.42,395.0,118.93
2026-04-23,101.44,390.81,117.74
2026-04-24,102.44,394.65,118.69
2026-04-27,101.76,391.9,117.84
2026-04-28,100.98,389.11,117.01
2026-04-29,100.8,388.56,116.84
2026-04-30,102.08,393.58,118.35
2026-05-01,102.32,394.27,118.63
2026-05-04,101.36,390.35,117.72
2026-05-05,101.83,392.18,118.07
2026-05-06,103.45,398.53,119.87
2026-05-07,103.18,397.59,119.88
2026-05-08,103.49,398.45,120.2
2026-05-11,102.48,394.54,119.37
2026-05-12,101.49,390.76,118.29
2026-05-13,101.78,391.83,118.72
2026-05-14,101.81,392.15,118.67
2026-05-15,99.87,384.69,116.53
2026-05-18,99.78,384.44,116.32
2026-05-19,98.58,379.84,115.03
2026-05-20,101.13,389.57,117.94
2026-05-21,101.97,392.86,118.7
2026-05-22,102.47,394.75,119.18
2026-05-26,102.93,396.62,119.45
2026-05-27,104.76,403.55,121.55
2026-05-28,105.27,405.34,122.06
2026-05-29,104.29,401.7,120.87
2026-06-01,102.43,394.51,118.19
2026-06-02,102.02,393.17,117.59
2026-06-03,101.29,390.1,116.73
2026-06-04,101.63,391.27,117.26
2026-06-05,99.59,383.54,114.86
2026-06-08,100.24,385.99,115.39
2026-06-09,100.87,388.5,115.87
2026-06-10,99.07,381.5,113.49
2026-06-11,101.77,391.99,116.3
2026-06-12,101.97,392.77,116.6
2026-06-15,103.21,397.48,118.57
2026-06-16,103.04,396.49,118.46
2026-06-17,100.57,387.23,115.49
2026-06-18,102.11,394.33,117.16
2026-06-22,100.33,387.2,114.94
2026-06-23,99.35,383.67,113.76
2026-06-24,100.7,388.01,115.07
2026-06-25,99.67,383.73,113.35
2026-06-26,100.9,388.6,114.37
2026-06-29,102.71,395.25,117.12
2026-06-30,102.84,396.61,117.28
2026-07-01,103.39,398.66,118.09
2026-07-02,102.73,395.55,117.12
2026-07-06,103.41,398.32,118.01
2026-07-07,102.79,395.96,117.39
2026-07-08,100.89,388.53,115.3
2026-07-09,102.35,394.22,116.85
2026-07-10,102.75,395.75,117.24
2026-07-13,101.85,392.4,116.04
2026-07-14,101.82,392.1,115.9
2026-07-15,102.7,396.01,117.0
2026-07-16,103.16,397.51,117.34
2026-07-17,101.62,391.55,115.44
2026-07-20,100.84,388.5,114.61
2026-07-21,100.96,388.91,114.87
2026-07-22,100.37,386.53,114.02
2026-07-23,96.12,370.03,108.76
2026-07-24,96.62,372.01,109.41
2026-07-27,97.89,377.09,110.84
2026-07-28,99.35,382.68,112.48
2026-07-29,98.62,379.82,111.61
2026-07-30,98.92,380.98,112.39
2026-07-31,101.52,391.3,116.09
2026-08-03,103.67,399.66,118.21
2026-08-04,104.1,401.13,118.29
2026-08-05,104.14,401.08,118.64
2026-08-06,103.22,397.38,118.1
2026-08-07,104.68,403.04,119.86
2026-08-10,104.4,401.9,119.67
2026-08-11,104.16,400.9,119.24
2026-08-12,103.06,396.58,117.89
2026-08-13,103.57,398.72,118.45
2026-08-14,103.43,398.35,118.2
2026-08-17,102.13,393.28,116.75
2026-08-18,101.56,391.22,116.36
2026-08-19,103.66,399.22,118.59
2026-08-20,101.89,392.45,116.68
2026-08-21,103.16,397.13,118.02
2026-08-24,103.28,397.58,118.3
2026-08-25,102.91,396.14,117.95
