date,FHLC,IYH,VHT,XLV
2021-08-30,67.6,58.658,262.47,135.39
2021-08-31,67.62,58.574,262.49,135.21
2021-09-01,67.75,58.61,263.04,135.25
2021-09-02,68.47,59.268,265.84,136.7
2021-09-03,68.46,59.244,265.84,136.85
2021-09-07,68.07,58.89,264.3,136.05
2021-09-08,67.93,58.828,263.78,135.99
2021-09-09,67.34,58.204,261.32,134.42
2021-09-10,66.74,57.664,258.98,133.19
2021-09-13,66.22,57.318,257.04,132.37
2021-09-14,66.09,57.3,256.58,132.35
2021-09-15,66.59,57.468,258.42,133.21
2021-09-16,66.5,57.538,257.91,132.87
2021-09-17,66.5,57.612,258.79,133.0
2021-09-20,65.68,57.004,255.61,131.15
2021-09-21,65.89,57.192,256.19,131.35
2021-09-22,65.93,57.208,256.8,131.57
2021-09-23,66.51,57.704,258.85,132.52
2021-09-24,66.15,57.274,257.37,131.98
2021-09-27,65.35,56.408,254.29,130.1
2021-09-28,64.06,55.346,249.22,127.87
2021-09-29,64.43,55.74,249.71,128.88
2021-09-30,63.81,55.184,247.16,127.3
2021-10-01,63.88,55.178,247.69,127.33
2021-10-04,62.83,54.378,243.83,125.39
2021-10-05,63.15,54.71,244.94,126.14
2021-10-06,63.09,54.62,244.57,125.91
2021-10-07,63.82,55.354,247.53,127.58
2021-10-08,63.49,55.026,246.13,126.94
2021-10-11,63.04,54.618,244.41,125.95
2021-10-12,62.83,54.364,243.71,125.34
2021-10-13,62.92,54.456,243.96,125.54
2021-10-14,63.81,55.28,247.5,127.34
2021-10-15,64.07,55.458,248.44,127.97
2021-10-18,63.55,55.086,246.5,127.1
2021-10-19,64.39,55.808,249.68,128.77
2021-10-20,65.2,56.534,252.77,130.61
2021-10-21,65.55,56.834,254.17,131.14
2021-10-22,65.69,56.996,254.69,131.67
2021-10-25,65.76,57.038,254.95,131.83
2021-10-26,66.05,57.302,256.18,132.48
2021-10-27,65.42,56.81,253.75,131.43
2021-10-28,66.08,57.288,256.4,132.53
2021-10-29,66.6,57.818,258.45,133.82
2021-11-01,66.8,57.82,258.91,133.66
2021-11-02,67.16,58.164,260.48,134.5
2021-11-03,67.74,58.502,262.42,135.29
2021-11-04,67.28,58.138,260.86,134.36
2021-11-05,66.66,57.5,258.49,132.86
2021-11-08,66.96,57.818,259.72,133.65
2021-11-09,66.64,57.574,258.37,133.16
2021-11-10,66.52,57.586,258.13,133.54
2021-11-11,66.4,57.466,257.59,133.15
2021-11-12,66.65,57.74,258.54,133.81
2021-11-15,66.22,57.374,256.89,132.98
2021-11-16,66.52,57.636,258.0,133.54
2021-11-17,66.5,57.712,257.96,133.73
2021-11-18,66.38,57.618,257.35,133.78
2021-11-19,65.97,57.316,255.76,132.97
2021-11-22,65.57,56.986,254.31,132.37
2021-11-23,65.44,56.896,254.12,132.51
2021-11-24,65.5,56.992,254.31,132.46
2021-11-26,65.03,56.726,252.66,131.97
2021-11-29,65.14,56.766,252.65,132.33
2021-11-30,64.02,55.698,248.18,129.73
2021-12-01,63.63,55.454,246.92,129.5
2021-12-02,63.97,55.768,248.11,130.13
2021-12-03,63.77,55.768,247.32,130.37
2021-12-06,64.08,56.03,248.82,131.11
2021-12-07,65.16,56.89,253.04,132.8
2021-12-08,65.78,57.312,255.17,133.8
2021-12-09,65.55,57.27,254.27,134.11
2021-12-10,65.64,57.378,254.62,134.58
2021-12-13,66.24,57.764,256.89,135.85
2021-12-14,65.87,57.506,255.65,135.3
2021-12-15,67.28,58.762,261.34,138.07
2021-12-16,67.42,59.002,260.57,138.89
2021-12-17,67.18,58.768,260.64,137.92
2021-12-20,66.77,58.334,259.03,136.56
2021-12-21,67.23,58.71,260.82,137.13
2021-12-22,67.93,59.314,263.62,138.73
2021-12-23,68.27,59.592,264.82,139.3
2021-12-27,68.73,60.064,266.68,140.77
2021-12-28,68.42,59.864,265.61,140.4
2021-12-29,68.75,60.196,266.61,141.2
2021-12-30,68.98,60.376,267.51,141.49
2021-12-31,68.66,60.074,266.42,140.89
2022-01-03,68.16,59.52,264.71,139.44
2022-01-04,67.15,58.596,260.46,137.6
2022-01-05,66.29,57.988,257.28,136.62
2022-01-06,65.56,57.354,254.04,135.04
2022-01-07,65.06,56.96,252.48,134.35
2022-01-10,65.69,57.464,255.19,135.73
2022-01-11,66.22,57.946,257.29,136.81
2022-01-12,65.94,57.786,255.83,136.42
2022-01-13,64.78,56.752,251.4,134.3
2022-01-14,64.72,56.664,251.22,134.07
2022-01-18,63.56,55.708,246.47,132.19
2022-01-19,63.28,55.512,245.42,131.65
2022-01-20,62.85,55.188,243.97,130.79
2022-01-21,62.14,54.586,241.39,129.47
2022-01-24,62.11,54.33,241.11,129.04
2022-01-25,61.56,53.978,238.85,128.21
2022-01-26,61.11,53.604,237.56,127.54
2022-01-27,61.05,53.574,236.85,127.87
2022-01-28,62.45,54.766,242.28,130.48
2022-01-31,63.22,55.388,245.34,131.23
2022-02-01,63.41,55.61,246.28,131.58
2022-02-02,64.04,56.236,248.57,133.35
2022-02-03,63.64,55.902,246.89,132.78
2022-02-04,63.51,55.738,246.44,132.3
2022-02-07,63.46,55.64,246.28,132.07
2022-02-08,64.01,56.026,248.31,133.15
2022-02-09,64.7,56.654,251.3,134.18
2022-02-10,63.68,55.742,247.37,132.08
2022-02-11,62.9,55.046,243.78,130.25
2022-02-14,62.16,54.476,241.33,128.92
2022-02-15,63.02,55.15,244.65,130.37
2022-02-16,63.04,55.152,244.52,130.57
2022-02-17,61.88,54.182,239.95,128.47
2022-02-18,61.36,53.732,238.05,127.51
2022-02-22,61.11,53.59,237.11,127.19
2022-02-23,60.62,53.226,235.27,126.55
2022-02-24,61.21,53.632,237.55,127.06
2022-02-25,63.06,55.262,244.47,130.95
2022-02-28,62.6,54.828,242.94,129.96
2022-03-01,62.36,54.59,241.63,129.24
2022-03-02,63.18,55.388,245.32,131.19
2022-03-03,63.31,55.534,245.63,131.86
2022-03-04,63.36,55.734,246.05,132.52
2022-03-07,62.34,54.648,241.88,130.21
2022-03-08,61.19,53.662,237.22,127.55
2022-03-09,62.43,54.666,242.19,129.96
2022-03-10,62.39,54.66,241.97,129.91
2022-03-11,61.73,54.14,239.18,128.94
2022-03-14,61.81,54.38,239.67,129.85
2022-03-15,63.0,55.45,244.36,132.44
2022-03-16,64.02,56.226,248.34,134.03
2022-03-17,65.15,57.216,253.0,136.15
2022-03-18,65.43,57.634,254.92,136.99
2022-03-21,65.3,57.464,254.28,136.46
2022-03-22,65.44,57.556,254.79,136.49
2022-03-23,64.21,56.498,249.71,134.04
2022-03-24,64.98,57.016,252.37,135.64
2022-03-25,65.19,57.232,252.94,136.27
2022-03-28,65.64,57.672,254.89,137.26
2022-03-29,66.24,58.194,257.09,138.07
2022-03-30,66.25,58.312,257.2,138.34
2022-03-31,65.66,57.758,254.38,136.99
2022-04-01,66.34,58.318,257.64,138.07
2022-04-04,65.9,57.91,255.98,136.92
2022-04-05,65.86,57.956,255.8,137.21
2022-04-06,66.73,58.768,259.08,139.3
2022-04-07,67.83,59.862,263.49,141.98
2022-04-08,68.08,60.0,264.47,142.83
2022-04-11,66.73,58.832,258.96,139.99
2022-04-12,66.12,58.288,256.78,138.63
2022-04-13,66.59,58.658,258.66,139.31
2022-04-14,66.22,58.394,257.11,138.64
2022-04-18,65.31,57.612,253.58,137.11
2022-04-19,66.0,58.204,256.27,138.42
2022-04-20,66.85,58.948,259.35,140.28
2022-04-21,65.94,58.174,255.86,138.73
2022-04-22,63.58,56.084,246.8,133.67
2022-04-25,64.05,56.468,248.58,134.57
2022-04-26,62.64,55.346,243.21,132.2
2022-04-27,62.5,55.282,242.75,131.91
2022-04-28,63.21,55.952,245.45,133.73
2022-04-29,61.65,54.59,239.48,130.29
2022-05-02,61.46,54.3,238.77,129.48
2022-05-03,61.62,54.458,239.38,129.89
2022-05-04,62.99,55.588,244.54,132.77
2022-05-05,61.54,54.422,239.0,130.19
2022-05-06,61.14,54.11,237.34,129.78
2022-05-09,59.28,52.558,230.04,126.42
2022-05-10,59.58,52.766,231.58,126.87
2022-05-11,59.0,52.396,229.09,126.03
2022-05-12,59.68,52.926,231.56,127.25
2022-05-13,60.54,53.632,235.08,128.6
2022-05-16,60.93,54.038,236.56,129.55
2022-05-17,61.91,54.886,240.45,131.33
2022-05-18,60.28,53.454,233.9,127.94
2022-05-19,60.46,53.624,234.64,128.22
2022-05-20,61.14,54.276,237.47,129.78
2022-05-23,61.61,54.708,239.34,130.92
2022-05-24,61.61,54.768,239.32,131.31
2022-05-25,61.7,54.752,239.54,131.27
2022-05-26,61.98,55.04,240.88,131.83
2022-05-27,63.15,56.036,245.29,134.02
2022-05-31,62.23,55.238,241.78,132.23
2022-06-01,61.35,54.384,238.0,130.33
2022-06-02,62.01,54.914,240.75,131.36
2022-06-03,61.38,54.304,238.27,129.82
2022-06-06,61.25,54.29,237.97,129.84
2022-06-07,62.19,55.004,241.32,131.53
2022-06-08,61.77,54.646,239.62,130.49
2022-06-09,60.29,53.26,233.95,127.54
2022-06-10,59.24,52.366,229.93,125.49
2022-06-13,57.31,50.684,222.58,121.69
2022-06-14,56.83,50.196,220.69,120.53
2022-06-15,57.47,50.738,223.15,121.75
2022-06-16,56.56,49.954,219.51,119.96
2022-06-17,56.57,50.104,220.21,119.89
2022-06-21,58.0,51.414,225.91,122.6
2022-06-22,58.85,52.162,229.21,124.3
2022-06-23,60.34,53.442,234.21,127.09
2022-06-24,61.32,54.322,238.19,129.2
2022-06-27,61.58,54.536,238.95,129.68
2022-06-28,60.39,53.564,234.64,127.42
2022-06-29,60.89,53.958,236.47,128.53
2022-06-30,60.67,53.784,235.5,128.24
2022-07-01,61.45,54.444,238.5,129.68
2022-07-05,61.38,54.246,238.15,128.93
2022-07-06,61.66,54.576,239.42,129.8
2022-07-07,62.14,54.906,241.21,130.35
2022-07-08,62.34,55.024,242.0,130.74
2022-07-11,61.99,54.81,240.54,130.41
2022-07-12,61.21,54.09,237.65,128.75
2022-07-13,60.75,53.578,235.82,127.5
2022-07-14,60.52,53.42,234.92,127.13
2022-07-15,61.92,54.67,240.3,130.2
2022-07-18,60.55,53.548,235.27,127.45
2022-07-19,61.79,54.466,239.6,129.62
2022-07-20,61.34,54.014,238.06,128.34
2022-07-21,62.26,54.842,241.62,130.37
2022-07-22,61.87,54.566,240.15,129.83
2022-07-25,62.15,54.816,241.26,130.51
2022-07-26,62.47,55.124,242.33,131.18
2022-07-27,62.97,55.472,244.39,132.0
2022-07-28,63.3,55.848,245.69,132.84
2022-07-29,63.08,55.636,244.79,132.4
2022-08-01,62.6,55.192,242.82,131.42
2022-08-02,62.52,55.044,242.63,130.95
2022-08-03,63.17,55.586,245.06,132.15
2022-08-04,63.01,55.292,244.51,131.5
2022-08-05,63.1,55.284,244.84,131.45
2022-08-08,63.38,55.488,245.92,131.76
2022-08-09,62.95,55.16,244.42,131.36
2022-08-10,63.81,55.81,247.63,132.79
2022-08-11,63.38,55.414,245.91,131.93
2022-08-12,64.18,56.102,249.05,133.62
2022-08-15,64.58,56.378,250.44,134.29
2022-08-16,64.27,56.2,249.22,133.93
2022-08-17,63.76,55.814,247.28,133.15
2022-08-18,63.45,55.566,246.19,132.56
2022-08-19,63.5,55.612,246.26,132.92
2022-08-22,62.63,54.902,242.96,131.18
2022-08-23,61.88,54.188,240.09,129.35
2022-08-24,62.13,54.294,240.91,129.51
2022-08-25,62.78,54.898,243.63,130.94
2022-08-26,60.96,53.348,236.39,127.29
2022-08-29,60.48,52.928,234.6,126.4
2022-08-30,60.04,52.528,232.75,125.56
2022-08-31,59.73,52.222,231.56,124.76
2022-09-01,60.55,52.996,234.79,126.81
2022-09-02,59.64,52.2,231.43,124.99
2022-09-06,59.57,52.218,231.25,125.11
2022-09-07,60.7,53.154,235.49,127.15
2022-09-08,61.86,54.094,239.96,129.36
2022-09-09,62.44,54.656,242.19,130.5
2022-09-12,62.86,54.998,243.71,131.37
2022-09-13,60.73,53.148,235.62,127.03
2022-09-14,60.79,53.202,235.86,127.1
2022-09-15,61.12,53.506,236.93,127.81
2022-09-16,60.57,53.288,235.8,127.45
2022-09-19,60.25,52.968,234.39,126.26
2022-09-20,59.56,52.334,231.87,124.78
2022-09-21,58.51,51.416,227.72,122.71
2022-09-22,58.61,51.636,227.9,123.36
2022-09-23,58.18,51.342,226.71,122.73
2022-09-26,57.62,50.616,224.34,121.56
2022-09-27,57.55,50.536,224.15,121.19
2022-09-28,58.91,51.694,228.55,123.84
2022-09-29,58.39,51.21,226.34,122.8
2022-09-30,57.65,50.6,223.7,121.11
2022-10-03,58.75,51.562,227.88,123.6
2022-10-04,60.25,52.78,233.53,126.47
2022-10-05,60.37,52.918,234.03,126.89
2022-10-06,59.7,52.32,231.32,125.27
2022-10-07,58.31,51.28,226.04,122.62
2022-10-10,57.8,50.9,224.15,121.85
2022-10-11,58.11,51.13,225.39,122.5
2022-10-12,57.86,50.93,224.2,121.9
2022-10-13,59.14,52.064,229.33,124.74
2022-10-14,58.56,51.598,227.02,123.9
2022-10-17,59.64,52.494,231.32,125.89
2022-10-18,60.0,52.776,232.61,126.59
2022-10-19,58.95,51.948,228.84,124.82
2022-10-20,58.52,51.538,226.91,123.76
2022-10-21,59.77,52.61,231.81,126.54
2022-10-24,60.72,53.584,235.56,128.98
2022-10-25,61.4,54.088,238.03,129.96
2022-10-26,62.09,54.722,240.88,131.4
2022-10-27,61.65,54.398,239.31,130.71
2022-10-28,62.75,55.294,243.25,132.86
2022-10-31,62.68,55.24,243.03,132.75
2022-11-01,62.76,55.272,243.22,132.83
2022-11-02,61.6,54.288,239.1,130.57
2022-11-03,61.4,54.054,238.09,130.02
2022-11-04,61.63,54.304,239.09,130.81
2022-11-07,62.19,54.856,241.4,132.21
2022-11-08,62.52,55.14,242.29,132.87
2022-11-09,61.77,54.564,239.48,131.44
2022-11-10,63.52,56.062,246.53,134.78
2022-11-11,62.96,55.502,244.4,133.13
2022-11-14,62.99,55.496,244.06,133.25
2022-11-15,62.97,55.538,244.25,133.08
2022-11-16,62.81,55.436,243.45,133.02
2022-11-17,62.68,55.362,242.98,132.96
2022-11-18,63.37,56.0,245.84,134.57
2022-11-21,63.37,56.014,245.74,134.63
2022-11-22,63.89,56.45,247.92,135.8
2022-11-23,64.2,56.696,249.0,136.34
2022-11-25,64.56,56.998,250.47,137.15
2022-11-28,64.02,56.588,248.35,136.12
2022-11-29,63.8,56.43,247.76,135.78
2022-11-30,65.57,57.932,254.35,139.02
2022-12-01,65.78,58.148,255.24,139.42
2022-12-02,66.02,58.236,255.96,139.78
2022-12-05,65.21,57.642,252.99,138.44
2022-12-06,64.56,57.11,250.54,137.39
2022-12-07,65.1,57.64,252.4,138.52
2022-12-08,65.69,58.134,254.91,139.77
2022-12-09,64.84,57.416,251.35,137.98
2022-12-12,65.57,58.01,254.22,139.45
2022-12-13,65.89,58.122,255.39,139.88
2022-12-14,65.94,58.228,255.81,140.1
2022-12-15,64.7,57.162,249.87,137.53
2022-12-16,63.67,56.382,246.62,135.53
2022-12-19,63.32,56.104,245.44,134.47
2022-12-20,63.39,56.136,245.74,134.44
2022-12-21,64.25,56.916,248.89,136.21
2022-12-22,64.15,56.804,248.65,136.02
2022-12-23,64.07,56.78,248.36,136.1
2022-12-27,63.77,56.6,247.16,135.75
2022-12-28,63.39,56.252,245.8,134.87
2022-12-29,64.18,56.92,248.82,136.34
2022-12-30,63.98,56.742,248.05,135.85
2023-01-03,63.76,56.5,247.03,135.46
2023-01-04,64.03,56.722,248.11,135.82
2023-01-05,63.41,56.248,245.86,134.43
2023-01-06,63.96,56.714,247.93,135.67
2023-01-09,62.98,55.73,244.05,133.4
2023-01-10,63.61,56.278,246.5,134.52
2023-01-11,63.99,56.644,248.05,135.28
2023-01-12,63.97,56.496,247.93,134.85
2023-01-13,64.29,56.744,249.0,135.45
2023-01-17,63.95,56.488,248.02,134.82
2023-01-18,63.09,55.706,244.54,132.92
2023-01-19,63.21,55.824,244.89,133.24
2023-01-20,63.63,56.168,246.53,133.91
2023-01-23,63.83,56.372,247.52,134.37
2023-01-24,63.48,55.976,245.84,133.48
2023-01-25,63.51,56.018,246.16,133.52
2023-01-26,63.61,56.11,246.77,133.77
2023-01-27,63.31,55.758,245.26,132.86
2023-01-30,62.68,55.226,242.74,131.66
2023-01-31,63.51,55.952,246.08,133.36
2023-02-01,63.88,56.312,247.53,133.99
2023-02-02,63.68,55.992,246.72,133.08
2023-02-03,63.4,55.816,245.65,132.69
2023-02-06,62.94,55.462,243.93,131.95
2023-02-07,63.34,55.824,245.48,132.8
2023-02-08,63.02,55.6,244.3,132.41
2023-02-09,62.44,55.064,242.15,131.25
2023-02-10,62.9,55.514,244.0,132.49
2023-02-13,63.42,56.024,245.88,133.59
2023-02-14,63.17,55.732,244.68,132.8
2023-02-15,62.94,55.498,243.98,132.14
2023-02-16,62.39,54.966,241.66,130.82
2023-02-17,62.95,55.444,244.1,131.99
2023-02-21,61.9,54.642,239.97,130.28
2023-02-22,61.77,54.5,239.47,129.84
2023-02-23,61.97,54.624,240.12,130.19
2023-02-24,61.11,53.918,236.94,128.51
2023-02-27,61.04,53.804,236.39,128.12
2023-02-28,60.63,53.424,234.76,127.17
2023-03-01,60.61,53.402,234.8,126.96
2023-03-02,60.89,53.712,236.1,127.74
2023-03-03,61.66,54.4,239.12,129.17
2023-03-06,61.49,54.254,238.26,129.11
2023-03-07,60.51,53.454,234.63,127.03
2023-03-08,60.17,53.118,233.26,126.35
2023-03-09,59.51,52.604,230.54,125.07
2023-03-10,58.86,52.134,228.23,124.15
2023-03-13,59.5,52.71,230.45,125.31
2023-03-14,60.12,53.254,233.05,126.43
2023-03-15,60.01,53.136,232.46,126.32
2023-03-16,60.56,53.686,234.96,127.5
2023-03-17,59.54,52.994,231.53,125.86
2023-03-20,60.21,53.624,234.36,126.96
2023-03-21,60.67,54.0,236.01,127.73
2023-03-22,59.67,53.156,232.2,125.8
2023-03-23,59.57,52.946,231.81,125.56
2023-03-24,60.34,53.62,233.88,127.3
2023-03-27,60.6,53.904,235.09,127.82
2023-03-28,60.27,53.546,233.72,127.05
2023-03-29,60.51,53.67,234.68,127.4
2023-03-30,60.77,53.952,235.7,128.09
2023-03-31,61.47,54.612,238.46,129.46
2023-04-03,62.03,55.134,240.78,130.91
2023-04-04,62.05,55.17,240.64,130.93
2023-04-05,62.98,56.03,244.36,133.19
2023-04-06,63.21,56.254,245.09,133.52
2023-04-10,63.2,56.214,245.02,133.43
2023-04-11,63.44,56.428,245.96,133.88
2023-04-12,63.34,56.378,245.8,133.92
2023-04-13,64.26,57.148,249.3,135.66
2023-04-14,63.73,56.708,247.16,134.57
2023-04-17,63.83,56.648,247.51,134.46
2023-04-18,63.39,56.278,245.99,133.54
2023-04-19,63.61,56.496,246.78,133.95
2023-04-20,63.36,56.266,245.63,133.4
2023-04-21,63.82,56.67,247.55,134.3
2023-04-24,64.12,56.946,248.66,135.05
2023-04-25,63.37,56.274,245.65,133.61
2023-04-26,62.53,55.482,242.45,131.71
2023-04-27,62.8,55.74,243.53,132.4
2023-04-28,63.35,56.24,245.74,133.53
2023-05-01,63.75,56.596,247.29,134.22
2023-05-02,63.31,56.26,245.58,133.64
2023-05-03,63.4,56.296,245.87,133.46
2023-05-04,62.94,55.85,244.04,132.4
2023-05-05,63.55,56.368,246.6,133.59
2023-05-08,63.4,56.246,245.85,133.3
2023-05-09,63.08,55.858,244.44,132.41
2023-05-10,63.28,56.004,245.34,132.78
2023-05-11,63.03,55.844,244.44,132.37
2023-05-12,62.91,55.778,243.83,132.19
2023-05-15,62.96,55.672,244.06,131.96
2023-05-16,62.24,55.17,241.37,130.86
2023-05-17,62.36,55.19,241.86,131.02
2023-05-18,62.21,55.076,241.42,130.7
2023-05-19,62.49,55.344,242.37,131.31
2023-05-22,62.69,55.408,242.99,131.44
2023-05-23,61.94,54.768,240.28,130.0
2023-05-24,61.48,54.412,238.49,129.11
2023-05-25,60.81,53.808,235.84,127.79
2023-05-26,60.78,53.814,235.71,127.53
2023-05-30,60.33,53.426,234.11,126.74
2023-05-31,60.81,53.814,235.86,127.83
2023-06-01,61.35,54.278,237.78,128.67
2023-06-02,62.15,54.988,241.14,130.32
2023-06-05,62.36,55.176,241.77,130.79
2023-06-06,62.0,54.708,240.28,129.7
2023-06-07,61.79,54.344,239.45,129.19
2023-06-08,62.14,54.696,240.71,130.02
2023-06-09,62.25,54.77,240.89,130.42
2023-06-12,62.45,55.066,242.16,130.89
2023-06-13,62.83,55.354,243.69,131.55
2023-06-14,62.24,54.868,241.21,130.2
2023-06-15,63.11,55.646,244.79,132.22
2023-06-16,62.86,55.672,244.53,132.21
2023-06-20,62.81,55.606,244.44,131.52
2023-06-21,62.75,55.586,244.26,131.54
2023-06-22,63.11,55.948,245.67,132.44
2023-06-23,62.86,55.71,244.53,132.0
2023-06-26,62.41,55.378,242.95,131.25
2023-06-27,62.33,55.284,242.52,130.95
2023-06-28,62.25,55.108,242.04,130.53
2023-06-29,62.56,55.428,242.65,131.38
2023-06-30,63.12,56.05,244.82,132.73
2023-07-03,62.68,55.576,242.93,131.64
2023-07-05,62.62,55.514,242.71,131.57
2023-07-06,62.06,55.026,240.54,130.52
2023-07-07,61.44,54.404,238.23,129.0
2023-07-10,62.05,54.896,240.63,130.02
2023-07-11,62.08,54.894,240.7,130.05
2023-07-12,61.95,54.798,240.25,129.7
2023-07-13,61.97,54.836,240.37,129.75
2023-07-14,62.8,55.592,243.68,131.7
2023-07-17,62.59,55.344,242.64,131.1
2023-07-18,63.01,55.722,244.2,132.07
2023-07-19,63.28,55.936,245.19,132.68
2023-07-20,64.07,56.7,248.33,134.88
2023-07-21,64.65,57.288,250.77,136.24
2023-07-24,64.42,57.112,249.96,135.94
2023-07-25,64.37,57.118,249.73,135.88
2023-07-26,64.38,57.136,249.68,135.79
2023-07-27,63.92,56.676,247.88,134.79
2023-07-28,64.22,56.896,248.88,135.19
2023-07-31,63.76,56.452,247.34,134.15
2023-08-01,63.42,56.15,245.93,133.45
2023-08-02,63.34,56.07,245.6,133.54
2023-08-03,62.98,55.758,244.09,132.87
2023-08-04,62.77,55.62,243.54,132.4
2023-08-07,63.29,56.212,245.57,133.93
2023-08-08,63.72,56.64,247.3,134.96
2023-08-09,63.71,56.608,247.12,134.92
2023-08-10,63.68,56.584,246.94,134.83
2023-08-11,64.03,56.878,248.34,135.67
2023-08-14,64.23,57.106,248.99,136.08
2023-08-15,64.0,56.91,248.06,135.58
2023-08-16,63.4,56.498,246.04,134.55
2023-08-17,62.91,56.144,243.88,133.48
2023-08-18,62.96,56.118,244.04,133.53
2023-08-21,63.01,56.208,244.42,133.67
2023-08-22,62.86,56.034,243.73,133.2
2023-08-23,63.04,56.24,244.4,133.6
2023-08-24,62.55,55.78,242.52,132.44
2023-08-25,63.01,56.154,244.27,133.41
2023-08-28,63.14,56.282,244.72,133.72
2023-08-29,63.66,56.822,246.94,134.92
2023-08-30,63.7,56.826,247.06,134.82
2023-08-31,63.07,56.24,244.44,133.21
2023-09-01,63.25,56.392,245.26,133.57
2023-09-05,62.62,55.848,242.83,132.19
2023-09-06,62.32,55.524,241.46,131.47
2023-09-07,62.49,55.736,242.13,132.06
2023-09-08,62.39,55.7,241.9,132.06
2023-09-11,62.83,56.042,243.78,132.97
2023-09-12,62.75,55.97,243.13,132.8
2023-09-13,62.74,55.996,243.3,132.82
2023-09-14,62.85,56.086,243.62,133.24
2023-09-15,62.16,55.602,241.88,132.19
2023-09-18,61.94,55.468,241.05,131.45
2023-09-19,62.02,55.518,241.2,131.56
2023-09-20,61.95,55.484,240.98,131.57
2023-09-21,61.34,54.922,238.53,130.42
2023-09-22,61.14,54.778,238.05,130.15
2023-09-25,61.47,55.022,239.12,130.86
2023-09-26,61.01,54.396,237.48,129.75
2023-09-27,60.81,54.164,236.52,129.1
2023-09-28,61.08,54.436,236.68,129.72
2023-09-29,60.58,54.014,235.1,128.74
2023-10-02,60.38,53.918,234.28,128.56
2023-10-03,59.85,53.38,232.1,127.42
2023-10-04,60.02,53.572,232.72,127.96
2023-10-05,60.45,53.918,234.22,128.66
2023-10-06,60.98,54.448,236.57,130.01
2023-10-09,61.2,54.6,237.19,130.46
2023-10-10,61.5,54.906,238.63,131.08
2023-10-11,61.2,54.68,237.26,130.5
2023-10-12,60.51,54.162,234.62,129.38
2023-10-13,60.85,54.47,236.04,130.19
2023-10-16,61.33,54.91,237.88,131.17
2023-10-17,61.38,54.852,237.87,130.99
2023-10-18,60.75,54.306,235.44,129.85
2023-10-19,60.12,53.738,233.0,128.57
2023-10-20,59.88,53.596,232.1,128.06
2023-10-23,59.46,53.196,230.48,127.26
2023-10-24,59.72,53.408,231.53,127.65
2023-10-25,59.09,52.896,229.08,126.51
2023-10-26,58.5,52.366,227.02,125.26
2023-10-27,57.52,51.446,223.1,123.14
2023-10-30,57.84,51.724,224.27,123.83
2023-10-31,58.24,52.022,225.8,124.54
2023-11-01,58.36,52.12,226.31,124.8
2023-11-02,59.26,52.942,229.8,126.78
2023-11-03,59.74,53.224,231.46,127.41
2023-11-06,59.95,53.536,232.55,128.26
2023-11-07,60.11,53.602,232.97,128.35
2023-11-08,59.9,53.53,232.12,128.17
2023-11-09,58.59,52.32,227.07,125.52
2023-11-10,58.87,52.626,228.28,126.27
2023-11-13,59.26,52.942,229.78,127.0
2023-11-14,59.95,53.452,232.41,127.86
2023-11-15,59.99,53.528,232.67,127.96
2023-11-16,60.17,53.694,233.3,128.51
2023-11-17,60.13,53.63,233.14,128.25
2023-11-20,60.53,53.968,234.61,129.03
2023-11-21,60.75,54.228,235.81,129.81
2023-11-22,61.1,54.534,236.99,130.43
2023-11-24,61.47,54.804,238.2,131.13
2023-11-27,61.09,54.442,236.88,130.31
2023-11-28,60.73,54.18,235.53,129.64
2023-11-29,60.83,54.236,235.75,129.68
2023-11-30,61.56,54.858,238.6,131.31
2023-12-01,61.96,55.13,240.15,131.83
2023-12-04,62.12,55.276,240.92,132.08
2023-12-05,62.01,55.144,240.43,131.91
2023-12-06,62.07,55.184,240.75,132.01
2023-12-07,62.07,55.11,240.53,131.85
2023-12-08,62.11,55.2,240.81,132.07
2023-12-11,62.47,55.522,242.12,132.94
2023-12-12,62.85,55.864,243.6,133.51
2023-12-13,64.13,56.924,248.57,135.97
2023-12-14,63.95,56.696,248.07,135.31
2023-12-15,63.2,56.208,245.75,134.16
2023-12-18,63.22,56.308,246.09,133.78
2023-12-19,63.81,56.712,247.46,134.68
2023-12-20,62.75,55.658,243.34,132.73
2023-12-21,63.64,56.322,246.67,134.35
2023-12-22,64.09,56.666,248.38,135.02
2023-12-26,64.3,56.832,249.24,135.32
2023-12-27,64.64,57.138,250.48,135.89
2023-12-28,64.73,57.256,251.09,136.24
2023-12-29,64.69,57.248,250.7,136.38
2024-01-02,65.67,58.148,254.58,138.78
2024-01-03,65.39,57.976,253.63,138.55
2024-01-04,65.71,58.29,254.84,139.24
2024-01-05,65.67,58.312,254.65,139.12
2024-01-08,66.44,58.826,257.46,140.35
2024-01-09,66.4,58.834,257.55,140.33
2024-01-10,66.64,59.094,258.36,140.97
2024-01-11,66.54,59.028,257.84,140.87
2024-01-12,66.33,58.928,257.2,140.52
2024-01-16,65.99,58.542,255.77,139.68
2024-01-17,65.79,58.376,254.89,139.4
2024-01-18,65.73,58.414,254.99,139.38
2024-01-19,65.79,58.486,255.27,139.46
2024-01-22,66.15,58.732,256.58,140.07
2024-01-23,66.12,58.684,256.37,139.97
2024-01-24,65.56,58.184,254.06,138.69
2024-01-25,65.43,58.106,253.8,138.48
2024-01-26,65.76,58.426,255.0,139.27
2024-01-29,66.37,58.844,257.15,140.25
2024-01-30,66.38,58.926,257.24,140.57
2024-01-31,66.2,58.788,256.64,140.38
2024-02-01,67.06,59.532,260.0,142.2
2024-02-02,66.9,59.486,259.49,141.99
2024-02-05,67.1,59.718,260.06,142.43
2024-02-06,67.9,60.35,263.15,143.98
2024-02-07,67.95,60.432,263.51,144.37
2024-02-08,67.95,60.424,263.45,144.12
2024-02-09,67.93,60.368,263.45,144.01
2024-02-12,68.18,60.434,264.25,144.2
2024-02-13,67.37,59.874,261.35,142.86
2024-02-14,68.05,60.448,263.86,144.1
2024-02-15,68.55,60.852,265.99,145.15
2024-02-16,68.78,61.07,266.66,145.62
2024-02-20,68.45,60.828,265.47,145.13
2024-02-21,68.61,60.918,266.06,145.45
2024-02-22,69.39,61.724,269.14,147.16
2024-02-23,69.66,61.956,270.43,147.86
2024-02-26,69.49,61.716,269.29,147.1
2024-02-27,69.46,61.538,269.62,146.74
2024-02-28,69.04,61.22,267.97,146.01
2024-02-29,68.4,60.66,265.41,144.82
2024-03-01,69.23,61.324,268.5,146.34
2024-03-04,69.1,61.29,267.92,146.12
2024-03-05,68.57,60.792,265.76,145.03
2024-03-06,69.06,61.228,267.59,146.02
2024-03-07,69.38,61.54,269.01,146.7
2024-03-08,69.25,61.41,268.53,146.43
2024-03-11,69.06,61.3,267.97,146.35
2024-03-12,69.33,61.61,269.0,147.03
2024-03-13,69.18,61.42,268.03,146.46
2024-03-14,68.77,61.16,266.7,145.94
2024-03-15,68.31,60.84,265.84,145.36
2024-03-18,68.33,60.89,265.63,144.82
2024-03-19,68.82,61.28,267.57,145.78
2024-03-20,68.76,61.17,267.26,145.45
2024-03-21,68.78,61.03,267.61,145.64
2024-03-22,68.67,60.94,266.16,145.44
2024-03-25,68.51,60.83,265.69,145.24
2024-03-26,68.76,61.08,266.9,145.77
2024-03-27,69.71,61.9,270.54,147.71
2024-03-28,69.77,61.9,270.52,147.73
2024-04-01,69.13,61.37,268.18,146.47
2024-04-02,67.97,60.45,263.75,144.19
2024-04-03,68.0,60.43,263.78,144.03
2024-04-04,67.1,59.56,260.22,141.95
2024-04-05,67.64,60.1,262.38,143.22
2024-04-08,67.52,59.98,261.72,142.76
2024-04-09,67.83,60.22,262.95,143.27
2024-04-10,66.98,59.47,259.74,141.59
2024-04-11,66.73,59.22,258.62,141.01
2024-04-12,65.67,58.4,254.77,138.91
2024-04-15,65.44,58.2,253.59,138.63
2024-04-16,65.35,58.13,253.81,138.68
2024-04-17,65.18,58.06,253.13,138.44
2024-04-18,65.13,58.05,252.83,138.43
2024-04-19,65.37,58.16,253.33,138.95
2024-04-22,65.6,58.43,254.53,139.48
2024-04-23,66.51,59.21,257.82,141.3
2024-04-24,66.32,59.09,257.26,140.86
2024-04-25,65.77,58.68,255.24,139.92
2024-04-26,65.87,58.61,255.32,139.96
2024-04-29,66.12,58.86,256.54,140.43
2024-04-30,66.06,58.83,256.04,140.33
2024-05-01,66.34,59.18,257.28,140.58
2024-05-02,66.28,59.12,257.14,140.48
2024-05-03,66.52,59.26,258.02,140.83
2024-05-06,66.84,59.53,259.16,141.4
2024-05-07,67.32,60.0,261.06,142.57
2024-05-08,66.94,59.77,259.75,142.08
2024-05-09,67.59,60.26,262.05,143.3
2024-05-10,67.62,60.27,262.19,143.59
2024-05-13,67.59,60.19,262.17,143.45
2024-05-14,67.89,60.46,263.28,144.06
2024-05-15,68.89,61.38,267.23,146.2
2024-05-16,68.82,61.29,266.99,146.03
2024-05-17,68.88,61.34,267.11,146.31
2024-05-20,68.78,61.24,266.85,146.0
2024-05-21,68.77,61.39,266.91,146.25
2024-05-22,68.89,61.46,267.39,146.51
2024-05-23,68.14,60.8,264.4,144.91
2024-05-24,67.88,60.6,263.51,144.42
2024-05-28,67.16,59.93,260.66,142.67
2024-05-29,66.68,59.44,258.51,141.56
2024-05-30,66.74,59.43,258.91,141.63
2024-05-31,67.56,60.23,262.45,143.7
2024-06-03,68.1,60.6,264.03,144.71
2024-06-04,68.26,60.76,264.84,145.13
2024-06-05,68.68,61.06,266.34,145.79
2024-06-06,68.83,61.23,266.89,146.27
2024-06-07,68.84,61.31,266.87,146.43
2024-06-10,69.1,61.53,268.06,146.97
2024-06-11,68.87,61.15,267.01,146.36
2024-06-12,68.81,61.09,266.75,146.05
2024-06-13,68.71,60.96,266.38,145.93
2024-06-14,68.59,60.93,265.99,145.88
2024-06-17,68.5,60.86,265.61,145.73
2024-06-18,68.46,60.9,265.63,145.92
2024-06-20,68.68,61.08,266.6,146.4
2024-06-21,68.8,61.35,267.63,146.81
2024-06-24,69.24,61.75,269.37,147.09
2024-06-25,69.04,61.58,268.65,146.63
2024-06-26,68.72,61.38,267.69,146.11
2024-06-27,68.67,61.34,267.43,145.87
2024-06-28,68.6,61.27,266.0,145.75
2024-07-01,68.28,60.96,264.75,144.93
2024-07-02,68.0,60.71,263.76,144.4
2024-07-03,67.43,60.29,261.88,143.3
2024-07-05,68.02,60.78,263.92,144.41
2024-07-08,68.05,60.69,263.64,144.25
2024-07-09,68.26,60.97,264.96,144.95
2024-07-10,68.9,61.59,267.55,146.32
2024-07-11,69.66,62.05,270.15,147.35
2024-07-12,70.09,62.46,272.12,148.27
2024-07-15,69.88,62.26,271.29,147.75
2024-07-16,71.04,63.12,275.73,149.86
2024-07-17,71.13,63.28,276.2,150.54
2024-07-18,69.45,61.8,269.53,147.12
2024-07-19,69.8,62.15,270.9,147.87
2024-07-22,70.33,62.52,272.74,148.72
2024-07-23,70.34,62.49,272.9,148.63
2024-07-24,70.8,63.04,274.75,149.87
2024-07-25,70.56,62.66,273.55,149.12
2024-07-26,70.97,63.03,275.43,149.96
2024-07-29,70.99,63.02,275.47,150.05
2024-07-30,71.04,63.01,275.74,150.18
2024-07-31,70.75,62.83,274.68,149.63
2024-08-01,71.46,63.57,277.21,151.16
2024-08-02,71.16,63.34,275.91,150.86
2024-08-05,69.26,61.7,268.95,146.83
2024-08-06,69.56,61.94,270.13,147.51
2024-08-07,68.82,61.4,267.29,146.01
2024-08-08,70.39,62.9,273.24,149.24
2024-08-09,70.77,63.29,274.47,149.98
2024-08-12,70.46,63.01,273.51,149.41
2024-08-13,71.3,63.78,276.79,151.22
2024-08-14,71.54,64.04,277.41,151.76
2024-08-15,72.04,64.45,279.78,152.71
2024-08-16,72.11,64.53,279.94,152.87
2024-08-19,72.73,64.98,282.15,153.8
2024-08-20,72.93,65.23,282.89,154.42
2024-08-21,73.18,65.36,283.94,154.68
2024-08-22,73.03,65.37,283.58,154.78
2024-08-23,73.54,65.7,285.4,155.45
2024-08-26,73.48,65.61,284.96,155.37
2024-08-27,73.5,65.75,285.5,155.61
2024-08-28,73.55,65.77,285.41,155.79
2024-08-29,73.82,66.0,286.47,156.12
2024-08-30,74.17,66.38,288.1,157.2
2024-09-03,73.95,66.14,286.95,156.9
2024-09-04,73.76,66.02,286.49,156.63
2024-09-05,72.94,65.2,282.84,154.48
2024-09-06,72.5,64.94,281.39,153.95
2024-09-09,73.05,65.44,283.34,155.03
2024-09-10,73.36,65.69,284.5,155.74
2024-09-11,73.14,65.55,283.82,155.28
2024-09-12,73.53,65.81,285.26,155.84
2024-09-13,73.72,65.97,286.14,156.16
2024-09-16,74.23,66.35,287.86,157.24
2024-09-17,73.48,65.74,285.36,155.62
2024-09-18,73.46,65.58,284.83,155.36
2024-09-19,73.75,65.91,286.45,155.92
2024-09-20,73.25,65.63,285.07,155.28
2024-09-23,72.94,65.5,284.1,154.4
2024-09-24,72.82,65.38,283.4,154.09
2024-09-25,72.06,64.5,280.59,152.59
2024-09-26,72.31,64.66,281.65,153.1
2024-09-27,72.34,64.61,280.29,153.02
2024-09-30,72.8,65.0,282.2,154.02
2024-10-01,72.34,64.62,280.36,153.21
2024-10-02,72.26,64.5,280.09,152.9
2024-10-03,71.55,63.85,277.34,151.52
2024-10-04,71.7,63.96,277.81,151.64
2024-10-07,71.22,63.61,276.36,150.97
2024-10-08,71.6,63.93,277.83,151.79
2024-10-09,72.28,64.55,280.21,153.34
2024-10-10,71.97,64.32,279.27,152.77
2024-10-11,72.61,64.88,281.76,153.89
2024-10-14,73.04,65.24,283.3,154.74
2024-10-15,72.37,64.45,280.48,152.85
2024-10-16,72.62,64.65,281.56,153.28
2024-10-17,72.2,64.31,279.9,152.39
2024-10-18,72.56,64.7,281.33,153.13
2024-10-21,71.71,63.93,277.92,151.33
2024-10-22,71.56,63.85,277.45,151.11
2024-10-23,71.17,63.54,275.72,150.4
2024-10-24,70.72,63.14,274.05,149.41
2024-10-25,70.34,62.72,272.64,148.59
2024-10-28,70.48,62.83,273.37,148.81
2024-10-29,70.39,62.73,272.8,148.4
2024-10-30,70.26,62.69,272.37,148.12
2024-10-31,69.62,62.05,269.68,146.87
2024-11-01,70.12,62.41,271.72,147.74
2024-11-04,69.69,62.07,270.31,146.77
2024-11-05,70.27,62.51,272.6,147.85
2024-11-06,70.53,62.45,273.56,148.04
2024-11-07,71.0,62.86,275.36,149.11
2024-11-08,71.53,63.41,277.47,150.18
2024-11-11,71.24,63.07,276.16,149.3
2024-11-12,70.21,62.18,272.15,147.22
2024-11-13,69.94,61.99,271.29,146.83
2024-11-14,68.77,60.99,266.57,144.52
2024-11-15,67.27,59.76,260.77,141.84
2024-11-18,67.29,59.7,260.78,141.94
2024-11-19,67.05,59.49,260.25,141.21
2024-11-20,67.9,60.17,263.01,142.88
2024-11-21,68.46,60.65,265.37,144.03
2024-11-22,68.54,60.74,265.83,144.16
2024-11-25,69.27,61.3,268.46,145.39
2024-11-26,69.56,61.68,269.92,146.17
2024-11-27,70.03,61.95,271.38,146.95
2024-11-29,70.2,62.12,272.24,147.41
2024-12-02,70.02,62.02,271.65,147.15
2024-12-03,69.82,61.86,270.65,146.82
2024-12-04,69.91,61.97,270.98,146.74
2024-12-05,69.07,61.23,267.86,145.1
2024-12-06,68.87,61.01,266.95,144.28
2024-12-09,68.95,61.21,267.43,144.7
2024-12-10,68.66,60.97,266.36,144.1
2024-12-11,67.84,60.19,263.3,142.14
2024-12-12,67.26,59.71,260.71,141.01
2024-12-13,67.13,59.69,260.43,140.99
2024-12-16,66.5,59.1,258.19,139.31
2024-12-17,66.41,58.93,257.92,139.21
2024-12-18,65.25,57.9,252.56,137.32
2024-12-19,64.85,57.55,250.81,136.28
2024-12-20,65.41,58.3,253.89,138.0
2024-12-23,66.06,58.81,256.19,138.75
2024-12-24,66.21,59.05,257.03,139.32
2024-12-26,66.4,59.15,257.87,139.6
2024-12-27,66.09,58.88,256.38,138.95
2024-12-30,65.28,58.17,253.18,137.24
2024-12-31,65.35,58.27,253.69,137.57
2025-01-02,65.44,58.34,254.06,137.61
2025-01-03,66.18,58.89,256.58,138.96
2025-01-06,66.14,58.88,256.69,139.02
2025-01-07,66.51,59.2,258.14,139.71
2025-01-08,66.89,59.51,259.37,140.43
2025-01-10,66.33,59.15,257.48,139.64
2025-01-13,67.17,59.9,260.65,141.46
2025-01-14,66.52,59.27,257.85,140.0
2025-01-15,66.74,59.49,259.08,140.57
2025-01-16,67.09,59.73,260.17,141.13
2025-01-17,66.66,59.31,258.53,140.18
2025-01-21,67.82,60.31,263.21,142.5
2025-01-22,67.79,60.22,262.79,142.18
2025-01-23,68.53,60.95,265.99,144.08
2025-01-24,68.71,61.04,266.44,144.31
2025-01-27,70.08,62.34,271.8,147.55
2025-01-28,69.65,61.91,270.43,146.52
2025-01-29,69.29,61.55,268.95,145.66
2025-01-30,70.03,62.3,271.78,147.34
2025-01-31,69.83,62.05,270.77,146.87
2025-02-03,69.93,62.32,271.38,147.44
2025-02-04,69.8,62.09,270.85,147.04
2025-02-05,70.64,62.76,273.83,148.45
2025-02-06,69.88,62.2,271.35,147.12
2025-02-07,69.5,61.82,269.41,146.43
2025-02-10,69.34,61.73,268.96,146.3
2025-02-11,69.11,61.51,268.16,146.03
2025-02-12,69.07,61.38,267.94,145.82
2025-02-13,69.36,61.6,269.25,146.39
2025-02-14,68.7,60.93,266.69,144.8
2025-02-18,68.59,60.79,266.44,144.52
2025-02-19,69.5,61.54,269.62,146.4
2025-02-20,69.73,61.9,270.87,147.22
2025-02-21,69.3,61.56,268.78,146.43
2025-02-24,69.74,62.02,270.28,147.62
2025-02-25,70.06,62.49,272.04,148.89
2025-02-26,69.7,62.07,270.45,147.82
2025-02-27,69.25,61.74,268.69,147.22
2025-02-28,70.04,62.43,271.85,148.93
2025-03-03,70.15,62.58,271.8,149.58
2025-03-04,69.48,62.02,269.56,148.19
2025-03-05,70.2,62.64,272.37,149.68
2025-03-06,69.94,62.48,271.42,149.27
2025-03-07,70.0,62.5,271.55,149.28
2025-03-10,69.16,61.73,268.27,147.67
2025-03-11,68.53,61.02,265.74,146.06
2025-03-12,67.93,60.44,263.44,144.6
2025-03-13,67.42,60.07,261.62,143.83
2025-03-14,67.98,60.59,264.06,144.93
2025-03-17,68.92,61.35,267.37,146.77
2025-03-18,68.84,61.16,267.13,146.84
2025-03-19,68.98,61.21,267.6,146.92
2025-03-20,68.87,61.23,267.62,147.01
2025-03-21,68.64,61.14,266.94,146.6
2025-03-24,69.17,61.64,269.37,147.15
2025-03-25,68.29,60.83,265.03,145.27
2025-03-26,67.9,60.49,263.67,144.74
2025-03-27,68.07,60.62,264.15,144.97
2025-03-28,67.74,60.37,262.9,144.52
2025-03-31,68.32,60.89,264.73,146.01
2025-04-01,67.06,59.8,259.93,143.34
2025-04-02,67.59,60.17,261.92,144.3
2025-04-03,66.87,59.57,259.09,143.13
2025-04-04,63.24,56.29,244.93,135.28
2025-04-07,62.79,55.98,243.59,134.47
2025-04-08,61.94,55.3,240.57,132.98
2025-04-09,64.91,57.82,251.76,138.76
2025-04-10,63.0,56.09,244.31,134.89
2025-04-11,63.88,56.91,248.11,136.87
2025-04-14,64.72,57.65,251.42,138.54
2025-04-15,64.34,57.22,249.89,137.69
2025-04-16,63.71,56.69,247.16,136.29
2025-04-17,63.45,56.33,246.13,135.49
2025-04-21,62.13,55.15,240.75,132.57
2025-04-22,63.21,56.19,245.35,135.06
2025-04-23,63.61,56.55,246.87,135.73
2025-04-24,64.5,57.31,250.44,137.39
2025-04-25,64.81,57.58,251.47,138.05
2025-04-28,65.05,57.81,252.47,138.6
2025-04-29,65.47,58.13,254.01,139.28
2025-04-30,65.93,58.56,255.89,140.47
2025-05-01,64.34,56.91,249.69,136.64
2025-05-02,65.29,57.82,253.23,138.53
2025-05-05,65.09,57.64,252.46,138.14
2025-05-06,63.19,56.02,245.25,134.33
2025-05-07,63.75,56.42,247.13,135.36
2025-05-08,63.26,56.0,245.42,134.14
2025-05-09,62.54,55.35,242.7,132.68
2025-05-12,64.15,56.88,248.86,135.96
2025-05-13,62.37,55.21,241.92,131.87
2025-05-14,61.03,53.97,236.71,128.77
2025-05-15,61.84,54.65,239.77,130.46
2025-05-16,63.04,55.72,244.47,133.09
2025-05-19,63.56,56.23,246.51,134.37
2025-05-20,63.77,56.36,247.39,134.7
2025-05-21,62.21,54.98,241.33,131.58
2025-05-22,61.77,54.61,239.58,130.55
2025-05-23,61.63,54.49,239.13,130.34
2025-05-27,62.49,55.3,242.52,132.16
2025-05-28,62.1,54.96,241.13,131.48
2025-05-29,62.69,55.43,243.32,132.36
2025-05-30,62.8,55.52,243.75,132.64
2025-06-02,62.92,55.56,244.28,132.72
2025-06-03,63.11,55.72,245.02,133.03
2025-06-04,63.26,55.86,245.49,133.29
2025-06-05,63.21,55.82,245.35,133.11
2025-06-06,63.83,56.31,247.67,134.38
2025-06-09,63.73,56.23,247.35,134.15
2025-06-10,64.45,56.85,250.22,135.68
2025-06-11,64.43,56.83,250.0,135.75
2025-06-12,64.81,57.25,251.57,136.81
2025-06-13,64.48,56.9,250.27,136.13
2025-06-16,64.34,56.6,249.63,135.71
2025-06-17,63.36,55.66,245.67,133.47
2025-06-18,63.29,55.56,245.45,133.24
2025-06-20,62.75,55.36,244.29,132.6
2025-06-23,62.76,55.4,244.53,132.16
2025-06-24,63.58,56.09,247.79,133.78
2025-06-25,63.56,56.14,247.71,133.9
2025-06-26,63.69,56.24,247.3,134.22
2025-06-27,63.7,56.17,246.96,133.93
2025-06-30,63.95,56.48,248.34,134.79
2025-07-01,64.72,57.27,251.27,136.71
2025-07-02,64.3,56.82,249.59,135.36
2025-07-03,64.33,56.85,249.97,135.5
2025-07-07,63.69,56.28,247.49,134.36
2025-07-08,64.06,56.56,248.62,134.97
2025-07-09,64.41,56.83,250.28,135.49
2025-07-10,64.77,57.26,251.66,136.32
2025-07-11,64.14,56.69,249.12,135.19
2025-07-14,64.24,56.71,249.32,135.03
2025-07-15,62.98,55.64,244.58,132.6
2025-07-16,63.76,56.36,247.58,134.25
2025-07-17,63.13,55.72,245.21,132.72
2025-07-18,62.65,55.35,243.33,131.84
2025-07-21,62.32,55.01,241.95,131.09
2025-07-22,63.48,56.11,246.37,133.53
2025-07-23,64.74,57.26,251.4,136.27
2025-07-24,64.44,57.04,250.14,135.76
2025-07-25,64.81,57.36,251.51,136.48
2025-07-28,64.26,56.91,249.41,135.29
2025-07-29,63.76,56.48,247.72,134.43
2025-07-30,63.77,56.34,247.54,134.19
2025-07-31,62.19,54.85,241.48,130.43
2025-08-01,62.46,55.17,242.41,131.13
2025-08-04,63.37,55.96,245.95,133.01
2025-08-05,63.12,55.73,245.19,132.5
2025-08-06,62.19,54.88,241.6,130.51
2025-08-07,61.56,54.36,239.12,129.01
2025-08-08,62.15,54.82,241.16,130.16
2025-08-11,62.18,54.86,241.35,130.29
2025-08-12,62.74,55.31,243.45,131.19
2025-08-13,63.77,56.22,247.64,133.29
2025-08-14,64.06,56.48,248.61,133.96
2025-08-15,65.06,57.43,252.54,136.21
2025-08-18,64.94,57.28,252.03,135.89
2025-08-19,65.22,57.58,253.21,136.76
2025-08-20,65.56,57.87,254.63,137.5
2025-08-21,65.4,57.69,254.08,137.04
2025-08-22,66.04,58.23,256.46,138.17
2025-08-25,65.08,57.38,252.63,136.2
2025-08-26,65.47,57.74,254.31,137.05
2025-08-27,65.55,57.76,254.42,136.97
2025-08-28,65.28,57.51,253.56,136.43
2025-08-29,65.67,57.87,255.08,137.43
2025-09-02,65.87,57.99,255.65,137.56
2025-09-03,65.63,57.72,254.73,136.91
2025-09-04,65.86,57.97,255.72,137.43
2025-09-05,66.21,58.21,257.0,137.9
2025-09-08,66.11,58.2,256.73,137.85
2025-09-09,66.5,58.55,258.21,138.59
2025-09-10,65.84,57.94,255.59,137.33
2025-09-11,66.95,58.96,259.95,139.72
2025-09-12,66.2,58.25,256.92,138.11
2025-09-15,65.6,57.79,254.71,136.93
2025-09-16,65.62,57.61,254.81,136.93
2025-09-17,65.77,57.75,255.26,137.2
2025-09-18,66.12,57.91,256.58,137.47
2025-09-19,65.67,57.76,255.85,137.29
2025-09-22,65.72,57.77,256.13,136.63
2025-09-23,65.78,57.79,256.45,136.94
2025-09-24,65.52,57.5,254.39,136.39
2025-09-25,64.46,56.59,250.29,134.13
2025-09-26,65.21,57.13,253.2,135.5
2025-09-29,65.43,57.3,253.95,135.9
2025-09-30,66.87,58.72,259.6,139.17
2025-10-01,68.69,60.49,266.69,143.47
2025-10-02,68.64,60.43,266.54,143.19
2025-10-03,69.4,61.16,269.57,144.82
2025-10-06,69.11,60.87,268.47,144.12
2025-10-07,69.16,60.91,268.56,144.23
2025-10-08,69.34,61.01,269.31,144.51
2025-10-09,69.25,60.89,269.0,144.19
2025-10-10,68.22,59.87,264.73,142.11
2025-10-13,68.19,59.84,264.7,141.95
2025-10-14,68.39,59.96,265.41,142.34
2025-10-15,68.63,60.08,266.48,142.56
2025-10-16,68.59,60.02,266.17,142.32
2025-10-17,68.9,60.38,267.5,143.27
2025-10-20,69.71,61.04,270.68,144.79
2025-10-21,69.78,61.16,271.0,145.13
2025-10-22,70.06,61.45,271.96,145.96
2025-10-23,70.15,61.54,272.45,146.04
2025-10-24,70.25,61.55,272.65,146.03
2025-10-27,70.5,61.69,273.77,146.37
2025-10-28,70.01,61.28,271.96,145.45
2025-10-29,69.37,60.7,269.57,143.98
2025-10-30,69.57,60.8,269.91,144.3
2025-10-31,69.63,60.86,270.38,144.25
2025-11-03,69.62,60.87,270.13,144.45
2025-11-04,69.81,61.01,270.8,145.1
2025-11-05,70.08,61.33,272.16,145.66
2025-11-06,70.14,61.37,272.22,145.94
2025-11-07,70.27,61.47,272.67,146.14
2025-11-10,70.82,61.97,274.79,147.28
2025-11-11,72.42,63.4,281.28,150.68
2025-11-12,73.27,64.29,284.5,152.82
2025-11-13,73.08,64.23,283.75,152.74
2025-11-14,72.77,63.87,282.54,151.83
2025-11-17,72.75,63.78,282.25,151.7
2025-11-18,73.15,64.21,283.9,152.59
2025-11-19,73.04,64.17,283.56,152.33
2025-11-20,72.59,63.72,281.77,151.42
2025-11-21,74.12,65.08,287.78,154.61
2025-11-24,74.69,65.4,289.89,155.26
2025-11-25,76.29,66.86,296.03,158.77
2025-11-26,76.2,66.73,295.79,158.42
2025-11-28,75.85,66.38,294.53,157.65
2025-12-01,74.75,65.53,290.22,155.29
2025-12-02,74.29,65.16,288.3,154.36
2025-12-03,74.72,65.59,289.94,155.08
2025-12-04,74.28,65.1,288.33,153.9
2025-12-05,74.01,64.84,287.2,153.26
2025-12-08,73.18,64.0,284.05,151.43
2025-12-09,72.42,63.29,281.11,149.96
2025-12-10,73.34,64.13,284.75,152.14
2025-12-11,73.98,64.71,287.29,153.58
2025-12-12,74.15,64.88,287.9,154.06
2025-12-15,74.98,65.68,291.12,156.1
2025-12-16,74.09,64.62,287.72,154.07
2025-12-17,73.89,64.53,285.2,153.79
2025-12-18,73.88,64.5,285.08,153.91
2025-12-19,74.22,64.98,287.45,154.94
2025-12-22,74.83,65.45,289.79,155.3
2025-12-23,74.64,65.31,289.02,154.99
2025-12-24,75.0,65.65,290.45,155.8
2025-12-26,75.05,65.71,290.7,156.05
2025-12-29,74.86,65.58,289.99,155.81
2025-12-30,74.72,65.5,289.46,155.68
2025-12-31,74.28,65.1,287.85,154.8
2026-01-02,74.56,65.36,288.75,155.51
2026-01-05,74.42,65.22,288.32,155.04
2026-01-06,75.92,66.58,293.91,158.09
2026-01-07,76.72,67.33,297.26,159.66
2026-01-08,75.99,66.63,294.29,158.12
2026-01-09,75.6,66.32,292.97,157.31
2026-01-12,75.5,66.19,292.57,157.38
2026-01-13,75.21,65.93,291.37,156.74
2026-01-14,75.69,66.36,293.52,157.86
2026-01-15,75.31,65.95,291.96,156.96
2026-01-16,74.76,65.47,289.71,155.74
2026-01-20,74.63,65.36,289.36,155.4
2026-01-21,75.95,66.53,294.37,158.26
2026-01-22,76.08,66.59,294.94,158.29
2026-01-23,75.54,66.17,292.73,157.48
2026-01-26,75.83,66.38,293.87,158.1
2026-01-27,74.7,65.42,289.51,155.45
2026-01-28,74.04,64.87,286.84,154.31
2026-01-29,73.84,64.68,286.08,153.82
2026-01-30,74.13,64.97,287.28,154.74
2026-02-02,74.58,65.27,289.01,155.69
2026-02-03,73.89,64.62,286.34,154.1
2026-02-04,74.51,65.51,288.85,156.03
2026-02-05,73.81,64.68,285.92,154.84
2026-02-06,75.19,65.86,291.2,157.71
2026-02-09,74.61,65.25,288.95,156.32
2026-02-10,74.23,64.91,287.56,155.33
2026-02-11,74.58,65.23,288.78,156.25
2026-02-12,74.25,65.09,287.81,156.0
2026-02-13,74.96,65.75,290.39,157.67
2026-02-17,75.01,65.71,290.6,157.37
2026-02-18,75.2,65.84,291.42,157.67
2026-02-19,75.06,65.73,290.87,157.26
2026-02-20,74.82,65.58,289.9,156.82
2026-02-23,75.55,66.2,292.72,158.54
2026-02-24,75.36,66.02,291.93,157.87
2026-02-25,75.34,65.94,291.88,157.83
2026-02-26,75.19,65.77,291.42,157.42
2026-02-27,76.28,66.84,295.51,160.2
2026-03-02,75.56,66.08,292.69,158.53
2026-03-03,74.74,65.36,289.44,156.74
2026-03-04,74.92,65.51,290.24,157.05
2026-03-05,73.43,64.29,284.57,153.91
2026-03-06,72.89,63.81,282.15,152.7
2026-03-09,73.71,64.45,285.32,154.26
2026-03-10,73.17,64.05,283.48,153.15
2026-03-11,73.01,63.88,282.75,152.85
2026-03-12,71.59,62.65,277.21,150.16
2026-03-13,71.4,62.51,276.67,149.79
2026-03-16,72.04,63.03,278.96,151.01
2026-03-17,71.56,62.34,277.13,149.64
2026-03-18,70.36,61.39,272.57,147.14
2026-03-19,70.17,61.18,271.9,146.61
2026-03-20,69.25,60.62,269.03,145.33
2026-03-23,69.4,60.7,269.45,144.77
2026-03-24,69.34,60.62,268.25,144.79
2026-03-25,70.14,61.34,271.52,146.24
2026-03-26,69.89,61.14,270.42,145.74
2026-03-27,68.53,60.06,265.36,143.26
2026-03-30,68.79,60.35,266.36,143.82
2026-03-31,70.36,61.64,272.33,146.61
2026-04-01,70.91,62.12,274.5,147.73
2026-04-02,70.54,61.65,273.07,146.81
2026-04-06,70.32,61.5,272.11,146.28
2026-04-07,70.46,61.53,272.82,146.57
2026-04-08,71.85,62.81,278.2,149.67
2026-04-09,71.7,62.61,277.65,149.33
2026-04-10,70.7,61.79,273.78,147.31
2026-04-13,71.22,62.22,275.89,147.97
2026-04-14,71.8,62.64,277.9,148.83
2026-04-15,71.41,62.29,276.41,147.77
2026-04-16,70.81,61.73,274.29,146.61
2026-04-17,71.94,62.65,278.45,148.8
2026-04-20,71.36,62.08,276.28,147.42
2026-04-21,70.61,61.44,273.33,145.92
2026-04-22,70.81,61.7,274.07,146.38
2026-04-23,70.56,61.44,273.01,146.24
2026-04-24,69.73,60.66,269.89,144.18
2026-04-27,69.44,60.33,268.78,143.46
2026-04-28,69.44,60.39,268.82,143.84
2026-04-29,68.94,59.98,266.8,142.84
2026-04-30,70.4,61.28,272.46,145.99
2026-05-01,70.11,61.07,271.31,145.16
2026-05-04,70.1,60.97,271.34,144.73
2026-05-05,70.33,61.19,272.17,145.3
2026-05-06,70.57,61.46,273.1,145.4
2026-05-07,70.02,60.95,271.09,144.72
2026-05-08,69.48,60.42,268.98,143.49
2026-05-11,69.25,60.23,267.95,143.04
2026-05-12,70.52,61.39,272.93,145.85
2026-05-13,70.94,61.73,274.41,146.71
2026-05-14,70.88,61.67,274.1,146.63
2026-05-15,69.96,60.91,270.62,145.1
2026-05-18,70.17,61.15,271.42,145.72
2026-05-19,70.83,61.84,274.04,147.32
2026-05-20,71.01,61.89,274.77,147.13
2026-05-21,71.47,62.29,276.54,148.15
2026-05-22,72.17,62.98,279.27,149.89
2026-05-26,71.68,62.5,277.31,148.51
2026-05-27,71.85,62.6,277.88,148.79
2026-05-28,72.82,63.52,281.77,150.88
2026-05-29,72.25,63.03,279.61,149.47
2026-06-01,71.46,62.3,276.33,147.84
2026-06-02,70.57,61.59,272.98,146.4
2026-06-03,71.15,62.18,275.27,147.55
2026-06-04,73.26,63.98,283.38,152.08
2026-06-05,73.44,64.24,284.13,153.01
2026-06-08,73.27,64.06,283.32,152.65
2026-06-09,74.33,64.93,287.39,154.57
2026-06-10,73.47,64.09,284.14,152.85
2026-06-11,74.16,64.61,286.8,154.09
2026-06-12,74.06,64.48,286.46,153.81
2026-06-15,73.82,64.02,285.62,152.89
2026-06-16,73.77,63.97,285.22,152.94
2026-06-17,72.87,63.13,281.99,150.71
2026-06-18,72.22,62.68,280.41,149.4
2026-06-22,72.87,63.18,283.02,150.06
2026-06-23,73.85,64.03,286.69,152.18
2026-06-24,74.58,64.64,288.73,153.35
2026-06-25,75.69,65.66,293.03,155.63
2026-06-26,77.87,67.64,301.43,160.34
2026-06-29,78.12,67.93,302.43,160.74
2026-06-30,77.25,67.01,299.01,158.66
2026-07-01,77.7,67.44,300.84,159.54
2026-07-02,79.67,69.21,308.41,163.74
2026-07-06,79.03,68.57,305.8,161.96
2026-07-07,80.15,69.57,310.29,164.44
2026-07-08,79.17,68.56,306.41,162.3
2026-07-09,79.21,68.62,306.54,162.17
2026-07-10,78.41,67.89,303.46,160.84
2026-07-13,78.45,68.0,303.59,161.41
2026-07-14,77.16,66.74,298.59,158.29
2026-07-15,77.22,66.81,299.01,158.29
2026-07-16,78.61,68.12,304.15,161.8
2026-07-17,78.39,67.8,303.25,161.09
2026-07-20,77.43,66.99,299.49,159.25
2026-07-21,78.03,67.42,301.92,160.25
2026-07-22,77.5,67.12,299.8,159.43
2026-07-23,78.4,67.98,303.31,161.44
2026-07-24,78.84,68.41,305.07,162.57
2026-07-27,79.26,68.72,306.67,163.4
2026-07-28,81.0,70.29,313.23,167.26
2026-07-29,80.5,69.87,311.32,166.24
2026-07-30,79.44,68.82,307.15,163.52
2026-07-31,78.75,68.34,304.81,162.55
2026-08-03,78.72,68.24,304.52,162.24
2026-08-04,78.86,68.24,304.99,162.1
2026-08-05,79.72,69.1,308.54,164.16
2026-08-06,79.84,69.24,309.02,164.45
2026-08-07,80.67,70.0,312.12,165.68
2026-08-10,81.9,71.14,316.72,168.44
2026-08-11,81.61,70.89,315.71,168.01
2026-08-12,81.89,71.17,316.68,168.44
2026-08-13,81.73,71.11,316.22,168.38
2026-08-14,81.34,70.65,314.7,167.37
2026-08-17,81.29,70.6,314.34,167.05
2026-08-18,82.37,71.67,318.84,169.73
2026-08-19,85.19,74.33,329.48,175.68
2026-08-20,83.64,72.98,323.69,172.39
2026-08-21,84.66,73.89,327.7,174.62
2026-08-24,84.61,73.84,327.49,174.7
2026-08-25,85.01,74.13,329.01,175.29
