date,IYJ,IYK
2021-09-07,113.06,62.0167
2021-09-08,113.0,62.1167
2021-09-09,112.47,62.06
2021-09-10,111.94,61.79
2021-09-13,111.86,61.9833
2021-09-14,110.78,61.7067
2021-09-15,111.75,62.0067
2021-09-16,111.2,61.9333
2021-09-17,109.93,61.74
2021-09-20,108.57,61.2067
2021-09-21,107.97,61.0233
2021-09-22,109.19,61.17
2021-09-23,111.16,61.4767
2021-09-24,110.99,61.1433
2021-09-27,110.9,61.0233
2021-09-28,108.95,60.43
2021-09-29,108.94,61.0967
2021-09-30,107.16,59.8633
2021-10-01,108.98,60.0933
2021-10-04,107.53,59.9533
2021-10-05,108.66,60.19
2021-10-06,109.19,60.6767
2021-10-07,110.18,60.9467
2021-10-08,109.8,60.8633
2021-10-11,108.54,60.8767
2021-10-12,108.39,60.8967
2021-10-13,108.48,61.07
2021-10-14,110.67,61.77
2021-10-15,112.05,61.5833
2021-10-18,112.38,61.0667
2021-10-19,113.18,60.9833
2021-10-20,113.2,61.52
2021-10-21,113.02,61.2467
2021-10-22,113.38,61.6
2021-10-25,113.86,61.3433
2021-10-26,113.18,61.6867
2021-10-27,110.65,61.2733
2021-10-28,111.41,61.6333
2021-10-29,111.24,61.58
2021-11-01,111.65,61.66
2021-11-02,111.61,61.9933
2021-11-03,111.64,62.8733
2021-11-04,112.04,62.7533
2021-11-05,113.23,63.1467
2021-11-08,113.87,62.6033
2021-11-09,113.23,62.72
2021-11-10,112.97,63.0233
2021-11-11,112.5,62.9867
2021-11-12,113.65,62.9933
2021-11-15,113.79,63.2833
2021-11-16,114.29,62.9233
2021-11-17,112.97,62.7633
2021-11-18,112.25,62.55
2021-11-19,111.47,62.1367
2021-11-22,110.7,62.5667
2021-11-23,110.95,63.0467
2021-11-24,111.33,62.64
2021-11-26,108.47,61.8033
2021-11-29,108.71,61.9733
2021-11-30,106.09,60.2767
2021-12-01,104.49,60.1933
2021-12-02,107.64,61.02
2021-12-03,107.1,61.7967
2021-12-06,108.98,62.8967
2021-12-07,110.71,62.9433
2021-12-08,111.32,62.9367
2021-12-09,110.89,63.1133
2021-12-10,111.36,63.91
2021-12-13,110.09,64.2633
2021-12-14,109.05,64.26
2021-12-15,110.2,64.88
2021-12-16,110.54,65.6033
2021-12-17,108.99,64.7567
2021-12-20,106.81,64.68
2021-12-21,109.47,64.6867
2021-12-22,110.33,65.03
2021-12-23,111.22,65.2
2021-12-27,112.33,65.7933
2021-12-28,112.63,66.1667
2021-12-29,112.87,66.4833
2021-12-30,112.62,66.37
2021-12-31,112.74,66.7267
2022-01-03,112.7,66.7533
2022-01-04,114.07,67.3133
2022-01-05,112.77,67.44
2022-01-06,112.81,67.2333
2022-01-07,112.24,67.6933
2022-01-10,110.98,67.51
2022-01-11,112.05,67.4767
2022-01-12,112.16,67.47
2022-01-13,111.8,67.7433
2022-01-14,111.08,68.2267
2022-01-18,109.56,67.2867
2022-01-19,108.39,67.58
2022-01-20,107.34,67.3567
2022-01-21,105.5,67.32
2022-01-24,105.75,67.0667
2022-01-25,104.62,66.5167
2022-01-26,103.84,65.9633
2022-01-27,103.23,66.5067
2022-01-28,105.75,67.2467
2022-01-31,107.36,67.27
2022-02-01,108.93,67.1233
2022-02-02,108.44,67.8333
2022-02-03,106.26,67.8767
2022-02-04,105.58,67.0833
2022-02-07,105.2,67.3033
2022-02-08,106.01,67.6733
2022-02-09,107.89,67.4567
2022-02-10,105.85,66.8867
2022-02-11,104.27,66.89
2022-02-14,104.07,66.72
2022-02-15,105.51,66.7367
2022-02-16,105.84,67.0267
2022-02-17,103.58,67.3167
2022-02-18,102.7,67.3667
2022-02-22,101.71,66.9367
2022-02-23,99.66,66.54
2022-02-24,101.0,65.1533
2022-02-25,103.55,67.3467
2022-02-28,103.66,66.5033
2022-03-01,101.19,66.0033
2022-03-02,103.0,66.72
2022-03-03,102.47,67.18
2022-03-04,101.37,67.3167
2022-03-07,97.89,65.97
2022-03-08,97.52,64.0867
2022-03-09,100.23,64.5467
2022-03-10,99.77,63.85
2022-03-11,99.07,63.15
2022-03-14,99.23,63.64
2022-03-15,101.09,64.9733
2022-03-16,103.18,65.0067
2022-03-17,104.49,65.4667
2022-03-18,105.67,65.47
2022-03-21,105.31,65.7933
2022-03-22,106.12,66.1467
2022-03-23,104.58,65.74
2022-03-24,105.22,66.0033
2022-03-25,105.65,66.6833
2022-03-28,105.91,66.68
2022-03-29,107.85,67.08
2022-03-30,107.06,66.9933
2022-03-31,105.43,66.7933
2022-04-01,105.45,67.64
2022-04-04,105.81,67.3267
2022-04-05,104.3,67.34
2022-04-06,102.97,68.1933
2022-04-07,102.9,68.82
2022-04-08,102.55,69.37
2022-04-11,101.75,69.3133
2022-04-12,101.35,69.39
2022-04-13,102.34,69.64
2022-04-14,101.95,69.6133
2022-04-18,101.62,69.1633
2022-04-19,103.64,69.9967
2022-04-20,104.0,71.0867
2022-04-21,102.75,71.1367
2022-04-22,99.81,70.01
2022-04-25,100.32,70.3067
2022-04-26,97.56,69.4267
2022-04-27,98.54,69.7033
2022-04-28,100.65,70.5633
2022-04-29,97.52,68.7867
2022-05-02,97.77,67.9033
2022-05-03,98.26,67.9233
2022-05-04,101.39,69.3933
2022-05-05,97.84,68.2867
2022-05-06,96.57,68.6733
2022-05-09,93.71,68.5067
2022-05-10,93.2,68.06
2022-05-11,92.16,68.12
2022-05-12,92.25,68.0033
2022-05-13,94.03,68.92
2022-05-16,93.56,69.3833
2022-05-17,95.88,69.4333
2022-05-18,92.57,65.6067
2022-05-19,92.1,64.4467
2022-05-20,91.62,64.7767
2022-05-23,93.52,66.0167
2022-05-24,92.72,67.0767
2022-05-25,93.49,67.23
2022-05-26,95.53,67.5667
2022-05-27,97.81,68.1267
2022-05-31,97.02,67.5667
2022-06-01,96.26,66.8167
2022-06-02,98.44,67.3533
2022-06-03,97.75,66.6367
2022-06-06,98.26,66.7733
2022-06-07,99.36,67.2033
2022-06-08,97.82,66.3567
2022-06-09,95.32,64.9633
2022-06-10,92.2,64.72
2022-06-13,88.92,63.2733
2022-06-14,88.7,62.47
2022-06-15,89.76,62.4967
2022-06-16,86.15,61.9733
2022-06-17,86.43,61.7533
2022-06-21,87.85,63.3133
2022-06-22,87.53,63.3067
2022-06-23,87.52,64.2067
2022-06-24,90.86,65.5267
2022-06-27,90.53,65.5067
2022-06-28,88.94,64.7567
2022-06-29,88.51,65.1633
2022-06-30,88.13,64.9833
2022-07-01,89.15,65.9167
2022-07-05,88.57,65.17
2022-07-06,88.92,65.26
2022-07-07,90.02,65.3933
2022-07-08,89.67,65.2833
2022-07-11,89.06,65.21
2022-07-12,88.83,65.1333
2022-07-13,88.11,65.0433
2022-07-14,87.54,64.75
2022-07-15,89.2,64.9167
2022-07-18,88.65,64.32
2022-07-19,91.83,65.0867
2022-07-20,92.63,64.4233
2022-07-21,93.72,64.4933
2022-07-22,93.33,65.06
2022-07-25,93.64,65.54
2022-07-26,92.88,65.92
2022-07-27,94.47,66.1233
2022-07-28,96.23,66.9233
2022-07-29,97.84,66.2833
2022-08-01,97.86,67.0367
2022-08-02,96.78,66.5
2022-08-03,98.03,67.1067
2022-08-04,98.25,66.7967
2022-08-05,98.35,66.8367
2022-08-08,98.29,66.82
2022-08-09,97.55,66.87
2022-08-10,99.85,67.37
2022-08-11,100.18,67.3033
2022-08-12,101.66,67.89
2022-08-15,102.13,68.5667
2022-08-16,102.55,69.09
2022-08-17,101.46,68.7733
2022-08-18,101.86,68.8633
2022-08-19,100.49,68.8733
2022-08-22,98.35,68.1833
2022-08-23,98.17,67.86
2022-08-24,98.45,68.0167
2022-08-25,100.04,68.2433
2022-08-26,96.44,66.78
2022-08-29,95.86,66.7067
2022-08-30,94.79,65.98
2022-08-31,93.96,65.65
2022-09-01,93.96,66.0533
2022-09-02,92.97,65.2467
2022-09-06,93.02,64.73
2022-09-07,94.71,65.8533
2022-09-08,95.16,65.8067
2022-09-09,96.65,66.37
2022-09-12,97.47,66.53
2022-09-13,93.62,64.4733
2022-09-14,93.27,64.4867
2022-09-15,92.22,64.0367
2022-09-16,90.45,64.1767
2022-09-19,91.41,64.6333
2022-09-20,90.25,64.3367
2022-09-21,88.82,64.0133
2022-09-22,87.28,64.0367
2022-09-23,85.87,63.0967
2022-09-26,84.49,62.35
2022-09-27,84.08,61.2733
2022-09-28,86.01,61.9767
2022-09-29,84.64,60.98
2022-09-30,83.78,59.9433
2022-10-03,86.11,61.0267
2022-10-04,89.16,62.11
2022-10-05,89.13,61.8233
2022-10-06,88.14,60.7333
2022-10-07,86.23,59.7667
2022-10-10,86.0,60.0167
2022-10-11,85.44,60.47
2022-10-12,84.86,60.8267
2022-10-13,86.85,62.0967
2022-10-14,84.9,60.9333
2022-10-17,87.05,61.6267
2022-10-18,88.84,62.3333
2022-10-19,87.85,62.1333
2022-10-20,86.57,61.3367
2022-10-21,88.71,62.28
2022-10-24,89.68,63.3167
2022-10-25,91.32,64.07
2022-10-26,92.02,64.5833
2022-10-27,92.62,64.7433
2022-10-28,94.81,66.0833
2022-10-31,94.13,65.8267
2022-11-01,94.17,65.5667
2022-11-02,91.76,64.79
2022-11-03,91.0,64.6133
2022-11-04,92.56,65.2967
2022-11-07,93.86,65.9433
2022-11-08,94.83,66.1367
2022-11-09,93.05,65.3733
2022-11-10,98.15,66.5233
2022-11-11,98.63,66.11
2022-11-14,97.94,65.86
2022-11-15,98.81,65.94
2022-11-16,97.94,66.3367
2022-11-17,97.48,66.2933
2022-11-18,98.05,66.9767
2022-11-21,97.89,67.7967
2022-11-22,99.07,68.3233
2022-11-23,99.55,68.4967
2022-11-25,100.0,68.6833
2022-11-28,98.19,68.3733
2022-11-29,98.34,68.16
2022-11-30,100.63,69.4267
2022-12-01,100.88,69.52
2022-12-02,101.21,70.0133
2022-12-05,99.32,69.1567
2022-12-06,97.83,68.7133
2022-12-07,97.83,69.1333
2022-12-08,98.54,69.4067
2022-12-09,97.81,68.82
2022-12-12,99.59,69.4333
2022-12-13,99.88,68.75
2022-12-14,99.47,68.7433
2022-12-15,96.7,67.7233
2022-12-16,95.87,67.4267
2022-12-19,95.05,67.3967
2022-12-20,95.37,67.36
2022-12-21,96.92,67.9267
2022-12-22,95.64,67.8467
2022-12-23,96.24,68.1967
2022-12-27,96.52,68.51
2022-12-28,95.35,67.69
2022-12-29,96.83,67.9233
2022-12-30,96.46,67.5933
2023-01-03,96.76,67.26
2023-01-04,97.94,67.3433
2023-01-05,96.66,66.71
2023-01-06,99.3,68.2467
2023-01-09,99.33,67.6233
2023-01-10,99.87,67.47
2023-01-11,101.06,67.4233
2023-01-12,101.65,66.9667
2023-01-13,101.55,67.2433
2023-01-17,101.05,67.27
2023-01-18,99.29,65.4767
2023-01-19,97.69,65.0733
2023-01-20,99.52,65.3433
2023-01-23,100.58,65.2333
2023-01-24,100.83,65.4467
2023-01-25,100.45,65.7633
2023-01-26,100.8,65.6333
2023-01-27,101.53,65.2933
2023-01-30,100.54,65.3633
2023-01-31,102.26,66.06
2023-02-01,103.09,66.3633
2023-02-02,104.26,65.61
2023-02-03,103.53,65.44
2023-02-06,102.86,65.4867
2023-02-07,103.59,65.2633
2023-02-08,102.64,65.0433
2023-02-09,101.93,64.7967
2023-02-10,102.22,65.4833
2023-02-13,103.1,66.0933
2023-02-14,102.88,65.4
2023-02-15,103.52,65.4467
2023-02-16,102.32,65.0933
2023-02-17,102.31,65.82
2023-02-21,100.04,65.5467
2023-02-22,99.87,65.6267
2023-02-23,100.33,65.5667
2023-02-24,99.63,65.17
2023-02-27,100.24,65.07
2023-02-28,100.12,64.3833
2023-03-01,100.28,64.0167
2023-03-02,101.29,64.7733
2023-03-03,102.7,64.9433
2023-03-06,102.54,65.1367
2023-03-07,100.97,64.36
2023-03-08,101.09,64.3667
2023-03-09,99.6,63.6967
2023-03-10,97.37,63.4767
2023-03-13,96.31,63.7033
2023-03-14,97.77,64.13
2023-03-15,95.68,64.46
2023-03-16,96.75,64.5267
2023-03-17,95.26,63.9533
2023-03-20,96.44,64.9
2023-03-21,97.94,64.8967
2023-03-22,96.16,64.3
2023-03-23,95.9,63.62
2023-03-24,96.02,64.73
2023-03-27,96.83,65.1267
2023-03-28,97.1,65.37
2023-03-29,98.5,65.8067
2023-03-30,98.75,66.0067
2023-03-31,100.16,66.41
2023-04-03,100.41,66.8367
2023-04-04,98.52,66.7
2023-04-05,97.48,67.2033
2023-04-06,97.29,67.3
2023-04-10,97.95,67.11
2023-04-11,98.66,67.2533
2023-04-12,98.75,67.08
2023-04-13,99.57,67.42
2023-04-14,99.47,67.0733
2023-04-17,100.1,67.4867
2023-04-18,100.37,67.6367
2023-04-19,100.26,67.49
2023-04-20,100.07,67.47
2023-04-21,99.99,67.94
2023-04-24,100.1,68.1367
2023-04-25,98.23,68.3267
2023-04-26,96.77,67.8933
2023-04-27,98.6,68.6367
2023-04-28,99.71,69.0367
2023-05-01,99.9,69.2033
2023-05-02,98.47,68.97
2023-05-03,98.13,68.57
2023-05-04,97.22,68.28
2023-05-05,99.02,68.89
2023-05-08,98.76,68.5933
2023-05-09,98.59,68.4267
2023-05-10,98.18,68.4067
2023-05-11,97.82,68.5433
2023-05-12,97.8,68.78
2023-05-15,98.46,68.6433
2023-05-16,97.27,68.1733
2023-05-17,98.85,68.1067
2023-05-18,99.71,67.7133
2023-05-19,99.31,67.87
2023-05-22,99.44,66.89
2023-05-23,97.99,66.5367
2023-05-24,96.72,66.1333
2023-05-25,96.9,65.6667
2023-05-26,98.01,65.52
2023-05-30,97.73,64.77
2023-05-31,96.6,64.9867
2023-06-01,97.91,65.2767
2023-06-02,100.64,66.2933
2023-06-05,99.75,66.1067
2023-06-06,100.76,65.76
2023-06-07,101.58,65.31
2023-06-08,101.37,65.6733
2023-06-09,101.19,65.6967
2023-06-12,102.05,65.56
2023-06-13,102.86,65.7567
2023-06-14,102.46,65.7167
2023-06-15,104.01,66.4667
2023-06-16,103.79,66.6367
2023-06-20,103.1,66.2167
2023-06-21,103.33,66.5233
2023-06-22,102.77,66.8767
2023-06-23,102.09,66.45
2023-06-26,102.49,66.54
2023-06-27,103.78,66.63
2023-06-28,103.78,66.1567
2023-06-29,105.11,66.23
2023-06-30,106.04,66.7633
2023-07-03,106.28,67.1367
2023-07-05,105.74,67.0967
2023-07-06,104.81,66.98
2023-07-07,105.01,66.3167
2023-07-10,106.24,66.1467
2023-07-11,107.61,66.2433
2023-07-12,107.88,66.3133
2023-07-13,108.29,66.68
2023-07-14,107.92,66.88
2023-07-17,108.52,66.5633
2023-07-18,108.99,66.56
2023-07-19,108.98,67.26
2023-07-20,108.8,67.92
2023-07-21,108.4,68.1467
2023-07-24,108.83,68.35
2023-07-25,108.84,68.2967
2023-07-26,109.17,68.38
2023-07-27,108.23,67.81
2023-07-28,108.77,68.43
2023-07-31,109.16,68.0933
2023-08-01,109.74,67.8633
2023-08-02,108.42,68.28
2023-08-03,107.8,68.0367
2023-08-04,107.2,67.27
2023-08-07,108.39,67.8
2023-08-08,107.73,67.3533
2023-08-09,107.47,67.43
2023-08-10,107.45,67.2267
2023-08-11,107.44,67.4167
2023-08-14,107.71,67.1233
2023-08-15,106.3,66.42
2023-08-16,105.67,66.1067
2023-08-17,104.74,65.3433
2023-08-18,104.71,65.6167
2023-08-21,104.68,65.2733
2023-08-22,104.69,64.97
2023-08-23,105.71,65.3167
2023-08-24,104.55,65.0833
2023-08-25,105.43,65.4967
2023-08-28,106.37,65.8033
2023-08-29,107.37,65.9267
2023-08-30,107.87,65.9167
2023-08-31,107.54,65.49
2023-09-01,108.3,65.08
2023-09-05,106.53,64.4433
2023-09-06,106.21,64.2667
2023-09-07,105.83,64.5
2023-09-08,105.39,64.5967
2023-09-11,105.53,65.2533
2023-09-12,105.15,64.9133
2023-09-13,104.57,65.03
2023-09-14,105.37,65.6633
2023-09-15,104.71,65.2367
2023-09-18,105.0,65.37
2023-09-19,104.48,65.23
2023-09-20,103.93,65.3333
2023-09-21,102.01,64.7067
2023-09-22,101.76,64.2833
2023-09-25,102.11,64.0633
2023-09-26,100.31,62.96
2023-09-27,100.86,62.2133
2023-09-28,101.42,62.2833
2023-09-29,100.89,62.17
2023-10-02,100.19,61.7133
2023-10-03,99.23,61.2633
2023-10-04,99.87,61.61
2023-10-05,99.5,60.2867
2023-10-06,100.59,60.2
2023-10-09,101.55,60.3967
2023-10-10,102.34,61.0033
2023-10-11,102.81,60.4767
2023-10-12,101.68,59.57
2023-10-13,100.8,60.08
2023-10-16,101.93,60.5867
2023-10-17,102.43,60.9033
2023-10-18,99.94,61.1733
2023-10-19,98.91,60.86
2023-10-20,97.83,60.7667
2023-10-23,97.36,60.4733
2023-10-24,98.01,61.0233
2023-10-25,96.81,61.28
2023-10-26,96.01,60.8367
2023-10-27,95.31,60.0233
2023-10-30,96.44,60.8533
2023-10-31,97.23,61.1833
2023-11-01,97.82,61.2233
2023-11-02,99.87,62.07
2023-11-03,100.99,62.2367
2023-11-06,100.63,62.3067
2023-11-07,100.51,62.2733
2023-11-08,100.78,62.0867
2023-11-09,100.31,61.77
2023-11-10,101.74,61.99
2023-11-13,101.64,62.2567
2023-11-14,103.97,62.58
2023-11-15,104.3,62.6033
2023-11-16,104.21,62.6167
2023-11-17,104.93,62.53
2023-11-20,105.28,62.5033
2023-11-21,105.29,62.6833
2023-11-22,105.7,63.22
2023-11-24,106.06,63.3867
2023-11-27,105.63,63.1367
2023-11-28,105.47,63.3167
2023-11-29,105.98,62.7367
2023-11-30,107.04,63.48
2023-12-01,108.7,63.7333
2023-12-04,108.64,63.7033
2023-12-05,107.9,63.1467
2023-12-06,108.27,63.0767
2023-12-07,108.59,63.3267
2023-12-08,108.97,63.0633
2023-12-11,109.87,63.5433
2023-12-12,110.36,63.6967
2023-12-13,111.87,64.7033
2023-12-14,113.23,63.6733
2023-12-15,112.96,63.25
2023-12-18,113.16,63.78
2023-12-19,114.04,63.9733
2023-12-20,111.94,62.3567
2023-12-21,113.25,62.8467
2023-12-22,113.77,63.1867
2023-12-26,114.4,63.5
2023-12-27,114.61,63.6667
2023-12-28,114.66,63.74
2023-12-29,114.36,63.9033
2024-01-02,113.45,64.94
2024-01-03,111.53,64.68
2024-01-04,111.66,64.5533
2024-01-05,111.93,64.32
2024-01-08,112.81,64.6467
2024-01-09,112.44,64.7033
2024-01-10,112.83,64.4367
2024-01-11,112.62,64.4833
2024-01-12,112.76,64.5733
2024-01-16,111.85,64.2333
2024-01-17,111.23,64.1033
2024-01-18,112.46,63.92
2024-01-19,113.44,63.5933
2024-01-22,114.38,63.31
2024-01-23,114.16,64.1267
2024-01-24,113.41,63.3133
2024-01-25,114.28,63.8533
2024-01-26,114.36,64.0933
2024-01-29,115.34,64.4067
2024-01-30,115.63,64.7933
2024-01-31,114.13,64.4633
2024-02-01,116.08,65.7967
2024-02-02,116.73,65.4533
2024-02-05,115.73,64.9067
2024-02-06,116.51,65.0733
2024-02-07,117.44,65.1
2024-02-08,117.36,64.8233
2024-02-09,117.67,64.28
2024-02-12,118.03,64.71
2024-02-13,116.47,64.23
2024-02-14,117.89,64.03
2024-02-15,118.98,64.39
2024-02-16,118.34,64.4167
2024-02-20,117.58,64.9533
2024-02-21,117.95,65.33
2024-02-22,119.81,65.4167
2024-02-23,120.53,65.71
2024-02-26,120.44,65.2733
2024-02-27,120.56,65.1567
2024-02-28,121.06,65.1633
2024-02-29,121.22,65.24
2024-03-01,121.85,64.95
2024-03-04,121.98,65.0267
2024-03-05,120.98,64.7867
2024-03-06,121.74,65.1533
2024-03-07,122.66,65.5
2024-03-08,122.33,65.71
2024-03-11,121.91,66.23
2024-03-12,122.73,66.36
2024-03-13,123.06,66.63
2024-03-14,122.49,66.39
2024-03-15,122.28,66.46
2024-03-18,122.68,66.89
2024-03-19,123.64,67.25
2024-03-20,125.07,67.33
2024-03-21,125.51,67.06
2024-03-22,124.62,66.94
2024-03-25,123.95,66.8
2024-03-26,123.89,66.89
2024-03-27,125.32,67.54
2024-03-28,125.71,67.63
2024-04-01,124.56,67.14
2024-04-02,123.94,66.71
2024-04-03,124.36,65.96
2024-04-04,123.14,65.56
2024-04-05,124.73,65.61
2024-04-08,124.89,65.6
2024-04-09,124.48,65.8
2024-04-10,123.1,65.29
2024-04-11,123.18,64.83
2024-04-12,121.78,64.16
2024-04-15,120.76,64.04
2024-04-16,120.4,64.24
2024-04-17,119.77,64.52
2024-04-18,119.3,64.97
2024-04-19,119.41,65.81
2024-04-22,120.25,66.42
2024-04-23,121.93,66.54
2024-04-24,121.23,67.2
2024-04-25,121.3,66.96
2024-04-26,121.56,66.76
2024-04-29,122.05,67.04
2024-04-30,120.18,66.88
2024-05-01,119.51,66.12
2024-05-02,120.41,66.46
2024-05-03,121.18,66.59
2024-05-06,122.46,66.59
2024-05-07,123.03,67.19
2024-05-08,123.29,67.06
2024-05-09,124.22,67.5
2024-05-10,124.68,67.94
2024-05-13,124.08,67.97
2024-05-14,124.13,67.79
2024-05-15,125.05,67.73
2024-05-16,124.22,68.25
2024-05-17,124.41,68.05
2024-05-20,124.59,67.72
2024-05-21,124.1,67.85
2024-05-22,123.86,67.81
2024-05-23,122.5,66.86
2024-05-24,123.1,66.76
2024-05-28,121.6,65.87
2024-05-29,119.97,65.42
2024-05-30,120.61,65.65
2024-05-31,121.92,66.87
2024-06-03,120.6,66.8
2024-06-04,120.22,67.31
2024-06-05,121.34,67.1
2024-06-06,120.78,67.44
2024-06-07,120.84,67.15
2024-06-10,121.0,66.71
2024-06-11,120.1,66.24
2024-06-12,120.65,65.52
2024-06-13,120.13,65.66
2024-06-14,119.1,65.58
2024-06-17,120.09,66.19
2024-06-18,120.69,66.33
2024-06-20,121.06,66.15
2024-06-21,120.93,66.47
2024-06-24,121.41,67.15
2024-06-25,120.19,66.71
2024-06-26,119.83,66.46
2024-06-27,119.47,66.05
2024-06-28,119.44,65.75
2024-07-01,118.32,65.28
2024-07-02,119.24,65.46
2024-07-03,119.63,65.34
2024-07-05,119.26,65.68
2024-07-08,119.24,65.54
2024-07-09,118.76,65.27
2024-07-10,119.45,65.65
2024-07-11,121.1,65.88
2024-07-12,122.19,66.37
2024-07-15,123.3,65.8
2024-07-16,126.18,66.59
2024-07-17,125.17,67.76
2024-07-18,124.29,67.43
2024-07-19,123.23,67.23
2024-07-22,124.58,67.07
2024-07-23,124.48,66.71
2024-07-24,121.59,67.14
2024-07-25,122.54,67.49
2024-07-26,124.78,68.37
2024-07-29,124.96,68.55
2024-07-30,125.62,68.21
2024-07-31,127.2,67.9
2024-08-01,125.02,68.79
2024-08-02,122.26,69.64
2024-08-05,119.44,68.32
2024-08-06,120.62,68.57
2024-08-07,119.94,68.78
2024-08-08,122.35,68.79
2024-08-09,122.46,68.63
2024-08-12,121.77,68.02
2024-08-13,123.23,68.5
2024-08-14,123.79,68.95
2024-08-15,125.68,68.91
2024-08-16,125.58,69.16
2024-08-19,126.18,69.44
2024-08-20,125.93,69.68
2024-08-21,126.75,69.92
2024-08-22,126.6,69.84
2024-08-23,127.87,70.01
2024-08-26,127.97,70.35
2024-08-27,127.98,70.29
2024-08-28,127.73,70.31
2024-08-29,128.98,70.25
2024-08-30,130.26,70.79
2024-09-03,127.61,71.66
2024-09-04,127.7,72.12
2024-09-05,126.23,71.59
2024-09-06,125.17,71.45
2024-09-09,126.96,71.77
2024-09-10,127.18,71.64
2024-09-11,127.54,70.78
2024-09-12,128.62,71.06
2024-09-13,129.67,71.55
2024-09-16,130.74,72.0
2024-09-17,131.38,71.45
2024-09-18,131.04,71.0
2024-09-19,133.1,70.51
2024-09-20,132.25,70.62
2024-09-23,133.07,70.83
2024-09-24,132.85,70.52
2024-09-25,131.81,69.8
2024-09-26,133.03,70.04
2024-09-27,133.32,70.48
2024-09-30,133.67,70.57
2024-10-01,133.66,70.39
2024-10-02,133.57,69.81
2024-10-03,132.97,69.06
2024-10-04,133.86,69.17
2024-10-07,133.29,68.63
2024-10-08,133.59,68.96
2024-10-09,134.66,69.26
2024-10-10,134.01,69.2
2024-10-11,135.66,69.57
2024-10-14,136.78,70.07
2024-10-15,136.16,70.32
2024-10-16,137.53,70.35
2024-10-17,137.57,70.06
2024-10-18,137.86,70.07
2024-10-21,136.98,69.5
2024-10-22,135.43,69.93
2024-10-23,135.18,69.63
2024-10-24,134.55,69.48
2024-10-25,134.13,68.98
2024-10-28,134.81,69.11
2024-10-29,134.15,68.41
2024-10-30,134.39,68.37
2024-10-31,133.17,68.32
2024-11-01,133.51,68.3
2024-11-04,133.47,68.37
2024-11-05,135.32,68.86
2024-11-06,140.97,68.02
2024-11-07,140.3,68.02
2024-11-08,141.36,68.76
2024-11-11,142.86,68.53
2024-11-12,141.66,68.4
2024-11-13,141.77,68.58
2024-11-14,139.7,68.55
2024-11-15,138.84,67.93
2024-11-18,139.1,68.45
2024-11-19,138.95,68.37
2024-11-20,138.98,68.75
2024-11-21,140.8,69.4
2024-11-22,142.39,69.92
2024-11-25,143.6,70.4
2024-11-26,143.52,70.64
2024-11-27,143.21,70.67
2024-11-29,143.93,70.92
2024-12-02,143.07,70.69
2024-12-03,142.27,70.03
2024-12-04,142.51,69.5
2024-12-05,141.31,69.85
2024-12-06,141.38,69.08
2024-12-09,140.07,68.87
2024-12-10,139.68,69.02
2024-12-11,140.1,68.26
2024-12-12,139.3,68.53
2024-12-13,138.97,68.37
2024-12-16,139.08,67.75
2024-12-17,137.65,67.01
2024-12-18,133.26,66.22
2024-12-19,133.67,65.74
2024-12-20,135.07,66.03
2024-12-23,134.94,65.78
2024-12-24,135.99,66.1
2024-12-26,136.28,66.22
2024-12-27,135.08,66.03
2024-12-30,133.6,65.32
2024-12-31,133.52,65.59
2025-01-02,132.82,65.3
2025-01-03,134.27,65.4
2025-01-06,133.8,64.36
2025-01-07,133.39,64.27
2025-01-08,133.86,64.52
2025-01-10,131.48,63.29
2025-01-13,132.87,63.85
2025-01-14,134.69,64.27
2025-01-15,136.29,64.0
2025-01-16,137.43,64.57
2025-01-17,138.3,64.92
2025-01-21,140.76,65.07
2025-01-22,140.77,64.87
2025-01-23,142.0,65.25
2025-01-24,141.64,65.51
2025-01-27,140.41,67.3
2025-01-28,139.94,66.18
2025-01-29,139.53,66.41
2025-01-30,141.52,67.0
2025-01-31,140.53,66.36
2025-02-03,139.33,66.45
2025-02-04,139.01,65.7
2025-02-05,140.17,65.88
2025-02-06,140.14,66.3
2025-02-07,139.3,66.33
2025-02-10,139.95,66.55
2025-02-11,139.92,67.44
2025-02-12,138.78,67.73
2025-02-13,139.39,68.44
2025-02-14,139.16,67.63
2025-02-18,140.4,67.91
2025-02-19,139.98,68.51
2025-02-20,138.63,68.86
2025-02-21,135.57,69.93
2025-02-24,135.18,70.16
2025-02-25,135.85,70.95
2025-02-26,135.88,69.85
2025-02-27,135.54,69.95
2025-02-28,137.17,70.76
2025-03-03,135.34,71.42
2025-03-04,132.05,70.3
2025-03-05,133.95,70.39
2025-03-06,132.25,70.76
2025-03-07,133.27,71.5
2025-03-10,130.9,71.8
2025-03-11,128.98,70.93
2025-03-12,129.08,69.53
2025-03-13,127.48,69.49
2025-03-14,129.88,69.6
2025-03-17,131.46,70.63
2025-03-18,130.4,69.76
2025-03-19,132.09,69.8
2025-03-20,131.2,69.61
2025-03-21,130.34,69.24
2025-03-24,132.92,69.38
2025-03-25,133.08,68.93
2025-03-26,132.34,70.12
2025-03-27,131.92,70.82
2025-03-28,129.1,70.59
2025-03-31,130.18,71.57
2025-04-01,130.86,71.65
2025-04-02,132.01,71.3
2025-04-03,124.83,72.42
2025-04-04,116.96,69.06
2025-04-07,116.3,67.96
2025-04-08,115.07,67.29
2025-04-09,125.11,69.3
2025-04-10,121.33,69.41
2025-04-11,123.41,70.32
2025-04-14,124.72,71.3
2025-04-15,124.21,70.79
2025-04-16,122.4,70.28
2025-04-17,122.86,71.45
2025-04-21,120.24,70.69
2025-04-22,123.08,71.64
2025-04-23,124.59,71.29
2025-04-24,126.81,70.3
2025-04-25,126.71,70.16
2025-04-28,127.2,70.04
2025-04-29,128.19,70.51
2025-04-30,128.97,71.08
2025-05-01,129.56,70.32
2025-05-02,131.92,70.51
2025-05-05,131.97,70.4
2025-05-06,130.82,70.28
2025-05-07,131.44,70.62
2025-05-08,133.37,70.31
2025-05-09,133.49,69.83
2025-05-12,137.86,69.62
2025-05-13,138.46,68.72
2025-05-14,137.81,68.35
2025-05-15,138.88,70.04
2025-05-16,140.11,70.74
2025-05-19,140.53,70.99
2025-05-20,139.8,71.2
2025-05-21,136.87,70.58
2025-05-22,136.93,70.23
2025-05-23,136.18,70.68
2025-05-27,138.8,71.25
2025-05-28,138.18,70.84
2025-05-29,138.71,71.15
2025-05-30,138.79,71.68
2025-06-02,138.47,71.55
2025-06-03,139.84,71.19
2025-06-04,140.11,70.84
2025-06-05,139.94,70.39
2025-06-06,141.21,70.61
2025-06-09,141.02,70.47
2025-06-10,141.12,70.67
2025-06-11,141.1,70.82
2025-06-12,140.76,71.42
2025-06-13,138.08,70.76
2025-06-16,139.12,70.51
2025-06-17,138.17,69.93
2025-06-18,136.93,69.8
2025-06-20,136.7,70.07
2025-06-23,138.73,70.58
2025-06-24,140.42,70.6
2025-06-25,139.05,69.58
2025-06-26,140.16,69.74
2025-06-27,141.55,70.12
2025-06-30,142.31,70.48
2025-07-01,143.37,71.07
2025-07-02,143.78,71.01
2025-07-03,144.93,71.15
2025-07-07,144.02,71.17
2025-07-08,143.89,70.46
2025-07-09,144.79,70.09
2025-07-10,145.16,70.4
2025-07-11,143.8,70.05
2025-07-14,144.53,69.93
2025-07-15,143.07,69.36
2025-07-16,143.88,69.88
2025-07-17,145.21,70.52
2025-07-18,144.84,70.21
2025-07-21,144.22,70.26
2025-07-22,144.96,70.48
2025-07-23,147.04,70.51
2025-07-24,146.59,70.06
2025-07-25,148.18,70.13
2025-07-28,147.6,69.21
2025-07-29,146.15,69.86
2025-07-30,145.32,69.36
2025-07-31,144.84,68.48
2025-08-01,142.47,68.69
2025-08-04,144.06,68.9
2025-08-05,143.23,68.84
2025-08-06,143.2,69.36
2025-08-07,142.56,69.68
2025-08-08,142.94,70.0
2025-08-11,142.42,70.12
2025-08-12,144.21,70.15
2025-08-13,145.69,70.39
2025-08-14,144.63,69.93
2025-08-15,143.75,70.21
2025-08-18,144.11,70.18
2025-08-19,144.25,71.03
2025-08-20,144.14,71.68
2025-08-21,143.79,71.62
2025-08-22,146.69,71.44
2025-08-25,145.43,70.31
2025-08-26,146.58,69.95
2025-08-27,146.55,70.06
2025-08-28,146.8,69.68
2025-08-29,146.17,70.34
2025-09-02,144.76,70.41
2025-09-03,144.15,70.04
2025-09-04,145.68,69.93
2025-09-05,145.25,70.06
2025-09-08,145.25,69.54
2025-09-09,144.11,69.91
2025-09-10,144.32,69.55
2025-09-11,146.23,70.16
2025-09-12,144.63,69.85
2025-09-15,145.18,68.69
2025-09-16,144.59,68.56
2025-09-17,144.7,69.07
2025-09-18,145.57,68.36
2025-09-19,145.41,68.42
2025-09-22,145.93,67.7
2025-09-23,145.26,68.31
2025-09-24,144.53,68.42
2025-09-25,143.36,67.65
2025-09-26,144.61,68.08
2025-09-29,145.18,68.2
2025-09-30,145.88,68.39
2025-10-01,145.88,68.39
2025-10-02,146.61,68.04
2025-10-03,147.04,67.92
2025-10-06,147.38,67.37
2025-10-07,146.88,68.09
2025-10-08,147.75,67.64
2025-10-09,145.83,67.95
2025-10-10,142.48,68.38
2025-10-13,144.0,67.99
2025-10-14,145.92,68.72
2025-10-15,145.27,68.55
2025-10-16,143.66,68.52
2025-10-17,144.58,69.37
2025-10-20,146.28,69.36
2025-10-21,147.75,69.15
2025-10-22,145.81,69.53
2025-10-23,147.58,69.18
2025-10-24,148.05,69.2
2025-10-27,148.68,69.27
2025-10-28,147.99,68.68
2025-10-29,146.75,67.19
2025-10-30,146.18,66.95
2025-10-31,146.55,66.8
2025-11-03,145.68,66.27
2025-11-04,144.52,66.52
2025-11-05,145.33,66.58
2025-11-06,144.43,66.49
2025-11-07,145.01,67.37
2025-11-10,145.74,67.23
2025-11-11,146.02,68.2
2025-11-12,146.32,68.0
2025-11-13,143.84,68.01
2025-11-14,142.97,67.95
2025-11-17,141.05,67.54
2025-11-18,140.06,68.16
2025-11-19,140.79,67.82
2025-11-20,138.91,67.82
2025-11-21,141.42,68.74
2025-11-24,141.86,68.02
2025-11-25,144.22,68.91
2025-11-26,144.86,69.22
2025-11-28,145.57,69.41
2025-12-01,143.99,69.08
2025-12-02,144.68,68.15
2025-12-03,146.04,67.67
2025-12-04,146.47,67.32
2025-12-05,146.41,66.98
2025-12-08,145.86,66.56
2025-12-09,145.04,66.72
2025-12-10,147.89,67.14
2025-12-11,150.39,67.37
2025-12-12,149.59,67.95
2025-12-15,149.62,68.55
2025-12-16,148.53,67.46
2025-12-17,146.53,67.75
2025-12-18,147.41,67.32
2025-12-19,148.78,67.05
2025-12-22,150.27,67.12
2025-12-23,150.28,66.98
2025-12-24,150.7,67.34
2025-12-26,150.58,67.32
2025-12-29,150.01,67.41
2025-12-30,149.58,67.34
2025-12-31,148.17,66.92
2026-01-02,150.11,66.71
2026-01-05,152.43,66.16
2026-01-06,154.7,65.86
2026-01-07,152.1,65.23
2026-01-08,153.18,66.61
2026-01-09,154.65,67.2
2026-01-12,154.74,67.76
2026-01-13,154.24,68.38
2026-01-14,154.65,69.39
2026-01-15,155.64,69.65
2026-01-16,156.38,69.33
2026-01-20,152.99,69.59
2026-01-21,155.33,69.65
2026-01-22,155.44,69.84
2026-01-23,153.94,70.4
2026-01-26,154.14,70.56
2026-01-27,154.16,70.78
2026-01-28,153.48,70.32
2026-01-29,154.87,70.3
2026-01-30,153.89,71.47
2026-02-02,156.16,71.91
2026-02-03,156.35,72.92
2026-02-04,157.31,73.4
2026-02-05,156.2,74.48
2026-02-06,160.21,75.1
2026-02-09,160.19,74.59
2026-02-10,160.9,74.52
2026-02-11,161.15,75.56
2026-02-12,158.85,75.83
2026-02-13,159.55,75.81
2026-02-17,160.23,75.07
2026-02-18,160.64,75.11
2026-02-19,161.1,75.04
2026-02-20,161.91,75.45
2026-02-23,158.46,76.54
2026-02-24,160.38,76.9
2026-02-25,159.77,76.51
2026-02-26,160.93,76.72
2026-02-27,160.94,77.64
2026-03-02,162.04,76.77
2026-03-03,159.26,75.46
2026-03-04,159.78,74.82
2026-03-05,156.83,73.21
2026-03-06,154.41,73.24
2026-03-09,154.99,73.67
2026-03-10,154.22,73.34
2026-03-11,153.22,72.54
2026-03-12,149.43,72.42
2026-03-13,148.98,72.77
2026-03-16,150.46,72.86
2026-03-17,150.44,72.29
2026-03-18,148.44,70.47
2026-03-19,147.76,69.94
2026-03-20,146.07,69.26
2026-03-23,148.21,69.43
2026-03-24,148.93,69.47
2026-03-25,149.97,69.83
2026-03-26,147.12,69.31
2026-03-27,144.65,69.7
2026-03-30,143.33,69.96
2026-03-31,147.54,70.03
2026-04-01,149.2,69.57
2026-04-02,148.69,69.95
2026-04-06,149.74,70.25
2026-04-07,149.3,69.56
2026-04-08,154.97,70.67
2026-04-09,155.97,71.17
2026-04-10,155.15,70.67
2026-04-13,157.13,70.15
2026-04-14,157.76,69.92
2026-04-15,156.43,69.22
2026-04-16,156.03,69.6
2026-04-17,158.82,70.24
2026-04-20,159.03,69.89
2026-04-21,156.79,69.03
2026-04-22,156.57,69.41
2026-04-23,157.69,70.7
2026-04-24,156.49,70.64
2026-04-27,156.63,70.11
2026-04-28,155.41,71.17
2026-04-29,155.63,70.96
2026-04-30,158.61,71.77
2026-05-01,157.35,71.65
2026-05-04,155.82,71.11
2026-05-05,156.42,71.42
2026-05-06,159.41,71.44
2026-05-07,157.7,71.08
2026-05-08,157.27,71.32
2026-05-11,158.25,71.3
2026-05-12,157.55,72.21
2026-05-13,156.44,72.28
2026-05-14,157.28,72.49
2026-05-15,154.85,72.23
2026-05-18,155.12,72.88
2026-05-19,153.16,72.7
2026-05-20,155.32,72.45
2026-05-21,155.0,72.5
2026-05-22,156.14,72.88
2026-05-26,158.15,71.72
2026-05-27,158.35,72.61
2026-05-28,158.06,72.18
2026-05-29,157.88,71.11
2026-06-01,156.82,70.21
2026-06-02,157.47,70.22
2026-06-03,156.5,70.39
2026-06-04,158.63,70.25
2026-06-05,157.19,71.89
2026-06-08,156.63,71.37
2026-06-09,158.65,72.5
2026-06-10,153.78,73.73
2026-06-11,158.07,73.37
2026-06-12,159.14,73.88
2026-06-15,161.0,73.16
2026-06-16,162.47,73.34
2026-06-17,161.63,72.07
2026-06-18,162.25,71.57
2026-06-22,162.73,71.08
2026-06-23,160.13,72.42
2026-06-24,161.98,72.9
2026-06-25,164.66,72.9
2026-06-26,163.15,73.65
2026-06-29,164.26,73.52
2026-06-30,166.65,72.66
2026-07-01,165.69,73.29
2026-07-02,166.54,74.81
2026-07-06,167.51,74.14
2026-07-07,164.39,75.06
2026-07-08,161.72,74.32
2026-07-09,162.83,73.15
2026-07-10,163.68,73.78
2026-07-13,162.93,74.18
2026-07-14,163.3,73.09
2026-07-15,163.25,73.11
2026-07-16,163.8,75.25
2026-07-17,162.84,74.78
2026-07-20,161.63,74.48
2026-07-21,162.08,74.08
2026-07-22,162.03,74.48
2026-07-23,163.68,73.69
2026-07-24,164.5,74.48
2026-07-27,165.62,75.37
2026-07-28,165.8,77.04
2026-07-29,161.59,76.85
2026-07-30,163.24,75.34
2026-07-31,163.92,74.72
2026-08-03,166.73,74.2
2026-08-04,169.86,74.61
2026-08-05,169.8,74.75
2026-08-06,168.49,74.55
2026-08-07,168.38,74.45
2026-08-10,167.59,74.19
2026-08-11,168.41,74.1
2026-08-12,168.75,73.87
2026-08-13,169.1,74.43
2026-08-14,169.65,74.84
2026-08-17,168.85,73.64
2026-08-18,166.88,74.44
2026-08-19,165.97,75.07
2026-08-20,163.98,74.98
2026-08-21,164.9,75.32
2026-08-24,164.47,76.23
2026-08-25,164.19,76.0
2026-08-26,165.38,75.77
2026-08-27,164.32,74.69
2026-08-28,162.86,75.16
2026-08-31,161.2,74.66
2026-09-01,158.71,75.08
