date,VOX,XLC
2021-08-30,149.35,85.3
2021-08-31,149.89,85.62
2021-09-01,150.66,86.05
2021-09-02,150.16,85.47
2021-09-03,149.99,85.47
2021-09-07,150.51,85.67
2021-09-08,149.61,85.23
2021-09-09,149.12,84.81
2021-09-10,148.08,84.26
2021-09-13,148.55,84.47
2021-09-14,146.92,83.74
2021-09-15,147.84,84.15
2021-09-16,147.78,84.07
2021-09-17,146.59,83.14
2021-09-20,143.44,81.33
2021-09-21,143.23,80.99
2021-09-22,143.73,80.95
2021-09-23,145.0,81.78
2021-09-24,146.02,82.45
2021-09-27,145.83,82.44
2021-09-28,141.85,80.43
2021-09-29,141.14,80.36
2021-09-30,140.77,80.11
2021-10-01,143.23,81.46
2021-10-04,140.34,79.7
2021-10-05,142.17,80.89
2021-10-06,142.62,81.03
2021-10-07,143.71,81.38
2021-10-08,142.6,80.98
2021-10-11,140.66,79.76
2021-10-12,139.72,79.02
2021-10-13,140.55,79.39
2021-10-14,142.73,80.51
2021-10-15,142.5,80.32
2021-10-18,143.25,80.94
2021-10-19,144.39,81.72
2021-10-20,144.8,81.88
2021-10-21,145.06,82.12
2021-10-22,141.52,80.38
2021-10-25,141.95,80.73
2021-10-26,140.9,80.01
2021-10-27,140.43,79.79
2021-10-28,141.37,80.05
2021-10-29,141.78,80.3
2021-11-01,142.17,80.43
2021-11-02,142.29,80.44
2021-11-03,143.19,80.73
2021-11-04,143.1,81.05
2021-11-05,144.57,81.7
2021-11-08,144.44,81.34
2021-11-09,143.96,81.14
2021-11-10,142.24,80.22
2021-11-11,141.74,80.06
2021-11-12,143.43,81.23
2021-11-15,144.02,81.46
2021-11-16,143.15,80.85
2021-11-17,142.51,80.54
2021-11-18,141.19,79.96
2021-11-19,140.21,79.69
2021-11-22,138.7,78.72
2021-11-23,138.15,78.51
2021-11-24,138.31,78.62
2021-11-26,135.97,77.18
2021-11-29,136.69,77.84
2021-11-30,132.72,75.37
2021-12-01,129.36,73.63
2021-12-02,131.82,74.87
2021-12-03,131.32,74.7
2021-12-06,133.49,75.93
2021-12-07,134.9,76.71
2021-12-08,136.33,77.27
2021-12-09,134.65,76.66
2021-12-10,134.47,76.7
2021-12-13,133.3,76.3
2021-12-14,132.74,76.1
2021-12-15,133.95,76.9
2021-12-16,132.94,76.79
2021-12-17,133.08,76.48
2021-12-20,131.88,75.79
2021-12-21,134.61,77.23
2021-12-22,135.14,77.42
2021-12-23,136.48,78.11
2021-12-27,137.47,78.87
2021-12-28,137.23,78.83
2021-12-29,136.5,78.44
2021-12-30,137.19,78.77
2021-12-31,135.56,77.68
2022-01-03,136.51,78.22
2022-01-04,135.87,78.05
2022-01-05,132.12,76.09
2022-01-06,132.55,76.43
2022-01-07,132.6,76.44
2022-01-10,132.4,75.96
2022-01-11,133.99,76.91
2022-01-12,134.15,77.01
2022-01-13,132.54,76.21
2022-01-14,132.95,76.56
2022-01-18,130.53,75.63
2022-01-19,130.11,75.5
2022-01-20,128.64,74.75
2022-01-21,124.12,72.22
2022-01-24,124.96,72.75
2022-01-25,122.48,71.26
2022-01-26,120.55,70.22
2022-01-27,120.53,70.3
2022-01-28,123.97,72.31
2022-01-31,127.3,73.95
2022-02-01,128.75,74.59
2022-02-02,130.62,76.08
2022-02-03,122.61,70.99
2022-02-04,123.76,71.17
2022-02-07,121.83,69.93
2022-02-08,121.98,69.9
2022-02-09,125.41,71.87
2022-02-10,123.8,70.84
2022-02-11,121.35,69.31
2022-02-14,121.26,69.32
2022-02-15,123.3,70.29
2022-02-16,122.57,69.8
2022-02-17,119.19,67.94
2022-02-18,117.84,67.41
2022-02-22,116.54,66.72
2022-02-23,114.5,65.6
2022-02-24,117.78,67.44
2022-02-25,119.94,68.53
2022-02-28,119.86,68.45
2022-03-01,118.2,67.59
2022-03-02,119.06,68.17
2022-03-03,117.67,67.46
2022-03-04,115.65,66.49
2022-03-07,111.46,64.28
2022-03-08,111.45,64.12
2022-03-09,114.98,66.04
2022-03-10,114.12,65.55
2022-03-11,111.79,64.37
2022-03-14,110.23,63.62
2022-03-15,112.57,64.84
2022-03-16,116.04,66.63
2022-03-17,117.32,67.35
2022-03-18,118.97,68.23
2022-03-21,117.86,67.42
2022-03-22,120.07,68.68
2022-03-23,118.67,67.74
2022-03-24,120.26,68.85
2022-03-25,120.56,69.18
2022-03-28,121.19,69.4
2022-03-29,123.25,70.61
2022-03-30,122.2,70.11
2022-03-31,120.05,68.78
2022-04-01,120.94,69.29
2022-04-04,123.66,71.2
2022-04-05,121.73,70.29
2022-04-06,119.49,68.98
2022-04-07,118.42,68.38
2022-04-08,117.97,68.08
2022-04-11,116.63,67.2
2022-04-12,115.77,66.65
2022-04-13,117.5,67.63
2022-04-14,115.52,66.48
2022-04-18,114.88,66.26
2022-04-19,117.36,67.58
2022-04-20,112.57,64.65
2022-04-21,109.69,62.81
2022-04-22,106.8,61.32
2022-04-25,107.96,62.16
2022-04-26,104.51,60.12
2022-04-27,102.3,58.78
2022-04-28,105.71,61.13
2022-04-29,102.1,59.06
2022-05-02,104.49,60.69
2022-05-03,104.87,60.85
2022-05-04,108.42,62.94
2022-05-05,104.28,60.62
2022-05-06,102.16,59.37
2022-05-09,99.16,57.83
2022-05-10,99.44,58.09
2022-05-11,97.65,57.04
2022-05-12,98.84,57.66
2022-05-13,101.52,59.01
2022-05-16,100.89,58.63
2022-05-17,103.2,59.91
2022-05-18,100.02,57.95
2022-05-19,99.94,57.87
2022-05-20,99.96,58.02
2022-05-23,101.25,58.89
2022-05-24,97.33,56.8
2022-05-25,98.88,57.56
2022-05-26,100.99,58.96
2022-05-27,103.41,60.22
2022-05-31,103.33,60.18
2022-06-01,102.24,59.49
2022-06-02,104.7,60.94
2022-06-03,102.42,59.62
2022-06-06,103.12,59.92
2022-06-07,103.68,60.35
2022-06-08,103.5,60.19
2022-06-09,100.58,58.34
2022-06-10,97.7,56.71
2022-06-13,93.05,54.03
2022-06-14,92.73,53.88
2022-06-15,95.09,55.09
2022-06-16,91.39,53.08
2022-06-17,92.86,53.84
2022-06-21,93.86,54.09
2022-06-22,94.08,54.18
2022-06-23,95.16,54.85
2022-06-24,98.43,56.94
2022-06-27,97.7,56.4
2022-06-28,95.09,54.76
2022-06-29,95.25,54.93
2022-06-30,94.03,54.27
2022-07-01,95.02,54.82
2022-07-05,97.07,56.09
2022-07-06,96.91,56.1
2022-07-07,98.52,56.98
2022-07-08,98.15,56.71
2022-07-11,95.44,54.99
2022-07-12,95.45,54.96
2022-07-13,94.81,54.71
2022-07-14,93.65,54.02
2022-07-15,95.91,55.41
2022-07-18,95.55,55.13
2022-07-19,98.65,57.09
2022-07-20,100.15,58.03
2022-07-21,100.06,58.0
2022-07-22,96.36,55.99
2022-07-25,96.11,55.8
2022-07-26,94.3,54.68
2022-07-27,98.11,56.99
2022-07-28,97.31,56.34
2022-07-29,97.52,56.37
2022-08-01,97.42,56.29
2022-08-02,97.51,56.2
2022-08-03,99.83,57.55
2022-08-04,100.07,57.8
2022-08-05,99.39,57.09
2022-08-08,100.02,57.42
2022-08-09,99.04,56.86
2022-08-10,101.58,58.46
2022-08-11,101.91,58.52
2022-08-12,103.68,59.56
2022-08-15,104.13,59.77
2022-08-16,104.38,59.89
2022-08-17,102.13,58.73
2022-08-18,101.86,58.64
2022-08-19,100.11,57.69
2022-08-22,97.33,56.04
2022-08-23,96.61,55.56
2022-08-24,97.08,55.89
2022-08-25,98.94,56.98
2022-08-26,95.69,55.16
2022-08-29,95.0,54.73
2022-08-30,94.05,54.25
2022-08-31,94.14,54.38
2022-09-01,94.74,54.88
2022-09-02,93.11,53.84
2022-09-06,91.92,53.17
2022-09-07,93.55,54.24
2022-09-08,93.52,54.11
2022-09-09,96.18,55.62
2022-09-12,96.91,55.91
2022-09-13,91.9,52.84
2022-09-14,92.06,52.93
2022-09-15,91.52,52.7
2022-09-16,90.49,52.14
2022-09-19,90.84,52.33
2022-09-20,89.33,51.52
2022-09-21,87.29,50.26
2022-09-22,86.59,50.08
2022-09-23,84.89,49.11
2022-09-26,83.43,48.31
2022-09-27,83.14,48.05
2022-09-28,85.54,49.69
2022-09-29,83.43,48.48
2022-09-30,82.37,47.89
2022-10-03,84.75,49.23
2022-10-04,87.38,50.74
2022-10-05,86.64,50.35
2022-10-06,86.18,50.08
2022-10-07,83.8,48.73
2022-10-10,83.4,48.6
2022-10-11,81.99,47.69
2022-10-12,81.79,47.63
2022-10-13,83.62,48.78
2022-10-14,82.14,47.98
2022-10-17,84.83,49.3
2022-10-18,85.48,49.67
2022-10-19,85.21,49.71
2022-10-20,85.53,49.83
2022-10-21,86.02,50.15
2022-10-24,86.54,50.5
2022-10-25,88.82,51.84
2022-10-26,86.25,50.2
2022-10-27,83.41,47.82
2022-10-28,85.6,49.03
2022-10-31,84.47,48.21
2022-11-01,83.76,47.9
2022-11-02,81.25,46.55
2022-11-03,79.29,45.41
2022-11-04,79.66,45.72
2022-11-07,80.84,46.54
2022-11-08,81.04,46.59
2022-11-09,79.29,45.96
2022-11-10,83.95,48.74
2022-11-11,86.33,50.02
2022-11-14,85.97,49.82
2022-11-15,87.4,50.56
2022-11-16,86.43,50.06
2022-11-17,85.84,49.68
2022-11-18,85.43,49.53
2022-11-21,84.69,49.12
2022-11-22,85.93,49.85
2022-11-23,87.1,50.48
2022-11-25,86.66,50.2
2022-11-28,85.24,49.4
2022-11-29,85.23,49.42
2022-11-30,88.81,51.51
2022-12-01,89.23,51.81
2022-12-02,89.33,51.94
2022-12-05,87.71,51.12
2022-12-06,85.25,49.65
2022-12-07,84.61,49.4
2022-12-08,84.51,49.3
2022-12-09,84.68,49.44
2022-12-12,85.38,49.83
2022-12-13,86.67,50.67
2022-12-14,85.77,50.01
2022-12-15,82.33,48.06
2022-12-16,82.04,48.05
2022-12-19,80.35,46.81
2022-12-20,80.88,47.13
2022-12-21,82.02,47.75
2022-12-22,81.34,47.34
2022-12-23,82.0,47.8
2022-12-27,81.24,47.37
2022-12-28,80.04,46.68
2022-12-29,82.18,47.97
2022-12-30,82.25,47.99
2023-01-03,83.18,48.61
2023-01-04,84.72,49.52
2023-01-05,84.64,49.59
2023-01-06,86.17,50.4
2023-01-09,86.37,50.48
2023-01-10,87.63,51.24
2023-01-11,88.62,51.61
2023-01-12,89.37,52.18
2023-01-13,89.72,52.35
2023-01-17,89.14,51.86
2023-01-18,88.13,51.23
2023-01-19,88.35,51.49
2023-01-20,91.26,53.1
2023-01-23,92.82,54.03
2023-01-24,92.42,53.88
2023-01-25,92.76,54.07
2023-01-26,94.06,54.91
2023-01-27,94.73,55.29
2023-01-30,93.33,54.42
2023-01-31,94.6,55.08
2023-02-01,95.98,55.73
2023-02-02,101.21,59.39
2023-02-03,99.16,58.2
2023-02-06,98.04,57.5
2023-02-07,99.53,58.57
2023-02-08,96.63,56.73
2023-02-09,94.46,55.49
2023-02-10,93.43,54.96
2023-02-13,94.44,55.74
2023-02-14,94.49,55.76
2023-02-15,96.1,56.27
2023-02-16,94.65,55.41
2023-02-17,94.36,55.35
2023-02-21,92.22,54.13
2023-02-22,92.46,54.24
2023-02-23,91.97,53.99
2023-02-24,90.61,53.24
2023-02-27,90.79,53.41
2023-02-28,90.75,53.5
2023-03-01,90.13,53.09
2023-03-02,91.05,53.59
2023-03-03,92.77,54.76
2023-03-06,92.77,54.76
2023-03-07,91.61,54.2
2023-03-08,91.5,54.23
2023-03-09,89.28,53.01
2023-03-10,87.9,52.26
2023-03-13,87.76,52.26
2023-03-14,89.84,53.74
2023-03-15,90.64,54.32
2023-03-16,92.83,55.54
2023-03-17,92.02,55.01
2023-03-20,92.65,55.27
2023-03-21,94.6,56.45
2023-03-22,92.85,55.46
2023-03-23,94.33,56.36
2023-03-24,94.32,56.65
2023-03-27,93.92,56.33
2023-03-28,93.08,55.87
2023-03-29,94.34,56.61
2023-03-30,94.71,56.88
2023-03-31,96.67,57.97
2023-04-03,96.93,58.21
2023-04-04,96.99,58.39
2023-04-05,96.65,58.2
2023-04-06,98.06,58.93
2023-04-10,98.0,58.8
2023-04-11,97.88,58.65
2023-04-12,96.76,58.04
2023-04-13,98.79,59.25
2023-04-14,98.56,59.23
2023-04-17,97.94,58.89
2023-04-18,97.4,58.59
2023-04-19,96.78,58.15
2023-04-20,95.83,57.55
2023-04-21,96.07,57.69
2023-04-24,95.93,57.63
2023-04-25,94.44,56.73
2023-04-26,93.55,56.13
2023-04-27,98.26,59.39
2023-04-28,98.91,59.9
2023-05-01,98.84,59.89
2023-05-02,96.94,58.78
2023-05-03,96.56,58.55
2023-05-04,94.99,57.61
2023-05-05,96.24,58.33
2023-05-08,97.21,58.92
2023-05-09,96.42,58.55
2023-05-10,97.33,59.07
2023-05-11,98.17,59.66
2023-05-12,98.21,59.71
2023-05-15,98.64,59.99
2023-05-16,98.6,59.92
2023-05-17,99.94,60.65
2023-05-18,101.54,61.74
2023-05-19,100.74,61.41
2023-05-22,101.77,61.97
2023-05-23,100.53,61.2
2023-05-24,99.91,60.92
2023-05-25,99.74,60.92
2023-05-26,101.45,62.16
2023-05-30,101.59,62.26
2023-05-31,101.49,62.24
2023-06-01,102.69,63.08
2023-06-02,103.16,63.16
2023-06-05,103.39,63.32
2023-06-06,104.02,63.58
2023-06-07,103.29,62.87
2023-06-08,103.52,63.19
2023-06-09,103.6,63.21
2023-06-12,104.74,63.96
2023-06-13,105.32,64.17
2023-06-14,105.35,64.28
2023-06-15,106.94,65.3
2023-06-16,106.2,64.76
2023-06-20,105.4,64.34
2023-06-21,104.1,63.7
2023-06-22,104.8,64.2
2023-06-23,104.5,64.06
2023-06-26,103.63,63.42
2023-06-27,105.28,64.49
2023-06-28,106.16,64.78
2023-06-29,105.39,64.43
2023-06-30,106.31,65.08
2023-07-03,106.77,65.3
2023-07-05,107.36,65.8
2023-07-06,106.33,65.28
2023-07-07,106.33,65.05
2023-07-10,106.16,64.88
2023-07-11,107.95,66.01
2023-07-12,109.39,66.81
2023-07-13,110.89,67.79
2023-07-14,109.81,67.15
2023-07-17,109.35,66.91
2023-07-18,110.29,67.37
2023-07-19,110.72,67.56
2023-07-20,108.65,66.22
2023-07-21,107.63,65.56
2023-07-24,107.6,65.68
2023-07-25,107.44,65.89
2023-07-26,109.12,66.92
2023-07-27,109.58,67.48
2023-07-28,112.3,68.81
2023-07-31,112.62,68.79
2023-08-01,112.17,68.7
2023-08-02,110.03,67.41
2023-08-03,109.66,67.24
2023-08-04,109.46,67.09
2023-08-07,111.01,68.13
2023-08-08,110.77,67.94
2023-08-09,109.13,67.21
2023-08-10,109.54,67.44
2023-08-11,109.04,67.12
2023-08-14,109.69,67.61
2023-08-15,108.63,67.01
2023-08-16,107.4,66.21
2023-08-17,106.15,65.45
2023-08-18,105.56,65.06
2023-08-21,106.09,65.53
2023-08-22,105.95,65.53
2023-08-23,107.54,66.59
2023-08-24,105.43,65.31
2023-08-25,105.51,65.38
2023-08-28,106.8,66.18
2023-08-29,109.03,67.65
2023-08-30,109.49,67.66
2023-08-31,109.41,67.73
2023-09-01,108.83,67.1
2023-09-05,108.58,67.09
2023-09-06,108.2,66.88
2023-09-07,107.73,66.76
2023-09-08,107.88,66.96
2023-09-11,109.22,67.97
2023-09-12,108.45,67.26
2023-09-13,108.45,67.48
2023-09-14,109.79,68.42
2023-09-15,108.37,67.51
2023-09-18,108.49,67.39
2023-09-19,108.58,67.44
2023-09-20,107.12,66.52
2023-09-21,105.58,65.7
2023-09-22,105.33,65.62
2023-09-25,105.4,65.78
2023-09-26,104.27,65.05
2023-09-27,104.64,65.22
2023-09-28,105.46,65.94
2023-09-29,105.19,65.57
2023-10-02,105.81,66.06
2023-10-03,104.43,65.17
2023-10-04,105.36,65.79
2023-10-05,105.28,65.7
2023-10-06,107.16,66.91
2023-10-09,108.38,67.63
2023-10-10,108.85,68.02
2023-10-11,109.66,68.64
2023-10-12,108.38,67.83
2023-10-13,106.97,67.07
2023-10-16,108.66,68.15
2023-10-17,109.3,68.39
2023-10-18,107.29,67.21
2023-10-19,107.27,67.14
2023-10-20,106.07,66.52
2023-10-23,106.43,66.87
2023-10-24,107.94,67.66
2023-10-25,103.17,64.73
2023-10-26,100.92,63.32
2023-10-27,100.71,63.09
2023-10-30,102.74,64.39
2023-10-31,103.52,64.72
2023-11-01,104.69,65.67
2023-11-02,106.57,66.54
2023-11-03,108.59,67.56
2023-11-06,108.17,67.38
2023-11-07,108.61,67.74
2023-11-08,108.63,67.42
2023-11-09,108.21,67.4
2023-11-10,109.39,68.47
2023-11-13,109.01,68.32
2023-11-14,111.27,69.43
2023-11-15,111.9,69.77
2023-11-16,112.11,70.08
2023-11-17,112.23,70.07
2023-11-20,113.34,70.86
2023-11-21,112.9,70.62
2023-11-22,113.85,71.2
2023-11-24,113.55,70.96
2023-11-27,113.06,70.52
2023-11-28,113.33,70.69
2023-11-29,112.56,70.18
2023-11-30,111.89,69.77
2023-12-01,112.5,69.91
2023-12-04,111.49,69.21
2023-12-05,110.84,68.89
2023-12-06,110.45,68.71
2023-12-07,112.69,70.15
2023-12-08,113.42,70.48
2023-12-11,112.62,69.94
2023-12-12,112.86,70.23
2023-12-13,114.28,70.89
2023-12-14,115.14,71.2
2023-12-15,114.51,71.02
2023-12-18,116.1,71.72
2023-12-19,117.16,72.45
2023-12-20,116.16,71.89
2023-12-21,117.62,72.6
2023-12-22,117.62,72.61
2023-12-26,118.02,72.89
2023-12-27,118.09,72.9
2023-12-28,118.41,73.1
2023-12-29,117.73,72.66
2024-01-02,116.69,72.25
2024-01-03,116.09,71.98
2024-01-04,115.84,71.74
2024-01-05,116.29,72.04
2024-01-08,118.17,73.16
2024-01-09,117.85,73.01
2024-01-10,118.99,73.69
2024-01-11,118.52,73.45
2024-01-12,118.89,73.81
2024-01-16,118.25,73.39
2024-01-17,117.36,72.94
2024-01-18,118.9,73.83
2024-01-19,120.66,74.83
2024-01-22,121.07,74.98
2024-01-23,122.35,75.72
2024-01-24,122.99,76.19
2024-01-25,124.97,77.43
2024-01-26,125.37,77.68
2024-01-29,126.72,78.33
2024-01-30,125.65,77.8
2024-01-31,122.31,75.88
2024-02-01,123.52,76.66
2024-02-02,128.68,79.74
2024-02-05,126.96,78.62
2024-02-06,126.99,78.38
2024-02-07,127.21,78.78
2024-02-08,127.7,79.08
2024-02-09,127.91,79.17
2024-02-12,128.43,79.42
2024-02-13,126.4,78.3
2024-02-14,128.28,79.55
2024-02-15,129.49,80.2
2024-02-16,127.48,78.95
2024-02-20,126.88,78.83
2024-02-21,126.56,78.74
2024-02-22,128.48,79.92
2024-02-23,128.16,79.72
2024-02-26,126.5,78.56
2024-02-27,127.78,79.2
2024-02-28,126.73,78.66
2024-02-29,127.91,79.36
2024-03-01,128.64,80.02
2024-03-04,126.82,78.97
2024-03-05,126.01,78.33
2024-03-06,126.03,78.44
2024-03-07,127.73,79.71
2024-03-08,127.78,79.59
2024-03-11,127.84,79.44
2024-03-12,128.8,80.14
2024-03-13,128.9,80.28
2024-03-14,128.61,80.09
2024-03-15,127.41,79.29
2024-03-18,129.7,80.7
2024-03-19,129.68,80.67
2024-03-20,131.37,81.62
2024-03-21,131.27,81.65
2024-03-22,131.26,81.82
2024-03-25,131.04,81.54
2024-03-26,130.78,81.37
2024-03-27,131.42,81.79
2024-03-28,131.22,81.66
2024-04-01,131.85,82.29
2024-04-02,131.92,82.16
2024-04-03,132.76,82.81
2024-04-04,131.26,81.69
2024-04-05,132.67,82.52
2024-04-08,132.45,82.53
2024-04-09,132.98,82.62
2024-04-10,131.76,81.97
2024-04-11,133.03,82.69
2024-04-12,130.77,81.33
2024-04-15,128.84,80.3
2024-04-16,128.39,80.03
2024-04-17,128.1,79.96
2024-04-18,129.07,80.35
2024-04-19,127.3,79.47
2024-04-22,127.67,79.58
2024-04-23,129.89,80.79
2024-04-24,129.93,80.84
2024-04-25,125.5,77.96
2024-04-26,129.24,80.11
2024-04-29,127.93,79.18
2024-04-30,126.0,77.86
2024-05-01,127.68,78.58
2024-05-02,129.28,79.37
2024-05-03,130.29,80.21
2024-05-06,132.29,81.3
2024-05-07,132.59,81.39
2024-05-08,132.15,81.26
2024-05-09,132.45,81.67
2024-05-10,132.17,81.79
2024-05-13,132.29,81.64
2024-05-14,132.84,82.01
2024-05-15,133.94,82.53
2024-05-16,133.7,82.47
2024-05-17,134.14,82.61
2024-05-20,134.63,82.85
2024-05-21,133.94,82.74
2024-05-22,133.94,82.84
2024-05-23,132.09,81.9
2024-05-24,133.77,82.95
2024-05-28,134.04,83.09
2024-05-29,133.33,82.65
2024-05-30,132.8,82.38
2024-05-31,134.07,83.26
2024-06-03,134.69,83.59
2024-06-04,134.86,83.91
2024-06-05,136.69,84.93
2024-06-06,136.65,84.98
2024-06-07,135.74,84.4
2024-06-10,136.21,84.61
2024-06-11,136.31,84.77
2024-06-12,136.47,84.59
2024-06-13,135.03,83.86
2024-06-14,135.41,84.13
2024-06-17,135.95,84.53
2024-06-18,135.19,84.03
2024-06-20,135.89,84.39
2024-06-21,136.29,84.94
2024-06-24,136.69,85.0
2024-06-25,138.52,85.95
2024-06-26,138.66,85.96
2024-06-27,139.68,86.45
2024-06-28,138.2,85.66
2024-07-01,137.71,85.3
2024-07-02,138.94,86.06
2024-07-03,139.17,86.09
2024-07-05,142.06,87.76
2024-07-08,140.78,86.97
2024-07-09,141.18,87.24
2024-07-10,141.66,87.79
2024-07-11,139.57,86.59
2024-07-12,139.08,86.31
2024-07-15,139.58,86.62
2024-07-16,140.11,86.85
2024-07-17,137.17,85.54
2024-07-18,137.29,85.49
2024-07-19,136.63,85.11
2024-07-22,137.68,85.47
2024-07-23,137.57,85.35
2024-07-24,133.2,83.12
2024-07-25,131.86,82.16
2024-07-26,133.78,83.7
2024-07-29,134.9,84.44
2024-07-30,135.24,84.78
2024-07-31,136.38,85.79
2024-08-01,136.76,86.14
2024-08-02,133.86,84.74
2024-08-05,129.82,82.31
2024-08-06,132.0,83.28
2024-08-07,131.7,82.84
2024-08-08,134.22,84.49
2024-08-09,135.27,85.21
2024-08-12,134.36,84.62
2024-08-13,136.35,85.72
2024-08-14,135.64,85.23
2024-08-15,137.23,86.0
2024-08-16,137.52,86.26
2024-08-19,139.26,87.24
2024-08-20,139.2,87.18
2024-08-21,139.82,87.55
2024-08-22,138.67,86.89
2024-08-23,139.88,87.5
2024-08-26,139.78,87.7
2024-08-27,139.36,87.5
2024-08-28,138.53,86.92
2024-08-29,138.14,86.74
2024-08-30,139.16,87.32
2024-09-03,136.47,85.72
2024-09-04,136.25,85.31
2024-09-05,137.05,85.56
2024-09-06,133.77,83.77
2024-09-09,134.15,84.13
2024-09-10,134.29,84.11
2024-09-11,135.09,84.46
2024-09-12,137.52,86.04
2024-09-13,139.0,86.87
2024-09-16,140.28,87.78
2024-09-17,140.81,87.78
2024-09-18,140.75,87.71
2024-09-19,143.02,88.9
2024-09-20,143.06,88.9
2024-09-23,143.14,88.83
2024-09-24,144.3,89.25
2024-09-25,143.97,88.97
2024-09-26,144.47,89.47
2024-09-27,144.91,90.01
2024-09-30,145.39,90.4
2024-10-01,145.48,90.47
2024-10-02,145.19,90.19
2024-10-03,145.19,89.88
2024-10-04,146.55,90.88
2024-10-07,144.31,89.66
2024-10-08,145.6,90.45
2024-10-09,145.7,90.48
2024-10-10,144.77,89.81
2024-10-11,145.87,90.43
2024-10-14,146.64,90.85
2024-10-15,146.89,91.05
2024-10-16,146.58,90.99
2024-10-17,146.13,90.56
2024-10-18,147.19,91.23
2024-10-21,146.49,90.87
2024-10-22,146.43,91.0
2024-10-23,145.24,90.31
2024-10-24,145.48,90.62
2024-10-25,146.29,90.85
2024-10-28,147.35,91.43
2024-10-29,148.87,92.29
2024-10-30,150.05,92.85
2024-10-31,148.32,92.04
2024-11-01,148.63,92.4
2024-11-04,147.7,92.09
2024-11-05,149.4,93.11
2024-11-06,153.17,95.4
2024-11-07,155.29,96.65
2024-11-08,154.15,96.18
2024-11-11,155.19,96.72
2024-11-12,155.47,97.16
2024-11-13,154.69,97.2
2024-11-14,153.92,97.09
2024-11-15,150.84,95.15
2024-11-18,152.01,96.09
2024-11-19,152.97,96.72
2024-11-20,153.92,97.34
2024-11-21,153.12,97.09
2024-11-22,153.03,96.88
2024-11-25,153.98,97.38
2024-11-26,154.58,97.74
2024-11-27,154.94,97.87
2024-11-29,155.53,98.4
2024-12-02,157.32,99.21
2024-12-03,159.1,100.01
2024-12-04,159.54,100.24
2024-12-05,159.12,100.01
2024-12-06,161.16,100.93
2024-12-09,158.48,98.78
2024-12-10,160.57,100.33
2024-12-11,163.57,101.97
2024-12-12,163.12,102.16
2024-12-13,161.34,100.94
2024-12-16,162.33,101.33
2024-12-17,161.25,100.57
2024-12-18,156.17,97.7
2024-12-19,155.72,97.43
2024-12-20,156.3,97.96
2024-12-23,157.75,98.24
2024-12-24,159.28,99.17
2024-12-26,159.08,99.04
2024-12-27,157.29,98.16
2024-12-30,155.87,97.13
2024-12-31,154.96,96.81
2025-01-02,156.04,97.28
2025-01-03,157.51,97.88
2025-01-06,160.23,98.94
2025-01-07,158.1,97.84
2025-01-08,157.26,97.26
2025-01-10,155.14,95.81
2025-01-13,154.6,95.85
2025-01-14,153.7,95.53
2025-01-15,157.21,97.1
2025-01-16,156.07,96.55
2025-01-17,157.65,97.39
2025-01-21,159.06,98.27
2025-01-22,159.94,99.25
2025-01-23,161.38,99.51
2025-01-24,162.94,100.41
2025-01-27,163.1,100.93
2025-01-28,164.31,101.42
2025-01-29,165.14,101.87
2025-01-30,165.97,101.97
2025-01-31,166.24,102.38
2025-02-03,166.5,102.6
2025-02-04,168.54,103.52
2025-02-05,165.99,102.52
2025-02-06,166.56,102.96
2025-02-07,166.04,102.74
2025-02-10,167.09,103.2
2025-02-11,167.31,103.37
2025-02-12,167.45,103.48
2025-02-13,168.36,104.67
2025-02-14,169.24,105.31
2025-02-18,167.59,104.82
2025-02-19,167.08,104.94
2025-02-20,165.97,104.45
2025-02-21,162.91,103.02
2025-02-24,162.53,103.22
2025-02-25,160.17,101.69
2025-02-26,160.27,101.51
2025-02-27,158.2,100.53
2025-02-28,160.14,102.0
2025-03-03,158.13,100.98
2025-03-04,156.88,100.18
2025-03-05,159.16,101.47
2025-03-06,156.12,99.65
2025-03-07,156.74,100.29
2025-03-10,151.58,97.79
2025-03-11,150.04,96.35
2025-03-12,151.38,96.83
2025-03-13,147.73,94.84
2025-03-14,150.58,96.58
2025-03-17,151.4,97.27
2025-03-18,148.92,95.91
2025-03-19,150.79,97.05
2025-03-20,150.48,96.84
2025-03-21,151.76,97.6
2025-03-24,154.56,98.69
2025-03-25,155.95,99.94
2025-03-26,153.91,99.09
2025-03-27,152.76,98.65
2025-03-28,148.1,95.74
2025-03-31,148.39,96.45
2025-04-01,149.38,96.51
2025-04-02,149.54,96.85
2025-04-03,142.2,92.53
2025-04-04,134.43,87.23
2025-04-07,135.04,87.35
2025-04-08,133.12,86.13
2025-04-09,145.75,93.74
2025-04-10,140.11,90.5
2025-04-11,141.38,91.27
2025-04-14,141.83,91.88
2025-04-15,141.58,92.11
2025-04-16,138.14,89.63
2025-04-17,138.78,90.21
2025-04-21,135.62,88.18
2025-04-22,138.97,90.48
2025-04-23,141.87,91.93
2025-04-24,144.82,93.77
2025-04-25,145.91,94.36
2025-04-28,146.43,94.72
2025-04-29,147.41,95.41
2025-04-30,146.69,95.44
2025-05-01,148.25,95.93
2025-05-02,151.25,97.42
2025-05-05,151.47,97.65
2025-05-06,150.91,97.63
2025-05-07,149.83,97.45
2025-05-08,150.56,97.68
2025-05-09,150.57,97.18
2025-05-12,155.06,99.2
2025-05-13,156.71,100.17
2025-05-14,158.3,100.69
2025-05-15,158.1,101.09
2025-05-16,159.03,101.78
2025-05-19,158.94,101.88
2025-05-20,158.28,101.63
2025-05-21,157.63,100.87
2025-05-22,157.74,100.65
2025-05-23,156.75,100.19
2025-05-27,159.73,101.82
2025-05-28,159.36,101.8
2025-05-29,158.68,100.98
2025-05-30,159.36,101.4
2025-06-02,160.33,101.9
2025-06-03,159.66,101.61
2025-06-04,161.35,102.26
2025-06-05,161.33,102.4
2025-06-06,163.96,103.71
2025-06-09,164.08,103.41
2025-06-10,166.14,104.72
2025-06-11,165.28,104.48
2025-06-12,164.04,103.63
2025-06-13,162.44,102.58
2025-06-16,165.47,104.34
2025-06-17,164.04,103.42
2025-06-18,163.91,103.47
2025-06-20,161.98,102.84
2025-06-23,163.69,103.89
2025-06-24,166.04,105.23
2025-06-25,165.87,105.21
2025-06-26,167.79,106.43
2025-06-27,169.95,107.68
2025-06-30,171.03,108.53
2025-07-01,169.7,107.76
2025-07-02,169.85,107.45
2025-07-03,170.84,108.04
2025-07-07,169.58,107.0
2025-07-08,169.17,106.78
2025-07-09,170.06,107.06
2025-07-10,169.84,106.7
2025-07-11,169.0,106.01
2025-07-14,170.58,107.05
2025-07-15,169.31,105.99
2025-07-16,169.65,106.31
2025-07-17,170.37,106.68
2025-07-18,170.38,106.19
2025-07-21,172.53,107.61
2025-07-22,172.64,107.86
2025-07-23,173.65,108.45
2025-07-24,173.86,108.63
2025-07-25,172.85,107.62
2025-07-28,172.48,107.04
2025-07-29,171.0,106.12
2025-07-30,171.51,106.45
2025-07-31,174.91,107.41
2025-08-01,171.49,106.12
2025-08-04,175.53,108.16
2025-08-05,174.09,107.32
2025-08-06,175.26,107.73
2025-08-07,173.97,107.27
2025-08-08,174.2,107.63
2025-08-11,174.6,108.18
2025-08-12,177.81,110.25
2025-08-13,178.68,111.11
2025-08-14,178.81,111.2
2025-08-15,179.34,111.48
2025-08-18,178.43,110.8
2025-08-19,176.72,110.18
2025-08-20,175.83,109.85
2025-08-21,175.47,109.73
2025-08-22,178.51,111.31
2025-08-25,179.14,111.49
2025-08-26,179.04,111.0
2025-08-27,179.22,111.19
2025-08-28,180.39,111.61
2025-08-29,180.19,111.39
2025-09-02,179.66,111.2
2025-09-03,183.39,113.06
2025-09-04,184.76,114.08
2025-09-05,185.8,114.69
2025-09-08,186.0,114.82
2025-09-09,187.58,115.47
2025-09-10,185.88,114.62
2025-09-11,187.56,116.38
2025-09-12,188.05,117.35
2025-09-15,191.14,119.0
2025-09-16,191.1,118.52
2025-09-17,191.36,118.83
2025-09-18,191.85,118.92
2025-09-19,192.17,119.41
2025-09-22,191.23,118.58
2025-09-23,190.39,118.41
2025-09-24,188.56,117.43
2025-09-25,187.55,117.03
2025-09-26,188.35,118.17
2025-09-29,188.6,118.55
2025-09-30,187.73,118.37
2025-10-01,185.67,116.71
2025-10-02,186.13,116.45
2025-10-03,185.4,116.39
2025-10-06,186.45,116.51
2025-10-07,184.96,116.06
2025-10-08,184.92,115.58
2025-10-09,184.59,114.92
2025-10-10,180.26,112.8
2025-10-13,183.14,113.84
2025-10-14,184.2,114.59
2025-10-15,186.18,115.4
2025-10-16,184.45,114.17
2025-10-17,185.15,114.94
2025-10-20,187.65,116.24
2025-10-21,187.2,116.65
2025-10-22,185.54,115.64
2025-10-23,185.37,115.25
2025-10-24,187.14,115.55
2025-10-27,190.54,117.16
2025-10-28,190.02,116.58
2025-10-29,190.8,116.29
2025-10-30,186.22,114.32
2025-10-31,186.65,114.81
2025-11-03,185.31,113.59
2025-11-04,182.8,112.81
2025-11-05,184.27,113.42
2025-11-06,182.72,112.4
2025-11-07,182.33,112.11
2025-11-10,185.42,113.28
2025-11-11,186.29,114.2
2025-11-12,184.62,113.54
2025-11-13,181.4,111.93
2025-11-14,180.29,111.33
2025-11-17,180.51,111.18
2025-11-18,180.96,111.81
2025-11-19,180.93,111.19
2025-11-20,178.55,109.97
2025-11-21,181.95,111.9
2025-11-24,186.32,113.01
2025-11-25,189.53,114.3
2025-11-26,189.29,114.46
2025-11-28,191.21,115.39
2025-12-01,189.94,114.85
2025-12-02,190.65,115.23
2025-12-03,190.67,115.13
2025-12-04,192.4,115.79
2025-12-05,194.59,117.13
2025-12-08,193.01,116.26
2025-12-09,192.91,116.39
2025-12-10,193.69,117.07
2025-12-11,193.29,116.81
2025-12-12,191.78,116.55
2025-12-15,191.26,116.57
2025-12-16,192.06,116.65
2025-12-17,189.29,115.81
2025-12-18,191.31,116.47
2025-12-19,191.6,116.52
2025-12-22,192.95,116.66
2025-12-23,193.86,117.39
2025-12-24,194.57,118.09
2025-12-26,193.95,117.97
2025-12-29,193.8,117.89
2025-12-30,194.71,118.29
2025-12-31,193.63,117.72
2026-01-02,193.06,116.9
2026-01-05,194.7,117.75
2026-01-06,194.41,117.33
2026-01-07,193.67,117.09
2026-01-08,194.32,117.48
2026-01-09,195.45,117.91
2026-01-12,195.29,117.55
2026-01-13,194.81,116.89
2026-01-14,194.07,116.64
2026-01-15,193.4,116.21
2026-01-16,192.3,115.17
2026-01-20,188.78,113.47
2026-01-21,190.4,114.63
2026-01-22,194.12,116.25
2026-01-23,194.66,116.96
2026-01-26,195.86,117.77
2026-01-27,194.98,116.9
2026-01-28,194.83,116.75
2026-01-29,200.36,119.79
2026-01-30,199.46,120.08
2026-02-02,198.74,119.67
2026-02-03,195.88,117.74
2026-02-04,192.83,116.8
2026-02-05,191.38,116.21
2026-02-06,190.84,115.76
2026-02-09,192.97,116.88
2026-02-10,193.05,117.58
2026-02-11,191.24,116.74
2026-02-12,187.47,114.64
2026-02-13,187.07,114.58
2026-02-17,186.67,114.4
2026-02-18,187.63,114.59
2026-02-19,187.74,115.14
2026-02-20,190.8,116.8
2026-02-23,187.97,115.36
2026-02-24,189.14,116.16
2026-02-25,190.28,116.5
2026-02-26,190.53,116.72
2026-02-27,192.11,118.05
2026-03-02,191.91,117.87
2026-03-03,192.14,117.96
2026-03-04,193.85,118.79
2026-03-05,192.74,118.44
2026-03-06,190.54,117.46
2026-03-09,191.02,117.56
2026-03-10,190.71,117.38
2026-03-11,190.42,117.0
2026-03-12,187.1,115.27
2026-03-13,185.4,114.45
2026-03-16,187.53,115.33
2026-03-17,188.2,115.37
2026-03-18,185.42,113.66
2026-03-19,184.63,113.14
2026-03-20,182.65,112.23
2026-03-23,184.37,112.71
2026-03-24,180.89,111.13
2026-03-25,181.77,111.44
2026-03-26,176.3,108.81
2026-03-27,172.79,107.04
2026-03-30,173.76,107.96
2026-03-31,179.84,110.86
2026-04-01,181.43,111.24
2026-04-02,182.15,111.7
2026-04-06,182.38,111.76
2026-04-07,183.2,111.82
2026-04-08,187.69,113.81
2026-04-09,188.82,114.27
2026-04-10,188.5,113.95
2026-04-13,190.08,114.82
2026-04-14,194.23,116.56
2026-04-15,196.24,117.36
2026-04-16,198.14,118.83
2026-04-17,199.05,119.1
2026-04-20,197.5,118.75
2026-04-21,195.08,117.16
2026-04-22,196.86,117.88
2026-04-23,195.32,117.39
2026-04-24,194.94,115.54
2026-04-27,195.79,115.81
2026-04-28,194.98,115.75
2026-04-29,194.6,115.29
2026-04-30,196.84,116.51
2026-05-01,196.73,116.72
2026-05-04,195.92,116.1
2026-05-05,195.32,115.63
2026-05-06,198.33,117.35
2026-05-07,198.12,117.38
2026-05-08,197.71,116.94
2026-05-11,194.42,115.58
2026-05-12,194.56,115.86
2026-05-13,197.21,116.76
2026-05-14,197.63,117.11
2026-05-15,195.67,116.08
2026-05-18,197.12,116.98
2026-05-19,194.73,115.85
2026-05-20,195.25,116.1
2026-05-21,195.89,116.1
2026-05-22,195.55,115.46
2026-05-26,196.74,115.55
2026-05-27,198.91,116.26
2026-05-28,199.44,116.67
2026-05-29,197.08,115.69
2026-06-01,194.83,115.61
2026-06-02,192.11,113.57
2026-06-03,190.5,112.08
2026-06-04,192.13,113.11
2026-06-05,188.53,111.67
2026-06-08,187.17,111.09
2026-06-09,187.5,111.48
2026-06-10,185.88,111.01
2026-06-11,187.3,112.12
2026-06-12,187.35,111.65
2026-06-15,190.41,112.19
2026-06-16,190.83,112.32
2026-06-17,185.52,109.2
2026-06-18,186.87,109.45
2026-06-22,182.37,106.86
2026-06-23,182.84,107.27
2026-06-24,181.16,106.54
2026-06-25,179.12,105.58
2026-06-26,180.8,106.18
2026-06-29,184.88,107.88
2026-06-30,183.95,107.13
2026-07-01,188.8,109.74
2026-07-02,187.85,109.6
2026-07-06,189.14,110.21
2026-07-07,189.99,111.02
2026-07-08,187.45,109.46
2026-07-09,189.59,110.51
2026-07-10,191.52,111.64
2026-07-13,190.7,111.59
2026-07-14,191.02,111.45
2026-07-15,194.72,113.38
2026-07-16,191.86,112.65
2026-07-17,188.08,110.65
2026-07-20,188.47,110.8
2026-07-21,187.64,110.03
2026-07-22,185.33,109.2
2026-07-23,178.8,105.38
2026-07-24,179.81,106.3
2026-07-27,182.17,107.66
2026-07-28,185.13,109.67
2026-07-29,184.81,109.51
2026-07-30,179.77,106.58
2026-07-31,181.78,108.24
2026-08-03,188.05,111.34
2026-08-04,189.77,112.04
2026-08-05,186.48,110.87
2026-08-06,186.32,111.18
2026-08-07,187.52,111.25
2026-08-10,188.38,111.83
2026-08-11,186.59,111.27
2026-08-12,185.16,110.27
2026-08-13,188.52,112.55
2026-08-14,189.18,112.95
2026-08-17,185.83,110.82
2026-08-18,184.36,110.48
2026-08-19,185.67,111.32
2026-08-20,184.49,110.68
2026-08-21,185.96,111.4
2026-08-24,187.35,112.32
2026-08-25,189.03,113.18
