date,FNCL,IYF,VFH,XLF
2021-08-30,54.84,84.73,94.72,38.45
2021-08-31,54.88,84.73,94.8,38.4
2021-09-01,54.62,84.75,94.34,38.18
2021-09-02,54.73,84.84,94.63,38.31
2021-09-03,54.5,84.51,94.17,38.07
2021-09-07,54.1,84.01,93.57,37.84
2021-09-08,53.96,84.04,93.21,37.75
2021-09-09,54.04,83.81,93.45,37.86
2021-09-10,53.68,83.06,92.7,37.58
2021-09-13,54.23,83.8,93.72,38.01
2021-09-14,53.47,82.9,92.4,37.5
2021-09-15,54.04,83.54,93.36,37.86
2021-09-16,53.94,83.46,93.2,37.75
2021-09-17,53.46,82.98,92.84,37.58
2021-09-20,52.2,80.97,90.61,36.55
2021-09-21,52.16,80.92,90.5,36.5
2021-09-22,52.9,82.06,91.88,37.11
2021-09-23,54.21,84.0,94.09,38.02
2021-09-24,54.51,84.03,94.65,38.22
2021-09-27,55.25,85.07,96.02,38.74
2021-09-28,54.42,83.65,94.43,38.1
2021-09-29,54.46,83.82,94.04,38.13
2021-09-30,53.69,82.55,92.65,37.53
2021-10-01,54.49,83.73,94.11,38.15
2021-10-04,54.18,83.02,93.52,37.82
2021-10-05,55.05,84.56,95.1,38.56
2021-10-06,55.13,84.72,95.23,38.6
2021-10-07,55.56,85.34,95.86,38.83
2021-10-08,55.8,85.81,96.4,39.02
2021-10-11,55.31,85.0,95.4,38.63
2021-10-12,55.22,84.87,95.28,38.51
2021-10-13,54.97,84.61,94.89,38.29
2021-10-14,55.86,86.07,96.42,38.93
2021-10-15,56.6,87.2,97.6,39.51
2021-10-18,56.57,87.21,97.65,39.52
2021-10-19,57.11,88.14,98.57,39.91
2021-10-20,57.69,88.84,99.52,40.23
2021-10-21,57.53,88.75,99.25,40.06
2021-10-22,58.25,89.81,100.47,40.62
2021-10-25,58.25,89.83,100.47,40.57
2021-10-26,58.26,89.93,100.48,40.6
2021-10-27,57.15,88.38,98.63,39.93
2021-10-28,57.87,89.62,99.88,40.42
2021-10-29,57.71,89.22,99.65,40.26
2021-11-01,58.0,89.5,100.1,40.28
2021-11-02,58.07,89.78,100.29,40.38
2021-11-03,58.47,90.24,100.95,40.53
2021-11-04,57.76,88.99,99.68,40.0
2021-11-05,57.87,89.03,99.92,40.02
2021-11-08,58.12,89.38,100.36,40.24
2021-11-09,57.84,89.02,99.88,40.02
2021-11-10,57.7,88.61,99.58,39.95
2021-11-11,57.92,88.97,99.98,40.06
2021-11-12,57.96,89.18,100.08,40.15
2021-11-15,57.96,89.14,100.12,40.15
2021-11-16,57.93,89.15,100.01,40.11
2021-11-17,57.29,88.2,98.95,39.65
2021-11-18,57.05,87.86,98.54,39.45
2021-11-19,56.46,86.93,97.44,39.02
2021-11-22,57.13,88.05,98.73,39.57
2021-11-23,57.98,89.3,100.09,40.19
2021-11-24,57.88,89.17,99.92,40.1
2021-11-26,55.95,86.36,96.51,38.77
2021-11-29,56.07,86.7,96.75,38.89
2021-11-30,54.69,84.48,94.32,37.96
2021-12-01,54.05,83.61,93.24,37.54
2021-12-02,55.6,86.01,96.06,38.66
2021-12-03,54.7,84.6,94.44,38.03
2021-12-06,55.49,85.69,95.83,38.61
2021-12-07,56.41,87.24,97.45,39.3
2021-12-08,56.24,86.83,97.1,39.09
2021-12-09,55.96,86.5,96.64,39.01
2021-12-10,55.98,86.54,96.66,39.05
2021-12-13,55.27,85.21,95.38,38.63
2021-12-14,55.48,85.6,95.9,38.86
2021-12-15,55.75,86.07,96.26,38.97
2021-12-16,56.19,86.79,96.48,39.46
2021-12-17,54.82,85.0,94.59,38.59
2021-12-20,53.73,83.34,92.72,37.66
2021-12-21,54.89,85.08,94.77,38.44
2021-12-22,55.29,85.69,95.42,38.62
2021-12-23,55.7,86.29,96.1,38.82
2021-12-27,56.23,87.21,97.07,39.22
2021-12-28,56.2,87.12,97.04,39.24
2021-12-29,56.14,87.07,96.92,39.19
2021-12-30,56.02,86.79,96.67,39.12
2021-12-31,55.92,86.69,96.57,39.05
2022-01-03,56.55,87.57,97.67,39.53
2022-01-04,57.86,89.6,99.9,40.57
2022-01-05,57.1,88.38,98.48,40.1
2022-01-06,57.96,89.79,100.1,40.69
2022-01-07,58.58,90.64,101.06,41.17
2022-01-10,58.36,90.37,100.77,41.03
2022-01-11,58.9,91.28,101.74,41.39
2022-01-12,58.97,91.32,101.75,41.42
2022-01-13,58.68,90.89,101.35,41.26
2022-01-14,58.22,90.16,100.46,40.83
2022-01-18,56.89,88.23,98.22,39.92
2022-01-19,55.9,86.69,96.46,39.25
2022-01-20,55.46,86.13,95.68,39.0
2022-01-21,54.38,84.38,93.85,38.2
2022-01-24,54.57,84.66,94.19,38.31
2022-01-25,54.75,84.58,94.49,38.47
2022-01-26,54.7,84.82,94.45,38.57
2022-01-27,54.26,84.18,93.63,38.22
2022-01-28,54.91,85.41,94.87,38.72
2022-01-31,55.65,86.36,96.02,39.06
2022-02-01,56.41,87.57,97.32,39.6
2022-02-02,56.64,88.14,97.78,39.87
2022-02-03,56.03,87.03,96.65,39.43
2022-02-04,56.93,88.47,98.23,40.1
2022-02-07,57.06,88.68,98.6,40.22
2022-02-08,57.88,89.71,99.87,40.78
2022-02-09,58.19,90.3,100.39,41.04
2022-02-10,57.68,89.49,99.59,40.68
2022-02-11,56.83,87.98,98.06,40.11
2022-02-14,56.23,86.98,97.01,39.66
2022-02-15,57.12,88.29,98.62,40.2
2022-02-16,57.19,88.41,98.7,40.23
2022-02-17,55.69,86.11,96.17,39.23
2022-02-18,55.68,85.96,96.1,39.22
2022-02-22,55.3,85.49,95.51,39.02
2022-02-23,54.34,84.09,93.83,38.34
2022-02-24,53.76,83.18,92.91,37.88
2022-02-25,55.53,86.01,95.93,39.1
2022-02-28,54.91,84.83,94.75,38.52
2022-03-01,52.83,81.85,91.15,37.1
2022-03-02,54.21,84.2,93.61,38.06
2022-03-03,53.98,83.78,93.18,37.94
2022-03-04,52.81,82.16,91.18,37.23
2022-03-07,50.69,78.96,87.58,35.87
2022-03-08,50.54,78.62,87.26,35.66
2022-03-09,52.36,81.49,90.47,36.97
2022-03-10,52.02,80.85,89.83,36.66
2022-03-11,51.7,80.31,89.22,36.4
2022-03-14,52.13,81.03,90.0,36.86
2022-03-15,52.8,82.09,91.11,37.38
2022-03-16,54.35,84.54,93.83,38.43
2022-03-17,54.89,85.45,94.76,38.91
2022-03-18,54.89,85.87,95.18,39.0
2022-03-21,54.73,85.72,94.92,38.81
2022-03-22,55.63,87.13,96.54,39.44
2022-03-23,54.54,85.53,94.63,38.71
2022-03-24,55.0,85.85,94.96,39.02
2022-03-25,55.62,86.81,96.09,39.52
2022-03-28,55.43,86.61,95.8,39.41
2022-03-29,55.9,87.17,96.44,39.5
2022-03-30,55.26,86.29,95.48,39.22
2022-03-31,54.15,84.53,93.39,38.32
2022-04-01,54.04,84.37,93.29,38.22
2022-04-04,53.82,84.0,92.99,38.05
2022-04-05,53.39,83.33,92.12,37.81
2022-04-06,52.9,82.65,91.34,37.55
2022-04-07,52.69,82.47,90.99,37.51
2022-04-08,53.08,83.18,91.7,37.89
2022-04-11,52.84,82.79,91.27,37.72
2022-04-12,52.31,81.93,90.39,37.31
2022-04-13,52.48,82.11,90.67,37.31
2022-04-14,51.91,81.23,89.64,36.89
2022-04-18,52.18,81.47,90.11,37.11
2022-04-19,52.99,82.66,91.51,37.62
2022-04-20,53.37,83.31,92.24,37.88
2022-04-21,52.48,81.89,90.68,37.28
2022-04-22,50.99,79.46,88.03,36.17
2022-04-25,51.08,79.58,88.19,36.23
2022-04-26,49.72,77.44,85.87,35.32
2022-04-27,49.63,77.47,85.72,35.29
2022-04-28,50.33,78.54,86.99,35.74
2022-04-29,48.59,75.77,83.93,34.51
2022-05-02,48.79,76.09,84.3,34.52
2022-05-03,49.46,77.1,85.38,34.97
2022-05-04,50.9,79.33,87.98,36.04
2022-05-05,49.46,77.03,85.44,34.99
2022-05-06,49.06,76.45,84.7,34.74
2022-05-09,47.85,74.48,82.64,33.91
2022-05-10,47.46,73.96,81.91,33.61
2022-05-11,46.89,73.12,81.0,33.3
2022-05-12,46.67,72.88,80.6,33.05
2022-05-13,47.44,74.12,81.93,33.53
2022-05-16,47.08,73.54,81.36,33.25
2022-05-17,48.4,75.57,83.64,34.14
2022-05-18,47.12,73.43,81.39,33.2
2022-05-19,46.81,72.93,80.8,32.98
2022-05-20,46.74,72.95,80.74,32.92
2022-05-23,48.12,75.14,83.12,33.99
2022-05-24,47.99,74.89,82.86,33.92
2022-05-25,48.45,75.56,83.64,34.19
2022-05-26,49.61,77.39,85.66,34.98
2022-05-27,50.52,78.74,87.21,35.57
2022-05-31,50.36,78.43,86.88,35.47
2022-06-01,49.54,77.13,85.46,34.9
2022-06-02,50.3,78.41,86.84,35.38
2022-06-03,49.56,77.2,85.61,34.87
2022-06-06,49.79,77.55,85.91,34.97
2022-06-07,50.11,78.1,86.57,35.24
2022-06-08,49.27,76.73,85.06,34.62
2022-06-09,48.02,74.52,82.91,33.75
2022-06-10,46.31,71.9,79.93,32.53
2022-06-13,44.77,69.61,77.31,31.56
2022-06-14,44.45,69.1,76.82,31.29
2022-06-15,44.95,69.91,77.64,31.64
2022-06-16,43.68,67.96,75.42,30.84
2022-06-17,43.64,68.22,75.85,30.93
2022-06-21,44.51,69.65,77.32,31.38
2022-06-22,44.42,69.48,77.21,31.31
2022-06-23,44.27,69.35,76.58,31.19
2022-06-24,45.96,72.01,79.41,32.34
2022-06-27,45.75,71.73,79.17,32.23
2022-06-28,45.33,71.07,78.42,31.91
2022-06-29,44.98,70.53,77.79,31.73
2022-06-30,44.63,69.98,77.19,31.45
2022-07-01,45.27,70.91,78.24,31.88
2022-07-05,45.19,70.78,78.15,31.77
2022-07-06,44.98,70.53,77.8,31.69
2022-07-07,45.67,71.57,78.98,32.15
2022-07-08,45.54,71.35,78.75,32.08
2022-07-11,45.13,70.77,78.03,31.82
2022-07-12,44.89,70.32,77.61,31.62
2022-07-13,44.45,69.62,76.78,31.34
2022-07-14,43.58,68.29,75.35,30.74
2022-07-15,45.04,70.55,77.87,31.78
2022-07-18,44.91,70.27,77.59,31.66
2022-07-19,46.31,72.46,79.99,32.61
2022-07-20,46.56,72.81,80.5,32.73
2022-07-21,46.79,73.26,80.95,32.94
2022-07-22,46.49,72.72,80.36,32.75
2022-07-25,46.82,73.18,80.91,32.96
2022-07-26,46.22,72.19,79.86,32.5
2022-07-27,46.96,73.32,81.13,33.0
2022-07-28,47.34,73.99,81.79,33.24
2022-07-29,47.97,75.05,82.94,33.71
2022-08-01,47.66,74.43,82.38,33.43
2022-08-02,47.12,73.66,81.4,33.06
2022-08-03,47.81,74.8,82.65,33.56
2022-08-04,47.68,74.59,82.38,33.45
2022-08-05,48.04,75.13,83.0,33.69
2022-08-08,48.04,75.13,82.97,33.67
2022-08-09,48.24,75.39,83.34,33.84
2022-08-10,49.4,77.23,85.33,34.6
2022-08-11,49.87,78.0,86.25,35.01
2022-08-12,50.67,79.3,87.6,35.56
2022-08-15,50.74,79.37,87.68,35.55
2022-08-16,51.06,79.83,88.21,35.81
2022-08-17,50.75,79.4,87.72,35.63
2022-08-18,50.81,79.6,87.85,35.67
2022-08-19,49.83,77.89,86.09,34.96
2022-08-22,48.75,76.25,84.21,34.19
2022-08-23,48.57,76.0,83.93,34.05
2022-08-24,48.79,76.38,84.26,34.23
2022-08-25,49.54,77.53,85.58,34.76
2022-08-26,48.05,75.17,83.01,33.72
2022-08-29,47.63,74.57,82.32,33.48
2022-08-30,47.41,74.18,81.93,33.3
2022-08-31,47.05,73.69,81.33,33.05
2022-09-01,47.14,73.88,81.46,33.15
2022-09-02,46.79,73.29,80.84,32.89
2022-09-06,46.63,73.14,80.59,32.81
2022-09-07,47.55,74.62,82.2,33.46
2022-09-08,48.33,75.93,83.54,34.05
2022-09-09,48.86,76.65,84.4,34.36
2022-09-12,49.29,77.27,85.16,34.64
2022-09-13,47.42,74.4,81.99,33.35
2022-09-14,47.36,74.28,81.93,33.25
2022-09-15,47.56,74.47,82.18,33.36
2022-09-16,46.81,73.71,81.39,33.06
2022-09-19,47.34,74.54,82.33,33.26
2022-09-20,46.65,73.39,81.17,32.77
2022-09-21,45.76,71.95,79.59,32.09
2022-09-22,44.92,70.69,78.11,31.55
2022-09-23,44.14,69.51,76.77,31.05
2022-09-26,43.44,68.01,75.49,30.56
2022-09-27,43.2,67.77,75.16,30.43
2022-09-28,44.08,69.08,76.17,31.03
2022-09-29,43.45,68.18,75.14,30.64
2022-09-30,43.08,67.55,74.44,30.36
2022-10-03,44.22,69.37,76.41,31.18
2022-10-04,45.99,72.16,79.53,32.34
2022-10-05,45.65,71.61,78.9,32.09
2022-10-06,45.06,70.64,77.9,31.64
2022-10-07,43.99,68.96,75.97,30.89
2022-10-10,43.81,68.66,75.69,30.75
2022-10-11,43.29,67.77,74.84,30.36
2022-10-12,43.24,67.64,74.7,30.29
2022-10-13,44.92,70.21,77.63,31.54
2022-10-14,44.21,69.02,76.39,31.01
2022-10-17,45.29,70.75,78.23,31.79
2022-10-18,45.99,71.8,79.43,32.3
2022-10-19,45.21,70.67,78.15,31.77
2022-10-20,44.42,69.39,76.75,31.26
2022-10-21,45.61,71.38,78.8,32.19
2022-10-24,46.2,72.28,79.84,32.62
2022-10-25,46.84,73.28,80.94,33.01
2022-10-26,46.96,73.5,81.15,33.09
2022-10-27,47.32,74.1,81.83,33.36
2022-10-28,48.55,75.91,83.94,34.19
2022-10-31,48.29,75.48,83.48,33.98
2022-11-01,48.5,75.84,83.83,34.07
2022-11-02,47.84,74.85,82.68,33.64
2022-11-03,47.35,74.1,81.78,33.3
2022-11-04,48.29,75.5,83.44,33.91
2022-11-07,48.73,76.21,84.24,34.25
2022-11-08,48.95,76.54,84.54,34.45
2022-11-09,48.09,75.17,83.07,33.87
2022-11-10,50.57,79.11,87.41,35.58
2022-11-11,50.93,79.73,87.96,35.87
2022-11-14,50.06,78.33,86.49,35.36
2022-11-15,50.22,78.61,86.72,35.44
2022-11-16,49.89,78.09,86.13,35.27
2022-11-17,49.51,77.64,85.58,35.08
2022-11-18,49.86,78.19,86.18,35.37
2022-11-21,50.05,78.47,86.45,35.48
2022-11-22,50.51,79.22,87.36,35.84
2022-11-23,50.72,79.55,87.66,35.99
2022-11-25,50.97,79.94,88.05,36.11
2022-11-28,50.06,78.5,86.45,35.49
2022-11-29,50.32,78.91,87.05,35.7
2022-11-30,51.2,80.38,88.6,36.31
2022-12-01,50.94,79.9,87.96,36.1
2022-12-02,50.73,79.56,87.64,35.93
2022-12-05,49.32,77.35,85.21,35.04
2022-12-06,48.92,76.74,84.49,34.73
2022-12-07,48.63,76.31,84.14,34.59
2022-12-08,48.74,76.55,84.25,34.62
2022-12-09,48.58,76.19,83.95,34.53
2022-12-12,49.18,77.18,85.01,34.99
2022-12-13,49.29,77.0,85.19,35.08
2022-12-14,48.61,75.96,84.07,34.64
2022-12-15,47.67,74.56,81.83,33.96
2022-12-16,47.01,73.92,81.08,33.7
2022-12-19,46.9,73.74,80.86,33.4
2022-12-20,47.08,73.96,81.21,33.54
2022-12-21,47.91,75.29,82.59,34.06
2022-12-22,47.45,74.54,81.78,33.76
2022-12-23,47.69,75.0,82.33,33.95
2022-12-27,47.69,74.96,82.24,33.94
2022-12-28,47.37,74.56,81.72,33.82
2022-12-29,48.15,75.75,83.02,34.29
2022-12-30,47.94,75.47,82.73,34.2
2023-01-03,48.1,75.72,82.99,34.32
2023-01-04,48.85,76.9,84.24,34.87
2023-01-05,48.43,76.28,83.53,34.61
2023-01-06,49.53,78.05,85.55,35.38
2023-01-09,49.4,77.84,85.24,35.25
2023-01-10,49.76,78.35,85.9,35.45
2023-01-11,50.24,79.07,86.64,35.78
2023-01-12,50.47,79.4,87.08,35.85
2023-01-13,50.84,79.88,87.65,36.12
2023-01-17,50.5,79.44,87.12,35.88
2023-01-18,49.53,78.01,85.49,35.21
2023-01-19,48.98,77.07,84.51,34.8
2023-01-20,49.86,78.36,85.98,35.35
2023-01-23,50.41,79.26,87.05,35.76
2023-01-24,50.37,79.29,86.96,35.78
2023-01-25,50.76,79.79,87.55,36.06
2023-01-26,51.1,80.38,88.13,36.25
2023-01-27,51.21,80.27,88.32,36.25
2023-01-30,50.89,79.81,87.85,36.07
2023-01-31,51.67,80.98,89.21,36.56
2023-02-01,51.86,81.17,89.49,36.56
2023-02-02,52.03,81.34,89.81,36.66
2023-02-03,52.07,81.2,89.81,36.59
2023-02-06,51.89,81.05,89.52,36.58
2023-02-07,52.48,82.05,90.64,37.0
2023-02-08,52.17,81.55,90.11,36.78
2023-02-09,51.48,80.43,88.86,36.37
2023-02-10,51.69,80.77,89.12,36.49
2023-02-13,52.26,81.72,90.19,36.91
2023-02-14,52.0,81.25,89.68,36.71
2023-02-15,52.17,81.47,89.96,36.75
2023-02-16,51.61,80.62,89.05,36.38
2023-02-17,51.66,80.65,89.12,36.39
2023-02-21,50.57,78.99,87.23,35.64
2023-02-22,50.49,78.86,87.09,35.6
2023-02-23,50.58,78.97,87.28,35.63
2023-02-24,50.56,78.97,87.26,35.66
2023-02-27,50.54,78.99,87.18,35.65
2023-02-28,50.64,79.11,87.36,35.72
2023-03-01,50.48,78.88,87.02,35.6
2023-03-02,50.16,78.44,86.51,35.43
2023-03-03,50.92,79.66,87.85,35.99
2023-03-06,50.82,79.63,87.68,36.02
2023-03-07,49.59,77.68,85.6,35.09
2023-03-08,49.44,77.43,85.25,34.96
2023-03-09,47.34,74.17,81.68,33.54
2023-03-10,46.18,72.43,79.66,32.93
2023-03-13,44.21,69.69,76.29,31.63
2023-03-14,45.3,71.16,78.09,32.27
2023-03-15,44.13,69.27,76.07,31.41
2023-03-16,45.01,70.65,77.59,32.01
2023-03-17,43.18,68.3,74.99,30.98
2023-03-20,43.74,69.24,75.95,31.17
2023-03-21,45.08,71.22,78.26,31.96
2023-03-22,43.8,69.32,76.0,31.22
2023-03-23,43.29,68.23,75.21,31.01
2023-03-24,43.42,68.38,74.95,30.99
2023-03-27,44.12,69.51,76.13,31.42
2023-03-28,44.13,69.57,76.17,31.41
2023-03-29,44.76,70.6,77.29,31.87
2023-03-30,44.57,70.4,77.01,31.8
2023-03-31,45.1,71.14,77.89,32.15
2023-04-03,45.02,71.19,77.75,32.21
2023-04-04,44.5,70.31,76.8,31.91
2023-04-05,44.39,70.27,76.71,31.87
2023-04-06,44.62,70.64,77.05,31.99
2023-04-10,44.8,70.9,77.36,32.06
2023-04-11,45.19,71.47,78.04,32.34
2023-04-12,45.08,71.45,77.86,32.27
2023-04-13,45.37,71.86,78.32,32.56
2023-04-14,45.74,72.54,78.98,32.88
2023-04-17,46.37,73.51,80.12,33.26
2023-04-18,46.54,73.88,80.35,33.36
2023-04-19,46.83,74.28,80.93,33.44
2023-04-20,46.58,73.84,80.42,33.34
2023-04-21,46.27,73.4,79.94,33.22
2023-04-24,46.15,73.25,79.75,33.14
2023-04-25,45.22,71.89,78.14,32.57
2023-04-26,44.83,71.11,77.35,32.26
2023-04-27,45.53,72.32,78.66,32.78
2023-04-28,46.09,73.17,79.58,33.17
2023-05-01,45.89,72.97,79.28,33.08
2023-05-02,44.69,71.18,77.18,32.33
2023-05-03,44.08,70.2,76.17,31.96
2023-05-04,43.27,68.91,74.65,31.55
2023-05-05,44.37,70.69,76.7,32.33
2023-05-08,44.44,70.8,76.68,32.38
2023-05-09,44.34,70.69,76.52,32.26
2023-05-10,44.16,70.49,76.28,32.08
2023-05-11,44.01,70.28,75.96,32.03
2023-05-12,43.85,70.0,75.73,31.9
2023-05-15,44.28,70.66,76.49,32.16
2023-05-16,43.82,69.88,75.69,31.86
2023-05-17,44.95,71.5,77.62,32.5
2023-05-18,45.26,71.96,78.12,32.74
2023-05-19,45.02,71.69,77.76,32.6
2023-05-22,45.31,72.02,78.22,32.66
2023-05-23,44.95,71.37,77.65,32.28
2023-05-24,44.37,70.47,76.59,31.86
2023-05-25,44.38,70.53,76.63,31.85
2023-05-26,44.73,70.99,77.23,32.11
2023-05-30,44.9,71.21,77.49,32.1
2023-05-31,44.2,70.2,76.44,31.76
2023-06-01,44.8,70.92,77.39,32.1
2023-06-02,45.92,72.7,79.29,32.8
2023-06-05,45.57,72.26,78.72,32.63
2023-06-06,46.29,73.24,79.89,33.04
2023-06-07,46.56,73.59,80.42,33.17
2023-06-08,46.51,73.63,80.31,33.14
2023-06-09,46.47,73.61,80.24,33.15
2023-06-12,46.43,73.33,80.17,33.14
2023-06-13,46.81,74.15,80.8,33.34
2023-06-14,46.59,73.7,80.47,33.21
2023-06-15,47.21,74.74,81.49,33.65
2023-06-16,46.79,74.45,81.2,33.58
2023-06-20,46.44,73.92,80.6,33.18
2023-06-21,46.3,73.7,80.35,33.14
2023-06-22,45.91,72.86,79.7,32.88
2023-06-23,45.64,72.37,79.19,32.74
2023-06-26,45.57,72.49,79.14,32.67
2023-06-27,45.98,73.08,79.88,32.93
2023-06-28,45.92,72.98,79.79,32.85
2023-06-29,46.73,74.11,80.65,33.42
2023-06-30,47.07,74.61,81.24,33.71
2023-07-03,47.39,75.14,81.87,33.9
2023-07-05,47.21,74.67,81.54,33.83
2023-07-06,46.7,73.99,80.68,33.54
2023-07-07,46.91,74.42,80.98,33.59
2023-07-10,47.15,74.65,81.42,33.74
2023-07-11,47.77,75.61,82.48,34.14
2023-07-12,48.11,76.1,83.13,34.36
2023-07-13,48.48,76.56,83.74,34.48
2023-07-14,48.16,75.95,83.15,34.25
2023-07-17,48.62,76.8,84.01,34.58
2023-07-18,49.28,78.06,85.15,34.97
2023-07-19,49.61,78.59,85.69,35.12
2023-07-20,49.81,79.24,86.1,35.38
2023-07-21,49.6,78.99,85.67,35.26
2023-07-24,50.08,79.7,86.54,35.6
2023-07-25,49.78,79.21,85.95,35.37
2023-07-26,50.18,79.98,86.71,35.58
2023-07-27,49.5,79.03,85.52,35.13
2023-07-28,49.62,79.17,85.77,35.2
2023-07-31,49.88,79.41,86.13,35.33
2023-08-01,49.83,79.13,86.03,35.33
2023-08-02,49.38,78.54,85.27,35.03
2023-08-03,49.39,78.79,85.38,35.05
2023-08-04,49.25,78.54,85.09,34.91
2023-08-07,49.81,79.57,86.1,35.4
2023-08-08,49.35,78.86,85.2,35.08
2023-08-09,48.98,78.11,84.56,34.82
2023-08-10,49.01,78.09,84.66,34.85
2023-08-11,49.07,78.3,84.74,34.92
2023-08-14,48.91,77.93,84.55,34.85
2023-08-15,48.02,76.45,82.92,34.21
2023-08-16,47.86,76.26,82.67,34.16
2023-08-17,47.6,75.93,82.22,33.99
2023-08-18,47.63,75.87,82.3,33.98
2023-08-21,47.56,75.75,82.19,33.94
2023-08-22,47.1,74.85,81.38,33.62
2023-08-23,47.54,75.67,82.13,33.95
2023-08-24,47.46,75.62,81.96,33.83
2023-08-25,47.57,75.74,82.24,33.99
2023-08-28,47.93,76.13,82.74,34.18
2023-08-29,48.41,76.96,83.59,34.49
2023-08-30,48.45,77.03,83.66,34.51
2023-08-31,48.3,76.86,83.5,34.38
2023-09-01,48.72,77.44,84.22,34.69
2023-09-05,48.27,76.69,83.34,34.34
2023-09-06,48.13,76.45,83.08,34.32
2023-09-07,48.03,76.38,82.92,34.23
2023-09-08,48.16,76.67,83.24,34.3
2023-09-11,48.33,76.98,83.51,34.46
2023-09-12,48.71,77.79,84.12,34.69
2023-09-13,48.63,77.57,83.96,34.69
2023-09-14,49.1,78.59,84.82,35.01
2023-09-15,48.6,78.14,84.4,34.83
2023-09-18,48.68,78.34,84.48,34.77
2023-09-19,48.61,78.33,84.35,34.73
2023-09-20,48.27,77.81,83.78,34.49
2023-09-21,47.45,76.58,82.37,33.92
2023-09-22,47.12,76.07,81.89,33.66
2023-09-25,47.27,76.3,82.05,33.74
2023-09-26,46.59,74.85,80.9,33.29
2023-09-27,46.5,74.76,80.8,33.24
2023-09-28,46.88,75.3,80.88,33.48
2023-09-29,46.56,74.76,80.32,33.17
2023-10-02,46.08,73.79,79.58,32.89
2023-10-03,45.26,72.52,78.2,32.37
2023-10-04,45.69,73.09,78.81,32.61
2023-10-05,45.95,73.52,79.27,32.76
2023-10-06,46.34,74.2,79.93,33.04
2023-10-09,46.34,74.29,79.97,33.06
2023-10-10,46.73,74.76,80.6,33.3
2023-10-11,46.81,74.95,80.73,33.35
2023-10-12,46.43,74.32,80.12,33.14
2023-10-13,46.41,74.47,80.1,33.21
2023-10-16,47.01,75.28,81.03,33.56
2023-10-17,47.32,75.77,81.68,33.72
2023-10-18,46.43,74.45,80.19,33.14
2023-10-19,45.83,73.46,79.05,32.7
2023-10-20,45.1,72.24,77.83,32.2
2023-10-23,44.78,71.71,77.22,32.0
2023-10-24,45.07,72.08,77.73,32.22
2023-10-25,44.86,71.76,77.4,32.1
2023-10-26,44.87,72.21,77.44,32.03
2023-10-27,44.01,70.7,75.97,31.45
2023-10-30,44.74,71.86,77.17,32.01
2023-10-31,45.21,72.57,77.99,32.36
2023-11-01,45.49,73.08,78.5,32.57
2023-11-02,46.67,74.84,80.48,33.34
2023-11-03,47.4,75.99,81.77,33.78
2023-11-06,47.2,75.62,81.45,33.68
2023-11-07,47.17,75.49,81.33,33.63
2023-11-08,47.13,75.49,81.36,33.67
2023-11-09,46.88,75.24,80.93,33.53
2023-11-10,47.4,76.11,81.85,33.91
2023-11-13,47.38,75.96,81.7,33.86
2023-11-14,48.47,77.71,83.67,34.5
2023-11-15,48.74,78.06,84.08,34.69
2023-11-16,48.8,78.3,84.13,34.83
2023-11-17,49.12,78.74,84.73,35.01
2023-11-20,49.31,79.0,85.02,35.15
2023-11-21,49.21,78.91,84.9,35.13
2023-11-22,49.45,79.24,85.29,35.27
2023-11-24,49.64,79.49,85.62,35.38
2023-11-27,49.52,79.33,85.39,35.26
2023-11-28,49.51,79.17,85.33,35.25
2023-11-29,49.92,79.86,86.07,35.5
2023-11-30,50.42,80.68,86.91,35.9
2023-12-01,50.96,81.47,87.88,36.17
2023-12-04,51.05,81.63,88.03,36.13
2023-12-05,50.77,81.24,87.6,35.95
2023-12-06,50.55,80.71,87.21,35.77
2023-12-07,50.82,81.03,87.65,35.94
2023-12-08,51.1,81.56,88.17,36.13
2023-12-11,51.42,82.08,88.71,36.35
2023-12-12,51.74,82.57,89.27,36.61
2023-12-13,52.75,84.0,90.91,37.2
2023-12-14,53.38,85.36,92.1,37.57
2023-12-15,52.87,84.7,91.58,37.35
2023-12-18,52.97,84.89,91.74,37.29
2023-12-19,53.51,85.59,92.09,37.57
2023-12-20,52.58,83.7,90.47,36.9
2023-12-21,53.07,84.34,91.3,37.26
2023-12-22,53.18,84.65,91.59,37.34
2023-12-26,53.46,85.12,92.09,37.49
2023-12-27,53.69,85.35,92.38,37.61
2023-12-28,53.82,85.68,92.67,37.72
2023-12-29,53.55,85.41,92.26,37.6
2024-01-02,53.61,85.64,92.32,37.76
2024-01-03,53.03,84.87,91.29,37.44
2024-01-04,53.19,85.16,91.62,37.59
2024-01-05,53.47,85.66,92.12,37.75
2024-01-08,53.85,86.08,92.73,37.99
2024-01-09,53.43,85.36,92.02,37.75
2024-01-10,53.53,85.55,92.23,37.81
2024-01-11,53.32,85.06,91.77,37.67
2024-01-12,53.13,84.83,91.53,37.6
2024-01-16,52.75,84.21,90.89,37.34
2024-01-17,52.62,83.91,90.62,37.27
2024-01-18,52.72,84.06,90.85,37.33
2024-01-19,53.62,85.53,92.4,37.93
2024-01-22,54.0,85.92,92.98,38.11
2024-01-23,53.93,85.99,92.92,38.17
2024-01-24,54.14,86.48,93.29,38.32
2024-01-25,54.41,87.03,93.7,38.51
2024-01-26,54.57,87.21,94.02,38.65
2024-01-29,54.92,87.4,94.54,38.75
2024-01-30,55.44,88.36,95.47,39.24
2024-01-31,54.59,87.05,93.98,38.76
2024-02-01,54.59,86.72,94.03,38.82
2024-02-02,54.8,87.23,94.46,38.98
2024-02-05,54.37,86.69,93.69,38.75
2024-02-06,54.57,86.93,93.97,38.83
2024-02-07,54.91,87.53,94.53,39.12
2024-02-08,54.74,87.42,94.33,38.97
2024-02-09,55.04,87.81,94.75,39.08
2024-02-12,55.41,88.41,95.38,39.26
2024-02-13,54.52,86.94,93.88,38.73
2024-02-14,55.14,87.89,94.93,39.1
2024-02-15,56.1,89.48,96.6,39.77
2024-02-16,55.87,89.3,96.27,39.63
2024-02-20,55.62,89.2,95.88,39.52
2024-02-21,55.73,89.31,95.99,39.64
2024-02-22,56.4,90.28,97.17,40.1
2024-02-23,56.63,90.56,97.53,40.3
2024-02-26,56.46,90.18,97.24,40.1
2024-02-27,56.68,90.51,97.58,40.21
2024-02-28,56.78,90.79,97.85,40.36
2024-02-29,56.83,91.0,97.93,40.34
2024-03-01,56.82,90.79,97.91,40.29
2024-03-04,56.92,91.36,98.08,40.39
2024-03-05,57.06,91.47,98.27,40.4
2024-03-06,57.34,91.99,98.78,40.61
2024-03-07,57.3,91.95,98.69,40.55
2024-03-08,57.43,91.97,98.92,40.62
2024-03-11,57.48,92.22,99.04,40.69
2024-03-12,57.74,92.45,99.4,40.86
2024-03-13,58.05,92.94,99.91,41.16
2024-03-14,57.45,92.01,99.09,40.83
2024-03-15,57.22,92.23,99.05,40.79
2024-03-18,57.39,92.43,99.34,40.87
2024-03-19,57.64,92.78,99.85,41.07
2024-03-20,58.57,94.09,101.25,41.56
2024-03-21,59.06,94.81,102.26,41.9
2024-03-22,58.28,93.78,100.49,41.42
2024-03-25,58.3,93.79,100.49,41.26
2024-03-26,58.31,93.93,100.58,41.4
2024-03-27,59.06,95.2,101.93,41.89
2024-03-28,59.4,95.65,102.39,42.12
2024-04-01,58.94,95.03,101.53,41.89
2024-04-02,58.6,94.47,100.94,41.67
2024-04-03,58.55,94.52,100.96,41.65
2024-04-04,57.9,93.51,99.83,41.18
2024-04-05,58.37,94.24,100.68,41.57
2024-04-08,58.74,94.81,101.37,41.75
2024-04-09,58.49,94.26,100.76,41.51
2024-04-10,57.5,92.74,99.11,40.89
2024-04-11,57.26,92.11,98.62,40.6
2024-04-12,56.35,90.55,97.18,40.06
2024-04-15,55.99,90.0,96.48,39.86
2024-04-16,55.6,89.39,95.9,39.59
2024-04-17,55.71,89.49,96.03,39.69
2024-04-18,55.95,90.04,96.4,39.83
2024-04-19,56.74,91.3,97.75,40.38
2024-04-22,57.4,92.67,99.06,40.87
2024-04-23,57.89,93.15,99.82,41.13
2024-04-24,57.85,92.96,99.72,41.12
2024-04-25,57.46,92.49,99.12,40.88
2024-04-26,57.44,92.17,98.93,40.82
2024-04-29,57.28,92.16,98.74,40.76
2024-04-30,56.7,91.15,97.66,40.36
2024-05-01,56.74,91.67,97.76,40.36
2024-05-02,56.94,92.12,98.37,40.46
2024-05-03,57.2,92.48,98.7,40.55
2024-05-06,57.96,93.61,99.85,41.07
2024-05-07,58.04,93.74,100.09,41.21
2024-05-08,58.27,94.06,100.48,41.36
2024-05-09,58.76,94.86,101.28,41.67
2024-05-10,58.87,95.2,101.53,41.83
2024-05-13,58.61,94.65,101.17,41.66
2024-05-14,58.93,95.35,101.65,41.87
2024-05-15,59.5,96.28,102.49,42.18
2024-05-16,59.4,96.16,102.36,42.18
2024-05-17,59.74,96.85,103.0,42.49
2024-05-20,59.15,95.61,101.97,41.91
2024-05-21,59.4,96.34,102.53,42.18
2024-05-22,59.09,95.87,101.86,41.94
2024-05-23,58.18,94.28,100.37,41.36
2024-05-24,58.62,95.22,101.13,41.61
2024-05-28,58.06,94.27,100.04,41.15
2024-05-29,57.51,93.27,99.03,40.82
2024-05-30,57.81,94.03,99.73,41.04
2024-05-31,58.54,95.25,101.01,41.64
2024-06-03,58.24,94.85,100.36,41.38
2024-06-04,57.92,94.03,99.82,41.19
2024-06-05,58.09,94.41,100.22,41.31
2024-06-06,58.08,94.07,100.08,41.29
2024-06-07,58.21,94.28,100.23,41.48
2024-06-10,58.01,94.19,100.06,41.32
2024-06-11,57.33,92.77,98.93,40.85
2024-06-12,57.55,93.29,99.22,40.81
2024-06-13,57.34,92.89,98.8,40.78
2024-06-14,57.07,92.59,98.5,40.65
2024-06-17,57.65,93.37,99.33,41.01
2024-06-18,57.93,93.96,99.9,41.27
2024-06-20,58.26,94.41,100.52,41.49
2024-06-21,57.83,94.0,100.15,41.33
2024-06-24,58.38,94.98,101.12,41.59
2024-06-25,57.93,94.26,100.34,41.28
2024-06-26,57.68,93.82,99.76,41.02
2024-06-27,57.6,94.06,99.83,40.97
2024-06-28,57.94,94.57,99.88,41.11
2024-07-01,58.01,94.86,100.08,41.2
2024-07-02,58.65,95.66,101.14,41.68
2024-07-03,58.52,95.38,100.76,41.55
2024-07-05,58.3,95.03,100.56,41.54
2024-07-08,58.26,95.06,100.32,41.43
2024-07-09,58.6,95.84,101.01,41.75
2024-07-10,58.92,96.7,101.53,41.91
2024-07-11,59.63,97.71,102.73,42.24
2024-07-12,59.76,97.94,102.99,42.38
2024-07-15,60.69,99.44,104.62,43.0
2024-07-16,61.65,100.78,106.15,43.49
2024-07-17,62.07,101.36,106.9,43.82
2024-07-18,61.22,99.96,105.41,43.29
2024-07-19,60.75,99.24,104.54,42.85
2024-07-22,61.15,99.89,105.33,43.09
2024-07-23,61.31,100.22,105.57,43.17
2024-07-24,60.47,99.12,104.07,42.58
2024-07-25,60.79,99.77,104.73,42.74
2024-07-26,61.61,101.19,106.29,43.41
2024-07-29,61.45,100.65,105.9,43.35
2024-07-30,62.1,101.72,107.02,43.85
2024-07-31,62.01,101.29,106.89,43.74
2024-08-01,60.94,99.49,105.02,43.12
2024-08-02,59.43,96.64,102.35,42.06
2024-08-05,57.69,93.83,99.27,40.84
2024-08-06,58.43,95.2,100.67,41.5
2024-08-07,58.42,95.23,100.61,41.55
2024-08-08,59.35,96.84,102.38,42.22
2024-08-09,59.63,97.36,102.76,42.4
2024-08-12,59.27,96.78,102.19,42.18
2024-08-13,59.83,97.64,103.19,42.53
2024-08-14,60.55,99.04,104.25,43.05
2024-08-15,61.23,99.91,105.52,43.45
2024-08-16,61.58,100.61,106.2,43.77
2024-08-19,61.98,101.3,106.9,44.01
2024-08-20,61.65,100.72,106.33,43.87
2024-08-21,61.71,100.72,106.3,43.8
2024-08-22,61.86,101.26,106.73,44.05
2024-08-23,62.71,102.41,108.02,44.43
2024-08-26,62.87,102.73,108.3,44.57
2024-08-27,63.04,102.97,108.64,44.8
2024-08-28,63.16,103.31,108.93,44.91
2024-08-29,63.73,103.9,109.79,45.31
2024-08-30,64.23,105.05,110.85,45.74
2024-09-03,63.72,103.92,109.75,45.4
2024-09-04,63.68,103.8,109.61,45.45
2024-09-05,63.06,102.87,108.65,44.95
2024-09-06,62.08,101.02,106.93,44.29
2024-09-09,62.87,102.23,108.34,44.95
2024-09-10,62.34,101.21,107.27,44.49
2024-09-11,62.03,100.6,106.89,44.28
2024-09-12,62.34,100.92,107.33,44.38
2024-09-13,62.73,101.38,108.0,44.51
2024-09-16,63.5,102.8,109.34,45.09
2024-09-17,63.81,103.29,109.95,45.33
2024-09-18,63.68,103.13,109.77,45.19
2024-09-19,64.56,104.5,111.21,45.69
2024-09-20,64.05,104.26,110.72,45.66
2024-09-23,64.11,104.13,110.88,45.44
2024-09-24,63.48,103.76,109.87,45.06
2024-09-25,63.1,102.75,109.13,44.79
2024-09-26,63.41,103.21,109.7,45.02
2024-09-27,63.63,103.47,109.59,45.15
2024-09-30,63.86,103.9,109.91,45.32
2024-10-01,63.38,103.11,109.2,45.08
2024-10-02,63.49,103.18,109.28,45.13
2024-10-03,63.19,102.7,108.87,44.89
2024-10-04,64.31,104.69,110.74,45.65
2024-10-07,63.55,103.28,109.43,45.09
2024-10-08,63.89,103.92,110.02,45.35
2024-10-09,64.53,104.95,111.0,45.77
2024-10-10,64.27,104.56,110.76,45.63
2024-10-11,65.65,106.92,113.01,46.51
2024-10-14,66.1,107.73,113.88,46.8
2024-10-15,66.34,107.99,114.22,46.9
2024-10-16,67.16,109.14,115.62,47.48
2024-10-17,67.42,109.59,116.03,47.61
2024-10-18,67.45,109.73,116.06,47.62
2024-10-21,66.7,108.71,114.83,47.24
2024-10-22,66.65,108.58,114.71,47.15
2024-10-23,66.42,108.27,114.48,47.11
2024-10-24,66.54,108.63,114.66,47.15
2024-10-25,65.88,107.23,113.38,46.63
2024-10-28,66.67,108.6,114.89,47.21
2024-10-29,66.37,108.2,114.21,46.92
2024-10-30,66.64,108.41,114.88,47.13
2024-10-31,65.68,106.74,113.23,46.48
2024-11-01,65.77,106.62,113.19,46.64
2024-11-04,65.37,105.86,112.58,46.28
2024-11-05,66.13,107.18,113.86,46.71
2024-11-06,70.55,114.52,121.57,49.55
2024-11-07,69.4,112.52,119.48,48.75
2024-11-08,70.0,113.45,120.53,49.19
2024-11-11,71.32,115.51,122.75,49.89
2024-11-12,71.05,115.08,122.36,49.74
2024-11-13,70.94,115.06,122.08,49.77
2024-11-14,70.73,114.82,121.7,49.64
2024-11-15,71.02,115.32,122.26,49.87
2024-11-18,71.32,115.79,122.68,50.02
2024-11-19,70.95,115.01,122.11,49.69
2024-11-20,70.72,114.84,121.74,49.54
2024-11-21,71.68,116.4,123.25,50.17
2024-11-22,72.47,117.73,124.79,50.73
2024-11-25,73.11,118.61,125.78,51.06
2024-11-26,73.12,118.78,125.78,51.16
2024-11-27,73.25,118.97,126.1,51.26
2024-11-29,73.31,119.05,126.2,51.34
2024-12-02,72.61,117.66,125.06,50.83
2024-12-03,72.17,116.94,124.27,50.45
2024-12-04,72.12,116.7,123.96,50.26
2024-12-05,72.04,117.09,124.03,50.41
2024-12-06,72.21,116.95,124.27,50.4
2024-12-09,71.09,115.04,122.47,49.71
2024-12-10,70.94,114.69,122.2,49.7
2024-12-11,71.35,114.92,122.75,49.8
2024-12-12,71.06,114.42,122.21,49.58
2024-12-13,70.73,114.08,121.79,49.54
2024-12-16,70.83,114.22,121.99,49.45
2024-12-17,70.27,112.49,120.84,49.1
2024-12-18,67.77,108.61,116.12,47.63
2024-12-19,68.07,108.8,116.48,47.8
2024-12-20,68.83,110.45,118.1,48.51
2024-12-23,68.95,110.8,118.36,48.42
2024-12-24,69.68,112.07,119.86,48.99
2024-12-26,69.98,112.39,120.11,49.11
2024-12-27,69.39,111.55,119.27,48.75
2024-12-30,68.63,110.57,118.05,48.28
2024-12-31,68.68,110.58,118.07,48.33
2025-01-02,68.48,110.46,117.83,48.21
2025-01-03,69.23,111.56,118.9,48.59
2025-01-06,69.03,111.41,118.58,48.44
2025-01-07,68.79,110.98,118.27,48.33
2025-01-08,68.96,111.28,118.46,48.49
2025-01-10,67.23,108.49,115.47,47.32
2025-01-13,67.69,109.32,116.19,47.66
2025-01-14,68.66,110.93,117.95,48.25
2025-01-15,70.35,113.84,121.06,49.48
2025-01-16,70.89,114.82,121.67,49.81
2025-01-17,71.5,115.8,122.8,50.23
2025-01-21,72.06,116.89,123.98,50.65
2025-01-22,71.89,116.24,123.49,50.41
2025-01-23,72.17,116.76,124.12,50.7
2025-01-24,72.43,117.09,124.43,50.85
2025-01-27,73.07,117.98,125.5,51.41
2025-01-28,73.0,117.96,125.41,51.32
2025-01-29,73.02,117.82,125.45,51.28
2025-01-30,73.71,118.69,126.69,51.77
2025-01-31,73.15,118.11,125.88,51.47
2025-02-03,72.87,117.12,125.13,51.26
2025-02-04,72.74,117.13,125.01,51.14
2025-02-05,73.53,118.05,126.28,51.68
2025-02-06,74.12,119.2,127.23,52.11
2025-02-07,73.72,118.67,126.66,51.82
2025-02-10,73.17,117.52,125.61,51.41
2025-02-11,73.29,117.89,125.93,51.54
2025-02-12,72.93,117.31,125.28,51.36
2025-02-13,73.45,118.41,126.35,51.7
2025-02-14,73.6,118.5,126.48,51.8
2025-02-18,74.17,119.37,127.34,52.17
2025-02-19,74.02,119.19,127.19,52.19
2025-02-20,72.85,117.33,125.14,51.39
2025-02-21,71.77,115.44,123.27,50.75
2025-02-24,71.83,115.89,123.49,50.97
2025-02-25,71.65,115.55,123.14,50.96
2025-02-26,71.61,115.59,123.09,50.85
2025-02-27,71.99,116.11,123.64,51.13
2025-02-28,73.36,118.4,126.11,52.18
2025-03-03,72.71,117.14,124.89,51.74
2025-03-04,70.08,113.14,120.5,49.92
2025-03-05,70.56,114.03,121.23,50.21
2025-03-06,69.3,112.13,119.17,49.38
2025-03-07,69.01,111.47,118.69,49.12
2025-03-10,67.09,108.32,115.37,48.02
2025-03-11,66.69,108.04,114.55,47.61
2025-03-12,66.89,108.28,114.89,47.68
2025-03-13,66.3,107.69,114.07,47.42
2025-03-14,67.88,110.38,116.81,48.52
2025-03-17,68.79,112.05,118.25,49.09
2025-03-18,68.56,111.28,117.96,49.03
2025-03-19,69.43,112.43,119.3,49.57
2025-03-20,69.44,112.58,119.38,49.64
2025-03-21,68.96,112.23,119.02,49.46
2025-03-24,70.27,114.34,121.33,50.15
2025-03-25,70.64,114.98,121.44,50.43
2025-03-26,70.29,114.4,120.91,50.28
2025-03-27,70.06,113.77,120.51,50.18
2025-03-28,68.73,111.69,118.03,49.21
2025-03-31,69.52,112.85,119.47,49.81
2025-04-01,69.37,112.82,119.37,49.75
2025-04-02,70.04,114.03,120.56,50.16
2025-04-03,66.27,107.5,113.85,47.69
2025-04-04,61.46,99.84,105.71,44.2
2025-04-07,61.31,99.61,105.35,44.09
2025-04-08,61.08,99.23,104.87,43.92
2025-04-09,65.93,106.71,113.09,47.23
2025-04-10,63.73,103.66,109.46,45.91
2025-04-11,64.7,105.17,111.22,46.67
2025-04-14,65.41,106.49,112.53,47.15
2025-04-15,65.62,106.69,112.89,47.27
2025-04-16,64.64,104.97,111.13,46.53
2025-04-17,64.91,105.43,111.6,46.65
2025-04-21,63.47,103.07,109.17,45.65
2025-04-22,65.63,106.44,112.83,47.16
2025-04-23,66.45,107.78,114.22,47.72
2025-04-24,67.31,109.65,115.7,48.25
2025-04-25,67.04,109.19,115.19,48.02
2025-04-28,67.28,109.63,115.61,48.17
2025-04-29,67.95,110.57,116.75,48.67
2025-04-30,67.96,110.54,116.71,48.76
2025-05-01,67.98,110.55,116.77,48.75
2025-05-02,69.45,113.06,119.25,49.76
2025-05-05,69.13,112.23,118.7,49.44
2025-05-06,68.66,111.52,118.02,49.16
2025-05-07,69.09,112.19,118.69,49.45
2025-05-08,69.77,113.29,119.99,49.86
2025-05-09,69.81,113.32,119.94,49.86
2025-05-12,71.46,115.82,122.76,50.87
2025-05-13,71.87,116.55,123.44,51.08
2025-05-14,71.7,116.26,123.18,50.94
2025-05-15,72.11,117.08,123.87,51.28
2025-05-16,72.59,118.01,124.69,51.59
2025-05-19,72.61,117.87,124.7,51.62
2025-05-20,72.2,117.2,124.03,51.34
2025-05-21,70.52,114.71,121.17,50.29
2025-05-22,70.49,114.59,121.16,50.23
2025-05-23,70.23,114.4,120.77,50.05
2025-05-27,71.57,116.43,123.05,50.93
2025-05-28,71.05,115.46,122.11,50.59
2025-05-29,71.39,116.05,122.73,50.85
2025-05-30,71.51,116.05,122.88,50.96
2025-06-02,71.58,116.36,123.0,50.98
2025-06-03,71.85,116.61,123.51,51.08
2025-06-04,71.42,115.66,122.77,50.79
2025-06-05,71.29,115.33,122.47,50.65
2025-06-06,72.27,116.95,124.19,51.28
2025-06-09,71.9,116.13,123.61,51.0
2025-06-10,71.98,116.02,123.72,51.06
2025-06-11,71.9,115.79,123.59,51.0
2025-06-12,71.92,115.95,123.56,51.0
2025-06-13,70.39,114.37,120.97,49.96
2025-06-16,71.22,115.26,122.42,50.53
2025-06-17,70.74,114.29,121.53,50.24
2025-06-18,70.81,115.49,121.76,50.22
2025-06-20,70.73,115.99,122.15,50.36
2025-06-23,71.64,117.16,123.66,50.82
2025-06-24,72.72,118.7,125.47,51.58
2025-06-25,72.51,118.48,125.12,51.41
2025-06-26,73.12,119.75,125.8,51.79
2025-06-27,73.36,119.99,126.14,51.94
2025-06-30,74.04,120.99,127.3,52.37
2025-07-01,74.51,121.7,128.13,52.66
2025-07-02,74.59,121.77,128.33,52.62
2025-07-03,75.44,122.97,129.58,53.19
2025-07-07,74.75,121.83,128.44,52.68
2025-07-08,74.16,120.86,127.42,52.21
2025-07-09,74.35,121.25,127.86,52.4
2025-07-10,74.84,122.07,128.68,52.71
2025-07-11,74.03,121.29,127.32,52.16
2025-07-14,74.67,122.15,128.34,52.55
2025-07-15,73.3,119.94,126.0,51.65
2025-07-16,73.87,120.97,127.06,52.01
2025-07-17,74.71,122.43,128.46,52.51
2025-07-18,74.74,122.59,128.47,52.54
2025-07-21,74.54,122.05,128.06,52.39
2025-07-22,74.89,122.59,128.74,52.68
2025-07-23,75.45,123.65,129.61,53.1
2025-07-24,75.28,123.64,129.41,53.07
2025-07-25,75.81,124.47,130.3,53.44
2025-07-28,75.38,123.53,129.54,53.07
2025-07-29,74.93,123.07,128.86,52.8
2025-07-30,74.83,122.88,128.5,52.7
2025-07-31,74.28,122.15,127.78,52.37
2025-08-01,72.91,119.89,125.23,51.4
2025-08-04,73.77,121.07,126.78,51.91
2025-08-05,73.51,120.98,126.3,51.7
2025-08-06,73.77,121.45,126.81,51.95
2025-08-07,73.01,120.46,125.54,51.37
2025-08-08,73.71,121.44,126.66,51.85
2025-08-11,73.68,121.44,126.64,51.83
2025-08-12,74.75,123.11,128.47,52.46
2025-08-13,75.11,123.52,129.18,52.76
2025-08-14,75.46,123.96,129.73,53.01
2025-08-15,74.65,122.6,128.34,52.46
2025-08-18,74.68,122.75,128.49,52.5
2025-08-19,74.74,122.81,128.5,52.6
2025-08-20,75.04,123.27,129.04,52.87
2025-08-21,74.83,122.88,128.63,52.7
2025-08-22,76.3,124.96,131.16,53.57
2025-08-25,75.84,124.25,130.44,53.26
2025-08-26,76.41,125.19,131.39,53.67
2025-08-27,76.54,125.44,131.57,53.78
2025-08-28,76.59,125.61,131.72,53.85
2025-08-29,76.81,125.73,131.97,53.99
2025-09-02,76.19,124.82,130.97,53.59
2025-09-03,76.05,124.65,130.75,53.5
2025-09-04,76.86,126.11,132.16,54.06
2025-09-05,75.63,123.92,129.98,53.07
2025-09-08,75.82,124.39,130.21,53.11
2025-09-09,76.0,124.84,130.69,53.34
2025-09-10,75.77,124.81,130.29,53.16
2025-09-11,76.97,126.81,132.29,54.03
2025-09-12,76.65,126.43,131.66,53.8
2025-09-15,76.41,125.99,131.38,53.68
2025-09-16,76.25,125.12,130.98,53.56
2025-09-17,76.98,126.11,132.29,54.08
2025-09-18,77.23,126.76,132.71,54.13
2025-09-19,76.98,127.1,132.78,54.25
2025-09-22,76.87,126.7,132.58,54.0
2025-09-23,76.53,126.58,131.99,53.76
2025-09-24,76.24,125.98,131.01,53.61
2025-09-25,75.97,125.72,130.68,53.47
2025-09-26,76.52,126.76,131.53,53.86
2025-09-29,76.73,127.16,132.0,54.13
2025-09-30,76.34,126.64,131.24,53.87
2025-10-01,75.64,124.96,130.05,53.39
2025-10-02,75.61,124.72,130.03,53.35
2025-10-03,76.2,125.67,131.0,53.72
2025-10-06,76.14,125.63,130.86,53.7
2025-10-07,76.24,125.58,130.95,53.77
2025-10-08,75.87,124.95,130.41,53.51
2025-10-09,75.54,124.73,129.87,53.32
2025-10-10,73.84,121.83,126.88,52.16
2025-10-13,74.56,123.2,128.19,52.66
2025-10-14,75.59,124.55,129.9,53.24
2025-10-15,75.45,124.48,129.6,53.24
2025-10-16,73.1,120.85,125.75,51.76
2025-10-17,73.75,121.3,126.82,52.18
2025-10-20,74.69,122.82,128.45,52.79
2025-10-21,74.68,122.47,128.44,52.73
2025-10-22,74.26,121.72,127.73,52.43
2025-10-23,74.47,121.97,127.98,52.54
2025-10-24,75.25,123.43,129.41,53.11
2025-10-27,75.54,124.01,129.91,53.33
2025-10-28,75.03,123.1,129.12,52.99
2025-10-29,73.76,121.69,126.87,52.09
2025-10-30,73.9,122.04,127.1,52.23
2025-10-31,74.18,122.6,127.52,52.37
2025-11-03,73.91,122.29,127.11,52.15
2025-11-04,74.17,122.79,127.64,52.42
2025-11-05,74.47,123.21,128.16,52.6
2025-11-06,74.2,122.73,127.58,52.41
2025-11-07,74.78,124.06,128.58,52.78
2025-11-10,75.06,124.53,129.04,52.97
2025-11-11,75.37,124.98,129.62,53.21
2025-11-12,76.05,126.31,130.75,53.67
2025-11-13,74.95,124.47,128.84,52.98
2025-11-14,74.25,123.73,127.71,52.45
2025-11-17,72.76,121.31,125.06,51.45
2025-11-18,72.64,121.43,124.97,51.37
2025-11-19,72.96,121.86,125.47,51.56
2025-11-20,72.33,120.64,124.33,51.11
2025-11-21,73.28,121.77,125.95,51.67
2025-11-24,73.52,122.37,126.47,51.89
2025-11-25,74.58,123.94,128.3,52.54
2025-11-26,75.09,125.08,129.22,52.95
2025-11-28,75.56,125.97,130.0,53.33
2025-12-01,75.06,125.04,129.15,52.89
2025-12-02,75.02,124.91,128.95,52.84
2025-12-03,76.03,126.57,130.76,53.55
2025-12-04,76.2,127.21,131.07,53.66
2025-12-05,76.19,126.95,131.02,53.68
2025-12-08,75.92,126.69,130.59,53.48
2025-12-09,75.73,126.44,130.32,53.28
2025-12-10,76.77,128.03,132.06,53.89
2025-12-11,78.15,129.58,134.37,54.87
2025-12-12,78.14,129.53,134.39,54.95
2025-12-15,78.12,129.67,134.44,54.99
2025-12-16,77.71,128.19,133.69,54.64
2025-12-17,77.7,128.18,132.88,54.63
2025-12-18,77.61,127.97,132.86,54.54
2025-12-19,77.75,128.72,133.64,54.84
2025-12-22,78.74,130.35,135.17,55.32
2025-12-23,78.79,130.54,135.28,55.43
2025-12-24,79.23,131.12,136.0,55.73
2025-12-26,79.08,130.85,135.71,55.62
2025-12-29,78.62,130.22,134.96,55.32
2025-12-30,78.37,129.86,134.5,55.18
2025-12-31,77.74,128.93,133.49,54.77
2026-01-02,78.01,129.65,133.96,54.93
2026-01-05,79.8,132.78,136.99,56.13
2026-01-06,80.18,133.0,137.67,56.4
2026-01-07,79.11,130.84,135.73,55.61
2026-01-08,79.61,131.79,136.63,55.9
2026-01-09,79.34,131.56,136.16,55.73
2026-01-12,78.68,131.07,135.0,55.29
2026-01-13,77.27,129.16,132.57,54.23
2026-01-14,77.22,128.99,132.54,54.15
2026-01-15,77.65,129.76,133.27,54.37
2026-01-16,77.62,129.84,133.38,54.44
2026-01-20,76.02,126.95,130.43,53.2
2026-01-21,76.49,127.82,131.39,53.46
2026-01-22,77.03,128.41,132.18,53.81
2026-01-23,75.87,126.73,130.21,53.07
2026-01-26,76.3,127.49,131.0,53.41
2026-01-27,75.78,126.82,130.13,53.0
2026-01-28,75.69,126.73,130.0,52.99
2026-01-29,76.47,127.72,131.31,53.55
2026-01-30,76.22,127.7,130.89,53.44
2026-02-02,77.01,128.57,132.3,54.03
2026-02-03,76.38,127.68,131.17,53.53
2026-02-04,76.95,128.71,132.26,53.96
2026-02-05,76.05,126.95,130.59,53.29
2026-02-06,77.48,129.64,133.03,54.26
2026-02-09,77.09,129.17,132.39,53.94
2026-02-10,76.55,127.7,131.42,53.55
2026-02-11,75.37,125.66,129.38,52.74
2026-02-12,73.82,123.32,126.87,51.69
2026-02-13,73.82,123.83,126.81,51.65
2026-02-17,74.51,124.84,127.99,52.2
2026-02-18,75.09,125.8,128.92,52.59
2026-02-19,74.46,124.76,127.88,52.15
2026-02-20,74.87,125.34,128.59,52.49
2026-02-23,72.32,121.67,124.18,50.73
2026-02-24,72.67,122.35,124.82,50.98
2026-02-25,73.89,124.17,126.89,51.87
2026-02-26,74.78,125.66,128.49,52.5
2026-02-27,73.11,122.61,125.56,51.43
2026-03-02,73.19,122.54,125.67,51.3
2026-03-03,73.02,122.04,125.42,51.21
2026-03-04,73.39,122.77,126.04,51.5
2026-03-05,72.93,122.0,125.2,51.23
2026-03-06,71.87,120.16,123.43,50.57
2026-03-09,71.53,119.61,122.83,50.33
2026-03-10,71.16,119.0,122.22,50.06
2026-03-11,70.54,118.05,121.11,49.64
2026-03-12,69.41,116.1,119.13,48.83
2026-03-13,69.39,116.08,119.23,48.89
2026-03-16,70.0,117.05,120.18,49.3
2026-03-17,70.4,117.34,120.88,49.56
2026-03-18,69.54,116.34,119.34,48.97
2026-03-19,69.55,116.32,119.45,48.99
2026-03-20,69.23,116.24,119.52,49.08
2026-03-23,69.93,117.27,120.78,49.27
2026-03-24,69.97,117.32,120.45,49.28
2026-03-25,70.11,117.41,120.7,49.34
2026-03-26,69.69,116.71,119.99,49.05
2026-03-27,67.93,113.98,117.0,47.81
2026-03-30,68.67,115.05,118.24,48.36
2026-03-31,70.2,117.66,120.81,49.37
2026-04-01,70.17,118.06,120.84,49.44
2026-04-02,70.48,118.4,121.32,49.53
2026-04-06,70.99,119.14,122.19,49.88
2026-04-07,71.0,119.27,122.19,49.88
2026-04-08,72.89,122.4,125.53,51.2
2026-04-09,73.12,122.82,125.88,51.33
2026-04-10,72.36,121.51,124.56,50.77
2026-04-13,73.61,123.52,126.68,51.66
2026-04-14,73.86,123.84,127.15,51.78
2026-04-15,74.43,124.64,128.13,52.17
2026-04-16,74.21,124.28,127.79,52.03
2026-04-17,74.94,125.34,129.03,52.43
2026-04-20,75.21,125.87,129.51,52.63
2026-04-21,74.7,125.29,128.67,52.3
2026-04-22,74.58,124.91,128.43,52.21
2026-04-23,74.01,124.19,127.44,51.8
2026-04-24,73.58,123.31,126.63,51.42
2026-04-27,74.08,124.11,127.53,51.81
2026-04-28,74.14,124.34,127.73,51.85
2026-04-29,74.07,123.17,127.54,51.92
2026-04-30,74.4,124.34,128.2,52.13
2026-05-01,74.11,123.88,127.66,51.92
2026-05-04,73.6,122.86,126.76,51.58
2026-05-05,73.73,123.38,126.98,51.59
2026-05-06,74.03,124.23,127.59,51.84
2026-05-07,73.63,123.09,126.85,51.55
2026-05-08,73.28,122.62,126.13,51.24
2026-05-11,73.02,122.14,125.69,51.18
2026-05-12,73.45,123.0,126.47,51.58
2026-05-13,72.61,121.76,125.0,50.99
2026-05-14,73.07,122.5,125.78,51.29
2026-05-15,72.77,121.76,125.29,51.1
2026-05-18,73.6,122.99,126.77,51.74
2026-05-19,72.78,121.52,125.3,51.1
2026-05-20,73.62,122.97,126.76,51.66
2026-05-21,73.79,123.4,127.01,51.73
2026-05-22,73.94,123.79,127.37,51.94
2026-05-26,73.99,123.81,127.36,51.85
2026-05-27,73.34,122.51,126.28,51.42
2026-05-28,73.13,122.17,125.91,51.27
2026-05-29,73.51,122.86,126.66,51.58
2026-06-01,73.31,122.55,126.23,51.43
2026-06-02,73.36,123.02,126.31,51.46
2026-06-03,72.32,121.63,124.56,50.87
2026-06-04,74.25,124.81,127.9,52.19
2026-06-05,74.39,125.0,128.08,52.3
2026-06-08,73.98,124.31,127.4,51.97
2026-06-09,74.72,125.41,128.68,52.46
2026-06-10,74.44,125.06,128.19,52.23
2026-06-11,75.05,126.31,129.24,52.62
2026-06-12,76.07,128.05,130.97,53.34
2026-06-15,76.28,128.0,131.38,53.56
2026-06-16,77.41,129.57,133.24,54.35
2026-06-17,76.89,128.89,132.4,54.05
2026-06-18,76.03,127.61,131.44,53.57
2026-06-22,76.39,128.56,132.15,53.7
2026-06-23,76.74,129.09,132.68,53.88
2026-06-24,76.58,128.19,131.49,53.72
2026-06-25,76.25,127.62,131.01,53.45
2026-06-26,76.5,127.85,131.46,53.57
2026-06-29,76.67,127.72,131.75,53.72
2026-06-30,76.56,127.51,131.6,53.61
2026-07-01,78.24,130.23,134.35,54.78
2026-07-02,79.24,131.89,136.18,55.62
2026-07-06,80.0,133.62,137.48,56.14
2026-07-07,79.88,133.6,137.15,56.05
2026-07-08,78.37,131.23,134.5,54.97
2026-07-09,79.17,132.5,135.99,55.54
2026-07-10,79.43,132.95,136.45,55.71
2026-07-13,79.86,133.3,137.24,56.07
2026-07-14,80.12,133.64,137.61,56.18
2026-07-15,80.6,134.5,138.45,56.56
2026-07-16,81.05,134.56,139.19,56.75
2026-07-17,80.32,133.63,137.94,56.26
2026-07-20,79.99,132.92,137.35,56.04
2026-07-21,80.05,133.25,137.44,56.11
2026-07-22,79.89,133.28,137.16,56.05
2026-07-23,79.52,132.84,136.59,55.83
2026-07-24,80.22,134.06,137.81,56.31
2026-07-27,81.03,135.17,139.18,56.88
2026-07-28,82.02,136.71,140.93,57.6
2026-07-29,80.82,134.18,138.7,56.68
2026-07-30,81.19,134.77,139.42,57.0
2026-07-31,81.06,134.65,139.23,56.94
2026-08-03,81.81,135.92,140.51,57.38
2026-08-04,82.51,137.08,141.76,57.88
2026-08-05,82.67,137.45,142.02,58.0
2026-08-06,82.28,136.8,141.39,57.81
2026-08-07,82.03,136.86,140.9,57.6
2026-08-10,82.18,137.35,141.2,57.81
2026-08-11,82.28,137.37,141.38,57.8
2026-08-12,82.46,137.74,141.68,57.92
2026-08-13,83.07,138.51,142.74,58.26
2026-08-14,83.04,138.29,142.63,58.16
2026-08-17,82.22,137.01,141.16,57.58
2026-08-18,82.41,137.18,141.56,57.84
2026-08-19,81.91,136.2,140.65,57.48
2026-08-20,81.17,134.82,139.3,56.95
2026-08-21,81.93,136.16,140.72,57.48
2026-08-24,82.8,137.36,142.21,58.22
2026-08-25,82.92,137.63,142.41,58.31
