date,VPU,XLU
2021-08-30,149.57,34.31
2021-08-31,149.54,34.27
2021-09-01,151.37,34.72
2021-09-02,152.64,35.035
2021-09-03,151.44,34.745
2021-09-07,149.51,34.285
2021-09-08,151.98,34.9
2021-09-09,151.17,34.71
2021-09-10,148.93,34.225
2021-09-13,148.72,34.165
2021-09-14,148.08,34.05
2021-09-15,147.99,34.005
2021-09-16,146.61,33.72
2021-09-17,144.62,33.2
2021-09-20,144.18,32.89
2021-09-21,143.79,32.8
2021-09-22,143.76,32.78
2021-09-23,143.27,32.605
2021-09-24,143.0,32.57
2021-09-27,141.48,32.185
2021-09-28,139.75,31.78
2021-09-29,140.35,32.195
2021-09-30,139.14,31.94
2021-10-01,139.21,31.94
2021-10-04,141.17,32.38
2021-10-05,140.99,32.3
2021-10-06,143.08,32.8
2021-10-07,142.53,32.625
2021-10-08,141.52,32.385
2021-10-11,139.68,31.945
2021-10-12,140.62,32.16
2021-10-13,142.31,32.535
2021-10-14,143.94,32.935
2021-10-15,143.66,32.84
2021-10-18,142.33,32.525
2021-10-19,143.94,32.935
2021-10-20,146.1,33.455
2021-10-21,146.03,33.455
2021-10-22,146.87,33.625
2021-10-25,146.33,33.48
2021-10-26,146.95,33.66
2021-10-27,146.09,33.435
2021-10-28,147.04,33.655
2021-10-29,146.26,33.455
2021-11-01,146.91,33.575
2021-11-02,146.95,33.605
2021-11-03,146.63,33.48
2021-11-04,145.8,33.295
2021-11-05,147.03,33.61
2021-11-08,145.08,33.11
2021-11-09,145.83,33.28
2021-11-10,146.97,33.55
2021-11-11,146.28,33.345
2021-11-12,146.16,33.325
2021-11-15,147.93,33.765
2021-11-16,147.29,33.605
2021-11-17,147.43,33.635
2021-11-18,146.59,33.46
2021-11-19,147.51,33.65
2021-11-22,148.4,33.855
2021-11-23,148.6,33.89
2021-11-24,148.66,33.91
2021-11-26,146.18,33.38
2021-11-29,148.2,33.875
2021-11-30,143.93,32.885
2021-12-01,144.1,32.945
2021-12-02,146.11,33.365
2021-12-03,147.24,33.7
2021-12-06,149.82,34.215
2021-12-07,150.73,34.47
2021-12-08,150.75,34.435
2021-12-09,150.42,34.39
2021-12-10,151.06,34.575
2021-12-13,152.73,35.0
2021-12-14,151.88,34.79
2021-12-15,154.33,35.36
2021-12-16,153.91,35.54
2021-12-17,151.84,35.005
2021-12-20,151.95,34.765
2021-12-21,151.77,34.715
2021-12-22,152.39,34.865
2021-12-23,152.38,34.86
2021-12-27,153.03,35.03
2021-12-28,154.34,35.345
2021-12-29,155.16,35.535
2021-12-30,155.79,35.665
2021-12-31,156.4,35.79
2022-01-03,155.01,35.435
2022-01-04,154.73,35.325
2022-01-05,154.33,35.305
2022-01-06,152.78,34.94
2022-01-07,153.91,35.205
2022-01-10,152.87,34.975
2022-01-11,151.54,34.66
2022-01-12,151.96,34.77
2022-01-13,152.6,34.94
2022-01-14,151.85,34.7
2022-01-18,150.05,34.285
2022-01-19,150.55,34.44
2022-01-20,150.54,34.485
2022-01-21,150.09,34.42
2022-01-24,149.02,34.09
2022-01-25,146.67,33.555
2022-01-26,145.7,33.28
2022-01-27,146.62,33.575
2022-01-28,148.39,33.98
2022-01-31,151.15,34.625
2022-02-01,149.12,34.165
2022-02-02,151.33,34.67
2022-02-03,150.37,34.515
2022-02-04,149.1,34.24
2022-02-07,148.91,34.19
2022-02-08,149.19,34.215
2022-02-09,149.76,34.365
2022-02-10,145.91,33.495
2022-02-11,145.88,33.515
2022-02-14,144.75,33.23
2022-02-15,144.14,33.075
2022-02-16,144.52,33.15
2022-02-17,144.63,33.17
2022-02-18,144.22,33.11
2022-02-22,144.06,33.075
2022-02-23,141.64,32.515
2022-02-24,143.14,32.775
2022-02-25,147.39,33.79
2022-02-28,148.33,33.965
2022-03-01,146.84,33.67
2022-03-02,148.8,34.08
2022-03-03,151.28,34.68
2022-03-04,154.42,35.445
2022-03-07,156.0,35.905
2022-03-08,153.93,35.35
2022-03-09,152.91,35.1
2022-03-10,153.92,35.335
2022-03-11,153.37,35.215
2022-03-14,153.21,35.175
2022-03-15,155.06,35.625
2022-03-16,155.0,35.56
2022-03-17,155.53,35.71
2022-03-18,154.19,35.405
2022-03-21,155.21,35.405
2022-03-22,155.31,35.455
2022-03-23,155.37,35.505
2022-03-24,155.94,35.87
2022-03-25,158.27,36.39
2022-03-28,159.25,36.625
2022-03-29,160.79,36.965
2022-03-30,162.04,37.27
2022-03-31,161.81,37.23
2022-04-01,164.12,37.75
2022-04-04,162.75,37.46
2022-04-05,163.68,37.695
2022-04-06,166.71,38.445
2022-04-07,166.36,38.35
2022-04-08,166.95,38.48
2022-04-11,164.57,37.955
2022-04-12,165.26,38.1
2022-04-13,165.03,38.025
2022-04-14,164.85,38.045
2022-04-18,164.0,37.84
2022-04-19,165.07,38.085
2022-04-20,166.55,38.395
2022-04-21,163.99,37.76
2022-04-22,161.29,37.125
2022-04-25,159.95,36.87
2022-04-26,158.45,36.5
2022-04-27,157.59,36.325
2022-04-28,159.44,36.73
2022-04-29,154.73,35.63
2022-05-02,153.11,35.265
2022-05-03,153.84,35.4
2022-05-04,157.42,36.19
2022-05-05,155.68,35.82
2022-05-06,156.84,36.105
2022-05-09,155.54,35.835
2022-05-10,153.58,35.4
2022-05-11,154.7,35.655
2022-05-12,153.44,35.295
2022-05-13,155.08,35.715
2022-05-16,155.7,35.825
2022-05-17,157.44,36.195
2022-05-18,155.99,35.845
2022-05-19,155.85,35.77
2022-05-20,156.1,35.87
2022-05-23,157.92,36.3
2022-05-24,160.78,37.025
2022-05-25,160.9,37.0
2022-05-26,161.31,37.105
2022-05-27,163.8,37.685
2022-05-31,161.71,37.165
2022-06-01,161.39,37.105
2022-06-02,162.54,37.355
2022-06-03,161.8,37.175
2022-06-06,162.66,37.34
2022-06-07,163.63,37.565
2022-06-08,160.58,36.83
2022-06-09,156.82,35.945
2022-06-10,155.61,35.67
2022-06-13,148.31,34.03
2022-06-14,144.53,33.17
2022-06-15,145.54,33.385
2022-06-16,142.64,32.74
2022-06-17,141.44,32.435
2022-06-21,143.95,32.79
2022-06-22,145.44,33.135
2022-06-23,147.54,33.915
2022-06-24,150.1,34.505
2022-06-27,151.48,34.785
2022-06-28,150.94,34.655
2022-06-29,150.81,34.68
2022-06-30,152.35,35.065
2022-07-01,156.22,35.925
2022-07-05,150.81,34.7
2022-07-06,152.34,35.06
2022-07-07,152.29,35.025
2022-07-08,151.83,34.91
2022-07-11,152.59,35.13
2022-07-12,151.84,34.96
2022-07-13,151.35,34.815
2022-07-14,151.24,34.815
2022-07-15,151.85,34.88
2022-07-18,149.9,34.395
2022-07-19,151.01,34.615
2022-07-20,149.05,34.155
2022-07-21,149.3,34.245
2022-07-22,151.21,34.715
2022-07-25,153.24,35.15
2022-07-26,154.08,35.36
2022-07-27,154.36,35.39
2022-07-28,159.69,36.66
2022-07-29,161.05,36.975
2022-08-01,161.13,37.015
2022-08-02,160.83,36.94
2022-08-03,161.78,37.17
2022-08-04,162.02,37.25
2022-08-05,161.26,37.115
2022-08-08,161.66,37.17
2022-08-09,163.35,37.585
2022-08-10,164.16,37.75
2022-08-11,164.15,37.745
2022-08-12,166.83,38.36
2022-08-15,168.36,38.68
2022-08-16,168.64,38.79
2022-08-17,168.45,38.725
2022-08-18,168.99,38.87
2022-08-19,168.77,38.85
2022-08-22,166.46,38.32
2022-08-23,165.37,38.09
2022-08-24,165.96,38.21
2022-08-25,167.11,38.445
2022-08-26,164.57,37.855
2022-08-29,164.99,37.97
2022-08-30,162.43,37.415
2022-08-31,161.51,37.17
2022-09-01,163.67,37.705
2022-09-02,162.09,37.3
2022-09-06,162.25,37.395
2022-09-07,167.21,38.565
2022-09-08,167.09,38.535
2022-09-09,167.72,38.69
2022-09-12,169.41,39.06
2022-09-13,164.83,38.02
2022-09-14,166.3,38.33
2022-09-15,162.37,37.375
2022-09-16,161.81,37.235
2022-09-19,163.95,37.48
2022-09-20,161.63,36.935
2022-09-21,159.38,36.43
2022-09-22,158.91,36.3
2022-09-23,156.79,35.88
2022-09-26,153.23,35.015
2022-09-27,150.39,34.425
2022-09-28,150.85,34.795
2022-09-29,144.98,33.4
2022-09-30,142.26,32.755
2022-10-03,146.45,33.715
2022-10-04,149.6,34.43
2022-10-05,146.29,33.665
2022-10-06,141.62,32.555
2022-10-07,138.6,31.88
2022-10-10,138.86,31.935
2022-10-11,138.7,31.82
2022-10-12,134.2,30.76
2022-10-13,137.49,31.53
2022-10-14,135.6,31.075
2022-10-17,138.44,31.725
2022-10-18,140.88,32.305
2022-10-19,139.1,31.885
2022-10-20,135.65,31.08
2022-10-21,138.09,31.655
2022-10-24,139.14,31.92
2022-10-25,142.0,32.56
2022-10-26,142.05,32.545
2022-10-27,143.24,32.805
2022-10-28,147.02,33.705
2022-10-31,145.74,33.39
2022-11-01,146.28,33.52
2022-11-02,144.79,33.195
2022-11-03,145.35,33.34
2022-11-04,146.23,33.545
2022-11-07,143.66,32.905
2022-11-08,144.68,33.135
2022-11-09,143.55,32.875
2022-11-10,150.3,34.425
2022-11-11,148.73,34.04
2022-11-14,147.02,33.635
2022-11-15,148.59,34.005
2022-11-16,149.82,34.31
2022-11-17,147.25,33.71
2022-11-18,150.35,34.425
2022-11-21,151.19,34.58
2022-11-22,152.5,34.875
2022-11-23,154.09,35.265
2022-11-25,155.1,35.47
2022-11-28,153.35,35.105
2022-11-29,152.23,34.845
2022-11-30,156.0,35.715
2022-12-01,155.57,35.685
2022-12-02,154.89,35.515
2022-12-05,153.88,35.315
2022-12-06,154.81,35.535
2022-12-07,154.23,35.37
2022-12-08,155.14,35.6
2022-12-09,154.43,35.415
2022-12-12,157.64,36.225
2022-12-13,158.16,36.335
2022-12-14,158.01,36.29
2022-12-15,154.75,35.85
2022-12-16,152.16,35.24
2022-12-19,151.62,34.815
2022-12-20,151.73,34.825
2022-12-21,153.85,35.31
2022-12-22,152.82,35.095
2022-12-23,154.33,35.455
2022-12-27,155.23,35.675
2022-12-28,153.86,35.335
2022-12-29,155.06,35.59
2022-12-30,153.36,35.25
2023-01-03,153.39,35.25
2023-01-04,154.9,35.57
2023-01-05,151.49,34.8
2023-01-06,154.58,35.5
2023-01-09,155.46,35.74
2023-01-10,155.68,35.75
2023-01-11,156.95,36.04
2023-01-12,156.27,35.795
2023-01-13,155.47,35.665
2023-01-17,155.16,35.615
2023-01-18,151.55,34.76
2023-01-19,150.03,34.41
2023-01-20,150.87,34.615
2023-01-23,151.02,34.625
2023-01-24,151.76,34.8
2023-01-25,149.92,34.33
2023-01-26,150.5,34.445
2023-01-27,150.47,34.445
2023-01-30,149.64,34.29
2023-01-31,150.94,34.545
2023-02-01,151.4,34.605
2023-02-02,151.85,34.68
2023-02-03,148.95,33.955
2023-02-06,149.95,34.245
2023-02-07,149.86,34.23
2023-02-08,147.23,33.655
2023-02-09,145.21,33.195
2023-02-10,148.0,33.855
2023-02-13,148.95,34.06
2023-02-14,148.14,33.915
2023-02-15,149.09,34.135
2023-02-16,148.08,33.875
2023-02-17,149.78,34.24
2023-02-21,146.9,33.6
2023-02-22,146.36,33.47
2023-02-23,145.65,33.295
2023-02-24,145.56,33.305
2023-02-27,144.65,33.08
2023-02-28,142.27,32.5
2023-03-01,140.05,31.965
2023-03-02,142.37,32.57
2023-03-03,144.66,33.125
2023-03-06,145.42,33.285
2023-03-07,143.13,32.74
2023-03-08,144.22,32.99
2023-03-09,142.99,32.725
2023-03-10,140.73,32.21
2023-03-13,142.64,32.705
2023-03-14,144.76,33.135
2023-03-15,146.45,33.585
2023-03-16,147.45,33.81
2023-03-17,146.0,33.485
2023-03-20,147.24,33.5
2023-03-21,144.3,32.825
2023-03-22,141.42,32.18
2023-03-23,139.89,31.85
2023-03-24,143.14,32.845
2023-03-27,143.27,32.885
2023-03-28,143.75,32.975
2023-03-29,145.77,33.455
2023-03-30,146.36,33.6
2023-03-31,147.52,33.845
2023-04-03,146.39,33.615
2023-04-04,147.06,33.785
2023-04-05,150.86,34.66
2023-04-06,151.9,34.905
2023-04-10,151.62,34.835
2023-04-11,151.76,34.865
2023-04-12,151.51,34.83
2023-04-13,151.53,34.835
2023-04-14,149.73,34.445
2023-04-17,150.6,34.635
2023-04-18,149.83,34.455
2023-04-19,150.95,34.72
2023-04-20,150.87,34.71
2023-04-21,151.32,34.81
2023-04-24,152.05,34.985
2023-04-25,151.73,34.95
2023-04-26,148.21,34.13
2023-04-27,149.95,34.54
2023-04-28,149.73,34.49
2023-05-01,149.97,34.55
2023-05-02,148.13,34.13
2023-05-03,147.74,34.035
2023-05-04,148.79,34.295
2023-05-05,149.77,34.515
2023-05-08,149.39,34.41
2023-05-09,149.16,34.365
2023-05-10,150.61,34.68
2023-05-11,148.98,34.325
2023-05-12,149.85,34.515
2023-05-15,148.0,34.08
2023-05-16,144.74,33.325
2023-05-17,144.42,33.205
2023-05-18,143.9,33.105
2023-05-19,143.7,33.055
2023-05-22,143.77,33.065
2023-05-23,143.37,32.95
2023-05-24,142.5,32.735
2023-05-25,140.52,32.295
2023-05-26,140.6,32.295
2023-05-30,140.07,32.17
2023-05-31,141.32,32.465
2023-06-01,140.39,32.225
2023-06-02,141.95,32.56
2023-06-05,142.35,32.715
2023-06-06,142.48,32.69
2023-06-07,144.93,33.245
2023-06-08,145.52,33.39
2023-06-09,144.57,33.195
2023-06-12,144.3,33.135
2023-06-13,144.2,33.13
2023-06-14,143.99,33.11
2023-06-15,145.56,33.47
2023-06-16,146.24,33.65
2023-06-20,144.47,32.99
2023-06-21,145.56,33.255
2023-06-22,144.54,33.0
2023-06-23,142.19,32.515
2023-06-26,143.61,32.835
2023-06-27,143.7,32.845
2023-06-28,141.7,32.36
2023-06-29,140.63,32.36
2023-06-30,142.17,32.72
2023-07-03,143.21,32.965
2023-07-05,144.69,33.34
2023-07-06,142.94,32.935
2023-07-07,141.83,32.695
2023-07-10,141.28,32.555
2023-07-11,142.99,32.96
2023-07-12,145.13,33.44
2023-07-13,145.67,33.555
2023-07-14,145.1,33.425
2023-07-17,143.53,33.04
2023-07-18,142.59,32.785
2023-07-19,144.05,33.12
2023-07-20,146.54,33.725
2023-07-21,148.54,34.23
2023-07-24,148.14,34.14
2023-07-25,148.43,34.2
2023-07-26,148.47,34.2
2023-07-27,145.8,33.595
2023-07-28,145.39,33.52
2023-07-31,145.59,33.535
2023-08-01,143.76,33.125
2023-08-02,143.83,33.125
2023-08-03,140.58,32.37
2023-08-04,139.05,31.995
2023-08-07,139.18,31.99
2023-08-08,139.59,32.14
2023-08-09,139.99,32.21
2023-08-10,139.52,32.11
2023-08-11,140.22,32.285
2023-08-14,138.98,32.03
2023-08-15,136.48,31.51
2023-08-16,137.11,31.65
2023-08-17,136.71,31.58
2023-08-18,137.36,31.745
2023-08-21,136.56,31.545
2023-08-22,136.9,31.635
2023-08-23,137.41,31.76
2023-08-24,136.63,31.575
2023-08-25,137.59,31.815
2023-08-28,137.6,31.81
2023-08-29,138.14,31.93
2023-08-30,137.6,31.785
2023-08-31,136.36,31.48
2023-09-01,135.87,31.32
2023-09-05,133.75,30.84
2023-09-06,133.87,30.91
2023-09-07,135.54,31.315
2023-09-08,136.83,31.59
2023-09-11,137.25,31.72
2023-09-12,137.57,31.76
2023-09-13,139.12,32.14
2023-09-14,141.06,32.61
2023-09-15,140.42,32.47
2023-09-18,140.42,32.185
2023-09-19,139.66,32.01
2023-09-20,139.6,32.04
2023-09-21,138.14,31.705
2023-09-22,137.94,31.645
2023-09-25,137.82,31.6
2023-09-26,133.81,30.655
2023-09-27,131.26,30.065
2023-09-28,127.23,29.415
2023-09-29,127.54,29.465
2023-10-02,121.65,28.095
2023-10-03,122.94,28.42
2023-10-04,122.75,28.39
2023-10-05,122.31,28.225
2023-10-06,123.93,28.625
2023-10-09,125.12,28.91
2023-10-10,126.73,29.305
2023-10-11,128.78,29.78
2023-10-12,126.75,29.32
2023-10-13,127.97,29.65
2023-10-16,129.4,29.955
2023-10-17,129.15,29.875
2023-10-18,127.9,29.615
2023-10-19,126.65,29.32
2023-10-20,125.33,29.015
2023-10-23,124.27,28.77
2023-10-24,127.31,29.51
2023-10-25,127.96,29.675
2023-10-26,129.11,29.93
2023-10-27,126.67,29.365
2023-10-30,127.47,29.59
2023-10-31,128.58,29.845
2023-11-01,130.18,30.185
2023-11-02,132.71,30.75
2023-11-03,133.63,30.93
2023-11-06,133.16,30.85
2023-11-07,132.14,30.625
2023-11-08,131.13,30.4
2023-11-09,129.31,30.0
2023-11-10,129.9,30.16
2023-11-13,128.37,29.8
2023-11-14,133.66,30.99
2023-11-15,133.28,30.895
2023-11-16,133.89,31.06
2023-11-17,134.28,31.145
2023-11-20,133.83,31.05
2023-11-21,133.99,31.115
2023-11-22,134.58,31.265
2023-11-24,134.92,31.345
2023-11-27,135.13,31.395
2023-11-28,135.54,31.495
2023-11-29,134.53,31.245
2023-11-30,135.15,31.38
2023-12-01,136.99,31.765
2023-12-04,136.71,31.64
2023-12-05,135.62,31.415
2023-12-06,137.55,31.835
2023-12-07,137.23,31.765
2023-12-08,136.96,31.705
2023-12-11,137.63,31.91
2023-12-12,137.2,31.78
2023-12-13,142.23,32.98
2023-12-14,140.7,32.55
2023-12-15,138.27,31.985
2023-12-18,137.95,31.615
2023-12-19,137.51,31.795
2023-12-20,134.79,31.15
2023-12-21,135.17,31.205
2023-12-22,135.7,31.31
2023-12-26,136.55,31.5
2023-12-27,136.35,31.48
2023-12-28,137.33,31.705
2023-12-29,137.07,31.665
2024-01-02,138.9,32.125
2024-01-03,139.41,32.245
2024-01-04,138.8,32.145
2024-01-05,139.23,32.265
2024-01-08,140.33,32.5
2024-01-09,139.25,32.235
2024-01-10,139.13,32.23
2024-01-11,135.9,31.48
2024-01-12,136.65,31.66
2024-01-16,135.03,31.315
2024-01-17,133.1,30.86
2024-01-18,131.78,30.53
2024-01-19,131.63,30.49
2024-01-22,131.18,30.335
2024-01-23,131.42,30.39
2024-01-24,129.56,29.975
2024-01-25,131.89,30.515
2024-01-26,132.18,30.605
2024-01-29,133.11,30.8
2024-01-30,132.98,30.79
2024-01-31,132.5,30.725
2024-02-01,135.22,31.31
2024-02-02,132.91,30.745
2024-02-05,130.07,30.105
2024-02-06,130.67,30.215
2024-02-07,130.74,30.235
2024-02-08,129.92,30.02
2024-02-09,130.49,30.135
2024-02-12,132.12,30.485
2024-02-13,129.79,29.98
2024-02-14,130.51,30.145
2024-02-15,132.75,30.65
2024-02-16,132.65,30.615
2024-02-20,132.55,30.595
2024-02-21,134.16,31.0
2024-02-22,133.09,30.76
2024-02-23,133.81,30.98
2024-02-26,131.31,30.37
2024-02-27,133.78,30.945
2024-02-28,134.27,31.04
2024-02-29,134.37,31.05
2024-03-01,133.76,30.86
2024-03-04,135.99,31.38
2024-03-05,135.71,31.29
2024-03-06,137.02,31.59
2024-03-07,137.99,31.795
2024-03-08,138.29,31.875
2024-03-11,138.95,32.035
2024-03-12,137.72,31.725
2024-03-13,138.58,31.94
2024-03-14,137.57,31.685
2024-03-15,137.62,31.73
2024-03-18,138.02,31.615
2024-03-19,139.31,31.895
2024-03-20,139.7,31.935
2024-03-21,139.58,31.885
2024-03-22,138.66,31.93
2024-03-25,139.42,32.08
2024-03-26,137.74,31.715
2024-03-27,141.42,32.6
2024-03-28,142.58,32.825
2024-04-01,141.78,32.625
2024-04-02,141.93,32.68
2024-04-03,141.46,32.55
2024-04-04,141.09,32.485
2024-04-05,141.7,32.58
2024-04-08,142.56,32.795
2024-04-09,143.15,32.975
2024-04-10,140.53,32.41
2024-04-11,140.29,32.345
2024-04-12,139.22,32.1
2024-04-15,137.94,31.805
2024-04-16,136.04,31.385
2024-04-17,138.84,32.04
2024-04-18,139.52,32.22
2024-04-19,141.62,32.715
2024-04-22,143.09,33.015
2024-04-23,143.77,33.17
2024-04-24,144.69,33.37
2024-04-25,145.18,33.46
2024-04-26,143.53,33.095
2024-04-29,145.68,33.545
2024-04-30,144.84,33.37
2024-05-01,146.51,33.755
2024-05-02,147.56,33.935
2024-05-03,148.68,34.205
2024-05-06,149.51,34.38
2024-05-07,151.04,34.77
2024-05-08,152.39,35.135
2024-05-09,154.89,35.67
2024-05-10,154.59,35.635
2024-05-13,154.73,35.635
2024-05-14,155.02,35.73
2024-05-15,157.23,36.265
2024-05-16,156.75,36.14
2024-05-17,156.89,36.17
2024-05-20,156.62,36.11
2024-05-21,157.94,36.435
2024-05-22,156.1,36.005
2024-05-23,153.36,35.395
2024-05-24,154.84,35.75
2024-05-28,154.58,35.715
2024-05-29,152.66,35.255
2024-05-30,154.57,35.73
2024-05-31,157.43,36.36
2024-06-03,155.89,35.945
2024-06-04,156.0,35.93
2024-06-05,154.99,35.725
2024-06-06,153.16,35.355
2024-06-07,151.5,34.97
2024-06-10,153.43,35.42
2024-06-11,152.49,35.205
2024-06-12,151.51,34.975
2024-06-13,151.71,35.055
2024-06-14,151.49,34.97
2024-06-17,149.87,34.585
2024-06-18,149.88,34.6
2024-06-20,151.12,34.9
2024-06-21,150.34,34.695
2024-06-24,152.22,34.87
2024-06-25,150.83,34.54
2024-06-26,150.31,34.395
2024-06-27,150.52,34.455
2024-06-28,147.92,34.07
2024-07-01,146.64,33.835
2024-07-02,147.4,34.01
2024-07-03,148.33,34.215
2024-07-05,148.35,34.275
2024-07-08,148.48,34.31
2024-07-09,148.87,34.41
2024-07-10,150.33,34.735
2024-07-11,153.24,35.37
2024-07-12,154.62,35.63
2024-07-15,151.05,34.765
2024-07-16,152.41,35.035
2024-07-17,152.53,35.055
2024-07-18,152.51,35.025
2024-07-19,152.6,35.065
2024-07-22,153.78,35.36
2024-07-23,152.99,35.14
2024-07-24,154.66,35.535
2024-07-25,153.5,35.24
2024-07-26,154.92,35.585
2024-07-29,155.52,35.745
2024-07-30,156.38,35.93
2024-07-31,158.02,36.395
2024-08-01,160.96,37.05
2024-08-02,161.08,37.11
2024-08-05,156.88,36.13
2024-08-06,157.97,36.435
2024-08-07,158.77,36.64
2024-08-08,159.0,36.68
2024-08-09,159.46,36.805
2024-08-12,159.68,36.87
2024-08-13,160.48,37.085
2024-08-14,160.4,37.06
2024-08-15,160.62,37.055
2024-08-16,161.24,37.22
2024-08-19,162.26,37.465
2024-08-20,161.87,37.385
2024-08-21,163.03,37.65
2024-08-22,162.79,37.605
2024-08-23,163.31,37.71
2024-08-26,164.21,37.955
2024-08-27,163.06,37.655
2024-08-28,163.01,37.655
2024-08-29,163.83,37.86
2024-08-30,165.09,38.145
2024-09-03,164.75,38.09
2024-09-04,166.05,38.415
2024-09-05,165.6,38.32
2024-09-06,164.18,37.955
2024-09-09,165.55,38.34
2024-09-10,166.44,38.52
2024-09-11,166.83,38.64
2024-09-12,167.15,38.725
2024-09-13,169.63,39.27
2024-09-16,171.02,39.57
2024-09-17,170.92,39.54
2024-09-18,169.59,39.24
2024-09-19,168.73,39.01
2024-09-20,172.84,40.04
2024-09-23,174.54,40.165
2024-09-24,173.15,39.88
2024-09-25,174.03,40.09
2024-09-26,172.91,39.815
2024-09-27,173.33,40.21
2024-09-30,174.05,40.39
2024-10-01,175.33,40.715
2024-10-02,175.27,40.735
2024-10-03,175.14,40.72
2024-10-04,174.88,40.655
2024-10-07,171.01,39.72
2024-10-08,171.06,39.74
2024-10-09,169.67,39.4
2024-10-10,169.15,39.28
2024-10-11,170.71,39.625
2024-10-14,172.83,40.125
2024-10-15,173.72,40.305
2024-10-16,177.08,41.105
2024-10-17,175.46,40.74
2024-10-18,176.31,40.975
2024-10-21,175.63,40.815
2024-10-22,175.08,40.67
2024-10-23,176.57,41.06
2024-10-24,175.41,40.795
2024-10-25,172.95,40.19
2024-10-28,174.25,40.505
2024-10-29,170.78,39.64
2024-10-30,170.39,39.545
2024-10-31,171.98,39.955
2024-11-01,168.18,39.065
2024-11-04,166.5,38.6
2024-11-05,169.05,39.18
2024-11-06,167.76,38.775
2024-11-07,167.69,38.845
2024-11-08,170.8,39.59
2024-11-11,171.58,39.7
2024-11-12,169.68,39.245
2024-11-13,169.33,39.175
2024-11-14,168.68,39.04
2024-11-15,171.11,39.625
2024-11-18,172.59,39.97
2024-11-19,173.62,40.225
2024-11-20,173.77,40.245
2024-11-21,176.73,40.945
2024-11-22,176.05,40.725
2024-11-25,176.53,40.8
2024-11-26,178.92,41.45
2024-11-27,178.98,41.45
2024-11-29,179.11,41.465
2024-12-02,175.53,40.575
2024-12-03,174.16,40.225
2024-12-04,173.8,40.22
2024-12-05,174.24,40.345
2024-12-06,172.25,39.845
2024-12-09,170.18,39.345
2024-12-10,169.03,39.06
2024-12-11,168.07,38.815
2024-12-12,167.7,38.795
2024-12-13,167.76,38.82
2024-12-16,166.6,38.51
2024-12-17,165.87,38.35
2024-12-18,160.52,37.445
2024-12-19,161.34,37.615
2024-12-20,163.59,38.215
2024-12-23,164.22,38.03
2024-12-24,165.03,38.24
2024-12-26,164.67,38.15
2024-12-27,164.23,38.04
2024-12-30,163.59,37.88
2024-12-31,163.42,37.845
2025-01-02,164.52,38.135
2025-01-03,166.3,38.54
2025-01-06,164.53,38.11
2025-01-07,164.05,38.015
2025-01-08,164.17,38.005
2025-01-10,162.97,37.79
2025-01-13,161.24,37.35
2025-01-14,163.46,37.84
2025-01-15,165.97,38.395
2025-01-16,169.89,39.365
2025-01-17,170.17,39.42
2025-01-21,172.59,40.025
2025-01-22,169.04,39.16
2025-01-23,169.61,39.345
2025-01-24,171.27,39.745
2025-01-27,167.65,38.825
2025-01-28,165.36,38.29
2025-01-29,165.69,38.37
2025-01-30,169.06,39.17
2025-01-31,168.06,38.94
2025-02-03,169.07,39.15
2025-02-04,167.61,38.805
2025-02-05,169.3,39.195
2025-02-06,169.27,39.15
2025-02-07,168.67,39.07
2025-02-10,170.48,39.495
2025-02-11,171.35,39.695
2025-02-12,171.17,39.625
2025-02-13,171.48,39.715
2025-02-14,170.69,39.55
2025-02-18,172.63,39.92
2025-02-19,173.27,40.13
2025-02-20,173.33,40.125
2025-02-21,173.28,40.135
2025-02-24,172.59,39.935
2025-02-25,171.95,39.735
2025-02-26,172.63,39.9
2025-02-27,169.07,39.015
2025-02-28,171.47,39.61
2025-03-03,171.72,39.665
2025-03-04,169.13,39.02
2025-03-05,167.84,38.745
2025-03-06,164.44,37.94
2025-03-07,167.32,38.645
2025-03-10,169.12,39.07
2025-03-11,167.74,38.705
2025-03-12,167.05,38.585
2025-03-13,167.58,38.68
2025-03-14,170.8,39.435
2025-03-17,171.62,39.6
2025-03-18,170.42,39.325
2025-03-19,170.94,39.47
2025-03-20,171.64,39.63
2025-03-21,170.39,39.375
2025-03-24,170.53,39.085
2025-03-25,166.74,38.46
2025-03-26,167.78,38.715
2025-03-27,167.76,38.705
2025-03-28,169.03,38.99
2025-03-31,170.81,39.425
2025-04-01,171.33,39.525
2025-04-02,171.95,39.71
2025-04-03,171.04,39.46
2025-04-04,161.7,37.265
2025-04-07,159.32,36.695
2025-04-08,158.36,36.545
2025-04-09,164.49,37.985
2025-04-10,163.39,37.7
2025-04-11,165.48,38.16
2025-04-14,168.34,38.845
2025-04-15,168.47,38.84
2025-04-16,166.94,38.49
2025-04-17,168.78,38.885
2025-04-21,164.82,37.965
2025-04-22,169.23,39.0
2025-04-23,169.83,39.165
2025-04-24,170.0,39.225
2025-04-25,169.35,39.105
2025-04-28,170.57,39.345
2025-04-29,171.75,39.65
2025-04-30,170.99,39.45
2025-05-01,171.52,39.565
2025-05-02,172.64,39.875
2025-05-05,172.23,39.775
2025-05-06,174.2,40.26
2025-05-07,174.79,40.375
2025-05-08,173.39,40.05
2025-05-09,173.52,40.12
2025-05-12,172.34,39.88
2025-05-13,172.03,39.825
2025-05-14,171.33,39.65
2025-05-15,175.11,40.495
2025-05-16,177.57,41.09
2025-05-19,178.39,41.265
2025-05-20,178.82,41.385
2025-05-21,175.48,40.63
2025-05-22,173.06,40.05
2025-05-23,175.1,40.53
2025-05-27,176.67,40.835
2025-05-28,174.0,40.265
2025-05-29,175.38,40.545
2025-05-30,176.96,40.96
2025-06-02,177.52,41.09
2025-06-03,177.89,41.2
2025-06-04,174.94,40.48
2025-06-05,174.67,40.415
2025-06-06,175.3,40.595
2025-06-09,174.43,40.335
2025-06-10,174.94,40.43
2025-06-11,175.21,40.455
2025-06-12,177.19,40.945
2025-06-13,176.05,40.71
2025-06-16,175.21,40.51
2025-06-17,173.94,40.175
2025-06-18,174.46,40.28
2025-06-20,174.74,40.39
2025-06-23,177.0,40.62
2025-06-24,177.69,40.795
2025-06-25,175.29,40.25
2025-06-26,175.45,40.585
2025-06-27,175.86,40.665
2025-06-30,176.51,40.83
2025-07-01,177.0,40.97
2025-07-02,175.62,40.615
2025-07-03,176.97,40.92
2025-07-07,177.17,41.005
2025-07-08,175.42,40.57
2025-07-09,177.01,40.95
2025-07-10,178.26,41.285
2025-07-11,178.04,41.225
2025-07-14,178.95,41.39
2025-07-15,177.11,40.995
2025-07-16,177.29,41.015
2025-07-17,177.92,41.185
2025-07-18,181.1,41.875
2025-07-21,181.59,42.01
2025-07-22,183.76,42.525
2025-07-23,182.52,42.205
2025-07-24,182.23,42.15
2025-07-25,182.66,42.26
2025-07-28,180.89,41.81
2025-07-29,182.78,42.29
2025-07-30,184.1,42.605
2025-07-31,185.24,42.835
2025-08-01,185.3,42.9
2025-08-04,188.61,43.66
2025-08-05,186.74,43.195
2025-08-06,185.22,42.81
2025-08-07,187.03,43.275
2025-08-08,186.28,43.09
2025-08-11,185.75,42.955
2025-08-12,186.61,43.14
2025-08-13,187.07,43.235
2025-08-14,185.79,42.935
2025-08-15,185.22,42.81
2025-08-18,184.33,42.625
2025-08-19,186.1,43.04
2025-08-20,186.24,43.085
2025-08-21,185.05,42.79
2025-08-22,186.15,43.02
2025-08-25,184.11,42.535
2025-08-26,184.48,42.63
2025-08-27,184.8,42.64
2025-08-28,183.52,42.315
2025-08-29,182.69,42.16
2025-09-02,182.07,42.02
2025-09-03,181.74,41.915
2025-09-04,181.48,41.865
2025-09-05,181.07,41.735
2025-09-08,179.16,41.31
2025-09-09,180.42,41.595
2025-09-10,183.2,42.31
2025-09-11,184.29,42.535
2025-09-12,185.17,42.75
2025-09-15,185.75,42.85
2025-09-16,182.5,42.07
2025-09-17,183.08,42.175
2025-09-18,183.36,42.205
2025-09-19,184.91,42.475
2025-09-22,186.5,42.6
2025-09-23,187.51,42.82
2025-09-24,187.4,43.125
2025-09-25,185.61,42.71
2025-09-26,188.25,43.405
2025-09-29,188.91,43.53
2025-09-30,189.41,43.605
2025-10-01,190.89,44.025
2025-10-02,190.8,43.945
2025-10-03,192.83,44.455
2025-10-06,194.75,44.885
2025-10-07,195.5,45.09
2025-10-08,196.94,45.4
2025-10-09,196.45,45.285
2025-10-10,195.5,45.1
2025-10-13,197.28,45.445
2025-10-14,198.99,45.85
2025-10-15,201.45,46.45
2025-10-16,199.33,45.945
2025-10-17,198.69,45.785
2025-10-20,198.78,45.77
2025-10-21,196.44,45.305
2025-10-22,195.67,45.2
2025-10-23,195.65,45.165
2025-10-24,198.11,45.695
2025-10-27,198.63,45.82
2025-10-28,195.43,45.065
2025-10-29,195.37,45.05
2025-10-30,194.31,44.86
2025-10-31,193.06,44.55
2025-11-03,193.29,44.575
2025-11-04,192.46,44.415
2025-11-05,192.73,44.425
2025-11-06,191.85,44.23
2025-11-07,194.47,44.845
2025-11-10,194.39,44.83
2025-11-11,194.43,44.855
2025-11-12,194.88,44.96
2025-11-13,192.27,44.34
2025-11-14,192.35,44.38
2025-11-17,193.82,44.78
2025-11-18,193.08,44.61
2025-11-19,191.76,44.235
2025-11-20,190.7,44.01
2025-11-21,190.96,44.075
2025-11-24,193.19,44.575
2025-11-25,192.57,44.405
2025-11-26,194.98,44.995
2025-11-28,196.45,45.315
2025-12-01,191.98,44.255
2025-12-02,190.5,43.94
2025-12-03,189.92,43.8
2025-12-04,189.73,43.71
2025-12-05,187.79,43.3
2025-12-08,185.63,42.72
2025-12-09,185.64,42.75
2025-12-10,185.46,42.73
2025-12-11,187.04,43.04
2025-12-12,186.01,42.83
2025-12-15,187.52,43.22
2025-12-16,186.9,43.04
2025-12-17,184.06,42.76
2025-12-18,185.98,43.18
2025-12-19,183.5,42.63
2025-12-22,184.46,42.47
2025-12-23,184.84,42.62
2025-12-24,185.74,42.81
2025-12-26,185.51,42.78
2025-12-29,185.84,42.86
2025-12-30,186.21,42.96
2025-12-31,185.04,42.69
2026-01-02,187.22,43.18
2026-01-05,185.45,42.7
2026-01-06,186.42,42.91
2026-01-07,182.18,41.87
2026-01-08,182.68,41.99
2026-01-09,184.95,42.51
2026-01-12,185.21,42.58
2026-01-13,186.37,42.85
2026-01-14,187.64,43.17
2026-01-15,189.71,43.61
2026-01-16,188.76,43.39
2026-01-20,186.71,42.96
2026-01-21,187.21,43.02
2026-01-22,186.01,42.71
2026-01-23,185.14,42.56
2026-01-26,186.35,42.87
2026-01-27,188.64,43.43
2026-01-28,188.28,43.33
2026-01-29,188.34,43.33
2026-01-30,187.99,43.25
2026-02-02,185.22,42.62
2026-02-03,187.94,43.24
2026-02-04,186.96,43.08
2026-02-05,187.11,43.1
2026-02-06,188.11,43.35
2026-02-09,188.7,43.48
2026-02-10,191.63,44.2
2026-02-11,193.23,44.59
2026-02-12,196.13,45.25
2026-02-13,201.32,46.5
2026-02-17,200.87,46.38
2026-02-18,197.39,45.61
2026-02-19,199.51,46.11
2026-02-20,200.31,46.33
2026-02-23,201.69,46.68
2026-02-24,203.79,47.2
2026-02-25,204.55,47.36
2026-02-26,203.78,47.18
2026-02-27,205.87,47.73
2026-03-02,204.47,47.37
2026-03-03,203.22,47.07
2026-03-04,204.13,47.27
2026-03-05,202.48,46.9
2026-03-06,201.6,46.74
2026-03-09,202.12,46.85
2026-03-10,200.84,46.56
2026-03-11,199.3,46.17
2026-03-12,200.63,46.5
2026-03-13,202.59,46.96
2026-03-16,203.71,47.26
2026-03-17,203.11,47.13
2026-03-18,201.48,46.73
2026-03-19,200.77,46.54
2026-03-20,192.75,44.65
2026-03-23,194.78,44.78
2026-03-24,194.89,45.09
2026-03-25,195.48,45.25
2026-03-26,195.92,45.33
2026-03-27,196.88,45.59
2026-03-30,198.11,45.92
2026-03-31,198.14,45.89
2026-04-01,198.97,46.11
2026-04-02,200.14,46.34
2026-04-06,199.4,46.17
2026-04-07,199.98,46.27
2026-04-08,202.09,46.78
2026-04-09,203.63,47.15
2026-04-10,202.89,46.96
2026-04-13,200.25,46.39
2026-04-14,200.91,46.47
2026-04-15,199.25,46.02
2026-04-16,200.51,46.35
2026-04-17,199.7,46.16
2026-04-20,198.05,45.75
2026-04-21,194.44,44.95
2026-04-22,194.34,44.87
2026-04-23,199.69,46.09
2026-04-24,199.84,46.18
2026-04-27,200.11,46.19
2026-04-28,200.26,46.25
2026-04-29,197.6,45.68
2026-04-30,202.49,46.85
2026-05-01,201.12,46.55
2026-05-04,200.51,46.37
2026-05-05,200.54,46.37
2026-05-06,198.05,45.71
2026-05-07,195.44,45.12
2026-05-08,193.9,44.72
2026-05-11,195.62,45.14
2026-05-12,195.91,45.19
2026-05-13,193.52,44.67
2026-05-14,194.56,44.9
2026-05-15,190.2,43.87
2026-05-18,190.32,43.94
2026-05-19,192.06,44.34
2026-05-20,192.92,44.51
2026-05-21,194.93,45.0
2026-05-22,196.47,45.35
2026-05-26,196.65,45.33
2026-05-27,195.7,45.14
2026-05-28,193.55,44.63
2026-05-29,192.66,44.42
2026-06-01,187.11,43.1
2026-06-02,190.78,43.9
2026-06-03,189.68,43.71
2026-06-04,190.85,43.94
2026-06-05,192.36,44.35
2026-06-08,188.75,43.52
2026-06-09,190.6,43.98
2026-06-10,190.57,44.0
2026-06-11,190.7,44.05
2026-06-12,192.89,44.53
2026-06-15,194.0,44.74
2026-06-16,195.09,45.06
2026-06-17,192.6,44.46
2026-06-18,193.95,44.76
2026-06-22,194.82,44.72
2026-06-23,196.29,45.07
2026-06-24,196.86,45.54
2026-06-25,198.16,45.85
2026-06-26,199.66,46.2
2026-06-29,198.78,46.02
2026-06-30,195.73,45.34
2026-07-01,193.38,44.77
2026-07-02,197.54,45.76
2026-07-06,195.62,45.3
2026-07-07,197.25,45.7
2026-07-08,195.85,45.36
2026-07-09,194.97,45.13
2026-07-10,196.17,45.41
2026-07-13,197.48,45.72
2026-07-14,197.39,45.69
2026-07-15,195.62,45.22
2026-07-16,196.49,45.47
2026-07-17,195.22,45.17
2026-07-20,194.21,44.94
2026-07-21,194.22,44.92
2026-07-22,198.41,45.93
2026-07-23,199.43,46.19
2026-07-24,199.46,46.29
2026-07-27,197.01,45.68
2026-07-28,196.22,45.52
2026-07-29,193.47,44.91
2026-07-30,192.58,44.66
2026-07-31,191.22,44.35
2026-08-03,191.55,44.36
2026-08-04,190.54,44.11
2026-08-05,188.61,43.66
2026-08-06,187.64,43.38
2026-08-07,188.86,43.61
2026-08-10,186.8,43.13
2026-08-11,188.87,43.63
2026-08-12,189.77,43.84
2026-08-13,190.62,44.04
2026-08-14,191.73,44.31
2026-08-17,191.01,44.18
2026-08-18,190.24,44.02
2026-08-19,190.36,44.02
2026-08-20,189.31,43.77
2026-08-21,185.03,42.77
2026-08-24,186.88,43.22
2026-08-25,187.32,43.31
