date,VHT,XLV
2021-08-30,262.47,135.39
2021-08-31,262.49,135.21
2021-09-01,263.04,135.25
2021-09-02,265.84,136.7
2021-09-03,265.84,136.85
2021-09-07,264.3,136.05
2021-09-08,263.78,135.99
2021-09-09,261.32,134.42
2021-09-10,258.98,133.19
2021-09-13,257.04,132.37
2021-09-14,256.58,132.35
2021-09-15,258.42,133.21
2021-09-16,257.91,132.87
2021-09-17,258.79,133.0
2021-09-20,255.61,131.15
2021-09-21,256.19,131.35
2021-09-22,256.8,131.57
2021-09-23,258.85,132.52
2021-09-24,257.37,131.98
2021-09-27,254.29,130.1
2021-09-28,249.22,127.87
2021-09-29,249.71,128.88
2021-09-30,247.16,127.3
2021-10-01,247.69,127.33
2021-10-04,243.83,125.39
2021-10-05,244.94,126.14
2021-10-06,244.57,125.91
2021-10-07,247.53,127.58
2021-10-08,246.13,126.94
2021-10-11,244.41,125.95
2021-10-12,243.71,125.34
2021-10-13,243.96,125.54
2021-10-14,247.5,127.34
2021-10-15,248.44,127.97
2021-10-18,246.5,127.1
2021-10-19,249.68,128.77
2021-10-20,252.77,130.61
2021-10-21,254.17,131.14
2021-10-22,254.69,131.67
2021-10-25,254.95,131.83
2021-10-26,256.18,132.48
2021-10-27,253.75,131.43
2021-10-28,256.4,132.53
2021-10-29,258.45,133.82
2021-11-01,258.91,133.66
2021-11-02,260.48,134.5
2021-11-03,262.42,135.29
2021-11-04,260.86,134.36
2021-11-05,258.49,132.86
2021-11-08,259.72,133.65
2021-11-09,258.37,133.16
2021-11-10,258.13,133.54
2021-11-11,257.59,133.15
2021-11-12,258.54,133.81
2021-11-15,256.89,132.98
2021-11-16,258.0,133.54
2021-11-17,257.96,133.73
2021-11-18,257.35,133.78
2021-11-19,255.76,132.97
2021-11-22,254.31,132.37
2021-11-23,254.12,132.51
2021-11-24,254.31,132.46
2021-11-26,252.66,131.97
2021-11-29,252.65,132.33
2021-11-30,248.18,129.73
2021-12-01,246.92,129.5
2021-12-02,248.11,130.13
2021-12-03,247.32,130.37
2021-12-06,248.82,131.11
2021-12-07,253.04,132.8
2021-12-08,255.17,133.8
2021-12-09,254.27,134.11
2021-12-10,254.62,134.58
2021-12-13,256.89,135.85
2021-12-14,255.65,135.3
2021-12-15,261.34,138.07
2021-12-16,260.57,138.89
2021-12-17,260.64,137.92
2021-12-20,259.03,136.56
2021-12-21,260.82,137.13
2021-12-22,263.62,138.73
2021-12-23,264.82,139.3
2021-12-27,266.68,140.77
2021-12-28,265.61,140.4
2021-12-29,266.61,141.2
2021-12-30,267.51,141.49
2021-12-31,266.42,140.89
2022-01-03,264.71,139.44
2022-01-04,260.46,137.6
2022-01-05,257.28,136.62
2022-01-06,254.04,135.04
2022-01-07,252.48,134.35
2022-01-10,255.19,135.73
2022-01-11,257.29,136.81
2022-01-12,255.83,136.42
2022-01-13,251.4,134.3
2022-01-14,251.22,134.07
2022-01-18,246.47,132.19
2022-01-19,245.42,131.65
2022-01-20,243.97,130.79
2022-01-21,241.39,129.47
2022-01-24,241.11,129.04
2022-01-25,238.85,128.21
2022-01-26,237.56,127.54
2022-01-27,236.85,127.87
2022-01-28,242.28,130.48
2022-01-31,245.34,131.23
2022-02-01,246.28,131.58
2022-02-02,248.57,133.35
2022-02-03,246.89,132.78
2022-02-04,246.44,132.3
2022-02-07,246.28,132.07
2022-02-08,248.31,133.15
2022-02-09,251.3,134.18
2022-02-10,247.37,132.08
2022-02-11,243.78,130.25
2022-02-14,241.33,128.92
2022-02-15,244.65,130.37
2022-02-16,244.52,130.57
2022-02-17,239.95,128.47
2022-02-18,238.05,127.51
2022-02-22,237.11,127.19
2022-02-23,235.27,126.55
2022-02-24,237.55,127.06
2022-02-25,244.47,130.95
2022-02-28,242.94,129.96
2022-03-01,241.63,129.24
2022-03-02,245.32,131.19
2022-03-03,245.63,131.86
2022-03-04,246.05,132.52
2022-03-07,241.88,130.21
2022-03-08,237.22,127.55
2022-03-09,242.19,129.96
2022-03-10,241.97,129.91
2022-03-11,239.18,128.94
2022-03-14,239.67,129.85
2022-03-15,244.36,132.44
2022-03-16,248.34,134.03
2022-03-17,253.0,136.15
2022-03-18,254.92,136.99
2022-03-21,254.28,136.46
2022-03-22,254.79,136.49
2022-03-23,249.71,134.04
2022-03-24,252.37,135.64
2022-03-25,252.94,136.27
2022-03-28,254.89,137.26
2022-03-29,257.09,138.07
2022-03-30,257.2,138.34
2022-03-31,254.38,136.99
2022-04-01,257.64,138.07
2022-04-04,255.98,136.92
2022-04-05,255.8,137.21
2022-04-06,259.08,139.3
2022-04-07,263.49,141.98
2022-04-08,264.47,142.83
2022-04-11,258.96,139.99
2022-04-12,256.78,138.63
2022-04-13,258.66,139.31
2022-04-14,257.11,138.64
2022-04-18,253.58,137.11
2022-04-19,256.27,138.42
2022-04-20,259.35,140.28
2022-04-21,255.86,138.73
2022-04-22,246.8,133.67
2022-04-25,248.58,134.57
2022-04-26,243.21,132.2
2022-04-27,242.75,131.91
2022-04-28,245.45,133.73
2022-04-29,239.48,130.29
2022-05-02,238.77,129.48
2022-05-03,239.38,129.89
2022-05-04,244.54,132.77
2022-05-05,239.0,130.19
2022-05-06,237.34,129.78
2022-05-09,230.04,126.42
2022-05-10,231.58,126.87
2022-05-11,229.09,126.03
2022-05-12,231.56,127.25
2022-05-13,235.08,128.6
2022-05-16,236.56,129.55
2022-05-17,240.45,131.33
2022-05-18,233.9,127.94
2022-05-19,234.64,128.22
2022-05-20,237.47,129.78
2022-05-23,239.34,130.92
2022-05-24,239.32,131.31
2022-05-25,239.54,131.27
2022-05-26,240.88,131.83
2022-05-27,245.29,134.02
2022-05-31,241.78,132.23
2022-06-01,238.0,130.33
2022-06-02,240.75,131.36
2022-06-03,238.27,129.82
2022-06-06,237.97,129.84
2022-06-07,241.32,131.53
2022-06-08,239.62,130.49
2022-06-09,233.95,127.54
2022-06-10,229.93,125.49
2022-06-13,222.58,121.69
2022-06-14,220.69,120.53
2022-06-15,223.15,121.75
2022-06-16,219.51,119.96
2022-06-17,220.21,119.89
2022-06-21,225.91,122.6
2022-06-22,229.21,124.3
2022-06-23,234.21,127.09
2022-06-24,238.19,129.2
2022-06-27,238.95,129.68
2022-06-28,234.64,127.42
2022-06-29,236.47,128.53
2022-06-30,235.5,128.24
2022-07-01,238.5,129.68
2022-07-05,238.15,128.93
2022-07-06,239.42,129.8
2022-07-07,241.21,130.35
2022-07-08,242.0,130.74
2022-07-11,240.54,130.41
2022-07-12,237.65,128.75
2022-07-13,235.82,127.5
2022-07-14,234.92,127.13
2022-07-15,240.3,130.2
2022-07-18,235.27,127.45
2022-07-19,239.6,129.62
2022-07-20,238.06,128.34
2022-07-21,241.62,130.37
2022-07-22,240.15,129.83
2022-07-25,241.26,130.51
2022-07-26,242.33,131.18
2022-07-27,244.39,132.0
2022-07-28,245.69,132.84
2022-07-29,244.79,132.4
2022-08-01,242.82,131.42
2022-08-02,242.63,130.95
2022-08-03,245.06,132.15
2022-08-04,244.51,131.5
2022-08-05,244.84,131.45
2022-08-08,245.92,131.76
2022-08-09,244.42,131.36
2022-08-10,247.63,132.79
2022-08-11,245.91,131.93
2022-08-12,249.05,133.62
2022-08-15,250.44,134.29
2022-08-16,249.22,133.93
2022-08-17,247.28,133.15
2022-08-18,246.19,132.56
2022-08-19,246.26,132.92
2022-08-22,242.96,131.18
2022-08-23,240.09,129.35
2022-08-24,240.91,129.51
2022-08-25,243.63,130.94
2022-08-26,236.39,127.29
2022-08-29,234.6,126.4
2022-08-30,232.75,125.56
2022-08-31,231.56,124.76
2022-09-01,234.79,126.81
2022-09-02,231.43,124.99
2022-09-06,231.25,125.11
2022-09-07,235.49,127.15
2022-09-08,239.96,129.36
2022-09-09,242.19,130.5
2022-09-12,243.71,131.37
2022-09-13,235.62,127.03
2022-09-14,235.86,127.1
2022-09-15,236.93,127.81
2022-09-16,235.8,127.45
2022-09-19,234.39,126.26
2022-09-20,231.87,124.78
2022-09-21,227.72,122.71
2022-09-22,227.9,123.36
2022-09-23,226.71,122.73
2022-09-26,224.34,121.56
2022-09-27,224.15,121.19
2022-09-28,228.55,123.84
2022-09-29,226.34,122.8
2022-09-30,223.7,121.11
2022-10-03,227.88,123.6
2022-10-04,233.53,126.47
2022-10-05,234.03,126.89
2022-10-06,231.32,125.27
2022-10-07,226.04,122.62
2022-10-10,224.15,121.85
2022-10-11,225.39,122.5
2022-10-12,224.2,121.9
2022-10-13,229.33,124.74
2022-10-14,227.02,123.9
2022-10-17,231.32,125.89
2022-10-18,232.61,126.59
2022-10-19,228.84,124.82
2022-10-20,226.91,123.76
2022-10-21,231.81,126.54
2022-10-24,235.56,128.98
2022-10-25,238.03,129.96
2022-10-26,240.88,131.4
2022-10-27,239.31,130.71
2022-10-28,243.25,132.86
2022-10-31,243.03,132.75
2022-11-01,243.22,132.83
2022-11-02,239.1,130.57
2022-11-03,238.09,130.02
2022-11-04,239.09,130.81
2022-11-07,241.4,132.21
2022-11-08,242.29,132.87
2022-11-09,239.48,131.44
2022-11-10,246.53,134.78
2022-11-11,244.4,133.13
2022-11-14,244.06,133.25
2022-11-15,244.25,133.08
2022-11-16,243.45,133.02
2022-11-17,242.98,132.96
2022-11-18,245.84,134.57
2022-11-21,245.74,134.63
2022-11-22,247.92,135.8
2022-11-23,249.0,136.34
2022-11-25,250.47,137.15
2022-11-28,248.35,136.12
2022-11-29,247.76,135.78
2022-11-30,254.35,139.02
2022-12-01,255.24,139.42
2022-12-02,255.96,139.78
2022-12-05,252.99,138.44
2022-12-06,250.54,137.39
2022-12-07,252.4,138.52
2022-12-08,254.91,139.77
2022-12-09,251.35,137.98
2022-12-12,254.22,139.45
2022-12-13,255.39,139.88
2022-12-14,255.81,140.1
2022-12-15,249.87,137.53
2022-12-16,246.62,135.53
2022-12-19,245.44,134.47
2022-12-20,245.74,134.44
2022-12-21,248.89,136.21
2022-12-22,248.65,136.02
2022-12-23,248.36,136.1
2022-12-27,247.16,135.75
2022-12-28,245.8,134.87
2022-12-29,248.82,136.34
2022-12-30,248.05,135.85
2023-01-03,247.03,135.46
2023-01-04,248.11,135.82
2023-01-05,245.86,134.43
2023-01-06,247.93,135.67
2023-01-09,244.05,133.4
2023-01-10,246.5,134.52
2023-01-11,248.05,135.28
2023-01-12,247.93,134.85
2023-01-13,249.0,135.45
2023-01-17,248.02,134.82
2023-01-18,244.54,132.92
2023-01-19,244.89,133.24
2023-01-20,246.53,133.91
2023-01-23,247.52,134.37
2023-01-24,245.84,133.48
2023-01-25,246.16,133.52
2023-01-26,246.77,133.77
2023-01-27,245.26,132.86
2023-01-30,242.74,131.66
2023-01-31,246.08,133.36
2023-02-01,247.53,133.99
2023-02-02,246.72,133.08
2023-02-03,245.65,132.69
2023-02-06,243.93,131.95
2023-02-07,245.48,132.8
2023-02-08,244.3,132.41
2023-02-09,242.15,131.25
2023-02-10,244.0,132.49
2023-02-13,245.88,133.59
2023-02-14,244.68,132.8
2023-02-15,243.98,132.14
2023-02-16,241.66,130.82
2023-02-17,244.1,131.99
2023-02-21,239.97,130.28
2023-02-22,239.47,129.84
2023-02-23,240.12,130.19
2023-02-24,236.94,128.51
2023-02-27,236.39,128.12
2023-02-28,234.76,127.17
2023-03-01,234.8,126.96
2023-03-02,236.1,127.74
2023-03-03,239.12,129.17
2023-03-06,238.26,129.11
2023-03-07,234.63,127.03
2023-03-08,233.26,126.35
2023-03-09,230.54,125.07
2023-03-10,228.23,124.15
2023-03-13,230.45,125.31
2023-03-14,233.05,126.43
2023-03-15,232.46,126.32
2023-03-16,234.96,127.5
2023-03-17,231.53,125.86
2023-03-20,234.36,126.96
2023-03-21,236.01,127.73
2023-03-22,232.2,125.8
2023-03-23,231.81,125.56
2023-03-24,233.88,127.3
2023-03-27,235.09,127.82
2023-03-28,233.72,127.05
2023-03-29,234.68,127.4
2023-03-30,235.7,128.09
2023-03-31,238.46,129.46
2023-04-03,240.78,130.91
2023-04-04,240.64,130.93
2023-04-05,244.36,133.19
2023-04-06,245.09,133.52
2023-04-10,245.02,133.43
2023-04-11,245.96,133.88
2023-04-12,245.8,133.92
2023-04-13,249.3,135.66
2023-04-14,247.16,134.57
2023-04-17,247.51,134.46
2023-04-18,245.99,133.54
2023-04-19,246.78,133.95
2023-04-20,245.63,133.4
2023-04-21,247.55,134.3
2023-04-24,248.66,135.05
2023-04-25,245.65,133.61
2023-04-26,242.45,131.71
2023-04-27,243.53,132.4
2023-04-28,245.74,133.53
2023-05-01,247.29,134.22
2023-05-02,245.58,133.64
2023-05-03,245.87,133.46
2023-05-04,244.04,132.4
2023-05-05,246.6,133.59
2023-05-08,245.85,133.3
2023-05-09,244.44,132.41
2023-05-10,245.34,132.78
2023-05-11,244.44,132.37
2023-05-12,243.83,132.19
2023-05-15,244.06,131.96
2023-05-16,241.37,130.86
2023-05-17,241.86,131.02
2023-05-18,241.42,130.7
2023-05-19,242.37,131.31
2023-05-22,242.99,131.44
2023-05-23,240.28,130.0
2023-05-24,238.49,129.11
2023-05-25,235.84,127.79
2023-05-26,235.71,127.53
2023-05-30,234.11,126.74
2023-05-31,235.86,127.83
2023-06-01,237.78,128.67
2023-06-02,241.14,130.32
2023-06-05,241.77,130.79
2023-06-06,240.28,129.7
2023-06-07,239.45,129.19
2023-06-08,240.71,130.02
2023-06-09,240.89,130.42
2023-06-12,242.16,130.89
2023-06-13,243.69,131.55
2023-06-14,241.21,130.2
2023-06-15,244.79,132.22
2023-06-16,244.53,132.21
2023-06-20,244.44,131.52
2023-06-21,244.26,131.54
2023-06-22,245.67,132.44
2023-06-23,244.53,132.0
2023-06-26,242.95,131.25
2023-06-27,242.52,130.95
2023-06-28,242.04,130.53
2023-06-29,242.65,131.38
2023-06-30,244.82,132.73
2023-07-03,242.93,131.64
2023-07-05,242.71,131.57
2023-07-06,240.54,130.52
2023-07-07,238.23,129.0
2023-07-10,240.63,130.02
2023-07-11,240.7,130.05
2023-07-12,240.25,129.7
2023-07-13,240.37,129.75
2023-07-14,243.68,131.7
2023-07-17,242.64,131.1
2023-07-18,244.2,132.07
2023-07-19,245.19,132.68
2023-07-20,248.33,134.88
2023-07-21,250.77,136.24
2023-07-24,249.96,135.94
2023-07-25,249.73,135.88
2023-07-26,249.68,135.79
2023-07-27,247.88,134.79
2023-07-28,248.88,135.19
2023-07-31,247.34,134.15
2023-08-01,245.93,133.45
2023-08-02,245.6,133.54
2023-08-03,244.09,132.87
2023-08-04,243.54,132.4
2023-08-07,245.57,133.93
2023-08-08,247.3,134.96
2023-08-09,247.12,134.92
2023-08-10,246.94,134.83
2023-08-11,248.34,135.67
2023-08-14,248.99,136.08
2023-08-15,248.06,135.58
2023-08-16,246.04,134.55
2023-08-17,243.88,133.48
2023-08-18,244.04,133.53
2023-08-21,244.42,133.67
2023-08-22,243.73,133.2
2023-08-23,244.4,133.6
2023-08-24,242.52,132.44
2023-08-25,244.27,133.41
2023-08-28,244.72,133.72
2023-08-29,246.94,134.92
2023-08-30,247.06,134.82
2023-08-31,244.44,133.21
2023-09-01,245.26,133.57
2023-09-05,242.83,132.19
2023-09-06,241.46,131.47
2023-09-07,242.13,132.06
2023-09-08,241.9,132.06
2023-09-11,243.78,132.97
2023-09-12,243.13,132.8
2023-09-13,243.3,132.82
2023-09-14,243.62,133.24
2023-09-15,241.88,132.19
2023-09-18,241.05,131.45
2023-09-19,241.2,131.56
2023-09-20,240.98,131.57
2023-09-21,238.53,130.42
2023-09-22,238.05,130.15
2023-09-25,239.12,130.86
2023-09-26,237.48,129.75
2023-09-27,236.52,129.1
2023-09-28,236.68,129.72
2023-09-29,235.1,128.74
2023-10-02,234.28,128.56
2023-10-03,232.1,127.42
2023-10-04,232.72,127.96
2023-10-05,234.22,128.66
2023-10-06,236.57,130.01
2023-10-09,237.19,130.46
2023-10-10,238.63,131.08
2023-10-11,237.26,130.5
2023-10-12,234.62,129.38
2023-10-13,236.04,130.19
2023-10-16,237.88,131.17
2023-10-17,237.87,130.99
2023-10-18,235.44,129.85
2023-10-19,233.0,128.57
2023-10-20,232.1,128.06
2023-10-23,230.48,127.26
2023-10-24,231.53,127.65
2023-10-25,229.08,126.51
2023-10-26,227.02,125.26
2023-10-27,223.1,123.14
2023-10-30,224.27,123.83
2023-10-31,225.8,124.54
2023-11-01,226.31,124.8
2023-11-02,229.8,126.78
2023-11-03,231.46,127.41
2023-11-06,232.55,128.26
2023-11-07,232.97,128.35
2023-11-08,232.12,128.17
2023-11-09,227.07,125.52
2023-11-10,228.28,126.27
2023-11-13,229.78,127.0
2023-11-14,232.41,127.86
2023-11-15,232.67,127.96
2023-11-16,233.3,128.51
2023-11-17,233.14,128.25
2023-11-20,234.61,129.03
2023-11-21,235.81,129.81
2023-11-22,236.99,130.43
2023-11-24,238.2,131.13
2023-11-27,236.88,130.31
2023-11-28,235.53,129.64
2023-11-29,235.75,129.68
2023-11-30,238.6,131.31
2023-12-01,240.15,131.83
2023-12-04,240.92,132.08
2023-12-05,240.43,131.91
2023-12-06,240.75,132.01
2023-12-07,240.53,131.85
2023-12-08,240.81,132.07
2023-12-11,242.12,132.94
2023-12-12,243.6,133.51
2023-12-13,248.57,135.97
2023-12-14,248.07,135.31
2023-12-15,245.75,134.16
2023-12-18,246.09,133.78
2023-12-19,247.46,134.68
2023-12-20,243.34,132.73
2023-12-21,246.67,134.35
2023-12-22,248.38,135.02
2023-12-26,249.24,135.32
2023-12-27,250.48,135.89
2023-12-28,251.09,136.24
2023-12-29,250.7,136.38
2024-01-02,254.58,138.78
2024-01-03,253.63,138.55
2024-01-04,254.84,139.24
2024-01-05,254.65,139.12
2024-01-08,257.46,140.35
2024-01-09,257.55,140.33
2024-01-10,258.36,140.97
2024-01-11,257.84,140.87
2024-01-12,257.2,140.52
2024-01-16,255.77,139.68
2024-01-17,254.89,139.4
2024-01-18,254.99,139.38
2024-01-19,255.27,139.46
2024-01-22,256.58,140.07
2024-01-23,256.37,139.97
2024-01-24,254.06,138.69
2024-01-25,253.8,138.48
2024-01-26,255.0,139.27
2024-01-29,257.15,140.25
2024-01-30,257.24,140.57
2024-01-31,256.64,140.38
2024-02-01,260.0,142.2
2024-02-02,259.49,141.99
2024-02-05,260.06,142.43
2024-02-06,263.15,143.98
2024-02-07,263.51,144.37
2024-02-08,263.45,144.12
2024-02-09,263.45,144.01
2024-02-12,264.25,144.2
2024-02-13,261.35,142.86
2024-02-14,263.86,144.1
2024-02-15,265.99,145.15
2024-02-16,266.66,145.62
2024-02-20,265.47,145.13
2024-02-21,266.06,145.45
2024-02-22,269.14,147.16
2024-02-23,270.43,147.86
2024-02-26,269.29,147.1
2024-02-27,269.62,146.74
2024-02-28,267.97,146.01
2024-02-29,265.41,144.82
2024-03-01,268.5,146.34
2024-03-04,267.92,146.12
2024-03-05,265.76,145.03
2024-03-06,267.59,146.02
2024-03-07,269.01,146.7
2024-03-08,268.53,146.43
2024-03-11,267.97,146.35
2024-03-12,269.0,147.03
2024-03-13,268.03,146.46
2024-03-14,266.7,145.94
2024-03-15,265.84,145.36
2024-03-18,265.63,144.82
2024-03-19,267.57,145.78
2024-03-20,267.26,145.45
2024-03-21,267.61,145.64
2024-03-22,266.16,145.44
2024-03-25,265.69,145.24
2024-03-26,266.9,145.77
2024-03-27,270.54,147.71
2024-03-28,270.52,147.73
2024-04-01,268.18,146.47
2024-04-02,263.75,144.19
2024-04-03,263.78,144.03
2024-04-04,260.22,141.95
2024-04-05,262.38,143.22
2024-04-08,261.72,142.76
2024-04-09,262.95,143.27
2024-04-10,259.74,141.59
2024-04-11,258.62,141.01
2024-04-12,254.77,138.91
2024-04-15,253.59,138.63
2024-04-16,253.81,138.68
2024-04-17,253.13,138.44
2024-04-18,252.83,138.43
2024-04-19,253.33,138.95
2024-04-22,254.53,139.48
2024-04-23,257.82,141.3
2024-04-24,257.26,140.86
2024-04-25,255.24,139.92
2024-04-26,255.32,139.96
2024-04-29,256.54,140.43
2024-04-30,256.04,140.33
2024-05-01,257.28,140.58
2024-05-02,257.14,140.48
2024-05-03,258.02,140.83
2024-05-06,259.16,141.4
2024-05-07,261.06,142.57
2024-05-08,259.75,142.08
2024-05-09,262.05,143.3
2024-05-10,262.19,143.59
2024-05-13,262.17,143.45
2024-05-14,263.28,144.06
2024-05-15,267.23,146.2
2024-05-16,266.99,146.03
2024-05-17,267.11,146.31
2024-05-20,266.85,146.0
2024-05-21,266.91,146.25
2024-05-22,267.39,146.51
2024-05-23,264.4,144.91
2024-05-24,263.51,144.42
2024-05-28,260.66,142.67
2024-05-29,258.51,141.56
2024-05-30,258.91,141.63
2024-05-31,262.45,143.7
2024-06-03,264.03,144.71
2024-06-04,264.84,145.13
2024-06-05,266.34,145.79
2024-06-06,266.89,146.27
2024-06-07,266.87,146.43
2024-06-10,268.06,146.97
2024-06-11,267.01,146.36
2024-06-12,266.75,146.05
2024-06-13,266.38,145.93
2024-06-14,265.99,145.88
2024-06-17,265.61,145.73
2024-06-18,265.63,145.92
2024-06-20,266.6,146.4
2024-06-21,267.63,146.81
2024-06-24,269.37,147.09
2024-06-25,268.65,146.63
2024-06-26,267.69,146.11
2024-06-27,267.43,145.87
2024-06-28,266.0,145.75
2024-07-01,264.75,144.93
2024-07-02,263.76,144.4
2024-07-03,261.88,143.3
2024-07-05,263.92,144.41
2024-07-08,263.64,144.25
2024-07-09,264.96,144.95
2024-07-10,267.55,146.32
2024-07-11,270.15,147.35
2024-07-12,272.12,148.27
2024-07-15,271.29,147.75
2024-07-16,275.73,149.86
2024-07-17,276.2,150.54
2024-07-18,269.53,147.12
2024-07-19,270.9,147.87
2024-07-22,272.74,148.72
2024-07-23,272.9,148.63
2024-07-24,274.75,149.87
2024-07-25,273.55,149.12
2024-07-26,275.43,149.96
2024-07-29,275.47,150.05
2024-07-30,275.74,150.18
2024-07-31,274.68,149.63
2024-08-01,277.21,151.16
2024-08-02,275.91,150.86
2024-08-05,268.95,146.83
2024-08-06,270.13,147.51
2024-08-07,267.29,146.01
2024-08-08,273.24,149.24
2024-08-09,274.47,149.98
2024-08-12,273.51,149.41
2024-08-13,276.79,151.22
2024-08-14,277.41,151.76
2024-08-15,279.78,152.71
2024-08-16,279.94,152.87
2024-08-19,282.15,153.8
2024-08-20,282.89,154.42
2024-08-21,283.94,154.68
2024-08-22,283.58,154.78
2024-08-23,285.4,155.45
2024-08-26,284.96,155.37
2024-08-27,285.5,155.61
2024-08-28,285.41,155.79
2024-08-29,286.47,156.12
2024-08-30,288.1,157.2
2024-09-03,286.95,156.9
2024-09-04,286.49,156.63
2024-09-05,282.84,154.48
2024-09-06,281.39,153.95
2024-09-09,283.34,155.03
2024-09-10,284.5,155.74
2024-09-11,283.82,155.28
2024-09-12,285.26,155.84
2024-09-13,286.14,156.16
2024-09-16,287.86,157.24
2024-09-17,285.36,155.62
2024-09-18,284.83,155.36
2024-09-19,286.45,155.92
2024-09-20,285.07,155.28
2024-09-23,284.1,154.4
2024-09-24,283.4,154.09
2024-09-25,280.59,152.59
2024-09-26,281.65,153.1
2024-09-27,280.29,153.02
2024-09-30,282.2,154.02
2024-10-01,280.36,153.21
2024-10-02,280.09,152.9
2024-10-03,277.34,151.52
2024-10-04,277.81,151.64
2024-10-07,276.36,150.97
2024-10-08,277.83,151.79
2024-10-09,280.21,153.34
2024-10-10,279.27,152.77
2024-10-11,281.76,153.89
2024-10-14,283.3,154.74
2024-10-15,280.48,152.85
2024-10-16,281.56,153.28
2024-10-17,279.9,152.39
2024-10-18,281.33,153.13
2024-10-21,277.92,151.33
2024-10-22,277.45,151.11
2024-10-23,275.72,150.4
2024-10-24,274.05,149.41
2024-10-25,272.64,148.59
2024-10-28,273.37,148.81
2024-10-29,272.8,148.4
2024-10-30,272.37,148.12
2024-10-31,269.68,146.87
2024-11-01,271.72,147.74
2024-11-04,270.31,146.77
2024-11-05,272.6,147.85
2024-11-06,273.56,148.04
2024-11-07,275.36,149.11
2024-11-08,277.47,150.18
2024-11-11,276.16,149.3
2024-11-12,272.15,147.22
2024-11-13,271.29,146.83
2024-11-14,266.57,144.52
2024-11-15,260.77,141.84
2024-11-18,260.78,141.94
2024-11-19,260.25,141.21
2024-11-20,263.01,142.88
2024-11-21,265.37,144.03
2024-11-22,265.83,144.16
2024-11-25,268.46,145.39
2024-11-26,269.92,146.17
2024-11-27,271.38,146.95
2024-11-29,272.24,147.41
2024-12-02,271.65,147.15
2024-12-03,270.65,146.82
2024-12-04,270.98,146.74
2024-12-05,267.86,145.1
2024-12-06,266.95,144.28
2024-12-09,267.43,144.7
2024-12-10,266.36,144.1
2024-12-11,263.3,142.14
2024-12-12,260.71,141.01
2024-12-13,260.43,140.99
2024-12-16,258.19,139.31
2024-12-17,257.92,139.21
2024-12-18,252.56,137.32
2024-12-19,250.81,136.28
2024-12-20,253.89,138.0
2024-12-23,256.19,138.75
2024-12-24,257.03,139.32
2024-12-26,257.87,139.6
2024-12-27,256.38,138.95
2024-12-30,253.18,137.24
2024-12-31,253.69,137.57
2025-01-02,254.06,137.61
2025-01-03,256.58,138.96
2025-01-06,256.69,139.02
2025-01-07,258.14,139.71
2025-01-08,259.37,140.43
2025-01-10,257.48,139.64
2025-01-13,260.65,141.46
2025-01-14,257.85,140.0
2025-01-15,259.08,140.57
2025-01-16,260.17,141.13
2025-01-17,258.53,140.18
2025-01-21,263.21,142.5
2025-01-22,262.79,142.18
2025-01-23,265.99,144.08
2025-01-24,266.44,144.31
2025-01-27,271.8,147.55
2025-01-28,270.43,146.52
2025-01-29,268.95,145.66
2025-01-30,271.78,147.34
2025-01-31,270.77,146.87
2025-02-03,271.38,147.44
2025-02-04,270.85,147.04
2025-02-05,273.83,148.45
2025-02-06,271.35,147.12
2025-02-07,269.41,146.43
2025-02-10,268.96,146.3
2025-02-11,268.16,146.03
2025-02-12,267.94,145.82
2025-02-13,269.25,146.39
2025-02-14,266.69,144.8
2025-02-18,266.44,144.52
2025-02-19,269.62,146.4
2025-02-20,270.87,147.22
2025-02-21,268.78,146.43
2025-02-24,270.28,147.62
2025-02-25,272.04,148.89
2025-02-26,270.45,147.82
2025-02-27,268.69,147.22
2025-02-28,271.85,148.93
2025-03-03,271.8,149.58
2025-03-04,269.56,148.19
2025-03-05,272.37,149.68
2025-03-06,271.42,149.27
2025-03-07,271.55,149.28
2025-03-10,268.27,147.67
2025-03-11,265.74,146.06
2025-03-12,263.44,144.6
2025-03-13,261.62,143.83
2025-03-14,264.06,144.93
2025-03-17,267.37,146.77
2025-03-18,267.13,146.84
2025-03-19,267.6,146.92
2025-03-20,267.62,147.01
2025-03-21,266.94,146.6
2025-03-24,269.37,147.15
2025-03-25,265.03,145.27
2025-03-26,263.67,144.74
2025-03-27,264.15,144.97
2025-03-28,262.9,144.52
2025-03-31,264.73,146.01
2025-04-01,259.93,143.34
2025-04-02,261.92,144.3
2025-04-03,259.09,143.13
2025-04-04,244.93,135.28
2025-04-07,243.59,134.47
2025-04-08,240.57,132.98
2025-04-09,251.76,138.76
2025-04-10,244.31,134.89
2025-04-11,248.11,136.87
2025-04-14,251.42,138.54
2025-04-15,249.89,137.69
2025-04-16,247.16,136.29
2025-04-17,246.13,135.49
2025-04-21,240.75,132.57
2025-04-22,245.35,135.06
2025-04-23,246.87,135.73
2025-04-24,250.44,137.39
2025-04-25,251.47,138.05
2025-04-28,252.47,138.6
2025-04-29,254.01,139.28
2025-04-30,255.89,140.47
2025-05-01,249.69,136.64
2025-05-02,253.23,138.53
2025-05-05,252.46,138.14
2025-05-06,245.25,134.33
2025-05-07,247.13,135.36
2025-05-08,245.42,134.14
2025-05-09,242.7,132.68
2025-05-12,248.86,135.96
2025-05-13,241.92,131.87
2025-05-14,236.71,128.77
2025-05-15,239.77,130.46
2025-05-16,244.47,133.09
2025-05-19,246.51,134.37
2025-05-20,247.39,134.7
2025-05-21,241.33,131.58
2025-05-22,239.58,130.55
2025-05-23,239.13,130.34
2025-05-27,242.52,132.16
2025-05-28,241.13,131.48
2025-05-29,243.32,132.36
2025-05-30,243.75,132.64
2025-06-02,244.28,132.72
2025-06-03,245.02,133.03
2025-06-04,245.49,133.29
2025-06-05,245.35,133.11
2025-06-06,247.67,134.38
2025-06-09,247.35,134.15
2025-06-10,250.22,135.68
2025-06-11,250.0,135.75
2025-06-12,251.57,136.81
2025-06-13,250.27,136.13
2025-06-16,249.63,135.71
2025-06-17,245.67,133.47
2025-06-18,245.45,133.24
2025-06-20,244.29,132.6
2025-06-23,244.53,132.16
2025-06-24,247.79,133.78
2025-06-25,247.71,133.9
2025-06-26,247.3,134.22
2025-06-27,246.96,133.93
2025-06-30,248.34,134.79
2025-07-01,251.27,136.71
2025-07-02,249.59,135.36
2025-07-03,249.97,135.5
2025-07-07,247.49,134.36
2025-07-08,248.62,134.97
2025-07-09,250.28,135.49
2025-07-10,251.66,136.32
2025-07-11,249.12,135.19
2025-07-14,249.32,135.03
2025-07-15,244.58,132.6
2025-07-16,247.58,134.25
2025-07-17,245.21,132.72
2025-07-18,243.33,131.84
2025-07-21,241.95,131.09
2025-07-22,246.37,133.53
2025-07-23,251.4,136.27
2025-07-24,250.14,135.76
2025-07-25,251.51,136.48
2025-07-28,249.41,135.29
2025-07-29,247.72,134.43
2025-07-30,247.54,134.19
2025-07-31,241.48,130.43
2025-08-01,242.41,131.13
2025-08-04,245.95,133.01
2025-08-05,245.19,132.5
2025-08-06,241.6,130.51
2025-08-07,239.12,129.01
2025-08-08,241.16,130.16
2025-08-11,241.35,130.29
2025-08-12,243.45,131.19
2025-08-13,247.64,133.29
2025-08-14,248.61,133.96
2025-08-15,252.54,136.21
2025-08-18,252.03,135.89
2025-08-19,253.21,136.76
2025-08-20,254.63,137.5
2025-08-21,254.08,137.04
2025-08-22,256.46,138.17
2025-08-25,252.63,136.2
2025-08-26,254.31,137.05
2025-08-27,254.42,136.97
2025-08-28,253.56,136.43
2025-08-29,255.08,137.43
2025-09-02,255.65,137.56
2025-09-03,254.73,136.91
2025-09-04,255.72,137.43
2025-09-05,257.0,137.9
2025-09-08,256.73,137.85
2025-09-09,258.21,138.59
2025-09-10,255.59,137.33
2025-09-11,259.95,139.72
2025-09-12,256.92,138.11
2025-09-15,254.71,136.93
2025-09-16,254.81,136.93
2025-09-17,255.26,137.2
2025-09-18,256.58,137.47
2025-09-19,255.85,137.29
2025-09-22,256.13,136.63
2025-09-23,256.45,136.94
2025-09-24,254.39,136.39
2025-09-25,250.29,134.13
2025-09-26,253.2,135.5
2025-09-29,253.95,135.9
2025-09-30,259.6,139.17
2025-10-01,266.69,143.47
2025-10-02,266.54,143.19
2025-10-03,269.57,144.82
2025-10-06,268.47,144.12
2025-10-07,268.56,144.23
2025-10-08,269.31,144.51
2025-10-09,269.0,144.19
2025-10-10,264.73,142.11
2025-10-13,264.7,141.95
2025-10-14,265.41,142.34
2025-10-15,266.48,142.56
2025-10-16,266.17,142.32
2025-10-17,267.5,143.27
2025-10-20,270.68,144.79
2025-10-21,271.0,145.13
2025-10-22,271.96,145.96
2025-10-23,272.45,146.04
2025-10-24,272.65,146.03
2025-10-27,273.77,146.37
2025-10-28,271.96,145.45
2025-10-29,269.57,143.98
2025-10-30,269.91,144.3
2025-10-31,270.38,144.25
2025-11-03,270.13,144.45
2025-11-04,270.8,145.1
2025-11-05,272.16,145.66
2025-11-06,272.22,145.94
2025-11-07,272.67,146.14
2025-11-10,274.79,147.28
2025-11-11,281.28,150.68
2025-11-12,284.5,152.82
2025-11-13,283.75,152.74
2025-11-14,282.54,151.83
2025-11-17,282.25,151.7
2025-11-18,283.9,152.59
2025-11-19,283.56,152.33
2025-11-20,281.77,151.42
2025-11-21,287.78,154.61
2025-11-24,289.89,155.26
2025-11-25,296.03,158.77
2025-11-26,295.79,158.42
2025-11-28,294.53,157.65
2025-12-01,290.22,155.29
2025-12-02,288.3,154.36
2025-12-03,289.94,155.08
2025-12-04,288.33,153.9
2025-12-05,287.2,153.26
2025-12-08,284.05,151.43
2025-12-09,281.11,149.96
2025-12-10,284.75,152.14
2025-12-11,287.29,153.58
2025-12-12,287.9,154.06
2025-12-15,291.12,156.1
2025-12-16,287.72,154.07
2025-12-17,285.2,153.79
2025-12-18,285.08,153.91
2025-12-19,287.45,154.94
2025-12-22,289.79,155.3
2025-12-23,289.02,154.99
2025-12-24,290.45,155.8
2025-12-26,290.7,156.05
2025-12-29,289.99,155.81
2025-12-30,289.46,155.68
2025-12-31,287.85,154.8
2026-01-02,288.75,155.51
2026-01-05,288.32,155.04
2026-01-06,293.91,158.09
2026-01-07,297.26,159.66
2026-01-08,294.29,158.12
2026-01-09,292.97,157.31
2026-01-12,292.57,157.38
2026-01-13,291.37,156.74
2026-01-14,293.52,157.86
2026-01-15,291.96,156.96
2026-01-16,289.71,155.74
2026-01-20,289.36,155.4
2026-01-21,294.37,158.26
2026-01-22,294.94,158.29
2026-01-23,292.73,157.48
2026-01-26,293.87,158.1
2026-01-27,289.51,155.45
2026-01-28,286.84,154.31
2026-01-29,286.08,153.82
2026-01-30,287.28,154.74
2026-02-02,289.01,155.69
2026-02-03,286.34,154.1
2026-02-04,288.85,156.03
2026-02-05,285.92,154.84
2026-02-06,291.2,157.71
2026-02-09,288.95,156.32
2026-02-10,287.56,155.33
2026-02-11,288.78,156.25
2026-02-12,287.81,156.0
2026-02-13,290.39,157.67
2026-02-17,290.6,157.37
2026-02-18,291.42,157.67
2026-02-19,290.87,157.26
2026-02-20,289.9,156.82
2026-02-23,292.72,158.54
2026-02-24,291.93,157.87
2026-02-25,291.88,157.83
2026-02-26,291.42,157.42
2026-02-27,295.51,160.2
2026-03-02,292.69,158.53
2026-03-03,289.44,156.74
2026-03-04,290.24,157.05
2026-03-05,284.57,153.91
2026-03-06,282.15,152.7
2026-03-09,285.32,154.26
2026-03-10,283.48,153.15
2026-03-11,282.75,152.85
2026-03-12,277.21,150.16
2026-03-13,276.67,149.79
2026-03-16,278.96,151.01
2026-03-17,277.13,149.64
2026-03-18,272.57,147.14
2026-03-19,271.9,146.61
2026-03-20,269.03,145.33
2026-03-23,269.45,144.77
2026-03-24,268.25,144.79
2026-03-25,271.52,146.24
2026-03-26,270.42,145.74
2026-03-27,265.36,143.26
2026-03-30,266.36,143.82
2026-03-31,272.33,146.61
2026-04-01,274.5,147.73
2026-04-02,273.07,146.81
2026-04-06,272.11,146.28
2026-04-07,272.82,146.57
2026-04-08,278.2,149.67
2026-04-09,277.65,149.33
2026-04-10,273.78,147.31
2026-04-13,275.89,147.97
2026-04-14,277.9,148.83
2026-04-15,276.41,147.77
2026-04-16,274.29,146.61
2026-04-17,278.45,148.8
2026-04-20,276.28,147.42
2026-04-21,273.33,145.92
2026-04-22,274.07,146.38
2026-04-23,273.01,146.24
2026-04-24,269.89,144.18
2026-04-27,268.78,143.46
2026-04-28,268.82,143.84
2026-04-29,266.8,142.84
2026-04-30,272.46,145.99
2026-05-01,271.31,145.16
2026-05-04,271.34,144.73
2026-05-05,272.17,145.3
2026-05-06,273.1,145.4
2026-05-07,271.09,144.72
2026-05-08,268.98,143.49
2026-05-11,267.95,143.04
2026-05-12,272.93,145.85
2026-05-13,274.41,146.71
2026-05-14,274.1,146.63
2026-05-15,270.62,145.1
2026-05-18,271.42,145.72
2026-05-19,274.04,147.32
2026-05-20,274.77,147.13
2026-05-21,276.54,148.15
2026-05-22,279.27,149.89
2026-05-26,277.31,148.51
2026-05-27,277.88,148.79
2026-05-28,281.77,150.88
2026-05-29,279.61,149.47
2026-06-01,276.33,147.84
2026-06-02,272.98,146.4
2026-06-03,275.27,147.55
2026-06-04,283.38,152.08
2026-06-05,284.13,153.01
2026-06-08,283.32,152.65
2026-06-09,287.39,154.57
2026-06-10,284.14,152.85
2026-06-11,286.8,154.09
2026-06-12,286.46,153.81
2026-06-15,285.62,152.89
2026-06-16,285.22,152.94
2026-06-17,281.99,150.71
2026-06-18,280.41,149.4
2026-06-22,283.02,150.06
2026-06-23,286.69,152.18
2026-06-24,288.73,153.35
2026-06-25,293.03,155.63
2026-06-26,301.43,160.34
2026-06-29,302.43,160.74
2026-06-30,299.01,158.66
2026-07-01,300.84,159.54
2026-07-02,308.41,163.74
2026-07-06,305.8,161.96
2026-07-07,310.29,164.44
2026-07-08,306.41,162.3
2026-07-09,306.54,162.17
2026-07-10,303.46,160.84
2026-07-13,303.59,161.41
2026-07-14,298.59,158.29
2026-07-15,299.01,158.29
2026-07-16,304.15,161.8
2026-07-17,303.25,161.09
2026-07-20,299.49,159.25
2026-07-21,301.92,160.25
2026-07-22,299.8,159.43
2026-07-23,303.31,161.44
2026-07-24,305.07,162.57
2026-07-27,306.67,163.4
2026-07-28,313.23,167.26
2026-07-29,311.32,166.24
2026-07-30,307.15,163.52
2026-07-31,304.81,162.55
2026-08-03,304.52,162.24
2026-08-04,304.99,162.1
2026-08-05,308.54,164.16
2026-08-06,309.02,164.45
2026-08-07,312.12,165.68
2026-08-10,316.72,168.44
2026-08-11,315.71,168.01
2026-08-12,316.68,168.44
2026-08-13,316.22,168.38
2026-08-14,314.7,167.37
2026-08-17,314.34,167.05
2026-08-18,318.84,169.73
2026-08-19,329.48,175.68
2026-08-20,323.69,172.39
2026-08-21,327.7,174.62
2026-08-24,327.49,174.7
2026-08-25,329.01,175.29
